1 0 0 3 4 1 100.00 0.244 0.000 0.061
2 1 1 3 4 1 100.00 0.244 0.000 0.061
3 1 1 2 3 1 100.00 0.244 0.000 0.061
4 2 2 3 4 1 100.00 0.244 0.000 0.061
5 2 2 2 3 1 100.00 0.244 0.000 0.061
6 3 3 3 4 1 100.00 0.244 0.000 0.061
7 3 3 2 3 1 100.00 0.244 0.000 0.061
8 4 4 3 4 1 100.00 0.244 0.000 0.061
9 4 4 2 3 1 100.00 0.244 0.000 0.061
10 5 5 3 4 1 100.00 0.244 0.000 0.061
11 5 5 2 3 1 100.00 0.244 0.000 0.061
12 5 5 1 2 1 100.00 0.244 0.000 0.061
13 6 6 3 4 1 100.00 0.244 0.000 0.061
14 6 6 2 3 1 100.00 0.244 0.000 0.061
15 6 6 1 2 1 100.00 0.244 0.000 0.061
16 7 7 3 4 1 100.00 0.244 0.000 0.061
17 7 7 2 3 1 100.00 0.244 0.000 0.061
18 7 7 1 2 1 100.00 0.244 0.000 0.061
19 8 8 3 4 1 100.00 0.244 0.000 0.061
20 8 8 2 3 1 100.00 0.244 0.000 0.061
21 8 8 1 2 1 100.00 0.244 0.000 0.061
22 9 9 3 4 1 100.00 0.244 0.000 0.061
23 9 9 2 3 1 100.00 0.244 0.000 0.061
24 10 10 3 4 1 100.00 0.244 0.000 0.061
25 10 10 2 3 1 100.00 0.244 0.000 0.061
26 11 11 3 4 1 100.00 0.244 0.000 0.061
27 11 11 2 3 1 100.00 0.244 0.000 0.061
28 12 12 3 4 1 100.00 0.244 0.000 0.061
29 12 12 2 3 1 100.00 0.244 0.000 0.061
30 13 13 3 4 1 100.00 0.244 0.000 0.061
31 13 13 2 3 1 100.00 0.244 0.000 0.061
32 13 13 1 2 1 100.00 0.244 0.000 0.061
33 14 14 3 4 1 100.00 0.244 0.000 0.061
34 14 14 2 3 1 100.00 0.244 0.000 0.061
35 15 15 3 4 1 100.00 0.244 0.000 0.061
36 15 15 2 3 1 100.00 0.244 0.000 0.061
37 15 15 1 2 1 100.00 0.244 0.000 0.061
38 16 16 3 4 1 100.00 0.244 0.000 0.061
39 16 16 2 3 1 100.00 0.244 0.000 0.061
40 16 16 1 2 1 100.00 0.244 0.000 0.061
41 17 17 3 4 1 100.00 0.244 0.000 0.061
42 17 17 2 3 1 100.00 0.244 0.000 0.061
43 17 17 1 2 1 100.00 0.244 0.000 0.061
44 18 18 3 4 1 100.00 0.244 0.000 0.061
45 18 18 2 3 1 100.00 0.244 0.000 0.061
46 18 18 1 2 1 100.00 0.244 0.000 0.061
47 19 19 3 4 1 100.00 0.244 0.000 0.061
48 19 19 2 3 1 100.00 0.244 0.000 0.061
49 19 19 1 2 1 100.00 0.244 0.000 0.061
50 0 0 4 3 2 100.00 0.035 0.000 0.009
51 1 1 4 3 2 100.00 0.035 0.000 0.009
52 1 1 3 2 2 100.00 0.035 0.000 0.009
53 2 2 4 3 2 100.00 0.035 0.000 0.009
54 2 2 3 2 2 100.00 0.035 0.000 0.009
55 3 3 4 3 2 100.00 0.035 0.000 0.009
56 3 3 3 2 2 100.00 0.035 0.000 0.009
57 4 4 4 3 2 100.00 0.035 0.000 0.009
58 4 4 3 2 2 100.00 0.035 0.000 0.009
59 5 5 4 3 2 100.00 0.035 0.000 0.009
60 5 5 3 2 2 100.00 0.035 0.000 0.009
61 5 5 2 1 2 100.00 0.035 0.000 0.009
62 6 6 4 3 2 100.00 0.035 0.000 0.009
63 6 6 3 2 2 100.00 0.035 0.000 0.009
64 6 6 2 1 2 100.00 0.035 0.000 0.009
65 7 7 4 3 2 100.00 0.035 0.000 0.009
66 7 7 3 2 2 100.00 0.035 0.000 0.009
67 7 7 2 1 2 100.00 0.035 0.000 0.009
68 8 8 4 3 2 100.00 0.035 0.000 0.009
69 8 8 3 2 2 100.00 0.035 0.000 0.009
70 8 8 2 1 2 100.00 0.035 0.000 0.009
71 9 9 4 3 2 100.00 0.035 0.000 0.009
72 9 9 3 2 2 100.00 0.035 0.000 0.009
73 10 10 4 3 2 100.00 0.035 0.000 0.009
74 10 10 3 2 2 100.00 0.035 0.000 0.009
75 11 11 4 3 2 100.00 0.035 0.000 0.009
76 11 11 3 2 2 100.00 0.035 0.000 0.009
77 12 12 4 3 2 100.00 0.035 0.000 0.009
78 12 12 3 2 2 100.00 0.035 0.000 0.009
79 13 13 4 3 2 100.00 0.035 0.000 0.009
80 13 13 3 2 2 100.00 0.035 0.000 0.009
81 13 13 2 1 2 100.00 0.035 0.000 0.009
82 14 14 4 3 2 100.00 0.035 0.000 0.009
83 14 14 3 2 2 100.00 0.035 0.000 0.009
84 15 15 4 3 2 100.00 0.035 0.000 0.009
85 15 15 3 2 2 100.00 0.035 0.000 0.009
86 15 15 2 1 2 100.00 0.035 0.000 0.009
87 16 16 4 3 2 100.00 0.035 0.000 0.009
88 16 16 3 2 2 100.00 0.035 0.000 0.009
89 16 16 2 1 2 100.00 0.035 0.000 0.009
90 17 17 4 3 2 100.00 0.035 0.000 0.009
91 17 17 3 2 2 100.00 0.035 0.000 0.009
92 17 17 2 1 2 100.00 0.035 0.000 0.009
93 18 18 4 3 2 100.00 0.035 0.000 0.009
94 18 18 3 2 2 100.00 0.035 0.000 0.009
95 18 18 2 1 2 100.00 0.035 0.000 0.009
96 19 19 4 3 2 100.00 0.035 0.000 0.009
97 19 19 3 2 2 100.00 0.035 0.000 0.009
98 19 19 2 1 2 100.00 0.035 0.000 0.009
99 70 87 0 0 0 2502.25 0.870 0.020 0.233
100 87 70 0 0 0 2502.25 0.870 0.020 0.233
101 87 88 0 0 0 1505.13 0.454 0.017 0.126
102 88 87 0 0 0 1505.13 0.454 0.017 0.126
103 87 105 0 0 0 2502.49 0.870 0.020 0.233
104 105 87 0 0 0 2502.49 0.870 0.020 0.233
105 87 106 0 0 0 1999.11 0.660 0.023 0.183
106 106 87 0 0 0 1999.11 0.660 0.023 0.183
107 87 107 0 0 0 2502.49 0.870 0.020 0.233
108 107 87 0 0 0 2502.49 0.870 0.020 0.233
109 88 106 0 0 0 2502.49 0.870 0.020 0.233
110 106 88 0 0 0 2502.49 0.870 0.020 0.233
111 88 107 0 0 0 1999.11 0.660 0.017 0.178
112 107 88 0 0 0 1999.11 0.660 0.017 0.178
113 103 104 0 0 0 1505.54 0.454 0.017 0.126
114 104 103 0 0 0 1505.54 0.454 0.017 0.126
115 104 105 0 0 0 1505.54 0.454 0.017 0.126
116 105 104 0 0 0 1505.54 0.454 0.017 0.126
117 105 106 0 0 0 1505.54 0.454 0.023 0.131
118 106 105 0 0 0 1505.54 0.454 0.023 0.131
119 106 107 0 0 0 1505.54 0.454 0.023 0.131
120 107 106 0 0 0 1505.54 0.454 0.023 0.131
121 107 108 0 0 0 1505.54 0.454 0.023 0.131
122 108 107 0 0 0 1505.54 0.454 0.023 0.131
123 108 109 0 0 0 1505.54 0.454 0.023 0.131
124 109 108 0 0 0 1505.54 0.454 0.023 0.131
125 108 130 0 0 0 2502.74 0.870 0.020 0.233
126 130 108 0 0 0 2502.74 0.870 0.020 0.233
127 109 130 0 0 0 1999.10 0.660 0.017 0.178
128 130 109 0 0 0 1999.10 0.660 0.017 0.178
129 109 131 0 0 0 2502.74 0.870 0.020 0.233
130 131 109 0 0 0 2502.74 0.870 0.020 0.233
131 130 131 0 0 0 1505.96 0.455 0.017 0.126
132 131 130 0 0 0 1505.96 0.455 0.017 0.126
133 130 154 0 0 0 1999.10 0.660 0.013 0.175
134 154 130 0 0 0 1999.10 0.660 0.013 0.175
135 130 155 0 0 0 2502.98 0.870 0.020 0.233
136 155 130 0 0 0 2502.98 0.870 0.020 0.233
137 131 132 0 0 0 1505.96 0.455 0.020 0.129
138 132 131 0 0 0 1505.96 0.455 0.020 0.129
139 131 154 0 0 0 2502.98 0.870 0.017 0.230
140 154 131 0 0 0 2502.98 0.870 0.017 0.230
141 131 155 0 0 0 1999.10 0.660 0.023 0.183
142 155 131 0 0 0 1999.10 0.660 0.023 0.183
143 131 156 0 0 0 2502.98 0.870 0.023 0.235
144 156 131 0 0 0 2502.98 0.870 0.023 0.235
145 132 155 0 0 0 2502.98 0.870 0.023 0.235
146 155 132 0 0 0 2502.98 0.870 0.023 0.235
147 132 156 0 0 0 1999.10 0.660 0.023 0.183
148 156 132 0 0 0 1999.10 0.660 0.023 0.183
149 132 157 0 0 0 2502.98 0.870 0.023 0.235
150 157 132 0 0 0 2502.98 0.870 0.023 0.235
151 154 155 0 0 0 1506.37 0.455 0.020 0.129
152 155 154 0 0 0 1506.37 0.455 0.020 0.129
153 154 181 0 0 0 1999.09 0.660 0.013 0.175
154 181 154 0 0 0 1999.09 0.660 0.013 0.175
155 154 182 0 0 0 2503.23 0.871 0.017 0.230
156 182 154 0 0 0 2503.23 0.871 0.017 0.230
157 155 156 0 0 0 1506.37 0.455 0.027 0.134
158 156 155 0 0 0 1506.37 0.455 0.027 0.134
159 155 181 0 0 0 2503.23 0.871 0.020 0.233
160 181 155 0 0 0 2503.23 0.871 0.020 0.233
161 155 182 0 0 0 1999.09 0.660 0.023 0.183
162 182 155 0 0 0 1999.09 0.660 0.023 0.183
163 155 183 0 0 0 2503.23 0.871 0.027 0.238
164 183 155 0 0 0 2503.23 0.871 0.027 0.238
165 156 157 0 0 0 1506.37 0.455 0.027 0.134
166 157 156 0 0 0 1506.37 0.455 0.027 0.134
167 156 182 0 0 0 2503.23 0.871 0.023 0.235
168 182 156 0 0 0 2503.23 0.871 0.023 0.235
169 156 183 0 0 0 1999.09 0.660 0.027 0.185
170 183 156 0 0 0 1999.09 0.660 0.027 0.185
171 156 184 0 0 0 2503.23 0.871 0.023 0.235
172 184 156 0 0 0 2503.23 0.871 0.023 0.235
173 157 158 0 0 0 1506.37 0.455 0.023 0.131
174 158 157 0 0 0 1506.37 0.455 0.023 0.131
175 157 183 0 0 0 2503.23 0.871 0.027 0.238
176 183 157 0 0 0 2503.23 0.871 0.027 0.238
177 157 184 0 0 0 1999.09 0.660 0.023 0.183
178 184 157 0 0 0 1999.09 0.660 0.023 0.183
179 157 185 0 0 0 2503.23 0.871 0.020 0.233
180 185 157 0 0 0 2503.23 0.871 0.020 0.233
181 158 159 0 0 0 1506.37 0.455 0.023 0.131
182 159 158 0 0 0 1506.37 0.455 0.023 0.131
183 158 184 0 0 0 2503.23 0.871 0.020 0.233
184 184 158 0 0 0 2503.23 0.871 0.020 0.233
185 158 185 0 0 0 1999.09 0.660 0.017 0.178
186 185 158 0 0 0 1999.09 0.660 0.017 0.178
187 158 186 0 0 0 2503.23 0.871 0.023 0.235
188 186 158 0 0 0 2503.23 0.871 0.023 0.235
189 159 185 0 0 0 2503.23 0.871 0.020 0.233
190 185 159 0 0 0 2503.23 0.871 0.020 0.233
191 159 186 0 0 0 1999.09 0.660 0.027 0.185
192 186 159 0 0 0 1999.09 0.660 0.027 0.185
193 159 187 0 0 0 2503.23 0.871 0.023 0.235
194 187 159 0 0 0 2503.23 0.871 0.023 0.235
195 181 182 0 0 0 1506.79 0.455 0.017 0.126
196 182 181 0 0 0 1506.79 0.455 0.017 0.126
197 182 183 0 0 0 1506.79 0.455 0.023 0.131
198 183 182 0 0 0 1506.79 0.455 0.023 0.131
199 182 212 0 0 0 2503.47 0.871 0.020 0.233
200 212 182 0 0 0 2503.47 0.871 0.020 0.233
201 183 184 0 0 0 1506.79 0.455 0.023 0.131
202 184 183 0 0 0 1506.79 0.455 0.023 0.131
203 183 212 0 0 0 1999.08 0.660 0.023 0.183
204 212 183 0 0 0 1999.08 0.660 0.023 0.183
205 184 185 0 0 0 1506.79 0.455 0.017 0.126
206 185 184 0 0 0 1506.79 0.455 0.017 0.126
207 184 212 0 0 0 2503.47 0.871 0.020 0.233
208 212 184 0 0 0 2503.47 0.871 0.020 0.233
209 184 214 0 0 0 2503.47 0.871 0.023 0.235
210 214 184 0 0 0 2503.47 0.871 0.023 0.235
211 185 186 0 0 0 1506.79 0.455 0.020 0.129
212 186 185 0 0 0 1506.79 0.455 0.020 0.129
213 185 214 0 0 0 1999.08 0.660 0.020 0.180
214 214 185 0 0 0 1999.08 0.660 0.020 0.180
215 185 215 0 0 0 2503.47 0.871 0.013 0.228
216 215 185 0 0 0 2503.47 0.871 0.013 0.228
217 186 187 0 0 0 1506.79 0.455 0.023 0.131
218 187 186 0 0 0 1506.79 0.455 0.023 0.131
219 186 214 0 0 0 2503.47 0.871 0.027 0.238
220 214 186 0 0 0 2503.47 0.871 0.027 0.238
221 186 215 0 0 0 1999.08 0.660 0.020 0.180
222 215 186 0 0 0 1999.08 0.660 0.020 0.180
223 186 216 0 0 0 2503.47 0.871 0.020 0.233
224 216 186 0 0 0 2503.47 0.871 0.020 0.233
225 187 188 0 0 0 1506.79 0.455 0.020 0.129
226 188 187 0 0 0 1506.79 0.455 0.020 0.129
227 187 215 0 0 0 2503.47 0.871 0.017 0.230
228 215 187 0 0 0 2503.47 0.871 0.017 0.230
229 187 216 0 0 0 1999.08 0.660 0.017 0.178
230 216 187 0 0 0 1999.08 0.660 0.017 0.178
231 187 217 0 0 0 2503.47 0.871 0.020 0.233
232 217 187 0 0 0 2503.47 0.871 0.020 0.233
233 188 216 0 0 0 2503.47 0.871 0.017 0.230
234 216 188 0 0 0 2503.47 0.871 0.017 0.230
235 188 217 0 0 0 1999.08 0.660 0.020 0.180
236 217 188 0 0 0 1999.08 0.660 0.020 0.180
237 188 218 0 0 0 2503.47 0.871 0.017 0.230
238 218 188 0 0 0 2503.47 0.871 0.017 0.230
239 212 244 0 0 0 1999.08 0.660 0.020 0.180
240 244 212 0 0 0 1999.08 0.660 0.020 0.180
241 214 215 0 0 0 1507.20 0.455 0.020 0.129
242 215 214 0 0 0 1507.20 0.455 0.020 0.129
243 214 247 0 0 0 2503.71 0.871 0.023 0.235
244 247 214 0 0 0 2503.71 0.871 0.023 0.235
245 215 216 0 0 0 1507.20 0.455 0.013 0.124
246 216 215 0 0 0 1507.20 0.455 0.013 0.124
247 215 247 0 0 0 1999.08 0.660 0.017 0.178
248 247 215 0 0 0 1999.08 0.660 0.017 0.178
249 216 217 0 0 0 1507.20 0.455 0.017 0.126
250 217 216 0 0 0 1507.20 0.455 0.017 0.126
251 216 247 0 0 0 2503.71 0.871 0.017 0.230
252 247 216 0 0 0 2503.71 0.871 0.017 0.230
253 216 248 0 0 0 1999.08 0.660 0.017 0.178
254 248 216 0 0 0 1999.08 0.660 0.017 0.178
255 216 249 0 0 0 2503.71 0.871 0.017 0.230
256 249 216 0 0 0 2503.71 0.871 0.017 0.230
257 217 218 0 0 0 1507.20 0.455 0.017 0.126
258 218 217 0 0 0 1507.20 0.455 0.017 0.126
259 217 248 0 0 0 2503.71 0.871 0.020 0.233
260 248 217 0 0 0 2503.71 0.871 0.020 0.233
261 217 249 0 0 0 1999.08 0.660 0.020 0.180
262 249 217 0 0 0 1999.08 0.660 0.020 0.180
263 217 250 0 0 0 2503.71 0.871 0.023 0.235
264 250 217 0 0 0 2503.71 0.871 0.023 0.235
265 218 219 0 0 0 1507.20 0.455 0.017 0.126
266 219 218 0 0 0 1507.20 0.455 0.017 0.126
267 218 249 0 0 0 2503.71 0.871 0.017 0.230
268 249 218 0 0 0 2503.71 0.871 0.017 0.230
269 218 250 0 0 0 1999.08 0.660 0.020 0.180
270 250 218 0 0 0 1999.08 0.660 0.020 0.180
271 218 251 0 0 0 2503.71 0.871 0.017 0.230
272 251 218 0 0 0 2503.71 0.871 0.017 0.230
273 219 250 0 0 0 2503.71 0.871 0.023 0.235
274 250 219 0 0 0 2503.71 0.871 0.023 0.235
275 219 251 0 0 0 1999.08 0.660 0.020 0.180
276 251 219 0 0 0 1999.08 0.660 0.020 0.180
277 219 252 0 0 0 2503.71 0.871 0.017 0.230
278 252 219 0 0 0 2503.71 0.871 0.017 0.230
279 244 278 0 0 0 1999.07 0.660 0.017 0.178
280 278 244 0 0 0 1999.07 0.660 0.017 0.178
281 247 248 0 0 0 1507.61 0.455 0.020 0.129
282 248 247 0 0 0 1507.61 0.455 0.020 0.129
283 248 249 0 0 0 1507.61 0.455 0.020 0.129
284 249 248 0 0 0 1507.61 0.455 0.020 0.129
285 248 283 0 0 0 2503.96 0.871 0.017 0.230
286 283 248 0 0 0 2503.96 0.871 0.017 0.230
287 249 250 0 0 0 1507.61 0.455 0.023 0.131
288 250 249 0 0 0 1507.61 0.455 0.023 0.131
289 249 283 0 0 0 1999.07 0.660 0.017 0.178
290 283 249 0 0 0 1999.07 0.660 0.017 0.178
291 250 251 0 0 0 1507.61 0.455 0.023 0.131
292 251 250 0 0 0 1507.61 0.455 0.023 0.131
293 250 283 0 0 0 2503.96 0.871 0.020 0.233
294 283 250 0 0 0 2503.96 0.871 0.020 0.233
295 250 285 0 0 0 2503.96 0.871 0.023 0.235
296 285 250 0 0 0 2503.96 0.871 0.023 0.235
297 251 252 0 0 0 1507.61 0.455 0.017 0.126
298 252 251 0 0 0 1507.61 0.455 0.017 0.126
299 251 285 0 0 0 1999.07 0.660 0.020 0.180
300 285 251 0 0 0 1999.07 0.660 0.020 0.180
301 251 286 0 0 0 2503.96 0.871 0.023 0.235
302 286 251 0 0 0 2503.96 0.871 0.023 0.235
303 252 253 0 0 0 1507.61 0.455 0.020 0.129
304 253 252 0 0 0 1507.61 0.455 0.020 0.129
305 252 285 0 0 0 2503.96 0.871 0.017 0.230
306 285 252 0 0 0 2503.96 0.871 0.017 0.230
307 252 286 0 0 0 1999.07 0.660 0.020 0.180
308 286 252 0 0 0 1999.07 0.660 0.020 0.180
309 252 287 0 0 0 2503.96 0.871 0.017 0.230
310 287 252 0 0 0 2503.96 0.871 0.017 0.230
311 253 286 0 0 0 2503.96 0.871 0.027 0.238
312 286 253 0 0 0 2503.96 0.871 0.027 0.238
313 253 287 0 0 0 1999.07 0.660 0.023 0.183
314 287 253 0 0 0 1999.07 0.660 0.023 0.183
315 283 318 0 0 0 2504.20 0.871 0.013 0.228
316 318 283 0 0 0 2504.20 0.871 0.013 0.228
317 285 286 0 0 0 1508.03 0.456 0.023 0.131
318 286 285 0 0 0 1508.03 0.456 0.023 0.131
319 286 287 0 0 0 1508.03 0.456 0.023 0.131
320 287 286 0 0 0 1508.03 0.456 0.023 0.131
321 287 324 0 0 0 2504.20 0.871 0.087 0.283
322 324 287 0 0 0 2504.20 0.871 0.087 0.283
323 290 325 0 0 0 2504.20 0.871 0.140 0.323
324 325 290 0 0 0 2504.20 0.871 0.140 0.323
325 290 326 0 0 0 1999.06 0.660 0.144 0.273
326 326 290 0 0 0 1999.06 0.660 0.144 0.273
327 317 318 0 0 0 1508.44 0.456 0.013 0.124
328 318 317 0 0 0 1508.44 0.456 0.013 0.124
329 317 352 0 0 0 1999.06 0.660 0.020 0.180
330 352 317 0 0 0 1999.06 0.660 0.020 0.180
331 317 353 0 0 0 2504.45 0.871 0.017 0.230
332 353 317 0 0 0 2504.45 0.871 0.017 0.230
333 318 352 0 0 0 2504.45 0.871 0.020 0.233
334 352 318 0 0 0 2504.45 0.871 0.020 0.233
335 324 325 0 0 0 1508.44 0.456 0.147 0.224
336 325 324 0 0 0 1508.44 0.456 0.147 0.224
337 325 326 0 0 0 1508.44 0.456 0.144 0.222
338 326 325 0 0 0 1508.44 0.456 0.144 0.222
339 343 378 0 0 0 2504.69 0.871 0.060 0.263
340 378 343 0 0 0 2504.69 0.871 0.060 0.263
341 352 353 0 0 0 1508.86 0.456 0.023 0.132
342 353 352 0 0 0 1508.86 0.456 0.023 0.132
343 352 386 0 0 0 1999.05 0.660 0.023 0.183
344 386 352 0 0 0 1999.05 0.660 0.023 0.183
345 352 387 0 0 0 2504.69 0.871 0.023 0.235
346 387 352 0 0 0 2504.69 0.871 0.023 0.235
347 353 386 0 0 0 2504.69 0.871 0.020 0.233
348 386 353 0 0 0 2504.69 0.871 0.020 0.233
349 353 387 0 0 0 1999.05 0.660 0.020 0.180
350 387 353 0 0 0 1999.05 0.660 0.020 0.180
351 378 379 0 0 0 1509.27 0.456 0.057 0.157
352 379 378 0 0 0 1509.27 0.456 0.057 0.157
353 378 413 0 0 0 2504.94 0.871 0.050 0.255
354 413 378 0 0 0 2504.94 0.871 0.050 0.255
355 379 413 0 0 0 1999.05 0.660 0.060 0.210
356 413 379 0 0 0 1999.05 0.660 0.060 0.210
357 379 414 0 0 0 2504.94 0.871 0.040 0.248
358 414 379 0 0 0 2504.94 0.871 0.040 0.248
359 383 384 0 0 0 1509.27 0.456 0.023 0.132
360 384 383 0 0 0 1509.27 0.456 0.023 0.132
361 383 416 0 0 0 2504.94 0.871 0.027 0.238
362 416 383 0 0 0 2504.94 0.871 0.027 0.238
363 383 417 0 0 0 1999.05 0.660 0.020 0.180
364 417 383 0 0 0 1999.05 0.660 0.020 0.180
365 383 418 0 0 0 2504.94 0.871 0.023 0.235
366 418 383 0 0 0 2504.94 0.871 0.023 0.235
367 384 417 0 0 0 2504.94 0.871 0.017 0.230
368 417 384 0 0 0 2504.94 0.871 0.017 0.230
369 384 418 0 0 0 1999.05 0.660 0.020 0.180
370 418 384 0 0 0 1999.05 0.660 0.020 0.180
371 386 387 0 0 0 1509.27 0.456 0.020 0.129
372 387 386 0 0 0 1509.27 0.456 0.020 0.129
373 386 420 0 0 0 1999.05 0.660 0.017 0.178
374 420 386 0 0 0 1999.05 0.660 0.017 0.178
375 386 421 0 0 0 2504.94 0.871 0.023 0.235
376 421 386 0 0 0 2504.94 0.871 0.023 0.235
377 387 388 0 0 0 1509.27 0.456 0.020 0.129
378 388 387 0 0 0 1509.27 0.456 0.020 0.129
379 387 420 0 0 0 2504.94 0.871 0.017 0.230
380 420 387 0 0 0 2504.94 0.871 0.017 0.230
381 387 421 0 0 0 1999.05 0.660 0.023 0.183
382 421 387 0 0 0 1999.05 0.660 0.023 0.183
383 387 422 0 0 0 2504.94 0.871 0.023 0.235
384 422 387 0 0 0 2504.94 0.871 0.023 0.235
385 388 389 0 0 0 1509.27 0.456 0.017 0.127
386 389 388 0 0 0 1509.27 0.456 0.017 0.127
387 388 421 0 0 0 2504.94 0.871 0.023 0.235
388 421 388 0 0 0 2504.94 0.871 0.023 0.235
389 388 422 0 0 0 1999.05 0.660 0.023 0.183
390 422 388 0 0 0 1999.05 0.660 0.023 0.183
391 389 422 0 0 0 2504.94 0.871 0.020 0.233
392 422 389 0 0 0 2504.94 0.871 0.020 0.233
393 389 424 0 0 0 2504.94 0.871 0.017 0.230
394 424 389 0 0 0 2504.94 0.871 0.017 0.230
395 393 394 0 0 0 1509.27 0.456 0.181 0.249
396 394 393 0 0 0 1509.27 0.456 0.181 0.249
397 393 428 0 0 0 2504.94 0.871 0.197 0.366
398 428 393 0 0 0 2504.94 0.871 0.197 0.366
399 394 428 0 0 0 1999.05 0.660 0.177 0.298
400 428 394 0 0 0 1999.05 0.660 0.177 0.298
401 398 434 0 0 0 2504.94 0.871 0.177 0.351
402 434 398 0 0 0 2504.94 0.871 0.177 0.351
403 413 414 0 0 0 1509.69 0.456 0.033 0.139
404 414 413 0 0 0 1509.69 0.456 0.033 0.139
405 413 450 0 0 0 2505.18 0.871 0.057 0.260
406 450 413 0 0 0 2505.18 0.871 0.057 0.260
407 414 415 0 0 0 1509.69 0.456 0.030 0.137
408 415 414 0 0 0 1509.69 0.456 0.030 0.137
409 414 450 0 0 0 1999.04 0.660 0.037 0.193
410 450 414 0 0 0 1999.04 0.660 0.037 0.193
411 414 451 0 0 0 2505.18 0.871 0.030 0.240
412 451 414 0 0 0 2505.18 0.871 0.030 0.240
413 415 416 0 0 0 1509.69 0.456 0.037 0.142
414 416 415 0 0 0 1509.69 0.456 0.037 0.142
415 415 450 0 0 0 2505.18 0.871 0.054 0.258
416 450 415 0 0 0 2505.18 0.871 0.054 0.258
417 415 451 0 0 0 1999.04 0.660 0.047 0.200
418 451 415 0 0 0 1999.04 0.660 0.047 0.200
419 415 452 0 0 0 2505.18 0.871 0.033 0.243
420 452 415 0 0 0 2505.18 0.871 0.033 0.243
421 416 417 0 0 0 1509.69 0.456 0.020 0.129
422 417 416 0 0 0 1509.69 0.456 0.020 0.129
423 416 451 0 0 0 2505.18 0.871 0.037 0.245
424 451 416 0 0 0 2505.18 0.871 0.037 0.245
425 416 452 0 0 0 1999.04 0.660 0.023 0.183
426 452 416 0 0 0 1999.04 0.660 0.023 0.183
427 416 453 0 0 0 2505.18 0.871 0.027 0.238
428 453 416 0 0 0 2505.18 0.871 0.027 0.238
429 417 452 0 0 0 2505.18 0.871 0.017 0.230
430 452 417 0 0 0 2505.18 0.871 0.017 0.230
431 417 453 0 0 0 1999.04 0.660 0.020 0.180
432 453 417 0 0 0 1999.04 0.660 0.020 0.180
433 417 454 0 0 0 2505.18 0.871 0.013 0.228
434 454 417 0 0 0 2505.18 0.871 0.013 0.228
435 418 454 0 0 0 1999.04 0.660 0.017 0.178
436 454 418 0 0 0 1999.04 0.660 0.017 0.178
437 418 455 0 0 0 2505.18 0.871 0.023 0.235
438 455 418 0 0 0 2505.18 0.871 0.023 0.235
439 420 421 0 0 0 1509.69 0.456 0.020 0.129
440 421 420 0 0 0 1509.69 0.456 0.020 0.129
441 420 455 0 0 0 2505.18 0.871 0.020 0.233
442 455 420 0 0 0 2505.18 0.871 0.020 0.233
443 420 456 0 0 0 1999.04 0.660 0.013 0.175
444 456 420 0 0 0 1999.04 0.660 0.013 0.175
445 421 422 0 0 0 1509.69 0.456 0.027 0.134
446 422 421 0 0 0 1509.69 0.456 0.027 0.134
447 421 456 0 0 0 2505.18 0.871 0.020 0.233
448 456 421 0 0 0 2505.18 0.871 0.020 0.233
449 421 457 0 0 0 1999.04 0.660 0.020 0.180
450 457 421 0 0 0 1999.04 0.660 0.020 0.180
451 421 458 0 0 0 2505.18 0.871 0.020 0.233
452 458 421 0 0 0 2505.18 0.871 0.020 0.233
453 422 457 0 0 0 2505.18 0.871 0.020 0.233
454 457 422 0 0 0 2505.18 0.871 0.020 0.233
455 422 458 0 0 0 1999.04 0.660 0.020 0.180
456 458 422 0 0 0 1999.04 0.660 0.020 0.180
457 422 459 0 0 0 2505.18 0.871 0.020 0.233
458 459 422 0 0 0 2505.18 0.871 0.020 0.233
459 424 459 0 0 0 2505.18 0.871 0.017 0.230
460 459 424 0 0 0 2505.18 0.871 0.017 0.230
461 428 463 0 0 0 1999.04 0.660 0.197 0.313
462 463 428 0 0 0 1999.04 0.660 0.197 0.313
463 428 464 0 0 0 2505.18 0.871 0.187 0.358
464 464 428 0 0 0 2505.18 0.871 0.187 0.358
465 431 466 0 0 0 1999.04 0.660 0.150 0.278
466 466 431 0 0 0 1999.04 0.660 0.150 0.278
467 431 467 0 0 0 2505.18 0.871 0.140 0.323
468 467 431 0 0 0 2505.18 0.871 0.140 0.323
469 434 435 0 0 0 1509.69 0.456 0.174 0.244
470 435 434 0 0 0 1509.69 0.456 0.174 0.244
471 434 470 0 0 0 2505.18 0.871 0.191 0.361
472 470 434 0 0 0 2505.18 0.871 0.191 0.361
473 435 470 0 0 0 1999.04 0.660 0.144 0.273
474 470 435 0 0 0 1999.04 0.660 0.144 0.273
475 440 441 0 0 0 1510.10 0.456 0.070 0.167
476 441 440 0 0 0 1510.10 0.456 0.070 0.167
477 450 451 0 0 0 1510.10 0.456 0.054 0.154
478 451 450 0 0 0 1510.10 0.456 0.054 0.154
479 451 452 0 0 0 1510.10 0.456 0.033 0.139
480 452 451 0 0 0 1510.10 0.456 0.033 0.139
481 451 485 0 0 0 2505.43 0.872 0.054 0.258
482 485 451 0 0 0 2505.43 0.872 0.054 0.258
483 452 453 0 0 0 1510.10 0.456 0.023 0.132
484 453 452 0 0 0 1510.10 0.456 0.023 0.132
485 452 485 0 0 0 1999.03 0.660 0.040 0.195
486 485 452 0 0 0 1999.03 0.660 0.040 0.195
487 453 454 0 0 0 1510.10 0.456 0.020 0.129
488 454 453 0 0 0 1510.10 0.456 0.020 0.129
489 453 485 0 0 0 2505.43 0.872 0.043 0.250
490 485 453 0 0 0 2505.43 0.872 0.043 0.250
491 453 487 0 0 0 2505.43 0.872 0.023 0.235
492 487 453 0 0 0 2505.43 0.872 0.023 0.235
493 454 455 0 0 0 1510.10 0.456 0.020 0.129
494 455 454 0 0 0 1510.10 0.456 0.020 0.129
495 454 487 0 0 0 1999.03 0.660 0.017 0.178
496 487 454 0 0 0 1999.03 0.660 0.017 0.178
497 454 488 0 0 0 2505.43 0.872 0.013 0.228
498 488 454 0 0 0 2505.43 0.872 0.013 0.228
499 455 456 0 0 0 1510.10 0.456 0.020 0.129
500 456 455 0 0 0 1510.10 0.456 0.020 0.129
501 455 487 0 0 0 2505.43 0.872 0.023 0.235
502 487 455 0 0 0 2505.43 0.872 0.023 0.235
503 455 488 0 0 0 1999.03 0.660 0.020 0.180
504 488 455 0 0 0 1999.03 0.660 0.020 0.180
505 455 489 0 0 0 2505.43 0.872 0.020 0.233
506 489 455 0 0 0 2505.43 0.872 0.020 0.233
507 456 457 0 0 0 1510.10 0.456 0.013 0.124
508 457 456 0 0 0 1510.10 0.456 0.013 0.124
509 456 488 0 0 0 2505.43 0.872 0.013 0.228
510 488 456 0 0 0 2505.43 0.872 0.013 0.228
511 456 489 0 0 0 1999.03 0.660 0.013 0.175
512 489 456 0 0 0 1999.03 0.660 0.013 0.175
513 456 490 0 0 0 2505.43 0.872 0.020 0.233
514 490 456 0 0 0 2505.43 0.872 0.020 0.233
515 457 458 0 0 0 1510.10 0.456 0.013 0.124
516 458 457 0 0 0 1510.10 0.456 0.013 0.124
517 457 489 0 0 0 2505.43 0.872 0.013 0.228
518 489 457 0 0 0 2505.43 0.872 0.013 0.228
519 457 490 0 0 0 1999.03 0.660 0.020 0.180
520 490 457 0 0 0 1999.03 0.660 0.020 0.180
521 457 491 0 0 0 2505.43 0.872 0.017 0.230
522 491 457 0 0 0 2505.43 0.872 0.017 0.230
523 458 459 0 0 0 1510.10 0.456 0.013 0.124
524 459 458 0 0 0 1510.10 0.456 0.013 0.124
525 458 490 0 0 0 2505.43 0.872 0.020 0.233
526 490 458 0 0 0 2505.43 0.872 0.020 0.233
527 458 491 0 0 0 1999.03 0.660 0.017 0.178
528 491 458 0 0 0 1999.03 0.660 0.017 0.178
529 458 492 0 0 0 2505.43 0.872 0.020 0.233
530 492 458 0 0 0 2505.43 0.872 0.020 0.233
531 459 491 0 0 0 2505.43 0.872 0.017 0.230
532 491 459 0 0 0 2505.43 0.872 0.017 0.230
533 459 492 0 0 0 1999.03 0.660 0.020 0.180
534 492 459 0 0 0 1999.03 0.660 0.020 0.180
535 459 493 0 0 0 2505.43 0.872 0.077 0.276
536 493 459 0 0 0 2505.43 0.872 0.077 0.276
537 463 464 0 0 0 1510.10 0.456 0.191 0.257
538 464 463 0 0 0 1510.10 0.456 0.191 0.257
539 463 496 0 0 0 2505.43 0.872 0.177 0.351
540 496 463 0 0 0 2505.43 0.872 0.177 0.351
541 464 496 0 0 0 1999.03 0.660 0.167 0.290
542 496 464 0 0 0 1999.03 0.660 0.167 0.290
543 464 497 0 0 0 2505.43 0.872 0.194 0.363
544 497 464 0 0 0 2505.43 0.872 0.194 0.363
545 466 467 0 0 0 1510.10 0.456 0.150 0.227
546 467 466 0 0 0 1510.10 0.456 0.150 0.227
547 466 497 0 0 0 2505.43 0.872 0.184 0.356
548 497 466 0 0 0 2505.43 0.872 0.184 0.356
549 466 498 0 0 0 1999.03 0.660 0.147 0.275
550 498 466 0 0 0 1999.03 0.660 0.147 0.275
551 467 499 0 0 0 1999.03 0.660 0.150 0.278
552 499 467 0 0 0 1999.03 0.660 0.150 0.278
553 473 504 0 0 0 2505.43 0.872 0.157 0.336
554 504 473 0 0 0 2505.43 0.872 0.157 0.336
555 473 505 0 0 0 1999.03 0.660 0.187 0.306
556 505 473 0 0 0 1999.03 0.660 0.187 0.306
557 485 486 0 0 0 1510.51 0.457 0.040 0.144
558 486 485 0 0 0 1510.51 0.457 0.040 0.144
559 486 516 0 0 0 2505.67 0.872 0.020 0.233
560 516 486 0 0 0 2505.67 0.872 0.020 0.233
561 487 488 0 0 0 1510.51 0.457 0.017 0.127
562 488 487 0 0 0 1510.51 0.457 0.017 0.127
563 487 516 0 0 0 1999.03 0.660 0.020 0.180
564 516 487 0 0 0 1999.03 0.660 0.020 0.180
565 487 517 0 0 0 2505.67 0.872 0.017 0.230
566 517 487 0 0 0 2505.67 0.872 0.017 0.230
567 488 489 0 0 0 1510.51 0.457 0.013 0.124
568 489 488 0 0 0 1510.51 0.457 0.013 0.124
569 488 516 0 0 0 2505.67 0.872 0.017 0.230
570 516 488 0 0 0 2505.67 0.872 0.017 0.230
571 488 517 0 0 0 1999.03 0.660 0.013 0.175
572 517 488 0 0 0 1999.03 0.660 0.013 0.175
573 488 518 0 0 0 2505.67 0.872 0.017 0.230
574 518 488 0 0 0 2505.67 0.872 0.017 0.230
575 489 490 0 0 0 1510.51 0.457 0.020 0.129
576 490 489 0 0 0 1510.51 0.457 0.020 0.129
577 489 517 0 0 0 2505.67 0.872 0.013 0.228
578 517 489 0 0 0 2505.67 0.872 0.013 0.228
579 489 518 0 0 0 1999.03 0.660 0.017 0.178
580 518 489 0 0 0 1999.03 0.660 0.017 0.178
581 489 519 0 0 0 2505.67 0.872 0.017 0.230
582 519 489 0 0 0 2505.67 0.872 0.017 0.230
583 490 491 0 0 0 1510.51 0.457 0.023 0.132
584 491 490 0 0 0 1510.51 0.457 0.023 0.132
585 490 518 0 0 0 2505.67 0.872 0.023 0.235
586 518 490 0 0 0 2505.67 0.872 0.023 0.235
587 490 519 0 0 0 1999.03 0.660 0.023 0.183
588 519 490 0 0 0 1999.03 0.660 0.023 0.183
589 490 520 0 0 0 2505.67 0.872 0.023 0.235
590 520 490 0 0 0 2505.67 0.872 0.023 0.235
591 491 492 0 0 0 1510.51 0.457 0.023 0.132
592 492 491 0 0 0 1510.51 0.457 0.023 0.132
593 491 519 0 0 0 2505.67 0.872 0.020 0.233
594 519 491 0 0 0 2505.67 0.872 0.020 0.233
595 491 520 0 0 0 1999.03 0.660 0.020 0.180
596 520 491 0 0 0 1999.03 0.660 0.020 0.180
597 492 493 0 0 0 1510.51 0.457 0.084 0.177
598 493 492 0 0 0 1510.51 0.457 0.084 0.177
599 492 520 0 0 0 2505.67 0.872 0.023 0.235
600 520 492 0 0 0 2505.67 0.872 0.023 0.235
601 492 522 0 0 0 2505.67 0.872 0.074 0.273
602 522 492 0 0 0 2505.67 0.872 0.074 0.273
603 493 522 0 0 0 1999.03 0.660 0.130 0.263
604 522 493 0 0 0 1999.03 0.660 0.130 0.263
605 496 497 0 0 0 1510.51 0.457 0.181 0.250
606 497 496 0 0 0 1510.51 0.457 0.181 0.250
607 496 526 0 0 0 1999.03 0.660 0.181 0.301
608 526 496 0 0 0 1999.03 0.660 0.181 0.301
609 496 527 0 0 0 2505.67 0.872 0.177 0.351
610 527 496 0 0 0 2505.67 0.872 0.177 0.351
611 497 498 0 0 0 1510.51 0.457 0.171 0.242
612 498 497 0 0 0 1510.51 0.457 0.171 0.242
613 497 526 0 0 0 2505.67 0.872 0.207 0.373
614 526 497 0 0 0 2505.67 0.872 0.207 0.373
615 497 527 0 0 0 1999.03 0.660 0.204 0.318
616 527 497 0 0 0 1999.03 0.660 0.204 0.318
617 498 499 0 0 0 1510.51 0.457 0.147 0.225
618 499 498 0 0 0 1510.51 0.457 0.147 0.225
619 498 527 0 0 0 2505.67 0.872 0.167 0.343
620 527 498 0 0 0 2505.67 0.872 0.167 0.343
621 504 505 0 0 0 1510.51 0.457 0.150 0.227
622 505 504 0 0 0 1510.51 0.457 0.150 0.227
623 516 517 0 0 0 1510.93 0.457 0.017 0.127
624 517 516 0 0 0 1510.93 0.457 0.017 0.127
625 516 544 0 0 0 2505.91 0.872 0.020 0.233
626 544 516 0 0 0 2505.91 0.872 0.020 0.233
627 517 518 0 0 0 1510.93 0.457 0.017 0.127
628 518 517 0 0 0 1510.93 0.457 0.017 0.127
629 517 544 0 0 0 1999.02 0.660 0.017 0.178
630 544 517 0 0 0 1999.02 0.660 0.017 0.178
631 517 545 0 0 0 2505.91 0.872 0.017 0.230
632 545 517 0 0 0 2505.91 0.872 0.017 0.230
633 518 519 0 0 0 1510.93 0.457 0.020 0.129
634 519 518 0 0 0 1510.93 0.457 0.020 0.129
635 518 544 0 0 0 2505.91 0.872 0.020 0.233
636 544 518 0 0 0 2505.91 0.872 0.020 0.233
637 518 545 0 0 0 1999.02 0.660 0.020 0.180
638 545 518 0 0 0 1999.02 0.660 0.020 0.180
639 518 546 0 0 0 2505.91 0.872 0.023 0.235
640 546 518 0 0 0 2505.91 0.872 0.023 0.235
641 519 520 0 0 0 1510.93 0.457 0.020 0.129
642 520 519 0 0 0 1510.93 0.457 0.020 0.129
643 519 545 0 0 0 2505.91 0.872 0.020 0.233
644 545 519 0 0 0 2505.91 0.872 0.020 0.233
645 519 546 0 0 0 1999.02 0.660 0.023 0.183
646 546 519 0 0 0 1999.02 0.660 0.023 0.183
647 519 547 0 0 0 2505.91 0.872 0.017 0.230
648 547 519 0 0 0 2505.91 0.872 0.017 0.230
649 520 546 0 0 0 2505.91 0.872 0.023 0.235
650 546 520 0 0 0 2505.91 0.872 0.023 0.235
651 520 547 0 0 0 1999.02 0.660 0.017 0.178
652 547 520 0 0 0 1999.02 0.660 0.017 0.178
653 520 548 0 0 0 2505.91 0.872 0.020 0.233
654 548 520 0 0 0 2505.91 0.872 0.020 0.233
655 522 548 0 0 0 2505.91 0.872 0.070 0.271
656 548 522 0 0 0 2505.91 0.872 0.070 0.271
657 522 549 0 0 0 1999.02 0.660 0.067 0.215
658 549 522 0 0 0 1999.02 0.660 0.067 0.215
659 522 550 0 0 0 2505.91 0.872 0.134 0.318
660 550 522 0 0 0 2505.91 0.872 0.134 0.318
661 526 527 0 0 0 1510.93 0.457 0.204 0.267
662 527 526 0 0 0 1510.93 0.457 0.204 0.267
663 526 555 0 0 0 2505.91 0.872 0.211 0.376
664 555 526 0 0 0 2505.91 0.872 0.211 0.376
665 527 555 0 0 0 1999.02 0.660 0.207 0.321
666 555 527 0 0 0 1999.02 0.660 0.207 0.321
667 530 558 0 0 0 1999.02 0.660 0.161 0.285
668 558 530 0 0 0 1999.02 0.660 0.161 0.285
669 544 545 0 0 0 1511.34 0.457 0.020 0.129
670 545 544 0 0 0 1511.34 0.457 0.020 0.129
671 545 546 0 0 0 1511.34 0.457 0.023 0.132
672 546 545 0 0 0 1511.34 0.457 0.023 0.132
673 545 571 0 0 0 2506.16 0.872 0.017 0.230
674 571 545 0 0 0 2506.16 0.872 0.017 0.230
675 546 547 0 0 0 1511.34 0.457 0.020 0.129
676 547 546 0 0 0 1511.34 0.457 0.020 0.129
677 546 570 0 0 0 2506.16 0.872 0.027 0.238
678 570 546 0 0 0 2506.16 0.872 0.027 0.238
679 546 571 0 0 0 1999.01 0.660 0.020 0.180
680 571 546 0 0 0 1999.01 0.660 0.020 0.180
681 546 572 0 0 0 2506.16 0.872 0.020 0.233
682 572 546 0 0 0 2506.16 0.872 0.020 0.233
683 547 548 0 0 0 1511.34 0.457 0.017 0.127
684 548 547 0 0 0 1511.34 0.457 0.017 0.127
685 547 571 0 0 0 2506.16 0.872 0.013 0.228
686 571 547 0 0 0 2506.16 0.872 0.013 0.228
687 547 572 0 0 0 1999.01 0.660 0.013 0.175
688 572 547 0 0 0 1999.01 0.660 0.013 0.175
689 547 573 0 0 0 2506.16 0.872 0.013 0.228
690 573 547 0 0 0 2506.16 0.872 0.013 0.228
691 548 549 0 0 0 1511.34 0.457 0.017 0.127
692 549 548 0 0 0 1511.34 0.457 0.017 0.127
693 548 572 0 0 0 2506.16 0.872 0.017 0.230
694 572 548 0 0 0 2506.16 0.872 0.017 0.230
695 548 573 0 0 0 1999.01 0.660 0.017 0.178
696 573 548 0 0 0 1999.01 0.660 0.017 0.178
697 548 574 0 0 0 2506.16 0.872 0.023 0.236
698 574 548 0 0 0 2506.16 0.872 0.023 0.236
699 549 550 0 0 0 1511.34 0.457 0.080 0.174
700 550 549 0 0 0 1511.34 0.457 0.080 0.174
701 549 573 0 0 0 2506.16 0.872 0.013 0.228
702 573 549 0 0 0 2506.16 0.872 0.013 0.228
703 549 574 0 0 0 1999.01 0.660 0.020 0.180
704 574 549 0 0 0 1999.01 0.660 0.020 0.180
705 550 551 0 0 0 1511.34 0.457 0.137 0.217
706 551 550 0 0 0 1511.34 0.457 0.137 0.217
707 550 574 0 0 0 2506.16 0.872 0.087 0.283
708 574 550 0 0 0 2506.16 0.872 0.087 0.283
709 555 556 0 0 0 1511.34 0.457 0.174 0.245
710 556 555 0 0 0 1511.34 0.457 0.174 0.245
711 555 581 0 0 0 2506.16 0.872 0.204 0.371
712 581 555 0 0 0 2506.16 0.872 0.204 0.371
713 556 581 0 0 0 1999.01 0.660 0.164 0.288
714 581 556 0 0 0 1999.01 0.660 0.164 0.288
715 556 582 0 0 0 2506.16 0.872 0.197 0.366
716 582 556 0 0 0 2506.16 0.872 0.197 0.366
717 558 583 0 0 0 2506.16 0.872 0.184 0.356
718 583 558 0 0 0 2506.16 0.872 0.184 0.356
719 570 571 0 0 0 1511.75 0.457 0.020 0.129
720 571 570 0 0 0 1511.75 0.457 0.020 0.129
721 570 590 0 0 0 1999.01 0.660 0.027 0.185
722 590 570 0 0 0 1999.01 0.660 0.027 0.185
723 571 572 0 0 0 1511.75 0.457 0.013 0.124
724 572 571 0 0 0 1511.75 0.457 0.013 0.124
725 571 590 0 0 0 2506.40 0.872 0.020 0.233
726 590 571 0 0 0 2506.40 0.872 0.020 0.233
727 571 591 0 0 0 1999.01 0.660 0.013 0.175
728 591 571 0 0 0 1999.01 0.660 0.013 0.175
729 571 592 0 0 0 2506.40 0.872 0.017 0.231
730 592 571 0 0 0 2506.40 0.872 0.017 0.231
731 572 573 0 0 0 1511.75 0.457 0.013 0.124
732 573 572 0 0 0 1511.75 0.457 0.013 0.124
733 572 591 0 0 0 2506.40 0.872 0.013 0.228
734 591 572 0 0 0 2506.40 0.872 0.013 0.228
735 572 592 0 0 0 1999.01 0.660 0.017 0.178
736 592 572 0 0 0 1999.01 0.660 0.017 0.178
737 572 593 0 0 0 2506.40 0.872 0.017 0.231
738 593 572 0 0 0 2506.40 0.872 0.017 0.231
739 573 574 0 0 0 1511.75 0.457 0.020 0.129
740 574 573 0 0 0 1511.75 0.457 0.020 0.129
741 573 592 0 0 0 2506.40 0.872 0.017 0.231
742 592 573 0 0 0 2506.40 0.872 0.017 0.231
743 573 593 0 0 0 1999.01 0.660 0.017 0.178
744 593 573 0 0 0 1999.01 0.660 0.017 0.178
745 573 594 0 0 0 2506.40 0.872 0.017 0.231
746 594 573 0 0 0 2506.40 0.872 0.017 0.231
747 574 593 0 0 0 2506.40 0.872 0.023 0.236
748 593 574 0 0 0 2506.40 0.872 0.023 0.236
749 574 594 0 0 0 1999.01 0.660 0.023 0.183
750 594 574 0 0 0 1999.01 0.660 0.023 0.183
751 574 595 0 0 0 2506.40 0.872 0.117 0.306
752 595 574 0 0 0 2506.40 0.872 0.117 0.306
753 581 582 0 0 0 1511.75 0.457 0.227 0.285
754 582 581 0 0 0 1511.75 0.457 0.227 0.285
755 582 583 0 0 0 1511.75 0.457 0.234 0.290
756 583 582 0 0 0 1511.75 0.457 0.234 0.290
757 590 591 0 0 0 1512.17 0.457 0.020 0.129
758 591 590 0 0 0 1512.17 0.457 0.020 0.129
759 590 611 0 0 0 1999.00 0.660 0.023 0.183
760 611 590 0 0 0 1999.00 0.660 0.023 0.183
761 590 612 0 0 0 2506.65 0.872 0.023 0.236
762 612 590 0 0 0 2506.65 0.872 0.023 0.236
763 591 592 0 0 0 1512.17 0.457 0.017 0.127
764 592 591 0 0 0 1512.17 0.457 0.017 0.127
765 591 611 0 0 0 2506.65 0.872 0.017 0.231
766 611 591 0 0 0 2506.65 0.872 0.017 0.231
767 591 612 0 0 0 1999.00 0.660 0.017 0.178
768 612 591 0 0 0 1999.00 0.660 0.017 0.178
769 591 613 0 0 0 2506.65 0.872 0.020 0.233
770 613 591 0 0 0 2506.65 0.872 0.020 0.233
771 592 593 0 0 0 1512.17 0.457 0.020 0.129
772 593 592 0 0 0 1512.17 0.457 0.020 0.129
773 592 612 0 0 0 2506.65 0.872 0.020 0.233
774 612 592 0 0 0 2506.65 0.872 0.020 0.233
775 592 613 0 0 0 1999.00 0.660 0.023 0.183
776 613 592 0 0 0 1999.00 0.660 0.023 0.183
777 592 614 0 0 0 2506.65 0.872 0.017 0.231
778 614 592 0 0 0 2506.65 0.872 0.017 0.231
779 593 594 0 0 0 1512.17 0.457 0.020 0.129
780 594 593 0 0 0 1512.17 0.457 0.020 0.129
781 593 613 0 0 0 2506.65 0.872 0.023 0.236
782 613 593 0 0 0 2506.65 0.872 0.023 0.236
783 593 614 0 0 0 1999.00 0.660 0.017 0.178
784 614 593 0 0 0 1999.00 0.660 0.017 0.178
785 593 615 0 0 0 2506.65 0.872 0.020 0.233
786 615 593 0 0 0 2506.65 0.872 0.020 0.233
787 594 595 0 0 0 1512.17 0.457 0.114 0.200
788 595 594 0 0 0 1512.17 0.457 0.114 0.200
789 594 614 0 0 0 2506.65 0.872 0.017 0.231
790 614 594 0 0 0 2506.65 0.872 0.017 0.231
791 594 615 0 0 0 1999.00 0.660 0.020 0.180
792 615 594 0 0 0 1999.00 0.660 0.020 0.180
793 594 616 0 0 0 2506.65 0.872 0.020 0.233
794 616 594 0 0 0 2506.65 0.872 0.020 0.233
795 595 596 0 0 0 1512.17 0.457 0.114 0.200
796 596 595 0 0 0 1512.17 0.457 0.114 0.200
797 595 615 0 0 0 2506.65 0.872 0.114 0.303
798 615 595 0 0 0 2506.65 0.872 0.114 0.303
799 595 616 0 0 0 1999.00 0.660 0.114 0.250
800 616 595 0 0 0 1999.00 0.660 0.114 0.250
801 595 617 0 0 0 2506.65 0.872 0.110 0.301
802 617 595 0 0 0 2506.65 0.872 0.110 0.301
803 596 616 0 0 0 2506.65 0.872 0.020 0.233
804 616 596 0 0 0 2506.65 0.872 0.020 0.233
805 596 617 0 0 0 1999.00 0.660 0.017 0.178
806 617 596 0 0 0 1999.00 0.660 0.017 0.178
807 603 622 0 0 0 1999.00 0.660 0.251 0.353
808 622 603 0 0 0 1999.00 0.660 0.251 0.353
809 611 612 0 0 0 1512.58 0.457 0.020 0.129
810 612 611 0 0 0 1512.58 0.457 0.020 0.129
811 611 626 0 0 0 2506.89 0.872 0.020 0.233
812 626 611 0 0 0 2506.89 0.872 0.020 0.233
813 611 627 0 0 0 1999.00 0.660 0.017 0.178
814 627 611 0 0 0 1999.00 0.660 0.017 0.178
815 612 613 0 0 0 1512.58 0.457 0.023 0.132
816 613 612 0 0 0 1512.58 0.457 0.023 0.132
817 612 627 0 0 0 2506.89 0.872 0.017 0.231
818 627 612 0 0 0 2506.89 0.872 0.017 0.231
819 612 629 0 0 0 2506.89 0.872 0.023 0.236
820 629 612 0 0 0 2506.89 0.872 0.023 0.236
821 613 614 0 0 0 1512.58 0.457 0.020 0.129
822 614 613 0 0 0 1512.58 0.457 0.020 0.129
823 613 629 0 0 0 1999.00 0.660 0.027 0.185
824 629 613 0 0 0 1999.00 0.660 0.027 0.185
825 613 630 0 0 0 2506.89 0.872 0.027 0.238
826 630 613 0 0 0 2506.89 0.872 0.027 0.238
827 614 615 0 0 0 1512.58 0.457 0.017 0.127
828 615 614 0 0 0 1512.58 0.457 0.017 0.127
829 614 629 0 0 0 2506.89 0.872 0.020 0.233
830 629 614 0 0 0 2506.89 0.872 0.020 0.233
831 614 630 0 0 0 1999.00 0.660 0.020 0.180
832 630 614 0 0 0 1999.00 0.660 0.020 0.180
833 614 631 0 0 0 2506.89 0.872 0.020 0.233
834 631 614 0 0 0 2506.89 0.872 0.020 0.233
835 615 616 0 0 0 1512.58 0.457 0.020 0.129
836 616 615 0 0 0 1512.58 0.457 0.020 0.129
837 615 630 0 0 0 2506.89 0.872 0.023 0.236
838 630 615 0 0 0 2506.89 0.872 0.023 0.236
839 615 631 0 0 0 1999.00 0.660 0.023 0.183
840 631 615 0 0 0 1999.00 0.660 0.023 0.183
841 615 632 0 0 0 2506.89 0.872 0.020 0.233
842 632 615 0 0 0 2506.89 0.872 0.020 0.233
843 616 617 0 0 0 1512.58 0.457 0.017 0.127
844 617 616 0 0 0 1512.58 0.457 0.017 0.127
845 616 631 0 0 0 2506.89 0.872 0.023 0.236
846 631 616 0 0 0 2506.89 0.872 0.023 0.236
847 616 632 0 0 0 1999.00 0.660 0.020 0.180
848 632 616 0 0 0 1999.00 0.660 0.020 0.180
849 617 632 0 0 0 2506.89 0.872 0.017 0.231
850 632 617 0 0 0 2506.89 0.872 0.017 0.231
851 617 633 0 0 0 1999.00 0.660 0.017 0.178
852 633 617 0 0 0 1999.00 0.660 0.017 0.178
853 622 640 0 0 0 1999.00 0.660 0.679 0.674
854 640 622 0 0 0 1999.00 0.660 0.679 0.674
855 622 641 0 0 0 2506.89 0.872 0.224 0.386
856 641 622 0 0 0 2506.89 0.872 0.224 0.386
857 626 627 0 0 0 1512.99 0.458 0.017 0.127
858 627 626 0 0 0 1512.99 0.458 0.017 0.127
859 627 644 0 0 0 2507.13 0.872 0.013 0.228
860 644 627 0 0 0 2507.13 0.872 0.013 0.228
861 629 644 0 0 0 2507.13 0.872 0.020 0.233
862 644 629 0 0 0 2507.13 0.872 0.020 0.233
863 629 645 0 0 0 1998.99 0.660 0.023 0.183
864 645 629 0 0 0 1998.99 0.660 0.023 0.183
865 629 646 0 0 0 2507.13 0.872 0.027 0.238
866 646 629 0 0 0 2507.13 0.872 0.027 0.238
867 630 631 0 0 0 1512.99 0.458 0.027 0.134
868 631 630 0 0 0 1512.99 0.458 0.027 0.134
869 630 645 0 0 0 2507.13 0.872 0.023 0.236
870 645 630 0 0 0 2507.13 0.872 0.023 0.236
871 630 646 0 0 0 1998.99 0.660 0.027 0.185
872 646 630 0 0 0 1998.99 0.660 0.027 0.185
873 630 647 0 0 0 2507.13 0.872 0.020 0.233
874 647 630 0 0 0 2507.13 0.872 0.020 0.233
875 631 632 0 0 0 1512.99 0.458 0.023 0.132
876 632 631 0 0 0 1512.99 0.458 0.023 0.132
877 631 646 0 0 0 2507.13 0.872 0.027 0.238
878 646 631 0 0 0 2507.13 0.872 0.027 0.238
879 631 647 0 0 0 1998.99 0.660 0.020 0.180
880 647 631 0 0 0 1998.99 0.660 0.020 0.180
881 631 648 0 0 0 2507.13 0.872 0.023 0.236
882 648 631 0 0 0 2507.13 0.872 0.023 0.236
883 632 647 0 0 0 2507.13 0.872 0.017 0.231
884 647 632 0 0 0 2507.13 0.872 0.017 0.231
885 632 648 0 0 0 1998.99 0.660 0.020 0.180
886 648 632 0 0 0 1998.99 0.660 0.020 0.180
887 632 649 0 0 0 2507.13 0.872 0.020 0.233
888 649 632 0 0 0 2507.13 0.872 0.020 0.233
889 633 648 0 0 0 2507.13 0.872 0.020 0.233
890 648 633 0 0 0 2507.13 0.872 0.020 0.233
891 633 649 0 0 0 1998.99 0.660 0.020 0.180
892 649 633 0 0 0 1998.99 0.660 0.020 0.180
893 639 640 0 0 0 1512.99 0.458 0.689 0.631
894 640 639 0 0 0 1512.99 0.458 0.689 0.631
895 640 641 0 0 0 1512.99 0.458 0.635 0.591
896 641 640 0 0 0 1512.99 0.458 0.635 0.591
897 640 655 0 0 0 1998.99 0.660 0.923 0.857
898 655 640 0 0 0 1998.99 0.660 0.923 0.857
899 640 656 0 0 0 2507.13 0.872 0.903 0.895
900 656 640 0 0 0 2507.13 0.872 0.903 0.895
901 641 655 0 0 0 2507.13 0.872 0.468 0.569
902 655 641 0 0 0 2507.13 0.872 0.468 0.569
903 641 656 0 0 0 1998.99 0.660 0.448 0.501
904 656 641 0 0 0 1998.99 0.660 0.448 0.501
905 641 657 0 0 0 2507.13 0.872 0.585 0.657
906 657 641 0 0 0 2507.13 0.872 0.585 0.657
907 642 643 0 0 0 1512.99 0.458 0.237 0.292
908 643 642 0 0 0 1512.99 0.458 0.237 0.292
909 644 645 0 0 0 1513.40 0.458 0.017 0.127
910 645 644 0 0 0 1513.40 0.458 0.017 0.127
911 645 646 0 0 0 1513.40 0.458 0.023 0.132
912 646 645 0 0 0 1513.40 0.458 0.023 0.132
913 646 647 0 0 0 1513.40 0.458 0.020 0.129
914 647 646 0 0 0 1513.40 0.458 0.020 0.129
915 646 658 0 0 0 2507.38 0.872 0.027 0.238
916 658 646 0 0 0 2507.38 0.872 0.027 0.238
917 647 648 0 0 0 1513.40 0.458 0.017 0.127
918 648 647 0 0 0 1513.40 0.458 0.017 0.127
919 647 658 0 0 0 1998.98 0.660 0.020 0.180
920 658 647 0 0 0 1998.98 0.660 0.020 0.180
921 647 659 0 0 0 2507.38 0.872 0.017 0.231
922 659 647 0 0 0 2507.38 0.872 0.017 0.231
923 648 649 0 0 0 1513.40 0.458 0.020 0.129
924 649 648 0 0 0 1513.40 0.458 0.020 0.129
925 648 658 0 0 0 2507.38 0.872 0.023 0.236
926 658 648 0 0 0 2507.38 0.872 0.023 0.236
927 648 659 0 0 0 1998.98 0.660 0.020 0.180
928 659 648 0 0 0 1998.98 0.660 0.020 0.180
929 648 660 0 0 0 2507.38 0.872 0.023 0.236
930 660 648 0 0 0 2507.38 0.872 0.023 0.236
931 649 659 0 0 0 2507.38 0.872 0.020 0.233
932 659 649 0 0 0 2507.38 0.872 0.020 0.233
933 649 660 0 0 0 1998.98 0.660 0.023 0.183
934 660 649 0 0 0 1998.98 0.660 0.023 0.183
935 652 663 0 0 0 1998.98 0.660 0.512 0.549
936 663 652 0 0 0 1998.98 0.660 0.512 0.549
937 652 664 0 0 0 2507.38 0.872 0.569 0.644
938 664 652 0 0 0 2507.38 0.872 0.569 0.644
939 654 664 0 0 0 2507.38 0.872 0.502 0.594
940 664 654 0 0 0 2507.38 0.872 0.502 0.594
941 654 665 0 0 0 1998.98 0.660 0.398 0.464
942 665 654 0 0 0 1998.98 0.660 0.398 0.464
943 654 666 0 0 0 2507.38 0.872 0.746 0.777
944 666 654 0 0 0 2507.38 0.872 0.746 0.777
945 655 656 0 0 0 1513.40 0.458 0.736 0.666
946 656 655 0 0 0 1513.40 0.458 0.736 0.666
947 655 668 0 0 0 2507.38 0.872 0.659 0.712
948 668 655 0 0 0 2507.38 0.872 0.659 0.712
949 656 657 0 0 0 1513.40 0.458 0.853 0.754
950 657 656 0 0 0 1513.40 0.458 0.853 0.754
951 656 667 0 0 0 2507.38 0.872 0.893 0.888
952 667 656 0 0 0 2507.38 0.872 0.893 0.888
953 656 668 0 0 0 1998.98 0.660 0.639 0.644
954 668 656 0 0 0 1998.98 0.660 0.639 0.644
955 657 669 0 0 0 1998.98 0.660 0.923 0.857
956 669 657 0 0 0 1998.98 0.660 0.923 0.857
957 658 659 0 0 0 1513.82 0.458 0.023 0.132
958 659 658 0 0 0 1513.82 0.458 0.023 0.132
959 659 660 0 0 0 1513.82 0.458 0.023 0.132
960 660 659 0 0 0 1513.82 0.458 0.023 0.132
961 659 670 0 0 0 2507.62 0.872 0.020 0.233
962 670 659 0 0 0 2507.62 0.872 0.020 0.233
963 660 670 0 0 0 1998.98 0.660 0.023 0.183
964 670 660 0 0 0 1998.98 0.660 0.023 0.183
965 663 664 0 0 0 1513.82 0.458 0.478 0.473
966 664 663 0 0 0 1513.82 0.458 0.478 0.473
967 663 674 0 0 0 2507.62 0.872 0.338 0.471
968 674 663 0 0 0 2507.62 0.872 0.338 0.471
969 664 665 0 0 0 1513.82 0.458 0.431 0.438
970 665 664 0 0 0 1513.82 0.458 0.431 0.438
971 664 674 0 0 0 1998.98 0.660 0.395 0.461
972 674 664 0 0 0 1998.98 0.660 0.395 0.461
973 665 666 0 0 0 1513.82 0.458 0.676 0.621
974 666 665 0 0 0 1513.82 0.458 0.676 0.621
975 665 674 0 0 0 2507.62 0.872 0.291 0.436
976 674 665 0 0 0 2507.62 0.872 0.291 0.436
977 666 677 0 0 0 2507.62 0.872 0.977 0.951
978 677 666 0 0 0 2507.62 0.872 0.977 0.951
979 667 668 0 0 0 1513.82 0.458 0.816 0.727
980 668 667 0 0 0 1513.82 0.458 0.816 0.727
981 667 677 0 0 0 1998.98 0.660 1.000 0.915
982 677 667 0 0 0 1998.98 0.660 1.000 0.915
983 667 678 0 0 0 2507.62 0.872 0.866 0.868
984 678 667 0 0 0 2507.62 0.872 0.866 0.868
985 668 669 0 0 0 1513.82 0.458 0.709 0.646
986 669 668 0 0 0 1513.82 0.458 0.709 0.646
987 668 677 0 0 0 2507.62 0.872 0.746 0.777
988 677 668 0 0 0 2507.62 0.872 0.746 0.777
989 668 678 0 0 0 1998.98 0.660 0.612 0.624
990 678 668 0 0 0 1998.98 0.660 0.612 0.624
991 669 678 0 0 0 2507.62 0.872 0.759 0.788
992 678 669 0 0 0 2507.62 0.872 0.759 0.788
993 677 678 0 0 0 1514.23 0.458 0.796 0.712
994 678 677 0 0 0 1514.23 0.458 0.796 0.712
995 5 355 1 1 0 2436.31 0.843 0.009 0.217
996 355 5 1 1 0 2436.31 0.843 0.009 0.217
997 5 356 1 1 0 1606.94 0.497 0.006 0.129
998 356 5 1 1 0 1606.94 0.497 0.006 0.129
999 5 357 1 1 0 1945.05 0.638 0.060 0.205
1000 357 5 1 1 0 1945.05 0.638 0.060 0.205
1001 5 390 1 1 0 1915.25 0.625 0.009 0.163
1002 390 5 1 1 0 1915.25 0.625 0.009 0.163
1003 5 391 1 1 0 560.32 0.060 0.009 0.022
1004 391 5 1 1 0 560.32 0.060 0.009 0.022
1005 5 392 1 1 0 1230.96 0.340 0.012 0.094
1006 392 5 1 1 0 1230.96 0.340 0.012 0.094
1007 5 393 1 1 0 2696.68 0.951 0.090 0.306
1008 393 5 1 1 0 2696.68 0.951 0.090 0.306
1009 5 425 1 1 0 2457.24 0.851 0.009 0.220
1010 425 5 1 1 0 2457.24 0.851 0.009 0.220
1011 5 426 1 1 0 2690.66 0.949 0.009 0.244
1012 426 5 1 1 0 2690.66 0.949 0.009 0.244
1013 6 436 1 1 0 1643.21 0.512 0.051 0.166
1014 436 6 1 1 0 1643.21 0.512 0.051 0.166
1015 6 437 1 1 0 1070.54 0.273 0.075 0.125
1016 437 6 1 1 0 1070.54 0.273 0.075 0.125
1017 6 438 1 1 0 2037.07 0.676 0.081 0.230
1018 438 6 1 1 0 2037.07 0.676 0.081 0.230
1019 7 564 1 1 0 2647.61 0.931 0.024 0.251
1020 564 7 1 1 0 2647.61 0.931 0.024 0.251
1021 7 565 1 1 0 2493.69 0.867 0.024 0.235
1022 565 7 1 1 0 2493.69 0.867 0.024 0.235
1023 7 585 1 1 0 665.30 0.104 0.030 0.049
1024 585 7 1 1 0 665.30 0.104 0.030 0.049
1025 7 586 1 1 0 2055.40 0.684 0.030 0.194
1026 586 7 1 1 0 2055.40 0.684 0.030 0.194
1027 8 55 1 1 0 972.04 0.232 0.030 0.081
1028 55 8 1 1 0 972.04 0.232 0.030 0.081
1029 8 71 1 1 0 1410.39 0.415 0.099 0.178
1030 71 8 1 1 0 1410.39 0.415 0.099 0.178
1031 8 72 1 1 0 2481.39 0.861 0.135 0.317
1032 72 8 1 1 0 2481.39 0.861 0.135 0.317
1033 13 410 1 1 0 2015.47 0.667 0.024 0.185
1034 410 13 1 1 0 2015.47 0.667 0.024 0.185
1035 13 411 1 1 0 1950.08 0.640 0.024 0.178
1036 411 13 1 1 0 1950.08 0.640 0.024 0.178
1037 13 445 1 1 0 2356.95 0.810 0.027 0.223
1038 445 13 1 1 0 2356.95 0.810 0.027 0.223
1039 13 446 1 1 0 857.41 0.184 0.033 0.071
1040 446 13 1 1 0 857.41 0.184 0.033 0.071
1041 13 447 1 1 0 689.76 0.114 0.036 0.056
1042 447 13 1 1 0 689.76 0.114 0.036 0.056
1043 13 448 1 1 0 2185.65 0.738 0.030 0.207
1044 448 13 1 1 0 2185.65 0.738 0.030 0.207
1045 13 479 1 1 0 2323.89 0.796 0.027 0.219
1046 479 13 1 1 0 2323.89 0.796 0.027 0.219
1047 13 480 1 1 0 2267.38 0.772 0.036 0.220
1048 480 13 1 1 0 2267.38 0.772 0.036 0.220
1049 15 328 1 1 0 2736.32 0.968 0.066 0.292
1050 328 15 1 1 0 2736.32 0.968 0.066 0.292
1051 15 361 1 1 0 2197.19 0.743 0.066 0.235
1052 361 15 1 1 0 2197.19 0.743 0.066 0.235
1053 15 362 1 1 0 891.07 0.198 0.084 0.113
1054 362 15 1 1 0 891.07 0.198 0.084 0.113
1055 15 363 1 1 0 1146.34 0.305 0.090 0.144
1056 363 15 1 1 0 1146.34 0.305 0.090 0.144
1057 15 364 1 1 0 2527.43 0.881 0.090 0.288
1058 364 15 1 1 0 2527.43 0.881 0.090 0.288
1059 15 395 1 1 0 2475.44 0.859 0.096 0.287
1060 395 15 1 1 0 2475.44 0.859 0.096 0.287
1061 15 396 1 1 0 1446.73 0.430 0.075 0.164
1062 396 15 1 1 0 1446.73 0.430 0.075 0.164
1063 15 397 1 1 0 1616.56 0.501 0.084 0.188
1064 397 15 1 1 0 1616.56 0.501 0.084 0.188
1065 15 398 1 1 0 2772.81 0.983 0.060 0.291
1066 398 15 1 1 0 2772.81 0.983 0.060 0.291
1067 16 471 1 1 0 2635.72 0.926 0.069 0.283
1068 471 16 1 1 0 2635.72 0.926 0.069 0.283
1069 16 501 1 1 0 2712.77 0.958 0.063 0.287
1070 501 16 1 1 0 2712.77 0.958 0.063 0.287
1071 16 502 1 1 0 1286.39 0.363 0.099 0.165
1072 502 16 1 1 0 1286.39 0.363 0.099 0.165
1073 16 503 1 1 0 717.05 0.126 0.099 0.106
1074 503 16 1 1 0 717.05 0.126 0.099 0.106
1075 16 504 1 1 0 1984.23 0.654 0.054 0.204
1076 504 16 1 1 0 1984.23 0.654 0.054 0.204
1077 16 531 1 1 0 1792.91 0.574 0.090 0.211
1078 531 16 1 1 0 1792.91 0.574 0.090 0.211
1079 16 533 1 1 0 2344.68 0.804 0.069 0.253
1080 533 16 1 1 0 2344.68 0.804 0.069 0.253
1081 17 438 1 1 0 2577.58 0.902 0.081 0.286
1082 438 17 1 1 0 2577.58 0.902 0.081 0.286
1083 17 473 1 1 0 2027.44 0.672 0.087 0.234
1084 473 17 1 1 0 2027.44 0.672 0.087 0.234
1085 17 474 1 1 0 606.68 0.080 0.054 0.061
1086 474 17 1 1 0 606.68 0.080 0.054 0.061
1087 18 479 1 1 0 2304.56 0.788 0.027 0.217
1088 479 18 1 1 0 2304.56 0.788 0.027 0.217
1089 18 506 1 1 0 2067.22 0.689 0.027 0.192
1090 506 18 1 1 0 2067.22 0.689 0.027 0.192
1091 18 507 1 1 0 562.50 0.061 0.018 0.029
1092 507 18 1 1 0 562.50 0.061 0.018 0.029
1093 18 508 1 1 0 961.91 0.228 0.027 0.077
1094 508 18 1 1 0 961.91 0.228 0.027 0.077
1095 18 509 1 1 0 2469.81 0.857 0.036 0.241
1096 509 18 1 1 0 2469.81 0.857 0.036 0.241
1097 18 535 1 1 0 2128.79 0.714 0.021 0.194
1098 535 18 1 1 0 2128.79 0.714 0.021 0.194
1099 19 69 1 1 0 978.13 0.234 0.006 0.063
1100 69 19 1 1 0 978.13 0.234 0.006 0.063
1101 19 70 1 1 0 688.95 0.114 0.009 0.035
1102 70 19 1 1 0 688.95 0.114 0.009 0.035
1103 19 85 1 1 0 2522.20 0.878 0.012 0.229
1104 85 19 1 1 0 2522.20 0.878 0.012 0.229
1105 19 86 1 1 0 2424.72 0.838 0.009 0.216
1106 86 19 1 1 0 2424.72 0.838 0.009 0.216
1107 55 71 1 1 0 1999.11 0.660 0.129 0.262
1108 71 55 1 1 0 1999.11 0.660 0.129 0.262
1109 55 72 1 1 0 2502.25 0.870 0.166 0.342
1110 72 55 1 1 0 2502.25 0.870 0.166 0.342
1111 59 60 1 1 0 1504.71 0.454 0.226 0.283
1112 60 59 1 1 0 1504.71 0.454 0.226 0.283
1113 59 74 1 1 0 2502.25 0.870 0.190 0.360
1114 74 59 1 1 0 2502.25 0.870 0.190 0.360
1115 60 77 1 1 0 2502.25 0.870 0.235 0.394
1116 77 60 1 1 0 2502.25 0.870 0.235 0.394
1117 69 70 1 1 0 1504.71 0.454 0.015 0.125
1118 70 69 1 1 0 1504.71 0.454 0.015 0.125
1119 69 84 1 1 0 2502.25 0.870 0.012 0.227
1120 84 69 1 1 0 2502.25 0.870 0.012 0.227
1121 69 85 1 1 0 1999.11 0.660 0.018 0.179
1122 85 69 1 1 0 1999.11 0.660 0.018 0.179
1123 69 86 1 1 0 2502.25 0.870 0.015 0.229
1124 86 69 1 1 0 2502.25 0.870 0.015 0.229
1125 70 85 1 1 0 2502.25 0.870 0.021 0.233
1126 85 70 1 1 0 2502.25 0.870 0.021 0.233
1127 70 86 1 1 0 1999.11 0.660 0.018 0.179
1128 86 70 1 1 0 1999.11 0.660 0.018 0.179
1129 70 87 1 1 0 2502.25 0.870 0.018 0.231
1130 87 70 1 1 0 2502.25 0.870 0.018 0.231
1131 71 72 1 1 0 1505.13 0.454 0.235 0.290
1132 72 71 1 1 0 1505.13 0.454 0.235 0.290
1133 77 78 1 1 0 1505.13 0.454 0.214 0.274
1134 78 77 1 1 0 1505.13 0.454 0.214 0.274
1135 77 95 1 1 0 2502.49 0.870 0.232 0.391
1136 95 77 1 1 0 2502.49 0.870 0.232 0.391
1137 77 96 1 1 0 1999.11 0.660 0.220 0.330
1138 96 77 1 1 0 1999.11 0.660 0.220 0.330
1139 77 97 1 1 0 2502.49 0.870 0.205 0.371
1140 97 77 1 1 0 2502.49 0.870 0.205 0.371
1141 78 79 1 1 0 1505.13 0.454 0.102 0.190
1142 79 78 1 1 0 1505.13 0.454 0.102 0.190
1143 78 96 1 1 0 2502.49 0.870 0.187 0.358
1144 96 78 1 1 0 2502.49 0.870 0.187 0.358
1145 78 97 1 1 0 1999.11 0.660 0.172 0.294
1146 97 78 1 1 0 1999.11 0.660 0.172 0.294
1147 78 98 1 1 0 2502.49 0.870 0.099 0.292
1148 98 78 1 1 0 2502.49 0.870 0.099 0.292
1149 79 97 1 1 0 2502.49 0.870 0.093 0.288
1150 97 79 1 1 0 2502.49 0.870 0.093 0.288
1151 79 98 1 1 0 1999.11 0.660 0.021 0.181
1152 98 79 1 1 0 1999.11 0.660 0.021 0.181
1153 84 85 1 1 0 1505.13 0.454 0.018 0.127
1154 85 84 1 1 0 1505.13 0.454 0.018 0.127
1155 84 102 1 1 0 2502.49 0.870 0.015 0.229
1156 102 84 1 1 0 2502.49 0.870 0.015 0.229
1157 84 103 1 1 0 1999.11 0.660 0.015 0.176
1158 103 84 1 1 0 1999.11 0.660 0.015 0.176
1159 84 104 1 1 0 2502.49 0.870 0.012 0.227
1160 104 84 1 1 0 2502.49 0.870 0.012 0.227
1161 85 86 1 1 0 1505.13 0.454 0.021 0.129
1162 86 85 1 1 0 1505.13 0.454 0.021 0.129
1163 85 103 1 1 0 2502.49 0.870 0.021 0.233
1164 103 85 1 1 0 2502.49 0.870 0.021 0.233
1165 85 104 1 1 0 1999.11 0.660 0.018 0.179
1166 104 85 1 1 0 1999.11 0.660 0.018 0.179
1167 85 105 1 1 0 2502.49 0.870 0.021 0.233
1168 105 85 1 1 0 2502.49 0.870 0.021 0.233
1169 86 87 1 1 0 1505.13 0.454 0.018 0.127
1170 87 86 1 1 0 1505.13 0.454 0.018 0.127
1171 86 104 1 1 0 2502.49 0.870 0.015 0.229
1172 104 86 1 1 0 2502.49 0.870 0.015 0.229
1173 86 105 1 1 0 1999.11 0.660 0.018 0.179
1174 105 86 1 1 0 1999.11 0.660 0.018 0.179
1175 86 106 1 1 0 2502.49 0.870 0.021 0.233
1176 106 86 1 1 0 2502.49 0.870 0.021 0.233
1177 87 88 1 1 0 1505.13 0.454 0.015 0.125
1178 88 87 1 1 0 1505.13 0.454 0.015 0.125
1179 87 105 1 1 0 2502.49 0.870 0.018 0.231
1180 105 87 1 1 0 2502.49 0.870 0.018 0.231
1181 87 106 1 1 0 1999.11 0.660 0.021 0.181
1182 106 87 1 1 0 1999.11 0.660 0.021 0.181
1183 87 107 1 1 0 2502.49 0.870 0.018 0.231
1184 107 87 1 1 0 2502.49 0.870 0.018 0.231
1185 88 106 1 1 0 2502.49 0.870 0.018 0.231
1186 106 88 1 1 0 2502.49 0.870 0.018 0.231
1187 88 107 1 1 0 1999.11 0.660 0.015 0.176
1188 107 88 1 1 0 1999.11 0.660 0.015 0.176
1189 95 96 1 1 0 1505.54 0.454 0.205 0.267
1190 96 95 1 1 0 1505.54 0.454 0.205 0.267
1191 96 97 1 1 0 1505.54 0.454 0.178 0.247
1192 97 96 1 1 0 1505.54 0.454 0.178 0.247
1193 97 98 1 1 0 1505.54 0.454 0.090 0.181
1194 98 97 1 1 0 1505.54 0.454 0.090 0.181
1195 100 101 1 1 0 1505.54 0.454 0.021 0.129
1196 101 100 1 1 0 1505.54 0.454 0.021 0.129
1197 100 122 1 1 0 2502.74 0.870 0.015 0.229
1198 122 100 1 1 0 2502.74 0.870 0.015 0.229
1199 101 102 1 1 0 1505.54 0.454 0.021 0.129
1200 102 101 1 1 0 1505.54 0.454 0.021 0.129
1201 101 122 1 1 0 1999.10 0.660 0.018 0.179
1202 122 101 1 1 0 1999.10 0.660 0.018 0.179
1203 101 123 1 1 0 2502.74 0.870 0.018 0.231
1204 123 101 1 1 0 2502.74 0.870 0.018 0.231
1205 102 103 1 1 0 1505.54 0.454 0.018 0.127
1206 103 102 1 1 0 1505.54 0.454 0.018 0.127
1207 102 122 1 1 0 2502.74 0.870 0.015 0.229
1208 122 102 1 1 0 2502.74 0.870 0.015 0.229
1209 102 123 1 1 0 1999.10 0.660 0.015 0.176
1210 123 102 1 1 0 1999.10 0.660 0.015 0.176
1211 102 124 1 1 0 2502.74 0.870 0.018 0.231
1212 124 102 1 1 0 2502.74 0.870 0.018 0.231
1213 103 104 1 1 0 1505.54 0.454 0.015 0.125
1214 104 103 1 1 0 1505.54 0.454 0.015 0.125
1215 103 123 1 1 0 2502.74 0.870 0.015 0.229
1216 123 103 1 1 0 2502.74 0.870 0.015 0.229
1217 103 124 1 1 0 1999.10 0.660 0.018 0.179
1218 124 103 1 1 0 1999.10 0.660 0.018 0.179
1219 103 125 1 1 0 2502.74 0.870 0.018 0.231
1220 125 103 1 1 0 2502.74 0.870 0.018 0.231
1221 104 105 1 1 0 1505.54 0.454 0.015 0.125
1222 105 104 1 1 0 1505.54 0.454 0.015 0.125
1223 104 124 1 1 0 2502.74 0.870 0.015 0.229
1224 124 104 1 1 0 2502.74 0.870 0.015 0.229
1225 104 125 1 1 0 1999.10 0.660 0.015 0.176
1226 125 104 1 1 0 1999.10 0.660 0.015 0.176
1227 105 106 1 1 0 1505.54 0.454 0.021 0.129
1228 106 105 1 1 0 1505.54 0.454 0.021 0.129
1229 105 125 1 1 0 2502.74 0.870 0.018 0.231
1230 125 105 1 1 0 2502.74 0.870 0.018 0.231
1231 105 127 1 1 0 2502.74 0.870 0.015 0.229
1232 127 105 1 1 0 2502.74 0.870 0.015 0.229
1233 106 107 1 1 0 1505.54 0.454 0.021 0.129
1234 107 106 1 1 0 1505.54 0.454 0.021 0.129
1235 106 127 1 1 0 1999.10 0.660 0.018 0.179
1236 127 106 1 1 0 1999.10 0.660 0.018 0.179
1237 106 128 1 1 0 2502.74 0.870 0.021 0.233
1238 128 106 1 1 0 2502.74 0.870 0.021 0.233
1239 107 108 1 1 0 1505.54 0.454 0.021 0.129
1240 108 107 1 1 0 1505.54 0.454 0.021 0.129
1241 107 127 1 1 0 2502.74 0.870 0.015 0.229
1242 127 107 1 1 0 2502.74 0.870 0.015 0.229
1243 107 128 1 1 0 1999.10 0.660 0.018 0.179
1244 128 107 1 1 0 1999.10 0.660 0.018 0.179
1245 107 129 1 1 0 2502.74 0.870 0.018 0.231
1246 129 107 1 1 0 2502.74 0.870 0.018 0.231
1247 108 109 1 1 0 1505.54 0.454 0.021 0.129
1248 109 108 1 1 0 1505.54 0.454 0.021 0.129
1249 108 129 1 1 0 1999.10 0.660 0.021 0.181
1250 129 108 1 1 0 1999.10 0.660 0.021 0.181
1251 108 130 1 1 0 2502.74 0.870 0.018 0.231
1252 130 108 1 1 0 2502.74 0.870 0.018 0.231
1253 109 129 1 1 0 2502.74 0.870 0.018 0.231
1254 129 109 1 1 0 2502.74 0.870 0.018 0.231
1255 109 130 1 1 0 1999.10 0.660 0.015 0.176
1256 130 109 1 1 0 1999.10 0.660 0.015 0.176
1257 109 131 1 1 0 2502.74 0.870 0.018 0.231
1258 131 109 1 1 0 2502.74 0.870 0.018 0.231
1259 122 123 1 1 0 1505.96 0.455 0.012 0.123
1260 123 122 1 1 0 1505.96 0.455 0.012 0.123
1261 122 146 1 1 0 1999.10 0.660 0.018 0.179
1262 146 122 1 1 0 1999.10 0.660 0.018 0.179
1263 122 147 1 1 0 2502.98 0.870 0.018 0.231
1264 147 122 1 1 0 2502.98 0.870 0.018 0.231
1265 123 124 1 1 0 1505.96 0.455 0.015 0.125
1266 124 123 1 1 0 1505.96 0.455 0.015 0.125
1267 123 146 1 1 0 2502.98 0.870 0.018 0.231
1268 146 123 1 1 0 2502.98 0.870 0.018 0.231
1269 123 147 1 1 0 1999.10 0.660 0.018 0.179
1270 147 123 1 1 0 1999.10 0.660 0.018 0.179
1271 123 148 1 1 0 2502.98 0.870 0.015 0.229
1272 148 123 1 1 0 2502.98 0.870 0.015 0.229
1273 124 125 1 1 0 1505.96 0.455 0.018 0.127
1274 125 124 1 1 0 1505.96 0.455 0.018 0.127
1275 124 147 1 1 0 2502.98 0.870 0.021 0.233
1276 147 124 1 1 0 2502.98 0.870 0.021 0.233
1277 124 148 1 1 0 1999.10 0.660 0.018 0.179
1278 148 124 1 1 0 1999.10 0.660 0.018 0.179
1279 125 148 1 1 0 2502.98 0.870 0.018 0.231
1280 148 125 1 1 0 2502.98 0.870 0.018 0.231
1281 127 128 1 1 0 1505.96 0.455 0.015 0.125
1282 128 127 1 1 0 1505.96 0.455 0.015 0.125
1283 127 152 1 1 0 2502.98 0.870 0.012 0.227
1284 152 127 1 1 0 2502.98 0.870 0.012 0.227
1285 128 129 1 1 0 1505.96 0.455 0.018 0.127
1286 129 128 1 1 0 1505.96 0.455 0.018 0.127
1287 128 152 1 1 0 1999.10 0.660 0.015 0.176
1288 152 128 1 1 0 1999.10 0.660 0.015 0.176
1289 128 153 1 1 0 2502.98 0.870 0.018 0.231
1290 153 128 1 1 0 2502.98 0.870 0.018 0.231
1291 129 130 1 1 0 1505.96 0.455 0.015 0.125
1292 130 129 1 1 0 1505.96 0.455 0.015 0.125
1293 129 152 1 1 0 2502.98 0.870 0.015 0.229
1294 152 129 1 1 0 2502.98 0.870 0.015 0.229
1295 129 153 1 1 0 1999.10 0.660 0.018 0.179
1296 153 129 1 1 0 1999.10 0.660 0.018 0.179
1297 129 154 1 1 0 2502.98 0.870 0.015 0.229
1298 154 129 1 1 0 2502.98 0.870 0.015 0.229
1299 130 131 1 1 0 1505.96 0.455 0.015 0.125
1300 131 130 1 1 0 1505.96 0.455 0.015 0.125
1301 130 153 1 1 0 2502.98 0.870 0.015 0.229
1302 153 130 1 1 0 2502.98 0.870 0.015 0.229
1303 130 154 1 1 0 1999.10 0.660 0.012 0.174
1304 154 130 1 1 0 1999.10 0.660 0.012 0.174
1305 130 155 1 1 0 2502.98 0.870 0.018 0.231
1306 155 130 1 1 0 2502.98 0.870 0.018 0.231
1307 131 132 1 1 0 1505.96 0.455 0.018 0.127
1308 132 131 1 1 0 1505.96 0.455 0.018 0.127
1309 131 154 1 1 0 2502.98 0.870 0.015 0.229
1310 154 131 1 1 0 2502.98 0.870 0.015 0.229
1311 131 155 1 1 0 1999.10 0.660 0.021 0.181
1312 155 131 1 1 0 1999.10 0.660 0.021 0.181
1313 131 156 1 1 0 2502.98 0.870 0.021 0.233
1314 156 131 1 1 0 2502.98 0.870 0.021 0.233
1315 132 155 1 1 0 2502.98 0.870 0.021 0.233
1316 155 132 1 1 0 2502.98 0.870 0.021 0.233
1317 132 156 1 1 0 1999.10 0.660 0.021 0.181
1318 156 132 1 1 0 1999.10 0.660 0.021 0.181
1319 132 157 1 1 0 2502.98 0.870 0.021 0.233
1320 157 132 1 1 0 2502.98 0.870 0.021 0.233
1321 133 160 1 1 0 1999.09 0.660 0.193 0.310
1322 160 133 1 1 0 1999.09 0.660 0.193 0.310
1323 146 147 1 1 0 1506.37 0.455 0.024 0.132
1324 147 146 1 1 0 1506.37 0.455 0.024 0.132
1325 146 172 1 1 0 2503.23 0.871 0.021 0.233
1326 172 146 1 1 0 2503.23 0.871 0.021 0.233
1327 146 173 1 1 0 1999.09 0.660 0.024 0.183
1328 173 146 1 1 0 1999.09 0.660 0.024 0.183
1329 146 174 1 1 0 2503.23 0.871 0.018 0.231
1330 174 146 1 1 0 2503.23 0.871 0.018 0.231
1331 147 148 1 1 0 1506.37 0.455 0.021 0.130
1332 148 147 1 1 0 1506.37 0.455 0.021 0.130
1333 147 173 1 1 0 2503.23 0.871 0.024 0.236
1334 173 147 1 1 0 2503.23 0.871 0.024 0.236
1335 147 174 1 1 0 1999.09 0.660 0.018 0.179
1336 174 147 1 1 0 1999.09 0.660 0.018 0.179
1337 147 175 1 1 0 2503.23 0.871 0.021 0.233
1338 175 147 1 1 0 2503.23 0.871 0.021 0.233
1339 148 174 1 1 0 2503.23 0.871 0.015 0.229
1340 174 148 1 1 0 2503.23 0.871 0.015 0.229
1341 148 175 1 1 0 1999.09 0.660 0.018 0.179
1342 175 148 1 1 0 1999.09 0.660 0.018 0.179
1343 152 153 1 1 0 1506.37 0.455 0.015 0.125
1344 153 152 1 1 0 1506.37 0.455 0.015 0.125
1345 153 154 1 1 0 1506.37 0.455 0.015 0.125
1346 154 153 1 1 0 1506.37 0.455 0.015 0.125
1347 153 181 1 1 0 2503.23 0.871 0.015 0.229
1348 181 153 1 1 0 2503.23 0.871 0.015 0.229
1349 154 155 1 1 0 1506.37 0.455 0.018 0.127
1350 155 154 1 1 0 1506.37 0.455 0.018 0.127
1351 154 181 1 1 0 1999.09 0.660 0.012 0.174
1352 181 154 1 1 0 1999.09 0.660 0.012 0.174
1353 154 182 1 1 0 2503.23 0.871 0.015 0.229
1354 182 154 1 1 0 2503.23 0.871 0.015 0.229
1355 155 156 1 1 0 1506.37 0.455 0.024 0.132
1356 156 155 1 1 0 1506.37 0.455 0.024 0.132
1357 155 181 1 1 0 2503.23 0.871 0.018 0.231
1358 181 155 1 1 0 2503.23 0.871 0.018 0.231
1359 155 182 1 1 0 1999.09 0.660 0.021 0.181
1360 182 155 1 1 0 1999.09 0.660 0.021 0.181
1361 155 183 1 1 0 2503.23 0.871 0.024 0.236
1362 183 155 1 1 0 2503.23 0.871 0.024 0.236
1363 156 157 1 1 0 1506.37 0.455 0.024 0.132
1364 157 156 1 1 0 1506.37 0.455 0.024 0.132
1365 156 182 1 1 0 2503.23 0.871 0.021 0.233
1366 182 156 1 1 0 2503.23 0.871 0.021 0.233
1367 156 183 1 1 0 1999.09 0.660 0.024 0.183
1368 183 156 1 1 0 1999.09 0.660 0.024 0.183
1369 156 184 1 1 0 2503.23 0.871 0.021 0.233
1370 184 156 1 1 0 2503.23 0.871 0.021 0.233
1371 157 158 1 1 0 1506.37 0.455 0.021 0.130
1372 158 157 1 1 0 1506.37 0.455 0.021 0.130
1373 157 183 1 1 0 2503.23 0.871 0.024 0.236
1374 183 157 1 1 0 2503.23 0.871 0.024 0.236
1375 157 184 1 1 0 1999.09 0.660 0.021 0.181
1376 184 157 1 1 0 1999.09 0.660 0.021 0.181
1377 157 185 1 1 0 2503.23 0.871 0.018 0.231
1378 185 157 1 1 0 2503.23 0.871 0.018 0.231
1379 158 159 1 1 0 1506.37 0.455 0.021 0.130
1380 159 158 1 1 0 1506.37 0.455 0.021 0.130
1381 158 184 1 1 0 2503.23 0.871 0.018 0.231
1382 184 158 1 1 0 2503.23 0.871 0.018 0.231
1383 158 185 1 1 0 1999.09 0.660 0.015 0.176
1384 185 158 1 1 0 1999.09 0.660 0.015 0.176
1385 158 186 1 1 0 2503.23 0.871 0.021 0.233
1386 186 158 1 1 0 2503.23 0.871 0.021 0.233
1387 159 185 1 1 0 2503.23 0.871 0.018 0.231
1388 185 159 1 1 0 2503.23 0.871 0.018 0.231
1389 159 186 1 1 0 1999.09 0.660 0.024 0.183
1390 186 159 1 1 0 1999.09 0.660 0.024 0.183
1391 159 187 1 1 0 2503.23 0.871 0.021 0.233
1392 187 159 1 1 0 2503.23 0.871 0.021 0.233
1393 160 189 1 1 0 1999.08 0.660 0.220 0.330
1394 189 160 1 1 0 1999.08 0.660 0.220 0.330
1395 160 190 1 1 0 2503.47 0.871 0.193 0.362
1396 190 160 1 1 0 2503.47 0.871 0.193 0.362
1397 162 190 1 1 0 2503.47 0.871 0.208 0.373
1398 190 162 1 1 0 2503.47 0.871 0.208 0.373
1399 162 191 1 1 0 1999.08 0.660 0.244 0.348
1400 191 162 1 1 0 1999.08 0.660 0.244 0.348
1401 162 192 1 1 0 2503.47 0.871 0.223 0.385
1402 192 162 1 1 0 2503.47 0.871 0.223 0.385
1403 164 192 1 1 0 2503.47 0.871 0.217 0.380
1404 192 164 1 1 0 2503.47 0.871 0.217 0.380
1405 164 193 1 1 0 1999.08 0.660 0.223 0.332
1406 193 164 1 1 0 1999.08 0.660 0.223 0.332
1407 164 194 1 1 0 2503.47 0.871 0.214 0.378
1408 194 164 1 1 0 2503.47 0.871 0.214 0.378
1409 167 195 1 1 0 2503.47 0.871 0.238 0.396
1410 195 167 1 1 0 2503.47 0.871 0.238 0.396
1411 172 173 1 1 0 1506.79 0.455 0.021 0.130
1412 173 172 1 1 0 1506.79 0.455 0.021 0.130
1413 172 201 1 1 0 1999.08 0.660 0.018 0.179
1414 201 172 1 1 0 1999.08 0.660 0.018 0.179
1415 173 174 1 1 0 1506.79 0.455 0.018 0.127
1416 174 173 1 1 0 1506.79 0.455 0.018 0.127
1417 173 201 1 1 0 2503.47 0.871 0.021 0.233
1418 201 173 1 1 0 2503.47 0.871 0.021 0.233
1419 174 175 1 1 0 1506.79 0.455 0.015 0.125
1420 175 174 1 1 0 1506.79 0.455 0.015 0.125
1421 181 182 1 1 0 1506.79 0.455 0.015 0.125
1422 182 181 1 1 0 1506.79 0.455 0.015 0.125
1423 181 209 1 1 0 2503.47 0.871 0.012 0.227
1424 209 181 1 1 0 2503.47 0.871 0.012 0.227
1425 181 210 1 1 0 1999.08 0.660 0.018 0.179
1426 210 181 1 1 0 1999.08 0.660 0.018 0.179
1427 181 211 1 1 0 2503.47 0.871 0.018 0.231
1428 211 181 1 1 0 2503.47 0.871 0.018 0.231
1429 182 183 1 1 0 1506.79 0.455 0.021 0.130
1430 183 182 1 1 0 1506.79 0.455 0.021 0.130
1431 182 210 1 1 0 2503.47 0.871 0.021 0.233
1432 210 182 1 1 0 2503.47 0.871 0.021 0.233
1433 182 211 1 1 0 1999.08 0.660 0.021 0.181
1434 211 182 1 1 0 1999.08 0.660 0.021 0.181
1435 182 212 1 1 0 2503.47 0.871 0.018 0.231
1436 212 182 1 1 0 2503.47 0.871 0.018 0.231
1437 183 184 1 1 0 1506.79 0.455 0.021 0.130
1438 184 183 1 1 0 1506.79 0.455 0.021 0.130
1439 183 211 1 1 0 2503.47 0.871 0.024 0.236
1440 211 183 1 1 0 2503.47 0.871 0.024 0.236
1441 183 212 1 1 0 1999.08 0.660 0.021 0.181
1442 212 183 1 1 0 1999.08 0.660 0.021 0.181
1443 183 213 1 1 0 2503.47 0.871 0.018 0.231
1444 213 183 1 1 0 2503.47 0.871 0.018 0.231
1445 184 185 1 1 0 1506.79 0.455 0.015 0.125
1446 185 184 1 1 0 1506.79 0.455 0.015 0.125
1447 184 212 1 1 0 2503.47 0.871 0.018 0.231
1448 212 184 1 1 0 2503.47 0.871 0.018 0.231
1449 184 213 1 1 0 1999.08 0.660 0.015 0.176
1450 213 184 1 1 0 1999.08 0.660 0.015 0.176
1451 184 214 1 1 0 2503.47 0.871 0.021 0.233
1452 214 184 1 1 0 2503.47 0.871 0.021 0.233
1453 185 186 1 1 0 1506.79 0.455 0.018 0.127
1454 186 185 1 1 0 1506.79 0.455 0.018 0.127
1455 185 213 1 1 0 2503.47 0.871 0.012 0.227
1456 213 185 1 1 0 2503.47 0.871 0.012 0.227
1457 185 214 1 1 0 1999.08 0.660 0.018 0.179
1458 214 185 1 1 0 1999.08 0.660 0.018 0.179
1459 185 215 1 1 0 2503.47 0.871 0.012 0.227
1460 215 185 1 1 0 2503.47 0.871 0.012 0.227
1461 186 187 1 1 0 1506.79 0.455 0.021 0.130
1462 187 186 1 1 0 1506.79 0.455 0.021 0.130
1463 186 214 1 1 0 2503.47 0.871 0.024 0.236
1464 214 186 1 1 0 2503.47 0.871 0.024 0.236
1465 186 215 1 1 0 1999.08 0.660 0.018 0.179
1466 215 186 1 1 0 1999.08 0.660 0.018 0.179
1467 186 216 1 1 0 2503.47 0.871 0.018 0.231
1468 216 186 1 1 0 2503.47 0.871 0.018 0.231
1469 187 188 1 1 0 1506.79 0.455 0.018 0.127
1470 188 187 1 1 0 1506.79 0.455 0.018 0.127
1471 187 215 1 1 0 2503.47 0.871 0.015 0.229
1472 215 187 1 1 0 2503.47 0.871 0.015 0.229
1473 187 216 1 1 0 1999.08 0.660 0.015 0.176
1474 216 187 1 1 0 1999.08 0.660 0.015 0.176
1475 187 217 1 1 0 2503.47 0.871 0.018 0.231
1476 217 187 1 1 0 2503.47 0.871 0.018 0.231
1477 188 216 1 1 0 2503.47 0.871 0.015 0.229
1478 216 188 1 1 0 2503.47 0.871 0.015 0.229
1479 188 217 1 1 0 1999.08 0.660 0.018 0.179
1480 217 188 1 1 0 1999.08 0.660 0.018 0.179
1481 188 218 1 1 0 2503.47 0.871 0.015 0.229
1482 218 188 1 1 0 2503.47 0.871 0.015 0.229
1483 189 190 1 1 0 1507.20 0.455 0.172 0.242
1484 190 189 1 1 0 1507.20 0.455 0.172 0.242
1485 189 220 1 1 0 2503.71 0.871 0.214 0.378
1486 220 189 1 1 0 2503.71 0.871 0.214 0.378
1487 189 221 1 1 0 1999.08 0.660 0.208 0.321
1488 221 189 1 1 0 1999.08 0.660 0.208 0.321
1489 189 222 1 1 0 2503.71 0.871 0.169 0.344
1490 222 189 1 1 0 2503.71 0.871 0.169 0.344
1491 190 191 1 1 0 1507.20 0.455 0.181 0.249
1492 191 190 1 1 0 1507.20 0.455 0.181 0.249
1493 190 221 1 1 0 2503.71 0.871 0.181 0.353
1494 221 190 1 1 0 2503.71 0.871 0.181 0.353
1495 190 222 1 1 0 1999.08 0.660 0.141 0.271
1496 222 190 1 1 0 1999.08 0.660 0.141 0.271
1497 190 223 1 1 0 2503.71 0.871 0.190 0.360
1498 223 190 1 1 0 2503.71 0.871 0.190 0.360
1499 191 192 1 1 0 1507.20 0.455 0.196 0.261
1500 192 191 1 1 0 1507.20 0.455 0.196 0.261
1501 191 222 1 1 0 2503.71 0.871 0.178 0.351
1502 222 191 1 1 0 2503.71 0.871 0.178 0.351
1503 191 223 1 1 0 1999.08 0.660 0.226 0.334
1504 223 191 1 1 0 1999.08 0.660 0.226 0.334
1505 191 224 1 1 0 2503.71 0.871 0.196 0.364
1506 224 191 1 1 0 2503.71 0.871 0.196 0.364
1507 192 193 1 1 0 1507.20 0.455 0.181 0.249
1508 193 192 1 1 0 1507.20 0.455 0.181 0.249
1509 192 223 1 1 0 2503.71 0.871 0.205 0.371
1510 223 192 1 1 0 2503.71 0.871 0.205 0.371
1511 192 224 1 1 0 1999.08 0.660 0.175 0.296
1512 224 192 1 1 0 1999.08 0.660 0.175 0.296
1513 192 225 1 1 0 2503.71 0.871 0.211 0.376
1514 225 192 1 1 0 2503.71 0.871 0.211 0.376
1515 193 194 1 1 0 1507.20 0.455 0.178 0.247
1516 194 193 1 1 0 1507.20 0.455 0.178 0.247
1517 193 224 1 1 0 2503.71 0.871 0.181 0.353
1518 224 193 1 1 0 2503.71 0.871 0.181 0.353
1519 193 225 1 1 0 1999.08 0.660 0.217 0.328
1520 225 193 1 1 0 1999.08 0.660 0.217 0.328
1521 193 226 1 1 0 2503.71 0.871 0.193 0.362
1522 226 193 1 1 0 2503.71 0.871 0.193 0.362
1523 194 195 1 1 0 1507.20 0.455 0.205 0.267
1524 195 194 1 1 0 1507.20 0.455 0.205 0.267
1525 194 225 1 1 0 2503.71 0.871 0.208 0.373
1526 225 194 1 1 0 2503.71 0.871 0.208 0.373
1527 194 226 1 1 0 1999.08 0.660 0.184 0.303
1528 226 194 1 1 0 1999.08 0.660 0.184 0.303
1529 195 226 1 1 0 2503.71 0.871 0.220 0.382
1530 226 195 1 1 0 2503.71 0.871 0.220 0.382
1531 201 232 1 1 0 2503.71 0.871 0.018 0.231
1532 232 201 1 1 0 2503.71 0.871 0.018 0.231
1533 201 233 1 1 0 1999.08 0.660 0.036 0.192
1534 233 201 1 1 0 1999.08 0.660 0.036 0.192
1535 201 234 1 1 0 2503.71 0.871 0.018 0.231
1536 234 201 1 1 0 2503.71 0.871 0.018 0.231
1537 209 210 1 1 0 1507.20 0.455 0.018 0.127
1538 210 209 1 1 0 1507.20 0.455 0.018 0.127
1539 209 242 1 1 0 2503.71 0.871 0.015 0.229
1540 242 209 1 1 0 2503.71 0.871 0.015 0.229
1541 210 211 1 1 0 1507.20 0.455 0.024 0.132
1542 211 210 1 1 0 1507.20 0.455 0.024 0.132
1543 210 242 1 1 0 1999.08 0.660 0.021 0.181
1544 242 210 1 1 0 1999.08 0.660 0.021 0.181
1545 210 243 1 1 0 2503.71 0.871 0.021 0.233
1546 243 210 1 1 0 2503.71 0.871 0.021 0.233
1547 211 212 1 1 0 1507.20 0.455 0.021 0.130
1548 212 211 1 1 0 1507.20 0.455 0.021 0.130
1549 211 242 1 1 0 2503.71 0.871 0.021 0.233
1550 242 211 1 1 0 2503.71 0.871 0.021 0.233
1551 211 243 1 1 0 1999.08 0.660 0.021 0.181
1552 243 211 1 1 0 1999.08 0.660 0.021 0.181
1553 211 244 1 1 0 2503.71 0.871 0.021 0.233
1554 244 211 1 1 0 2503.71 0.871 0.021 0.233
1555 212 213 1 1 0 1507.20 0.455 0.015 0.125
1556 213 212 1 1 0 1507.20 0.455 0.015 0.125
1557 212 243 1 1 0 2503.71 0.871 0.018 0.231
1558 243 212 1 1 0 2503.71 0.871 0.018 0.231
1559 212 244 1 1 0 1999.08 0.660 0.018 0.179
1560 244 212 1 1 0 1999.08 0.660 0.018 0.179
1561 212 245 1 1 0 2503.71 0.871 0.018 0.231
1562 245 212 1 1 0 2503.71 0.871 0.018 0.231
1563 213 214 1 1 0 1507.20 0.455 0.018 0.127
1564 214 213 1 1 0 1507.20 0.455 0.018 0.127
1565 213 244 1 1 0 2503.71 0.871 0.015 0.229
1566 244 213 1 1 0 2503.71 0.871 0.015 0.229
1567 213 245 1 1 0 1999.08 0.660 0.015 0.176
1568 245 213 1 1 0 1999.08 0.660 0.015 0.176
1569 213 246 1 1 0 2503.71 0.871 0.015 0.229
1570 246 213 1 1 0 2503.71 0.871 0.015 0.229
1571 214 215 1 1 0 1507.20 0.455 0.018 0.127
1572 215 214 1 1 0 1507.20 0.455 0.018 0.127
1573 214 245 1 1 0 2503.71 0.871 0.021 0.233
1574 245 214 1 1 0 2503.71 0.871 0.021 0.233
1575 214 246 1 1 0 1999.08 0.660 0.021 0.181
1576 246 214 1 1 0 1999.08 0.660 0.021 0.181
1577 214 247 1 1 0 2503.71 0.871 0.021 0.233
1578 247 214 1 1 0 2503.71 0.871 0.021 0.233
1579 215 216 1 1 0 1507.20 0.455 0.012 0.123
1580 216 215 1 1 0 1507.20 0.455 0.012 0.123
1581 215 246 1 1 0 2503.71 0.871 0.015 0.229
1582 246 215 1 1 0 2503.71 0.871 0.015 0.229
1583 215 247 1 1 0 1999.08 0.660 0.015 0.176
1584 247 215 1 1 0 1999.08 0.660 0.015 0.176
1585 216 217 1 1 0 1507.20 0.455 0.015 0.125
1586 217 216 1 1 0 1507.20 0.455 0.015 0.125
1587 216 247 1 1 0 2503.71 0.871 0.015 0.229
1588 247 216 1 1 0 2503.71 0.871 0.015 0.229
1589 216 248 1 1 0 1999.08 0.660 0.015 0.176
1590 248 216 1 1 0 1999.08 0.660 0.015 0.176
1591 216 249 1 1 0 2503.71 0.871 0.015 0.229
1592 249 216 1 1 0 2503.71 0.871 0.015 0.229
1593 217 218 1 1 0 1507.20 0.455 0.015 0.125
1594 218 217 1 1 0 1507.20 0.455 0.015 0.125
1595 217 248 1 1 0 2503.71 0.871 0.018 0.231
1596 248 217 1 1 0 2503.71 0.871 0.018 0.231
1597 217 249 1 1 0 1999.08 0.660 0.018 0.179
1598 249 217 1 1 0 1999.08 0.660 0.018 0.179
1599 217 250 1 1 0 2503.71 0.871 0.021 0.233
1600 250 217 1 1 0 2503.71 0.871 0.021 0.233
1601 218 219 1 1 0 1507.20 0.455 0.015 0.125
1602 219 218 1 1 0 1507.20 0.455 0.015 0.125
1603 218 249 1 1 0 2503.71 0.871 0.015 0.229
1604 249 218 1 1 0 2503.71 0.871 0.015 0.229
1605 218 250 1 1 0 1999.08 0.660 0.018 0.179
1606 250 218 1 1 0 1999.08 0.660 0.018 0.179
1607 218 251 1 1 0 2503.71 0.871 0.015 0.229
1608 251 218 1 1 0 2503.71 0.871 0.015 0.229
1609 219 250 1 1 0 2503.71 0.871 0.021 0.233
1610 250 219 1 1 0 2503.71 0.871 0.021 0.233
1611 219 251 1 1 0 1999.08 0.660 0.018 0.179
1612 251 219 1 1 0 1999.08 0.660 0.018 0.179
1613 219 252 1 1 0 2503.71 0.871 0.015 0.229
1614 252 219 1 1 0 2503.71 0.871 0.015 0.229
1615 220 221 1 1 0 1507.61 0.455 0.223 0.281
1616 221 220 1 1 0 1507.61 0.455 0.223 0.281
1617 220 254 1 1 0 1999.07 0.660 0.135 0.267
1618 254 220 1 1 0 1999.07 0.660 0.135 0.267
1619 220 255 1 1 0 2503.96 0.871 0.144 0.326
1620 255 220 1 1 0 2503.96 0.871 0.144 0.326
1621 221 222 1 1 0 1507.61 0.455 0.178 0.247
1622 222 221 1 1 0 1507.61 0.455 0.178 0.247
1623 221 254 1 1 0 2503.96 0.871 0.129 0.315
1624 254 221 1 1 0 2503.96 0.871 0.129 0.315
1625 221 255 1 1 0 1999.07 0.660 0.138 0.269
1626 255 221 1 1 0 1999.07 0.660 0.138 0.269
1627 221 256 1 1 0 2503.96 0.871 0.132 0.317
1628 256 221 1 1 0 2503.96 0.871 0.132 0.317
1629 222 223 1 1 0 1507.61 0.455 0.187 0.254
1630 223 222 1 1 0 1507.61 0.455 0.187 0.254
1631 222 255 1 1 0 2503.96 0.871 0.099 0.292
1632 255 222 1 1 0 2503.96 0.871 0.099 0.292
1633 222 256 1 1 0 1999.07 0.660 0.093 0.235
1634 256 222 1 1 0 1999.07 0.660 0.093 0.235
1635 222 257 1 1 0 2503.96 0.871 0.105 0.297
1636 257 222 1 1 0 2503.96 0.871 0.105 0.297
1637 223 224 1 1 0 1507.61 0.455 0.205 0.267
1638 224 223 1 1 0 1507.61 0.455 0.205 0.267
1639 223 256 1 1 0 2503.96 0.871 0.141 0.324
1640 256 223 1 1 0 2503.96 0.871 0.141 0.324
1641 223 257 1 1 0 1999.07 0.660 0.154 0.280
1642 257 223 1 1 0 1999.07 0.660 0.154 0.280
1643 224 225 1 1 0 1507.61 0.455 0.211 0.272
1644 225 224 1 1 0 1507.61 0.455 0.211 0.272
1645 224 257 1 1 0 2503.96 0.871 0.123 0.310
1646 257 224 1 1 0 2503.96 0.871 0.123 0.310
1647 225 226 1 1 0 1507.61 0.455 0.223 0.281
1648 226 225 1 1 0 1507.61 0.455 0.223 0.281
1649 225 260 1 1 0 2503.96 0.871 0.220 0.383
1650 260 225 1 1 0 2503.96 0.871 0.220 0.383
1651 226 260 1 1 0 1999.07 0.660 0.196 0.312
1652 260 226 1 1 0 1999.07 0.660 0.196 0.312
1653 231 232 1 1 0 1507.61 0.455 0.021 0.130
1654 232 231 1 1 0 1507.61 0.455 0.021 0.130
1655 231 265 1 1 0 1999.07 0.660 0.021 0.181
1656 265 231 1 1 0 1999.07 0.660 0.021 0.181
1657 231 266 1 1 0 2503.96 0.871 0.042 0.249
1658 266 231 1 1 0 2503.96 0.871 0.042 0.249
1659 232 233 1 1 0 1507.61 0.455 0.036 0.141
1660 233 232 1 1 0 1507.61 0.455 0.036 0.141
1661 232 265 1 1 0 2503.96 0.871 0.018 0.231
1662 265 232 1 1 0 2503.96 0.871 0.018 0.231
1663 232 266 1 1 0 1999.07 0.660 0.039 0.194
1664 266 232 1 1 0 1999.07 0.660 0.039 0.194
1665 233 234 1 1 0 1507.61 0.455 0.036 0.141
1666 234 233 1 1 0 1507.61 0.455 0.036 0.141
1667 233 266 1 1 0 2503.96 0.871 0.057 0.261
1668 266 233 1 1 0 2503.96 0.871 0.057 0.261
1669 233 268 1 1 0 2503.96 0.871 0.060 0.263
1670 268 233 1 1 0 2503.96 0.871 0.060 0.263
1671 234 235 1 1 0 1507.61 0.455 0.015 0.125
1672 235 234 1 1 0 1507.61 0.455 0.015 0.125
1673 234 268 1 1 0 1999.07 0.660 0.042 0.197
1674 268 234 1 1 0 1999.07 0.660 0.042 0.197
1675 234 269 1 1 0 2503.96 0.871 0.033 0.243
1676 269 234 1 1 0 2503.96 0.871 0.033 0.243
1677 235 268 1 1 0 2503.96 0.871 0.039 0.247
1678 268 235 1 1 0 2503.96 0.871 0.039 0.247
1679 235 269 1 1 0 1999.07 0.660 0.030 0.188
1680 269 235 1 1 0 1999.07 0.660 0.030 0.188
1681 242 243 1 1 0 1507.61 0.455 0.018 0.127
1682 243 242 1 1 0 1507.61 0.455 0.018 0.127
1683 243 244 1 1 0 1507.61 0.455 0.018 0.127
1684 244 243 1 1 0 1507.61 0.455 0.018 0.127
1685 243 278 1 1 0 2503.96 0.871 0.015 0.229
1686 278 243 1 1 0 2503.96 0.871 0.015 0.229
1687 244 245 1 1 0 1507.61 0.455 0.018 0.127
1688 245 244 1 1 0 1507.61 0.455 0.018 0.127
1689 244 278 1 1 0 1999.07 0.660 0.015 0.176
1690 278 244 1 1 0 1999.07 0.660 0.015 0.176
1691 244 279 1 1 0 2503.96 0.871 0.021 0.234
1692 279 244 1 1 0 2503.96 0.871 0.021 0.234
1693 245 246 1 1 0 1507.61 0.455 0.018 0.127
1694 246 245 1 1 0 1507.61 0.455 0.018 0.127
1695 245 278 1 1 0 2503.96 0.871 0.015 0.229
1696 278 245 1 1 0 2503.96 0.871 0.015 0.229
1697 245 279 1 1 0 1999.07 0.660 0.021 0.181
1698 279 245 1 1 0 1999.07 0.660 0.021 0.181
1699 245 280 1 1 0 2503.96 0.871 0.021 0.234
1700 280 245 1 1 0 2503.96 0.871 0.021 0.234
1701 246 247 1 1 0 1507.61 0.455 0.018 0.127
1702 247 246 1 1 0 1507.61 0.455 0.018 0.127
1703 246 279 1 1 0 2503.96 0.871 0.021 0.234
1704 279 246 1 1 0 2503.96 0.871 0.021 0.234
1705 246 280 1 1 0 1999.07 0.660 0.021 0.181
1706 280 246 1 1 0 1999.07 0.660 0.021 0.181
1707 246 281 1 1 0 2503.96 0.871 0.018 0.231
1708 281 246 1 1 0 2503.96 0.871 0.018 0.231
1709 247 248 1 1 0 1507.61 0.455 0.018 0.127
1710 248 247 1 1 0 1507.61 0.455 0.018 0.127
1711 247 280 1 1 0 2503.96 0.871 0.021 0.234
1712 280 247 1 1 0 2503.96 0.871 0.021 0.234
1713 247 281 1 1 0 1999.07 0.660 0.018 0.179
1714 281 247 1 1 0 1999.07 0.660 0.018 0.179
1715 248 249 1 1 0 1507.61 0.455 0.018 0.127
1716 249 248 1 1 0 1507.61 0.455 0.018 0.127
1717 248 281 1 1 0 2503.96 0.871 0.018 0.231
1718 281 248 1 1 0 2503.96 0.871 0.018 0.231
1719 248 282 1 1 0 1999.07 0.660 0.015 0.176
1720 282 248 1 1 0 1999.07 0.660 0.015 0.176
1721 248 283 1 1 0 2503.96 0.871 0.015 0.229
1722 283 248 1 1 0 2503.96 0.871 0.015 0.229
1723 249 250 1 1 0 1507.61 0.455 0.021 0.130
1724 250 249 1 1 0 1507.61 0.455 0.021 0.130
1725 249 282 1 1 0 2503.96 0.871 0.015 0.229
1726 282 249 1 1 0 2503.96 0.871 0.015 0.229
1727 249 283 1 1 0 1999.07 0.660 0.015 0.176
1728 283 249 1 1 0 1999.07 0.660 0.015 0.176
1729 249 284 1 1 0 2503.96 0.871 0.018 0.231
1730 284 249 1 1 0 2503.96 0.871 0.018 0.231
1731 250 251 1 1 0 1507.61 0.455 0.021 0.130
1732 251 250 1 1 0 1507.61 0.455 0.021 0.130
1733 250 283 1 1 0 2503.96 0.871 0.018 0.231
1734 283 250 1 1 0 2503.96 0.871 0.018 0.231
1735 250 284 1 1 0 1999.07 0.660 0.021 0.181
1736 284 250 1 1 0 1999.07 0.660 0.021 0.181
1737 250 285 1 1 0 2503.96 0.871 0.021 0.234
1738 285 250 1 1 0 2503.96 0.871 0.021 0.234
1739 251 252 1 1 0 1507.61 0.455 0.015 0.125
1740 252 251 1 1 0 1507.61 0.455 0.015 0.125
1741 251 284 1 1 0 2503.96 0.871 0.018 0.231
1742 284 251 1 1 0 2503.96 0.871 0.018 0.231
1743 251 285 1 1 0 1999.07 0.660 0.018 0.179
1744 285 251 1 1 0 1999.07 0.660 0.018 0.179
1745 251 286 1 1 0 2503.96 0.871 0.021 0.234
1746 286 251 1 1 0 2503.96 0.871 0.021 0.234
1747 252 253 1 1 0 1507.61 0.455 0.018 0.127
1748 253 252 1 1 0 1507.61 0.455 0.018 0.127
1749 252 285 1 1 0 2503.96 0.871 0.015 0.229
1750 285 252 1 1 0 2503.96 0.871 0.015 0.229
1751 252 286 1 1 0 1999.07 0.660 0.018 0.179
1752 286 252 1 1 0 1999.07 0.660 0.018 0.179
1753 252 287 1 1 0 2503.96 0.871 0.015 0.229
1754 287 252 1 1 0 2503.96 0.871 0.015 0.229
1755 253 286 1 1 0 2503.96 0.871 0.024 0.236
1756 286 253 1 1 0 2503.96 0.871 0.024 0.236
1757 253 287 1 1 0 1999.07 0.660 0.021 0.181
1758 287 253 1 1 0 1999.07 0.660 0.021 0.181
1759 253 288 1 1 0 2503.96 0.871 0.102 0.294
1760 288 253 1 1 0 2503.96 0.871 0.102 0.294
1761 254 255 1 1 0 1508.03 0.456 0.051 0.152
1762 255 254 1 1 0 1508.03 0.456 0.051 0.152
1763 255 256 1 1 0 1508.03 0.456 0.054 0.155
1764 256 255 1 1 0 1508.03 0.456 0.054 0.155
1765 255 292 1 1 0 2504.20 0.871 0.048 0.254
1766 292 255 1 1 0 2504.20 0.871 0.048 0.254
1767 256 257 1 1 0 1508.03 0.456 0.060 0.159
1768 257 256 1 1 0 1508.03 0.456 0.060 0.159
1769 256 292 1 1 0 1999.06 0.660 0.042 0.197
1770 292 256 1 1 0 1999.06 0.660 0.042 0.197
1771 257 292 1 1 0 2504.20 0.871 0.054 0.258
1772 292 257 1 1 0 2504.20 0.871 0.054 0.258
1773 265 266 1 1 0 1508.03 0.456 0.039 0.143
1774 266 265 1 1 0 1508.03 0.456 0.039 0.143
1775 265 302 1 1 0 2504.20 0.871 0.033 0.243
1776 302 265 1 1 0 2504.20 0.871 0.033 0.243
1777 266 302 1 1 0 1999.06 0.660 0.054 0.206
1778 302 266 1 1 0 1999.06 0.660 0.054 0.206
1779 268 269 1 1 0 1508.03 0.456 0.057 0.157
1780 269 268 1 1 0 1508.03 0.456 0.057 0.157
1781 268 305 1 1 0 2504.20 0.871 0.054 0.258
1782 305 268 1 1 0 2504.20 0.871 0.054 0.258
1783 269 305 1 1 0 1999.06 0.660 0.045 0.199
1784 305 269 1 1 0 1999.06 0.660 0.045 0.199
1785 269 306 1 1 0 2504.20 0.871 0.048 0.254
1786 306 269 1 1 0 2504.20 0.871 0.048 0.254
1787 271 306 1 1 0 2504.20 0.871 0.054 0.258
1788 306 271 1 1 0 2504.20 0.871 0.054 0.258
1789 271 307 1 1 0 1999.06 0.660 0.054 0.206
1790 307 271 1 1 0 1999.06 0.660 0.054 0.206
1791 271 308 1 1 0 2504.20 0.871 0.051 0.256
1792 308 271 1 1 0 2504.20 0.871 0.051 0.256
1793 278 279 1 1 0 1508.03 0.456 0.018 0.127
1794 279 278 1 1 0 1508.03 0.456 0.018 0.127
1795 278 315 1 1 0 2504.20 0.871 0.018 0.231
1796 315 278 1 1 0 2504.20 0.871 0.018 0.231
1797 279 280 1 1 0 1508.03 0.456 0.024 0.132
1798 280 279 1 1 0 1508.03 0.456 0.024 0.132
1799 279 315 1 1 0 1999.06 0.660 0.024 0.183
1800 315 279 1 1 0 1999.06 0.660 0.024 0.183
1801 279 316 1 1 0 2504.20 0.871 0.021 0.234
1802 316 279 1 1 0 2504.20 0.871 0.021 0.234
1803 280 281 1 1 0 1508.03 0.456 0.021 0.130
1804 281 280 1 1 0 1508.03 0.456 0.021 0.130
1805 280 315 1 1 0 2504.20 0.871 0.024 0.236
1806 315 280 1 1 0 2504.20 0.871 0.024 0.236
1807 280 316 1 1 0 1999.06 0.660 0.021 0.181
1808 316 280 1 1 0 1999.06 0.660 0.021 0.181
1809 280 317 1 1 0 2504.20 0.871 0.018 0.231
1810 317 280 1 1 0 2504.20 0.871 0.018 0.231
1811 281 282 1 1 0 1508.03 0.456 0.015 0.125
1812 282 281 1 1 0 1508.03 0.456 0.015 0.125
1813 281 316 1 1 0 2504.20 0.871 0.018 0.231
1814 316 281 1 1 0 2504.20 0.871 0.018 0.231
1815 281 317 1 1 0 1999.06 0.660 0.015 0.176
1816 317 281 1 1 0 1999.06 0.660 0.015 0.176
1817 281 318 1 1 0 2504.20 0.871 0.015 0.229
1818 318 281 1 1 0 2504.20 0.871 0.015 0.229
1819 282 283 1 1 0 1508.03 0.456 0.012 0.123
1820 283 282 1 1 0 1508.03 0.456 0.012 0.123
1821 282 317 1 1 0 2504.20 0.871 0.012 0.227
1822 317 282 1 1 0 2504.20 0.871 0.012 0.227
1823 282 318 1 1 0 1999.06 0.660 0.012 0.174
1824 318 282 1 1 0 1999.06 0.660 0.012 0.174
1825 282 319 1 1 0 2504.20 0.871 0.015 0.229
1826 319 282 1 1 0 2504.20 0.871 0.015 0.229
1827 283 284 1 1 0 1508.03 0.456 0.015 0.125
1828 284 283 1 1 0 1508.03 0.456 0.015 0.125
1829 283 318 1 1 0 2504.20 0.871 0.012 0.227
1830 318 283 1 1 0 2504.20 0.871 0.012 0.227
1831 283 319 1 1 0 1999.06 0.660 0.015 0.176
1832 319 283 1 1 0 1999.06 0.660 0.015 0.176
1833 284 285 1 1 0 1508.03 0.456 0.018 0.127
1834 285 284 1 1 0 1508.03 0.456 0.018 0.127
1835 284 319 1 1 0 2504.20 0.871 0.018 0.231
1836 319 284 1 1 0 2504.20 0.871 0.018 0.231
1837 284 320 1 1 0 1999.06 0.660 0.015 0.176
1838 320 284 1 1 0 1999.06 0.660 0.015 0.176
1839 284 321 1 1 0 2504.20 0.871 0.021 0.234
1840 321 284 1 1 0 2504.20 0.871 0.021 0.234
1841 285 286 1 1 0 1508.03 0.456 0.021 0.130
1842 286 285 1 1 0 1508.03 0.456 0.021 0.130
1843 285 320 1 1 0 2504.20 0.871 0.015 0.229
1844 320 285 1 1 0 2504.20 0.871 0.015 0.229
1845 285 321 1 1 0 1999.06 0.660 0.021 0.181
1846 321 285 1 1 0 1999.06 0.660 0.021 0.181
1847 285 322 1 1 0 2504.20 0.871 0.015 0.229
1848 322 285 1 1 0 2504.20 0.871 0.015 0.229
1849 286 287 1 1 0 1508.03 0.456 0.021 0.130
1850 287 286 1 1 0 1508.03 0.456 0.021 0.130
1851 286 321 1 1 0 2504.20 0.871 0.024 0.236
1852 321 286 1 1 0 2504.20 0.871 0.024 0.236
1853 286 322 1 1 0 1999.06 0.660 0.018 0.179
1854 322 286 1 1 0 1999.06 0.660 0.018 0.179
1855 286 323 1 1 0 2504.20 0.871 0.078 0.276
1856 323 286 1 1 0 2504.20 0.871 0.078 0.276
1857 287 288 1 1 0 1508.03 0.456 0.099 0.188
1858 288 287 1 1 0 1508.03 0.456 0.099 0.188
1859 287 322 1 1 0 2504.20 0.871 0.015 0.229
1860 322 287 1 1 0 2504.20 0.871 0.015 0.229
1861 287 323 1 1 0 1999.06 0.660 0.075 0.222
1862 323 287 1 1 0 1999.06 0.660 0.075 0.222
1863 287 324 1 1 0 2504.20 0.871 0.078 0.276
1864 324 287 1 1 0 2504.20 0.871 0.078 0.276
1865 288 289 1 1 0 1508.03 0.456 0.138 0.218
1866 289 288 1 1 0 1508.03 0.456 0.138 0.218
1867 288 323 1 1 0 2504.20 0.871 0.157 0.335
1868 323 288 1 1 0 2504.20 0.871 0.157 0.335
1869 288 324 1 1 0 1999.06 0.660 0.160 0.285
1870 324 288 1 1 0 1999.06 0.660 0.160 0.285
1871 288 325 1 1 0 2504.20 0.871 0.154 0.333
1872 325 288 1 1 0 2504.20 0.871 0.154 0.333
1873 289 290 1 1 0 1508.03 0.456 0.111 0.197
1874 290 289 1 1 0 1508.03 0.456 0.111 0.197
1875 289 324 1 1 0 2504.20 0.871 0.117 0.306
1876 324 289 1 1 0 2504.20 0.871 0.117 0.306
1877 289 325 1 1 0 1999.06 0.660 0.111 0.249
1878 325 289 1 1 0 1999.06 0.660 0.111 0.249
1879 289 326 1 1 0 2504.20 0.871 0.114 0.304
1880 326 289 1 1 0 2504.20 0.871 0.114 0.304
1881 290 325 1 1 0 2504.20 0.871 0.126 0.313
1882 325 290 1 1 0 2504.20 0.871 0.126 0.313
1883 290 326 1 1 0 1999.06 0.660 0.129 0.262
1884 326 290 1 1 0 1999.06 0.660 0.129 0.262
1885 290 327 1 1 0 2504.20 0.871 0.129 0.315
1886 327 290 1 1 0 2504.20 0.871 0.129 0.315
1887 305 306 1 1 0 1508.44 0.456 0.045 0.148
1888 306 305 1 1 0 1508.44 0.456 0.045 0.148
1889 305 340 1 1 0 1999.06 0.660 0.042 0.197
1890 340 305 1 1 0 1999.06 0.660 0.042 0.197
1891 305 341 1 1 0 2504.45 0.871 0.042 0.249
1892 341 305 1 1 0 2504.45 0.871 0.042 0.249
1893 306 307 1 1 0 1508.44 0.456 0.048 0.150
1894 307 306 1 1 0 1508.44 0.456 0.048 0.150
1895 306 340 1 1 0 2504.45 0.871 0.045 0.252
1896 340 306 1 1 0 2504.45 0.871 0.045 0.252
1897 306 341 1 1 0 1999.06 0.660 0.045 0.199
1898 341 306 1 1 0 1999.06 0.660 0.045 0.199
1899 306 342 1 1 0 2504.45 0.871 0.054 0.258
1900 342 306 1 1 0 2504.45 0.871 0.054 0.258
1901 307 308 1 1 0 1508.44 0.456 0.045 0.148
1902 308 307 1 1 0 1508.44 0.456 0.045 0.148
1903 307 341 1 1 0 2504.45 0.871 0.045 0.252
1904 341 307 1 1 0 2504.45 0.871 0.045 0.252
1905 307 342 1 1 0 1999.06 0.660 0.054 0.206
1906 342 307 1 1 0 1999.06 0.660 0.054 0.206
1907 307 343 1 1 0 2504.45 0.871 0.057 0.261
1908 343 307 1 1 0 2504.45 0.871 0.057 0.261
1909 308 309 1 1 0 1508.44 0.456 0.048 0.150
1910 309 308 1 1 0 1508.44 0.456 0.048 0.150
1911 308 342 1 1 0 2504.45 0.871 0.051 0.256
1912 342 308 1 1 0 2504.45 0.871 0.051 0.256
1913 308 343 1 1 0 1999.06 0.660 0.054 0.206
1914 343 308 1 1 0 1999.06 0.660 0.054 0.206
1915 308 344 1 1 0 2504.45 0.871 0.051 0.256
1916 344 308 1 1 0 2504.45 0.871 0.051 0.256
1917 309 310 1 1 0 1508.44 0.456 0.060 0.159
1918 310 309 1 1 0 1508.44 0.456 0.060 0.159
1919 309 343 1 1 0 2504.45 0.871 0.060 0.263
1920 343 309 1 1 0 2504.45 0.871 0.060 0.263
1921 309 344 1 1 0 1999.06 0.660 0.057 0.208
1922 344 309 1 1 0 1999.06 0.660 0.057 0.208
1923 309 345 1 1 0 2504.45 0.871 0.063 0.265
1924 345 309 1 1 0 2504.45 0.871 0.063 0.265
1925 310 311 1 1 0 1508.44 0.456 0.063 0.161
1926 311 310 1 1 0 1508.44 0.456 0.063 0.161
1927 310 344 1 1 0 2504.45 0.871 0.063 0.265
1928 344 310 1 1 0 2504.45 0.871 0.063 0.265
1929 310 345 1 1 0 1999.06 0.660 0.069 0.217
1930 345 310 1 1 0 1999.06 0.660 0.069 0.217
1931 310 346 1 1 0 2504.45 0.871 0.042 0.249
1932 346 310 1 1 0 2504.45 0.871 0.042 0.249
1933 311 312 1 1 0 1508.44 0.456 0.036 0.141
1934 312 311 1 1 0 1508.44 0.456 0.036 0.141
1935 311 345 1 1 0 2504.45 0.871 0.066 0.267
1936 345 311 1 1 0 2504.45 0.871 0.066 0.267
1937 311 346 1 1 0 1999.06 0.660 0.039 0.194
1938 346 311 1 1 0 1999.06 0.660 0.039 0.194
1939 311 347 1 1 0 2504.45 0.871 0.042 0.249
1940 347 311 1 1 0 2504.45 0.871 0.042 0.249
1941 312 346 1 1 0 2504.45 0.871 0.015 0.229
1942 346 312 1 1 0 2504.45 0.871 0.015 0.229
1943 312 347 1 1 0 1999.06 0.660 0.018 0.179
1944 347 312 1 1 0 1999.06 0.660 0.018 0.179
1945 312 348 1 1 0 2504.45 0.871 0.018 0.231
1946 348 312 1 1 0 2504.45 0.871 0.018 0.231
1947 315 316 1 1 0 1508.44 0.456 0.021 0.130
1948 316 315 1 1 0 1508.44 0.456 0.021 0.130
1949 315 349 1 1 0 2504.45 0.871 0.024 0.236
1950 349 315 1 1 0 2504.45 0.871 0.024 0.236
1951 315 351 1 1 0 2504.45 0.871 0.018 0.231
1952 351 315 1 1 0 2504.45 0.871 0.018 0.231
1953 316 317 1 1 0 1508.44 0.456 0.015 0.125
1954 317 316 1 1 0 1508.44 0.456 0.015 0.125
1955 316 351 1 1 0 1999.06 0.660 0.015 0.176
1956 351 316 1 1 0 1999.06 0.660 0.015 0.176
1957 316 352 1 1 0 2504.45 0.871 0.021 0.234
1958 352 316 1 1 0 2504.45 0.871 0.021 0.234
1959 317 318 1 1 0 1508.44 0.456 0.012 0.123
1960 318 317 1 1 0 1508.44 0.456 0.012 0.123
1961 317 351 1 1 0 2504.45 0.871 0.012 0.227
1962 351 317 1 1 0 2504.45 0.871 0.012 0.227
1963 317 352 1 1 0 1999.06 0.660 0.018 0.179
1964 352 317 1 1 0 1999.06 0.660 0.018 0.179
1965 317 353 1 1 0 2504.45 0.871 0.015 0.229
1966 353 317 1 1 0 2504.45 0.871 0.015 0.229
1967 318 319 1 1 0 1508.44 0.456 0.015 0.125
1968 319 318 1 1 0 1508.44 0.456 0.015 0.125
1969 318 352 1 1 0 2504.45 0.871 0.018 0.231
1970 352 318 1 1 0 2504.45 0.871 0.018 0.231
1971 319 353 1 1 0 2504.45 0.871 0.018 0.231
1972 353 319 1 1 0 2504.45 0.871 0.018 0.231
1973 320 321 1 1 0 1508.44 0.456 0.018 0.127
1974 321 320 1 1 0 1508.44 0.456 0.018 0.127
1975 320 354 1 1 0 1999.06 0.660 0.018 0.179
1976 354 320 1 1 0 1999.06 0.660 0.018 0.179
1977 320 355 1 1 0 2504.45 0.871 0.015 0.229
1978 355 320 1 1 0 2504.45 0.871 0.015 0.229
1979 321 322 1 1 0 1508.44 0.456 0.018 0.127
1980 322 321 1 1 0 1508.44 0.456 0.018 0.127
1981 321 354 1 1 0 2504.45 0.871 0.024 0.236
1982 354 321 1 1 0 2504.45 0.871 0.024 0.236
1983 321 355 1 1 0 1999.06 0.660 0.021 0.181
1984 355 321 1 1 0 1999.06 0.660 0.021 0.181
1985 321 356 1 1 0 2504.45 0.871 0.018 0.231
1986 356 321 1 1 0 2504.45 0.871 0.018 0.231
1987 322 323 1 1 0 1508.44 0.456 0.072 0.168
1988 323 322 1 1 0 1508.44 0.456 0.072 0.168
1989 322 355 1 1 0 2504.45 0.871 0.015 0.229
1990 355 322 1 1 0 2504.45 0.871 0.015 0.229
1991 322 356 1 1 0 1999.06 0.660 0.012 0.174
1992 356 322 1 1 0 1999.06 0.660 0.012 0.174
1993 322 357 1 1 0 2504.45 0.871 0.066 0.267
1994 357 322 1 1 0 2504.45 0.871 0.066 0.267
1995 323 324 1 1 0 1508.44 0.456 0.135 0.216
1996 324 323 1 1 0 1508.44 0.456 0.135 0.216
1997 323 357 1 1 0 1999.06 0.660 0.126 0.260
1998 357 323 1 1 0 1999.06 0.660 0.126 0.260
1999 323 358 1 1 0 2504.45 0.871 0.132 0.317
2000 358 323 1 1 0 2504.45 0.871 0.132 0.317
2001 324 325 1 1 0 1508.44 0.456 0.132 0.213
2002 325 324 1 1 0 1508.44 0.456 0.132 0.213
2003 324 357 1 1 0 2504.45 0.871 0.129 0.315
2004 357 324 1 1 0 2504.45 0.871 0.129 0.315
2005 324 358 1 1 0 1999.06 0.660 0.135 0.267
2006 358 324 1 1 0 1999.06 0.660 0.135 0.267
2007 324 359 1 1 0 2504.45 0.871 0.120 0.308
2008 359 324 1 1 0 2504.45 0.871 0.120 0.308
2009 325 326 1 1 0 1508.44 0.456 0.129 0.211
2010 326 325 1 1 0 1508.44 0.456 0.129 0.211
2011 325 358 1 1 0 2504.45 0.871 0.129 0.315
2012 358 325 1 1 0 2504.45 0.871 0.129 0.315
2013 325 359 1 1 0 1999.06 0.660 0.114 0.251
2014 359 325 1 1 0 1999.06 0.660 0.114 0.251
2015 326 327 1 1 0 1508.44 0.456 0.132 0.213
2016 327 326 1 1 0 1508.44 0.456 0.132 0.213
2017 326 360 1 1 0 1999.06 0.660 0.117 0.253
2018 360 326 1 1 0 1999.06 0.660 0.117 0.253
2019 326 361 1 1 0 2504.45 0.871 0.132 0.317
2020 361 326 1 1 0 2504.45 0.871 0.132 0.317
2021 327 328 1 1 0 1508.44 0.456 0.132 0.213
2022 328 327 1 1 0 1508.44 0.456 0.132 0.213
2023 327 360 1 1 0 2504.45 0.871 0.117 0.306
2024 360 327 1 1 0 2504.45 0.871 0.117 0.306
2025 327 361 1 1 0 1999.06 0.660 0.132 0.264
2026 361 327 1 1 0 1999.06 0.660 0.132 0.264
2027 327 362 1 1 0 2504.45 0.871 0.150 0.331
2028 362 327 1 1 0 2504.45 0.871 0.150 0.331
2029 328 361 1 1 0 2504.45 0.871 0.132 0.317
2030 361 328 1 1 0 2504.45 0.871 0.132 0.317
2031 328 362 1 1 0 1999.06 0.660 0.150 0.278
2032 362 328 1 1 0 1999.06 0.660 0.150 0.278
2033 328 363 1 1 0 2504.45 0.871 0.157 0.335
2034 363 328 1 1 0 2504.45 0.871 0.157 0.335
2035 329 330 1 1 0 1508.86 0.456 0.036 0.141
2036 330 329 1 1 0 1508.86 0.456 0.036 0.141
2037 330 331 1 1 0 1508.86 0.456 0.051 0.152
2038 331 330 1 1 0 1508.86 0.456 0.051 0.152
2039 330 365 1 1 0 2504.69 0.871 0.045 0.252
2040 365 330 1 1 0 2504.69 0.871 0.045 0.252
2041 331 332 1 1 0 1508.86 0.456 0.051 0.152
2042 332 331 1 1 0 1508.86 0.456 0.051 0.152
2043 331 365 1 1 0 1999.05 0.660 0.060 0.210
2044 365 331 1 1 0 1999.05 0.660 0.060 0.210
2045 331 366 1 1 0 2504.69 0.871 0.054 0.258
2046 366 331 1 1 0 2504.69 0.871 0.054 0.258
2047 332 365 1 1 0 2504.69 0.871 0.045 0.252
2048 365 332 1 1 0 2504.69 0.871 0.045 0.252
2049 332 366 1 1 0 1999.05 0.660 0.039 0.194
2050 366 332 1 1 0 1999.05 0.660 0.039 0.194
2051 340 341 1 1 0 1508.86 0.456 0.042 0.146
2052 341 340 1 1 0 1508.86 0.456 0.042 0.146
2053 340 373 1 1 0 2504.69 0.871 0.039 0.247
2054 373 340 1 1 0 2504.69 0.871 0.039 0.247
2055 340 375 1 1 0 2504.69 0.871 0.042 0.249
2056 375 340 1 1 0 2504.69 0.871 0.042 0.249
2057 341 342 1 1 0 1508.86 0.456 0.051 0.152
2058 342 341 1 1 0 1508.86 0.456 0.051 0.152
2059 341 375 1 1 0 1999.05 0.660 0.042 0.197
2060 375 341 1 1 0 1999.05 0.660 0.042 0.197
2061 341 376 1 1 0 2504.69 0.871 0.042 0.249
2062 376 341 1 1 0 2504.69 0.871 0.042 0.249
2063 342 343 1 1 0 1508.86 0.456 0.063 0.161
2064 343 342 1 1 0 1508.86 0.456 0.063 0.161
2065 342 375 1 1 0 2504.69 0.871 0.051 0.256
2066 375 342 1 1 0 2504.69 0.871 0.051 0.256
2067 342 376 1 1 0 1999.05 0.660 0.051 0.203
2068 376 342 1 1 0 1999.05 0.660 0.051 0.203
2069 342 377 1 1 0 2504.69 0.871 0.057 0.261
2070 377 342 1 1 0 2504.69 0.871 0.057 0.261
2071 343 344 1 1 0 1508.86 0.456 0.063 0.161
2072 344 343 1 1 0 1508.86 0.456 0.063 0.161
2073 343 376 1 1 0 2504.69 0.871 0.054 0.258
2074 376 343 1 1 0 2504.69 0.871 0.054 0.258
2075 343 377 1 1 0 1999.05 0.660 0.060 0.210
2076 377 343 1 1 0 1999.05 0.660 0.060 0.210
2077 343 378 1 1 0 2504.69 0.871 0.054 0.258
2078 378 343 1 1 0 2504.69 0.871 0.054 0.258
2079 344 345 1 1 0 1508.86 0.456 0.066 0.164
2080 345 344 1 1 0 1508.86 0.456 0.066 0.164
2081 344 377 1 1 0 2504.69 0.871 0.057 0.261
2082 377 344 1 1 0 2504.69 0.871 0.057 0.261
2083 344 378 1 1 0 1999.05 0.660 0.051 0.203
2084 378 344 1 1 0 1999.05 0.660 0.051 0.203
2085 344 379 1 1 0 2504.69 0.871 0.060 0.263
2086 379 344 1 1 0 2504.69 0.871 0.060 0.263
2087 345 346 1 1 0 1508.86 0.456 0.045 0.148
2088 346 345 1 1 0 1508.86 0.456 0.045 0.148
2089 345 378 1 1 0 2504.69 0.871 0.057 0.261
2090 378 345 1 1 0 2504.69 0.871 0.057 0.261
2091 345 379 1 1 0 1999.05 0.660 0.066 0.215
2092 379 345 1 1 0 1999.05 0.660 0.066 0.215
2093 345 380 1 1 0 2504.69 0.871 0.045 0.252
2094 380 345 1 1 0 2504.69 0.871 0.045 0.252
2095 346 347 1 1 0 1508.86 0.456 0.021 0.130
2096 347 346 1 1 0 1508.86 0.456 0.021 0.130
2097 346 379 1 1 0 2504.69 0.871 0.039 0.247
2098 379 346 1 1 0 2504.69 0.871 0.039 0.247
2099 346 380 1 1 0 1999.05 0.660 0.018 0.179
2100 380 346 1 1 0 1999.05 0.660 0.018 0.179
2101 346 381 1 1 0 2504.69 0.871 0.021 0.234
2102 381 346 1 1 0 2504.69 0.871 0.021 0.234
2103 347 348 1 1 0 1508.86 0.456 0.024 0.132
2104 348 347 1 1 0 1508.86 0.456 0.024 0.132
2105 347 380 1 1 0 2504.69 0.871 0.021 0.234
2106 380 347 1 1 0 2504.69 0.871 0.021 0.234
2107 347 381 1 1 0 1999.05 0.660 0.024 0.183
2108 381 347 1 1 0 1999.05 0.660 0.024 0.183
2109 347 382 1 1 0 2504.69 0.871 0.021 0.234
2110 382 347 1 1 0 2504.69 0.871 0.021 0.234
2111 348 349 1 1 0 1508.86 0.456 0.024 0.132
2112 349 348 1 1 0 1508.86 0.456 0.024 0.132
2113 348 381 1 1 0 2504.69 0.871 0.024 0.236
2114 381 348 1 1 0 2504.69 0.871 0.024 0.236
2115 348 382 1 1 0 1999.05 0.660 0.021 0.181
2116 382 348 1 1 0 1999.05 0.660 0.021 0.181
2117 348 383 1 1 0 2504.69 0.871 0.024 0.236
2118 383 348 1 1 0 2504.69 0.871 0.024 0.236
2119 349 382 1 1 0 2504.69 0.871 0.021 0.234
2120 382 349 1 1 0 2504.69 0.871 0.021 0.234
2121 349 383 1 1 0 1999.05 0.660 0.024 0.183
2122 383 349 1 1 0 1999.05 0.660 0.024 0.183
2123 349 384 1 1 0 2504.69 0.871 0.021 0.234
2124 384 349 1 1 0 2504.69 0.871 0.021 0.234
2125 351 352 1 1 0 1508.86 0.456 0.018 0.128
2126 352 351 1 1 0 1508.86 0.456 0.018 0.128
2127 351 384 1 1 0 2504.69 0.871 0.015 0.229
2128 384 351 1 1 0 2504.69 0.871 0.015 0.229
2129 351 385 1 1 0 1999.05 0.660 0.015 0.176
2130 385 351 1 1 0 1999.05 0.660 0.015 0.176
2131 351 386 1 1 0 2504.69 0.871 0.015 0.229
2132 386 351 1 1 0 2504.69 0.871 0.015 0.229
2133 352 353 1 1 0 1508.86 0.456 0.021 0.130
2134 353 352 1 1 0 1508.86 0.456 0.021 0.130
2135 352 385 1 1 0 2504.69 0.871 0.021 0.234
2136 385 352 1 1 0 2504.69 0.871 0.021 0.234
2137 352 386 1 1 0 1999.05 0.660 0.021 0.181
2138 386 352 1 1 0 1999.05 0.660 0.021 0.181
2139 352 387 1 1 0 2504.69 0.871 0.021 0.234
2140 387 352 1 1 0 2504.69 0.871 0.021 0.234
2141 353 386 1 1 0 2504.69 0.871 0.018 0.231
2142 386 353 1 1 0 2504.69 0.871 0.018 0.231
2143 353 387 1 1 0 1999.05 0.660 0.018 0.179
2144 387 353 1 1 0 1999.05 0.660 0.018 0.179
2145 354 355 1 1 0 1508.86 0.456 0.021 0.130
2146 355 354 1 1 0 1508.86 0.456 0.021 0.130
2147 354 389 1 1 0 1999.05 0.660 0.018 0.179
2148 389 354 1 1 0 1999.05 0.660 0.018 0.179
2149 354 390 1 1 0 2504.69 0.871 0.021 0.234
2150 390 354 1 1 0 2504.69 0.871 0.021 0.234
2151 355 356 1 1 0 1508.86 0.456 0.015 0.125
2152 356 355 1 1 0 1508.86 0.456 0.015 0.125
2153 355 389 1 1 0 2504.69 0.871 0.015 0.229
2154 389 355 1 1 0 2504.69 0.871 0.015 0.229
2155 355 390 1 1 0 1999.05 0.660 0.018 0.179
2156 390 355 1 1 0 1999.05 0.660 0.018 0.179
2157 355 391 1 1 0 2504.69 0.871 0.018 0.231
2158 391 355 1 1 0 2504.69 0.871 0.018 0.231
2159 356 390 1 1 0 2504.69 0.871 0.015 0.229
2160 390 356 1 1 0 2504.69 0.871 0.015 0.229
2161 356 391 1 1 0 1999.05 0.660 0.015 0.176
2162 391 356 1 1 0 1999.05 0.660 0.015 0.176
2163 356 392 1 1 0 2504.69 0.871 0.018 0.231
2164 392 356 1 1 0 2504.69 0.871 0.018 0.231
2165 357 358 1 1 0 1508.86 0.456 0.126 0.209
2166 358 357 1 1 0 1508.86 0.456 0.126 0.209
2167 357 391 1 1 0 2504.69 0.871 0.069 0.270
2168 391 357 1 1 0 2504.69 0.871 0.069 0.270
2169 357 392 1 1 0 1999.05 0.660 0.072 0.219
2170 392 357 1 1 0 1999.05 0.660 0.072 0.219
2171 357 393 1 1 0 2504.69 0.871 0.150 0.331
2172 393 357 1 1 0 2504.69 0.871 0.150 0.331
2173 358 359 1 1 0 1508.86 0.456 0.117 0.202
2174 359 358 1 1 0 1508.86 0.456 0.117 0.202
2175 358 392 1 1 0 2504.69 0.871 0.078 0.276
2176 392 358 1 1 0 2504.69 0.871 0.078 0.276
2177 358 393 1 1 0 1999.05 0.660 0.157 0.282
2178 393 358 1 1 0 1999.05 0.660 0.157 0.282
2179 358 394 1 1 0 2504.69 0.871 0.138 0.322
2180 394 358 1 1 0 2504.69 0.871 0.138 0.322
2181 359 360 1 1 0 1508.86 0.456 0.102 0.191
2182 360 359 1 1 0 1508.86 0.456 0.102 0.191
2183 359 393 1 1 0 2504.69 0.871 0.141 0.324
2184 393 359 1 1 0 2504.69 0.871 0.141 0.324
2185 359 394 1 1 0 1999.05 0.660 0.123 0.258
2186 394 359 1 1 0 1999.05 0.660 0.123 0.258
2187 360 361 1 1 0 1508.86 0.456 0.117 0.202
2188 361 360 1 1 0 1508.86 0.456 0.117 0.202
2189 360 394 1 1 0 2504.69 0.871 0.123 0.310
2190 394 360 1 1 0 2504.69 0.871 0.123 0.310
2191 360 395 1 1 0 2504.69 0.871 0.147 0.328
2192 395 360 1 1 0 2504.69 0.871 0.147 0.328
2193 361 362 1 1 0 1508.86 0.456 0.150 0.227
2194 362 361 1 1 0 1508.86 0.456 0.150 0.227
2195 361 395 1 1 0 1999.05 0.660 0.163 0.287
2196 395 361 1 1 0 1999.05 0.660 0.163 0.287
2197 361 396 1 1 0 2504.69 0.871 0.141 0.324
2198 396 361 1 1 0 2504.69 0.871 0.141 0.324
2199 362 363 1 1 0 1508.86 0.456 0.175 0.245
2200 363 362 1 1 0 1508.86 0.456 0.175 0.245
2201 362 395 1 1 0 2504.69 0.871 0.181 0.353
2202 395 362 1 1 0 2504.69 0.871 0.181 0.353
2203 362 396 1 1 0 1999.05 0.660 0.160 0.285
2204 396 362 1 1 0 1999.05 0.660 0.160 0.285
2205 362 397 1 1 0 2504.69 0.871 0.169 0.344
2206 397 362 1 1 0 2504.69 0.871 0.169 0.344
2207 363 364 1 1 0 1508.86 0.456 0.181 0.249
2208 364 363 1 1 0 1508.86 0.456 0.181 0.249
2209 363 396 1 1 0 2504.69 0.871 0.166 0.342
2210 396 363 1 1 0 2504.69 0.871 0.166 0.342
2211 363 397 1 1 0 1999.05 0.660 0.175 0.296
2212 397 363 1 1 0 1999.05 0.660 0.175 0.296
2213 363 398 1 1 0 2504.69 0.871 0.150 0.331
2214 398 363 1 1 0 2504.69 0.871 0.150 0.331
2215 364 397 1 1 0 2504.69 0.871 0.175 0.349
2216 397 364 1 1 0 2504.69 0.871 0.175 0.349
2217 364 398 1 1 0 1999.05 0.660 0.150 0.278
2218 398 364 1 1 0 1999.05 0.660 0.150 0.278
2219 364 399 1 1 0 2504.69 0.871 0.141 0.324
2220 399 364 1 1 0 2504.69 0.871 0.141 0.324
2221 365 366 1 1 0 1509.27 0.456 0.048 0.150
2222 366 365 1 1 0 1509.27 0.456 0.048 0.150
2223 368 403 1 1 0 2504.94 0.871 0.066 0.267
2224 403 368 1 1 0 2504.94 0.871 0.066 0.267
2225 370 371 1 1 0 1509.27 0.456 0.048 0.150
2226 371 370 1 1 0 1509.27 0.456 0.048 0.150
2227 370 403 1 1 0 2504.94 0.871 0.057 0.261
2228 403 370 1 1 0 2504.94 0.871 0.057 0.261
2229 370 404 1 1 0 1999.05 0.660 0.048 0.201
2230 404 370 1 1 0 1999.05 0.660 0.048 0.201
2231 370 405 1 1 0 2504.94 0.871 0.051 0.256
2232 405 370 1 1 0 2504.94 0.871 0.051 0.256
2233 371 372 1 1 0 1509.27 0.456 0.057 0.157
2234 372 371 1 1 0 1509.27 0.456 0.057 0.157
2235 371 404 1 1 0 2504.94 0.871 0.048 0.254
2236 404 371 1 1 0 2504.94 0.871 0.048 0.254
2237 371 405 1 1 0 1999.05 0.660 0.051 0.203
2238 405 371 1 1 0 1999.05 0.660 0.051 0.203
2239 371 406 1 1 0 2504.94 0.871 0.051 0.256
2240 406 371 1 1 0 2504.94 0.871 0.051 0.256
2241 372 373 1 1 0 1509.27 0.456 0.051 0.152
2242 373 372 1 1 0 1509.27 0.456 0.051 0.152
2243 372 405 1 1 0 2504.94 0.871 0.060 0.263
2244 405 372 1 1 0 2504.94 0.871 0.060 0.263
2245 372 406 1 1 0 1999.05 0.660 0.060 0.210
2246 406 372 1 1 0 1999.05 0.660 0.060 0.210
2247 372 407 1 1 0 2504.94 0.871 0.063 0.265
2248 407 372 1 1 0 2504.94 0.871 0.063 0.265
2249 373 406 1 1 0 2504.94 0.871 0.045 0.252
2250 406 373 1 1 0 2504.94 0.871 0.045 0.252
2251 373 407 1 1 0 1999.05 0.660 0.048 0.201
2252 407 373 1 1 0 1999.05 0.660 0.048 0.201
2253 373 408 1 1 0 2504.94 0.871 0.039 0.247
2254 408 373 1 1 0 2504.94 0.871 0.039 0.247
2255 375 376 1 1 0 1509.27 0.456 0.042 0.146
2256 376 375 1 1 0 1509.27 0.456 0.042 0.146
2257 375 408 1 1 0 2504.94 0.871 0.042 0.249
2258 408 375 1 1 0 2504.94 0.871 0.042 0.249
2259 375 409 1 1 0 1999.05 0.660 0.048 0.201
2260 409 375 1 1 0 1999.05 0.660 0.048 0.201
2261 375 410 1 1 0 2504.94 0.871 0.045 0.252
2262 410 375 1 1 0 2504.94 0.871 0.045 0.252
2263 376 377 1 1 0 1509.27 0.456 0.048 0.150
2264 377 376 1 1 0 1509.27 0.456 0.048 0.150
2265 376 409 1 1 0 2504.94 0.871 0.048 0.254
2266 409 376 1 1 0 2504.94 0.871 0.048 0.254
2267 376 410 1 1 0 1999.05 0.660 0.045 0.199
2268 410 376 1 1 0 1999.05 0.660 0.045 0.199
2269 376 411 1 1 0 2504.94 0.871 0.045 0.252
2270 411 376 1 1 0 2504.94 0.871 0.045 0.252
2271 377 378 1 1 0 1509.27 0.456 0.048 0.150
2272 378 377 1 1 0 1509.27 0.456 0.048 0.150
2273 377 410 1 1 0 2504.94 0.871 0.051 0.256
2274 410 377 1 1 0 2504.94 0.871 0.051 0.256
2275 377 411 1 1 0 1999.05 0.660 0.051 0.203
2276 411 377 1 1 0 1999.05 0.660 0.051 0.203
2277 377 412 1 1 0 2504.94 0.871 0.045 0.252
2278 412 377 1 1 0 2504.94 0.871 0.045 0.252
2279 378 379 1 1 0 1509.27 0.456 0.051 0.152
2280 379 378 1 1 0 1509.27 0.456 0.051 0.152
2281 378 411 1 1 0 2504.94 0.871 0.045 0.252
2282 411 378 1 1 0 2504.94 0.871 0.045 0.252
2283 378 412 1 1 0 1999.05 0.660 0.039 0.194
2284 412 378 1 1 0 1999.05 0.660 0.039 0.194
2285 378 413 1 1 0 2504.94 0.871 0.045 0.252
2286 413 378 1 1 0 2504.94 0.871 0.045 0.252
2287 379 380 1 1 0 1509.27 0.456 0.039 0.143
2288 380 379 1 1 0 1509.27 0.456 0.039 0.143
2289 379 412 1 1 0 2504.94 0.871 0.048 0.254
2290 412 379 1 1 0 2504.94 0.871 0.048 0.254
2291 379 413 1 1 0 1999.05 0.660 0.054 0.206
2292 413 379 1 1 0 1999.05 0.660 0.054 0.206
2293 379 414 1 1 0 2504.94 0.871 0.036 0.245
2294 414 379 1 1 0 2504.94 0.871 0.036 0.245
2295 380 381 1 1 0 1509.27 0.456 0.021 0.130
2296 381 380 1 1 0 1509.27 0.456 0.021 0.130
2297 380 413 1 1 0 2504.94 0.871 0.033 0.243
2298 413 380 1 1 0 2504.94 0.871 0.033 0.243
2299 380 414 1 1 0 1999.05 0.660 0.015 0.176
2300 414 380 1 1 0 1999.05 0.660 0.015 0.176
2301 380 415 1 1 0 2504.94 0.871 0.030 0.240
2302 415 380 1 1 0 2504.94 0.871 0.030 0.240
2303 381 382 1 1 0 1509.27 0.456 0.021 0.130
2304 382 381 1 1 0 1509.27 0.456 0.021 0.130
2305 381 414 1 1 0 2504.94 0.871 0.018 0.231
2306 414 381 1 1 0 2504.94 0.871 0.018 0.231
2307 381 415 1 1 0 1999.05 0.660 0.033 0.190
2308 415 381 1 1 0 1999.05 0.660 0.033 0.190
2309 381 416 1 1 0 2504.94 0.871 0.024 0.236
2310 416 381 1 1 0 2504.94 0.871 0.024 0.236
2311 382 383 1 1 0 1509.27 0.456 0.021 0.130
2312 383 382 1 1 0 1509.27 0.456 0.021 0.130
2313 382 415 1 1 0 2504.94 0.871 0.030 0.240
2314 415 382 1 1 0 2504.94 0.871 0.030 0.240
2315 382 416 1 1 0 1999.05 0.660 0.021 0.181
2316 416 382 1 1 0 1999.05 0.660 0.021 0.181
2317 382 417 1 1 0 2504.94 0.871 0.015 0.229
2318 417 382 1 1 0 2504.94 0.871 0.015 0.229
2319 383 384 1 1 0 1509.27 0.456 0.021 0.130
2320 384 383 1 1 0 1509.27 0.456 0.021 0.130
2321 383 416 1 1 0 2504.94 0.871 0.024 0.236
2322 416 383 1 1 0 2504.94 0.871 0.024 0.236
2323 383 417 1 1 0 1999.05 0.660 0.018 0.179
2324 417 383 1 1 0 1999.05 0.660 0.018 0.179
2325 383 418 1 1 0 2504.94 0.871 0.021 0.234
2326 418 383 1 1 0 2504.94 0.871 0.021 0.234
2327 384 385 1 1 0 1509.27 0.456 0.018 0.128
2328 385 384 1 1 0 1509.27 0.456 0.018 0.128
2329 384 417 1 1 0 2504.94 0.871 0.015 0.229
2330 417 384 1 1 0 2504.94 0.871 0.015 0.229
2331 384 418 1 1 0 1999.05 0.660 0.018 0.179
2332 418 384 1 1 0 1999.05 0.660 0.018 0.179
2333 384 419 1 1 0 2504.94 0.871 0.018 0.231
2334 419 384 1 1 0 2504.94 0.871 0.018 0.231
2335 385 386 1 1 0 1509.27 0.456 0.018 0.128
2336 386 385 1 1 0 1509.27 0.456 0.018 0.128
2337 385 418 1 1 0 2504.94 0.871 0.018 0.231
2338 418 385 1 1 0 2504.94 0.871 0.018 0.231
2339 385 419 1 1 0 1999.05 0.660 0.018 0.179
2340 419 385 1 1 0 1999.05 0.660 0.018 0.179
2341 385 420 1 1 0 2504.94 0.871 0.015 0.229
2342 420 385 1 1 0 2504.94 0.871 0.015 0.229
2343 386 387 1 1 0 1509.27 0.456 0.018 0.128
2344 387 386 1 1 0 1509.27 0.456 0.018 0.128
2345 386 419 1 1 0 2504.94 0.871 0.018 0.231
2346 419 386 1 1 0 2504.94 0.871 0.018 0.231
2347 386 420 1 1 0 1999.05 0.660 0.015 0.176
2348 420 386 1 1 0 1999.05 0.660 0.015 0.176
2349 386 421 1 1 0 2504.94 0.871 0.021 0.234
2350 421 386 1 1 0 2504.94 0.871 0.021 0.234
2351 387 388 1 1 0 1509.27 0.456 0.018 0.128
2352 388 387 1 1 0 1509.27 0.456 0.018 0.128
2353 387 420 1 1 0 2504.94 0.871 0.015 0.229
2354 420 387 1 1 0 2504.94 0.871 0.015 0.229
2355 387 421 1 1 0 1999.05 0.660 0.021 0.181
2356 421 387 1 1 0 1999.05 0.660 0.021 0.181
2357 387 422 1 1 0 2504.94 0.871 0.021 0.234
2358 422 387 1 1 0 2504.94 0.871 0.021 0.234
2359 388 389 1 1 0 1509.27 0.456 0.015 0.125
2360 389 388 1 1 0 1509.27 0.456 0.015 0.125
2361 388 421 1 1 0 2504.94 0.871 0.021 0.234
2362 421 388 1 1 0 2504.94 0.871 0.021 0.234
2363 388 422 1 1 0 1999.05 0.660 0.021 0.181
2364 422 388 1 1 0 1999.05 0.660 0.021 0.181
2365 388 423 1 1 0 2504.94 0.871 0.021 0.234
2366 423 388 1 1 0 2504.94 0.871 0.021 0.234
2367 389 390 1 1 0 1509.27 0.456 0.015 0.125
2368 390 389 1 1 0 1509.27 0.456 0.015 0.125
2369 389 422 1 1 0 2504.94 0.871 0.018 0.231
2370 422 389 1 1 0 2504.94 0.871 0.018 0.231
2371 389 423 1 1 0 1999.05 0.660 0.018 0.179
2372 423 389 1 1 0 1999.05 0.660 0.018 0.179
2373 389 424 1 1 0 2504.94 0.871 0.015 0.229
2374 424 389 1 1 0 2504.94 0.871 0.015 0.229
2375 390 391 1 1 0 1509.27 0.456 0.018 0.128
2376 391 390 1 1 0 1509.27 0.456 0.018 0.128
2377 390 423 1 1 0 2504.94 0.871 0.021 0.234
2378 423 390 1 1 0 2504.94 0.871 0.021 0.234
2379 390 424 1 1 0 1999.05 0.660 0.018 0.179
2380 424 390 1 1 0 1999.05 0.660 0.018 0.179
2381 390 425 1 1 0 2504.94 0.871 0.018 0.231
2382 425 390 1 1 0 2504.94 0.871 0.018 0.231
2383 391 392 1 1 0 1509.27 0.456 0.021 0.130
2384 392 391 1 1 0 1509.27 0.456 0.021 0.130
2385 391 424 1 1 0 2504.94 0.871 0.018 0.231
2386 424 391 1 1 0 2504.94 0.871 0.018 0.231
2387 391 425 1 1 0 1999.05 0.660 0.018 0.179
2388 425 391 1 1 0 1999.05 0.660 0.018 0.179
2389 391 426 1 1 0 2504.94 0.871 0.018 0.231
2390 426 391 1 1 0 2504.94 0.871 0.018 0.231
2391 392 393 1 1 0 1509.27 0.456 0.102 0.191
2392 393 392 1 1 0 1509.27 0.456 0.102 0.191
2393 392 425 1 1 0 2504.94 0.871 0.021 0.234
2394 425 392 1 1 0 2504.94 0.871 0.021 0.234
2395 392 426 1 1 0 1999.05 0.660 0.021 0.181
2396 426 392 1 1 0 1999.05 0.660 0.021 0.181
2397 392 427 1 1 0 2504.94 0.871 0.072 0.272
2398 427 392 1 1 0 2504.94 0.871 0.072 0.272
2399 393 394 1 1 0 1509.27 0.456 0.163 0.236
2400 394 393 1 1 0 1509.27 0.456 0.163 0.236
2401 393 426 1 1 0 2504.94 0.871 0.099 0.292
2402 426 393 1 1 0 2504.94 0.871 0.099 0.292
2403 393 427 1 1 0 1999.05 0.660 0.150 0.278
2404 427 393 1 1 0 1999.05 0.660 0.150 0.278
2405 393 428 1 1 0 2504.94 0.871 0.178 0.351
2406 428 393 1 1 0 2504.94 0.871 0.178 0.351
2407 394 427 1 1 0 2504.94 0.871 0.132 0.317
2408 427 394 1 1 0 2504.94 0.871 0.132 0.317
2409 394 428 1 1 0 1999.05 0.660 0.160 0.285
2410 428 394 1 1 0 1999.05 0.660 0.160 0.285
2411 394 429 1 1 0 2504.94 0.871 0.123 0.310
2412 429 394 1 1 0 2504.94 0.871 0.123 0.310
2413 395 396 1 1 0 1509.27 0.456 0.172 0.243
2414 396 395 1 1 0 1509.27 0.456 0.172 0.243
2415 395 430 1 1 0 1999.05 0.660 0.190 0.307
2416 430 395 1 1 0 1999.05 0.660 0.190 0.307
2417 395 431 1 1 0 2504.94 0.871 0.160 0.337
2418 431 395 1 1 0 2504.94 0.871 0.160 0.337
2419 396 430 1 1 0 2504.94 0.871 0.169 0.344
2420 430 396 1 1 0 2504.94 0.871 0.169 0.344
2421 396 431 1 1 0 1999.05 0.660 0.138 0.269
2422 431 396 1 1 0 1999.05 0.660 0.138 0.269
2423 396 432 1 1 0 2504.94 0.871 0.160 0.337
2424 432 396 1 1 0 2504.94 0.871 0.160 0.337
2425 397 398 1 1 0 1509.27 0.456 0.144 0.222
2426 398 397 1 1 0 1509.27 0.456 0.144 0.222
2427 397 431 1 1 0 2504.94 0.871 0.147 0.328
2428 431 397 1 1 0 2504.94 0.871 0.147 0.328
2429 398 399 1 1 0 1509.27 0.456 0.111 0.198
2430 399 398 1 1 0 1509.27 0.456 0.111 0.198
2431 398 432 1 1 0 2504.94 0.871 0.144 0.326
2432 432 398 1 1 0 2504.94 0.871 0.144 0.326
2433 398 433 1 1 0 1999.05 0.660 0.150 0.278
2434 433 398 1 1 0 1999.05 0.660 0.150 0.278
2435 398 434 1 1 0 2504.94 0.871 0.160 0.337
2436 434 398 1 1 0 2504.94 0.871 0.160 0.337
2437 399 400 1 1 0 1509.27 0.456 0.135 0.216
2438 400 399 1 1 0 1509.27 0.456 0.135 0.216
2439 399 433 1 1 0 2504.94 0.871 0.141 0.324
2440 433 399 1 1 0 2504.94 0.871 0.141 0.324
2441 399 434 1 1 0 1999.05 0.660 0.150 0.278
2442 434 399 1 1 0 1999.05 0.660 0.150 0.278
2443 399 435 1 1 0 2504.94 0.871 0.108 0.299
2444 435 399 1 1 0 2504.94 0.871 0.108 0.299
2445 400 434 1 1 0 2504.94 0.871 0.184 0.356
2446 434 400 1 1 0 2504.94 0.871 0.184 0.356
2447 400 435 1 1 0 1999.05 0.660 0.141 0.271
2448 435 400 1 1 0 1999.05 0.660 0.141 0.271
2449 400 436 1 1 0 2504.94 0.871 0.135 0.319
2450 436 400 1 1 0 2504.94 0.871 0.135 0.319
2451 403 404 1 1 0 1509.69 0.456 0.057 0.157
2452 404 403 1 1 0 1509.69 0.456 0.057 0.157
2453 403 439 1 1 0 1999.04 0.660 0.051 0.203
2454 439 403 1 1 0 1999.04 0.660 0.051 0.203
2455 403 440 1 1 0 2505.18 0.871 0.066 0.268
2456 440 403 1 1 0 2505.18 0.871 0.066 0.268
2457 404 405 1 1 0 1509.69 0.456 0.051 0.152
2458 405 404 1 1 0 1509.69 0.456 0.051 0.152
2459 404 439 1 1 0 2505.18 0.871 0.042 0.249
2460 439 404 1 1 0 2505.18 0.871 0.042 0.249
2461 404 440 1 1 0 1999.04 0.660 0.057 0.208
2462 440 404 1 1 0 1999.04 0.660 0.057 0.208
2463 404 441 1 1 0 2505.18 0.871 0.054 0.258
2464 441 404 1 1 0 2505.18 0.871 0.054 0.258
2465 405 406 1 1 0 1509.69 0.456 0.054 0.155
2466 406 405 1 1 0 1509.69 0.456 0.054 0.155
2467 405 440 1 1 0 2505.18 0.871 0.060 0.263
2468 440 405 1 1 0 2505.18 0.871 0.060 0.263
2469 405 441 1 1 0 1999.04 0.660 0.057 0.208
2470 441 405 1 1 0 1999.04 0.660 0.057 0.208
2471 405 442 1 1 0 2505.18 0.871 0.057 0.261
2472 442 405 1 1 0 2505.18 0.871 0.057 0.261
2473 406 407 1 1 0 1509.69 0.456 0.057 0.157
2474 407 406 1 1 0 1509.69 0.456 0.057 0.157
2475 406 441 1 1 0 2505.18 0.871 0.057 0.261
2476 441 406 1 1 0 2505.18 0.871 0.057 0.261
2477 406 442 1 1 0 1999.04 0.660 0.057 0.208
2478 442 406 1 1 0 1999.04 0.660 0.057 0.208
2479 406 443 1 1 0 2505.18 0.871 0.048 0.254
2480 443 406 1 1 0 2505.18 0.871 0.048 0.254
2481 407 408 1 1 0 1509.69 0.456 0.051 0.152
2482 408 407 1 1 0 1509.69 0.456 0.051 0.152
2483 407 442 1 1 0 2505.18 0.871 0.060 0.263
2484 442 407 1 1 0 2505.18 0.871 0.060 0.263
2485 407 443 1 1 0 1999.04 0.660 0.051 0.203
2486 443 407 1 1 0 1999.04 0.660 0.051 0.203
2487 407 444 1 1 0 2505.18 0.871 0.051 0.256
2488 444 407 1 1 0 2505.18 0.871 0.051 0.256
2489 408 409 1 1 0 1509.69 0.456 0.048 0.150
2490 409 408 1 1 0 1509.69 0.456 0.048 0.150
2491 408 443 1 1 0 2505.18 0.871 0.042 0.249
2492 443 408 1 1 0 2505.18 0.871 0.042 0.249
2493 408 444 1 1 0 1999.04 0.660 0.042 0.197
2494 444 408 1 1 0 1999.04 0.660 0.042 0.197
2495 408 445 1 1 0 2505.18 0.871 0.048 0.254
2496 445 408 1 1 0 2505.18 0.871 0.048 0.254
2497 409 410 1 1 0 1509.69 0.456 0.051 0.152
2498 410 409 1 1 0 1509.69 0.456 0.051 0.152
2499 409 444 1 1 0 2505.18 0.871 0.048 0.254
2500 444 409 1 1 0 2505.18 0.871 0.048 0.254
2501 409 445 1 1 0 1999.04 0.660 0.054 0.206
2502 445 409 1 1 0 1999.04 0.660 0.054 0.206
2503 409 446 1 1 0 2505.18 0.871 0.060 0.263
2504 446 409 1 1 0 2505.18 0.871 0.060 0.263
2505 410 411 1 1 0 1509.69 0.456 0.048 0.150
2506 411 410 1 1 0 1509.69 0.456 0.048 0.150
2507 410 445 1 1 0 2505.18 0.871 0.051 0.256
2508 445 410 1 1 0 2505.18 0.871 0.051 0.256
2509 410 446 1 1 0 1999.04 0.660 0.057 0.208
2510 446 410 1 1 0 1999.04 0.660 0.057 0.208
2511 410 447 1 1 0 2505.18 0.871 0.060 0.263
2512 447 410 1 1 0 2505.18 0.871 0.060 0.263
2513 411 412 1 1 0 1509.69 0.456 0.042 0.146
2514 412 411 1 1 0 1509.69 0.456 0.042 0.146
2515 411 446 1 1 0 2505.18 0.871 0.057 0.261
2516 446 411 1 1 0 2505.18 0.871 0.057 0.261
2517 411 447 1 1 0 1999.04 0.660 0.060 0.210
2518 447 411 1 1 0 1999.04 0.660 0.060 0.210
2519 411 448 1 1 0 2505.18 0.871 0.054 0.258
2520 448 411 1 1 0 2505.18 0.871 0.054 0.258
2521 412 413 1 1 0 1509.69 0.456 0.042 0.146
2522 413 412 1 1 0 1509.69 0.456 0.042 0.146
2523 412 447 1 1 0 2505.18 0.871 0.054 0.258
2524 447 412 1 1 0 2505.18 0.871 0.054 0.258
2525 412 448 1 1 0 1999.04 0.660 0.048 0.201
2526 448 412 1 1 0 1999.04 0.660 0.048 0.201
2527 412 449 1 1 0 2505.18 0.871 0.042 0.249
2528 449 412 1 1 0 2505.18 0.871 0.042 0.249
2529 413 414 1 1 0 1509.69 0.456 0.030 0.137
2530 414 413 1 1 0 1509.69 0.456 0.030 0.137
2531 413 448 1 1 0 2505.18 0.871 0.054 0.258
2532 448 413 1 1 0 2505.18 0.871 0.054 0.258
2533 413 449 1 1 0 1999.04 0.660 0.048 0.201
2534 449 413 1 1 0 1999.04 0.660 0.048 0.201
2535 413 450 1 1 0 2505.18 0.871 0.051 0.256
2536 450 413 1 1 0 2505.18 0.871 0.051 0.256
2537 414 415 1 1 0 1509.69 0.456 0.027 0.134
2538 415 414 1 1 0 1509.69 0.456 0.027 0.134
2539 414 449 1 1 0 2505.18 0.871 0.030 0.240
2540 449 414 1 1 0 2505.18 0.871 0.030 0.240
2541 414 450 1 1 0 1999.04 0.660 0.033 0.190
2542 450 414 1 1 0 1999.04 0.660 0.033 0.190
2543 414 451 1 1 0 2505.18 0.871 0.027 0.238
2544 451 414 1 1 0 2505.18 0.871 0.027 0.238
2545 415 416 1 1 0 1509.69 0.456 0.033 0.139
2546 416 415 1 1 0 1509.69 0.456 0.033 0.139
2547 415 450 1 1 0 2505.18 0.871 0.048 0.254
2548 450 415 1 1 0 2505.18 0.871 0.048 0.254
2549 415 451 1 1 0 1999.04 0.660 0.042 0.197
2550 451 415 1 1 0 1999.04 0.660 0.042 0.197
2551 415 452 1 1 0 2505.18 0.871 0.030 0.240
2552 452 415 1 1 0 2505.18 0.871 0.030 0.240
2553 416 417 1 1 0 1509.69 0.456 0.018 0.128
2554 417 416 1 1 0 1509.69 0.456 0.018 0.128
2555 416 451 1 1 0 2505.18 0.871 0.033 0.243
2556 451 416 1 1 0 2505.18 0.871 0.033 0.243
2557 416 452 1 1 0 1999.04 0.660 0.021 0.181
2558 452 416 1 1 0 1999.04 0.660 0.021 0.181
2559 416 453 1 1 0 2505.18 0.871 0.024 0.236
2560 453 416 1 1 0 2505.18 0.871 0.024 0.236
2561 417 452 1 1 0 2505.18 0.871 0.015 0.229
2562 452 417 1 1 0 2505.18 0.871 0.015 0.229
2563 417 453 1 1 0 1999.04 0.660 0.018 0.179
2564 453 417 1 1 0 1999.04 0.660 0.018 0.179
2565 417 454 1 1 0 2505.18 0.871 0.012 0.227
2566 454 417 1 1 0 2505.18 0.871 0.012 0.227
2567 418 419 1 1 0 1509.69 0.456 0.018 0.128
2568 419 418 1 1 0 1509.69 0.456 0.018 0.128
2569 418 454 1 1 0 1999.04 0.660 0.015 0.176
2570 454 418 1 1 0 1999.04 0.660 0.015 0.176
2571 418 455 1 1 0 2505.18 0.871 0.021 0.234
2572 455 418 1 1 0 2505.18 0.871 0.021 0.234
2573 419 420 1 1 0 1509.69 0.456 0.015 0.125
2574 420 419 1 1 0 1509.69 0.456 0.015 0.125
2575 419 454 1 1 0 2505.18 0.871 0.015 0.229
2576 454 419 1 1 0 2505.18 0.871 0.015 0.229
2577 419 455 1 1 0 1999.04 0.660 0.021 0.181
2578 455 419 1 1 0 1999.04 0.660 0.021 0.181
2579 419 456 1 1 0 2505.18 0.871 0.015 0.229
2580 456 419 1 1 0 2505.18 0.871 0.015 0.229
2581 420 421 1 1 0 1509.69 0.456 0.018 0.128
2582 421 420 1 1 0 1509.69 0.456 0.018 0.128
2583 420 455 1 1 0 2505.18 0.871 0.018 0.231
2584 455 420 1 1 0 2505.18 0.871 0.018 0.231
2585 420 456 1 1 0 1999.04 0.660 0.012 0.174
2586 456 420 1 1 0 1999.04 0.660 0.012 0.174
2587 421 422 1 1 0 1509.69 0.456 0.024 0.132
2588 422 421 1 1 0 1509.69 0.456 0.024 0.132
2589 421 456 1 1 0 2505.18 0.871 0.018 0.231
2590 456 421 1 1 0 2505.18 0.871 0.018 0.231
2591 421 457 1 1 0 1999.04 0.660 0.018 0.179
2592 457 421 1 1 0 1999.04 0.660 0.018 0.179
2593 421 458 1 1 0 2505.18 0.871 0.018 0.231
2594 458 421 1 1 0 2505.18 0.871 0.018 0.231
2595 422 423 1 1 0 1509.69 0.456 0.024 0.132
2596 423 422 1 1 0 1509.69 0.456 0.024 0.132
2597 422 457 1 1 0 2505.18 0.871 0.018 0.231
2598 457 422 1 1 0 2505.18 0.871 0.018 0.231
2599 422 458 1 1 0 1999.04 0.660 0.018 0.179
2600 458 422 1 1 0 1999.04 0.660 0.018 0.179
2601 422 459 1 1 0 2505.18 0.871 0.018 0.231
2602 459 422 1 1 0 2505.18 0.871 0.018 0.231
2603 423 424 1 1 0 1509.69 0.456 0.021 0.130
2604 424 423 1 1 0 1509.69 0.456 0.021 0.130
2605 423 458 1 1 0 2505.18 0.871 0.018 0.231
2606 458 423 1 1 0 2505.18 0.871 0.018 0.231
2607 423 459 1 1 0 1999.04 0.660 0.018 0.179
2608 459 423 1 1 0 1999.04 0.660 0.018 0.179
2609 423 460 1 1 0 2505.18 0.871 0.024 0.236
2610 460 423 1 1 0 2505.18 0.871 0.024 0.236
2611 424 425 1 1 0 1509.69 0.456 0.018 0.128
2612 425 424 1 1 0 1509.69 0.456 0.018 0.128
2613 424 459 1 1 0 2505.18 0.871 0.015 0.229
2614 459 424 1 1 0 2505.18 0.871 0.015 0.229
2615 424 460 1 1 0 1999.04 0.660 0.021 0.181
2616 460 424 1 1 0 1999.04 0.660 0.021 0.181
2617 425 426 1 1 0 1509.69 0.456 0.018 0.128
2618 426 425 1 1 0 1509.69 0.456 0.018 0.128
2619 425 460 1 1 0 2505.18 0.871 0.021 0.234
2620 460 425 1 1 0 2505.18 0.871 0.021 0.234
2621 426 427 1 1 0 1509.69 0.456 0.069 0.166
2622 427 426 1 1 0 1509.69 0.456 0.069 0.166
2623 426 462 1 1 0 2505.18 0.871 0.084 0.281
2624 462 426 1 1 0 2505.18 0.871 0.084 0.281
2625 427 428 1 1 0 1509.69 0.456 0.147 0.225
2626 428 427 1 1 0 1509.69 0.456 0.147 0.225
2627 427 462 1 1 0 1999.04 0.660 0.135 0.267
2628 462 427 1 1 0 1999.04 0.660 0.135 0.267
2629 427 463 1 1 0 2505.18 0.871 0.150 0.331
2630 463 427 1 1 0 2505.18 0.871 0.150 0.331
2631 428 429 1 1 0 1509.69 0.456 0.138 0.218
2632 429 428 1 1 0 1509.69 0.456 0.138 0.218
2633 428 462 1 1 0 2505.18 0.871 0.163 0.340
2634 462 428 1 1 0 2505.18 0.871 0.163 0.340
2635 428 463 1 1 0 1999.04 0.660 0.178 0.298
2636 463 428 1 1 0 1999.04 0.660 0.178 0.298
2637 428 464 1 1 0 2505.18 0.871 0.169 0.344
2638 464 428 1 1 0 2505.18 0.871 0.169 0.344
2639 429 430 1 1 0 1509.69 0.456 0.144 0.222
2640 430 429 1 1 0 1509.69 0.456 0.144 0.222
2641 429 463 1 1 0 2505.18 0.871 0.141 0.324
2642 463 429 1 1 0 2505.18 0.871 0.141 0.324
2643 429 464 1 1 0 1999.04 0.660 0.132 0.264
2644 464 429 1 1 0 1999.04 0.660 0.132 0.264
2645 429 465 1 1 0 2505.18 0.871 0.138 0.322
2646 465 429 1 1 0 2505.18 0.871 0.138 0.322
2647 430 431 1 1 0 1509.69 0.456 0.157 0.231
2648 431 430 1 1 0 1509.69 0.456 0.157 0.231
2649 430 464 1 1 0 2505.18 0.871 0.175 0.349
2650 464 430 1 1 0 2505.18 0.871 0.175 0.349
2651 430 465 1 1 0 1999.04 0.660 0.181 0.301
2652 465 430 1 1 0 1999.04 0.660 0.181 0.301
2653 430 466 1 1 0 2505.18 0.871 0.166 0.342
2654 466 430 1 1 0 2505.18 0.871 0.166 0.342
2655 431 432 1 1 0 1509.69 0.456 0.147 0.225
2656 432 431 1 1 0 1509.69 0.456 0.147 0.225
2657 431 465 1 1 0 2505.18 0.871 0.150 0.331
2658 465 431 1 1 0 2505.18 0.871 0.150 0.331
2659 431 466 1 1 0 1999.04 0.660 0.135 0.267
2660 466 431 1 1 0 1999.04 0.660 0.135 0.267
2661 431 467 1 1 0 2505.18 0.871 0.126 0.313
2662 467 431 1 1 0 2505.18 0.871 0.126 0.313
2663 432 433 1 1 0 1509.69 0.456 0.175 0.245
2664 433 432 1 1 0 1509.69 0.456 0.175 0.245
2665 432 466 1 1 0 2505.18 0.871 0.157 0.335
2666 466 432 1 1 0 2505.18 0.871 0.157 0.335
2667 432 467 1 1 0 1999.04 0.660 0.147 0.276
2668 467 432 1 1 0 1999.04 0.660 0.147 0.276
2669 433 434 1 1 0 1509.69 0.456 0.190 0.256
2670 434 433 1 1 0 1509.69 0.456 0.190 0.256
2671 433 467 1 1 0 2505.18 0.871 0.154 0.333
2672 467 433 1 1 0 2505.18 0.871 0.154 0.333
2673 433 468 1 1 0 1999.04 0.660 0.150 0.278
2674 468 433 1 1 0 1999.04 0.660 0.150 0.278
2675 433 469 1 1 0 2505.18 0.871 0.172 0.347
2676 469 433 1 1 0 2505.18 0.871 0.172 0.347
2677 434 435 1 1 0 1509.69 0.456 0.157 0.231
2678 435 434 1 1 0 1509.69 0.456 0.157 0.231
2679 434 468 1 1 0 2505.18 0.871 0.160 0.337
2680 468 434 1 1 0 2505.18 0.871 0.160 0.337
2681 434 469 1 1 0 1999.04 0.660 0.181 0.301
2682 469 434 1 1 0 1999.04 0.660 0.181 0.301
2683 434 470 1 1 0 2505.18 0.871 0.172 0.347
2684 470 434 1 1 0 2505.18 0.871 0.172 0.347
2685 435 436 1 1 0 1509.69 0.456 0.108 0.195
2686 436 435 1 1 0 1509.69 0.456 0.108 0.195
2687 435 469 1 1 0 2505.18 0.871 0.138 0.322
2688 469 435 1 1 0 2505.18 0.871 0.138 0.322
2689 435 470 1 1 0 1999.04 0.660 0.129 0.262
2690 470 435 1 1 0 1999.04 0.660 0.129 0.262
2691 435 471 1 1 0 2505.18 0.871 0.126 0.313
2692 471 435 1 1 0 2505.18 0.871 0.126 0.313
2693 436 437 1 1 0 1509.69 0.456 0.126 0.209
2694 437 436 1 1 0 1509.69 0.456 0.126 0.209
2695 436 470 1 1 0 2505.18 0.871 0.123 0.310
2696 470 436 1 1 0 2505.18 0.871 0.123 0.310
2697 436 471 1 1 0 1999.04 0.660 0.120 0.255
2698 471 436 1 1 0 1999.04 0.660 0.120 0.255
2699 436 472 1 1 0 2505.18 0.871 0.138 0.322
2700 472 436 1 1 0 2505.18 0.871 0.138 0.322
2701 437 438 1 1 0 1509.69 0.456 0.157 0.231
2702 438 437 1 1 0 1509.69 0.456 0.157 0.231
2703 437 471 1 1 0 2505.18 0.871 0.144 0.326
2704 471 437 1 1 0 2505.18 0.871 0.144 0.326
2705 437 472 1 1 0 1999.04 0.660 0.163 0.287
2706 472 437 1 1 0 1999.04 0.660 0.163 0.287
2707 437 473 1 1 0 2505.18 0.871 0.163 0.340
2708 473 437 1 1 0 2505.18 0.871 0.163 0.340
2709 438 472 1 1 0 2505.18 0.871 0.169 0.344
2710 472 438 1 1 0 2505.18 0.871 0.169 0.344
2711 438 473 1 1 0 1999.04 0.660 0.169 0.291
2712 473 438 1 1 0 1999.04 0.660 0.169 0.291
2713 438 474 1 1 0 2505.18 0.871 0.135 0.319
2714 474 438 1 1 0 2505.18 0.871 0.135 0.319
2715 439 440 1 1 0 1510.10 0.456 0.051 0.152
2716 440 439 1 1 0 1510.10 0.456 0.051 0.152
2717 440 441 1 1 0 1510.10 0.456 0.063 0.161
2718 441 440 1 1 0 1510.10 0.456 0.063 0.161
2719 441 442 1 1 0 1510.10 0.456 0.060 0.159
2720 442 441 1 1 0 1510.10 0.456 0.060 0.159
2721 441 475 1 1 0 2505.43 0.872 0.060 0.263
2722 475 441 1 1 0 2505.43 0.872 0.060 0.263
2723 442 443 1 1 0 1510.10 0.456 0.051 0.152
2724 443 442 1 1 0 1510.10 0.456 0.051 0.152
2725 442 475 1 1 0 1999.03 0.660 0.060 0.210
2726 475 442 1 1 0 1999.03 0.660 0.060 0.210
2727 442 476 1 1 0 2505.43 0.872 0.051 0.256
2728 476 442 1 1 0 2505.43 0.872 0.051 0.256
2729 443 444 1 1 0 1510.10 0.456 0.042 0.146
2730 444 443 1 1 0 1510.10 0.456 0.042 0.146
2731 443 475 1 1 0 2505.43 0.872 0.051 0.256
2732 475 443 1 1 0 2505.43 0.872 0.051 0.256
2733 443 476 1 1 0 1999.03 0.660 0.042 0.197
2734 476 443 1 1 0 1999.03 0.660 0.042 0.197
2735 443 477 1 1 0 2505.43 0.872 0.051 0.256
2736 477 443 1 1 0 2505.43 0.872 0.051 0.256
2737 444 445 1 1 0 1510.10 0.456 0.048 0.150
2738 445 444 1 1 0 1510.10 0.456 0.048 0.150
2739 444 476 1 1 0 2505.43 0.872 0.042 0.249
2740 476 444 1 1 0 2505.43 0.872 0.042 0.249
2741 444 477 1 1 0 1999.03 0.660 0.051 0.203
2742 477 444 1 1 0 1999.03 0.660 0.051 0.203
2743 445 446 1 1 0 1510.10 0.456 0.060 0.159
2744 446 445 1 1 0 1510.10 0.456 0.060 0.159
2745 445 477 1 1 0 2505.43 0.872 0.057 0.261
2746 477 445 1 1 0 2505.43 0.872 0.057 0.261
2747 445 479 1 1 0 2505.43 0.872 0.054 0.259
2748 479 445 1 1 0 2505.43 0.872 0.054 0.259
2749 446 447 1 1 0 1510.10 0.456 0.069 0.166
2750 447 446 1 1 0 1510.10 0.456 0.069 0.166
2751 446 479 1 1 0 1999.03 0.660 0.060 0.210
2752 479 446 1 1 0 1999.03 0.660 0.060 0.210
2753 446 480 1 1 0 2505.43 0.872 0.069 0.270
2754 480 446 1 1 0 2505.43 0.872 0.069 0.270
2755 447 448 1 1 0 1510.10 0.456 0.066 0.164
2756 448 447 1 1 0 1510.10 0.456 0.066 0.164
2757 447 479 1 1 0 2505.43 0.872 0.063 0.265
2758 479 447 1 1 0 2505.43 0.872 0.063 0.265
2759 447 480 1 1 0 1999.03 0.660 0.072 0.219
2760 480 447 1 1 0 1999.03 0.660 0.072 0.219
2761 447 481 1 1 0 2505.43 0.872 0.060 0.263
2762 481 447 1 1 0 2505.43 0.872 0.060 0.263
2763 448 449 1 1 0 1510.10 0.456 0.054 0.155
2764 449 448 1 1 0 1510.10 0.456 0.054 0.155
2765 448 480 1 1 0 2505.43 0.872 0.066 0.268
2766 480 448 1 1 0 2505.43 0.872 0.066 0.268
2767 448 481 1 1 0 1999.03 0.660 0.054 0.206
2768 481 448 1 1 0 1999.03 0.660 0.054 0.206
2769 448 482 1 1 0 2505.43 0.872 0.063 0.265
2770 482 448 1 1 0 2505.43 0.872 0.063 0.265
2771 449 450 1 1 0 1510.10 0.456 0.051 0.152
2772 450 449 1 1 0 1510.10 0.456 0.051 0.152
2773 449 481 1 1 0 2505.43 0.872 0.048 0.254
2774 481 449 1 1 0 2505.43 0.872 0.048 0.254
2775 449 482 1 1 0 1999.03 0.660 0.057 0.208
2776 482 449 1 1 0 1999.03 0.660 0.057 0.208
2777 449 483 1 1 0 2505.43 0.872 0.057 0.261
2778 483 449 1 1 0 2505.43 0.872 0.057 0.261
2779 450 451 1 1 0 1510.10 0.456 0.048 0.150
2780 451 450 1 1 0 1510.10 0.456 0.048 0.150
2781 450 482 1 1 0 2505.43 0.872 0.060 0.263
2782 482 450 1 1 0 2505.43 0.872 0.060 0.263
2783 450 483 1 1 0 1999.03 0.660 0.060 0.210
2784 483 450 1 1 0 1999.03 0.660 0.060 0.210
2785 450 484 1 1 0 2505.43 0.872 0.057 0.261
2786 484 450 1 1 0 2505.43 0.872 0.057 0.261
2787 451 452 1 1 0 1510.10 0.456 0.030 0.137
2788 452 451 1 1 0 1510.10 0.456 0.030 0.137
2789 451 483 1 1 0 2505.43 0.872 0.054 0.259
2790 483 451 1 1 0 2505.43 0.872 0.054 0.259
2791 451 484 1 1 0 1999.03 0.660 0.051 0.203
2792 484 451 1 1 0 1999.03 0.660 0.051 0.203
2793 451 485 1 1 0 2505.43 0.872 0.048 0.254
2794 485 451 1 1 0 2505.43 0.872 0.048 0.254
2795 452 453 1 1 0 1510.10 0.456 0.021 0.130
2796 453 452 1 1 0 1510.10 0.456 0.021 0.130
2797 452 484 1 1 0 2505.43 0.872 0.039 0.247
2798 484 452 1 1 0 2505.43 0.872 0.039 0.247
2799 452 485 1 1 0 1999.03 0.660 0.036 0.192
2800 485 452 1 1 0 1999.03 0.660 0.036 0.192
2801 453 454 1 1 0 1510.10 0.456 0.018 0.128
2802 454 453 1 1 0 1510.10 0.456 0.018 0.128
2803 453 485 1 1 0 2505.43 0.872 0.039 0.247
2804 485 453 1 1 0 2505.43 0.872 0.039 0.247
2805 453 487 1 1 0 2505.43 0.872 0.021 0.234
2806 487 453 1 1 0 2505.43 0.872 0.021 0.234
2807 454 455 1 1 0 1510.10 0.456 0.018 0.128
2808 455 454 1 1 0 1510.10 0.456 0.018 0.128
2809 454 487 1 1 0 1999.03 0.660 0.015 0.176
2810 487 454 1 1 0 1999.03 0.660 0.015 0.176
2811 454 488 1 1 0 2505.43 0.872 0.012 0.227
2812 488 454 1 1 0 2505.43 0.872 0.012 0.227
2813 455 456 1 1 0 1510.10 0.456 0.018 0.128
2814 456 455 1 1 0 1510.10 0.456 0.018 0.128
2815 455 487 1 1 0 2505.43 0.872 0.021 0.234
2816 487 455 1 1 0 2505.43 0.872 0.021 0.234
2817 455 488 1 1 0 1999.03 0.660 0.018 0.179
2818 488 455 1 1 0 1999.03 0.660 0.018 0.179
2819 455 489 1 1 0 2505.43 0.872 0.018 0.231
2820 489 455 1 1 0 2505.43 0.872 0.018 0.231
2821 456 457 1 1 0 1510.10 0.456 0.012 0.123
2822 457 456 1 1 0 1510.10 0.456 0.012 0.123
2823 456 488 1 1 0 2505.43 0.872 0.012 0.227
2824 488 456 1 1 0 2505.43 0.872 0.012 0.227
2825 456 489 1 1 0 1999.03 0.660 0.012 0.174
2826 489 456 1 1 0 1999.03 0.660 0.012 0.174
2827 456 490 1 1 0 2505.43 0.872 0.018 0.231
2828 490 456 1 1 0 2505.43 0.872 0.018 0.231
2829 457 458 1 1 0 1510.10 0.456 0.012 0.123
2830 458 457 1 1 0 1510.10 0.456 0.012 0.123
2831 457 489 1 1 0 2505.43 0.872 0.012 0.227
2832 489 457 1 1 0 2505.43 0.872 0.012 0.227
2833 457 490 1 1 0 1999.03 0.660 0.018 0.179
2834 490 457 1 1 0 1999.03 0.660 0.018 0.179
2835 457 491 1 1 0 2505.43 0.872 0.015 0.229
2836 491 457 1 1 0 2505.43 0.872 0.015 0.229
2837 458 459 1 1 0 1510.10 0.456 0.012 0.123
2838 459 458 1 1 0 1510.10 0.456 0.012 0.123
2839 458 490 1 1 0 2505.43 0.872 0.018 0.231
2840 490 458 1 1 0 2505.43 0.872 0.018 0.231
2841 458 491 1 1 0 1999.03 0.660 0.015 0.176
2842 491 458 1 1 0 1999.03 0.660 0.015 0.176
2843 458 492 1 1 0 2505.43 0.872 0.018 0.231
2844 492 458 1 1 0 2505.43 0.872 0.018 0.231
2845 459 460 1 1 0 1510.10 0.456 0.018 0.128
2846 460 459 1 1 0 1510.10 0.456 0.018 0.128
2847 459 491 1 1 0 2505.43 0.872 0.015 0.229
2848 491 459 1 1 0 2505.43 0.872 0.015 0.229
2849 459 492 1 1 0 1999.03 0.660 0.018 0.179
2850 492 459 1 1 0 1999.03 0.660 0.018 0.179
2851 459 493 1 1 0 2505.43 0.872 0.069 0.270
2852 493 459 1 1 0 2505.43 0.872 0.069 0.270
2853 460 492 1 1 0 2505.43 0.872 0.024 0.236
2854 492 460 1 1 0 2505.43 0.872 0.024 0.236
2855 460 493 1 1 0 1999.03 0.660 0.075 0.222
2856 493 460 1 1 0 1999.03 0.660 0.075 0.222
2857 461 494 1 1 0 2505.43 0.872 0.135 0.319
2858 494 461 1 1 0 2505.43 0.872 0.135 0.319
2859 462 463 1 1 0 1510.10 0.456 0.166 0.238
2860 463 462 1 1 0 1510.10 0.456 0.166 0.238
2861 462 494 1 1 0 1999.03 0.660 0.132 0.264
2862 494 462 1 1 0 1999.03 0.660 0.132 0.264
2863 462 495 1 1 0 2505.43 0.872 0.144 0.326
2864 495 462 1 1 0 2505.43 0.872 0.144 0.326
2865 463 464 1 1 0 1510.10 0.456 0.172 0.243
2866 464 463 1 1 0 1510.10 0.456 0.172 0.243
2867 463 494 1 1 0 2505.43 0.872 0.147 0.328
2868 494 463 1 1 0 2505.43 0.872 0.147 0.328
2869 463 495 1 1 0 1999.03 0.660 0.160 0.285
2870 495 463 1 1 0 1999.03 0.660 0.160 0.285
2871 463 496 1 1 0 2505.43 0.872 0.160 0.338
2872 496 463 1 1 0 2505.43 0.872 0.160 0.338
2873 464 465 1 1 0 1510.10 0.456 0.169 0.241
2874 465 464 1 1 0 1510.10 0.456 0.169 0.241
2875 464 495 1 1 0 2505.43 0.872 0.150 0.331
2876 495 464 1 1 0 2505.43 0.872 0.150 0.331
2877 464 496 1 1 0 1999.03 0.660 0.150 0.278
2878 496 464 1 1 0 1999.03 0.660 0.150 0.278
2879 464 497 1 1 0 2505.43 0.872 0.175 0.349
2880 497 464 1 1 0 2505.43 0.872 0.175 0.349
2881 465 466 1 1 0 1510.10 0.456 0.160 0.234
2882 466 465 1 1 0 1510.10 0.456 0.160 0.234
2883 465 496 1 1 0 2505.43 0.872 0.157 0.335
2884 496 465 1 1 0 2505.43 0.872 0.157 0.335
2885 465 497 1 1 0 1999.03 0.660 0.181 0.301
2886 497 465 1 1 0 1999.03 0.660 0.181 0.301
2887 465 498 1 1 0 2505.43 0.872 0.147 0.328
2888 498 465 1 1 0 2505.43 0.872 0.147 0.328
2889 466 467 1 1 0 1510.10 0.456 0.135 0.216
2890 467 466 1 1 0 1510.10 0.456 0.135 0.216
2891 466 497 1 1 0 2505.43 0.872 0.166 0.342
2892 497 466 1 1 0 2505.43 0.872 0.166 0.342
2893 466 498 1 1 0 1999.03 0.660 0.132 0.264
2894 498 466 1 1 0 1999.03 0.660 0.132 0.264
2895 467 468 1 1 0 1510.10 0.456 0.123 0.207
2896 468 467 1 1 0 1510.10 0.456 0.123 0.207
2897 467 499 1 1 0 1999.03 0.660 0.135 0.267
2898 499 467 1 1 0 1999.03 0.660 0.135 0.267
2899 467 500 1 1 0 2505.43 0.872 0.144 0.326
2900 500 467 1 1 0 2505.43 0.872 0.144 0.326
2901 468 469 1 1 0 1510.10 0.456 0.141 0.220
2902 469 468 1 1 0 1510.10 0.456 0.141 0.220
2903 468 499 1 1 0 2505.43 0.872 0.132 0.317
2904 499 468 1 1 0 2505.43 0.872 0.132 0.317
2905 468 500 1 1 0 1999.03 0.660 0.141 0.271
2906 500 468 1 1 0 1999.03 0.660 0.141 0.271
2907 468 501 1 1 0 2505.43 0.872 0.123 0.310
2908 501 468 1 1 0 2505.43 0.872 0.123 0.310
2909 469 470 1 1 0 1510.10 0.456 0.154 0.229
2910 470 469 1 1 0 1510.10 0.456 0.154 0.229
2911 469 500 1 1 0 2505.43 0.872 0.163 0.340
2912 500 469 1 1 0 2505.43 0.872 0.163 0.340
2913 469 501 1 1 0 1999.03 0.660 0.144 0.273
2914 501 469 1 1 0 1999.03 0.660 0.144 0.273
2915 469 502 1 1 0 2505.43 0.872 0.181 0.353
2916 502 469 1 1 0 2505.43 0.872 0.181 0.353
2917 470 471 1 1 0 1510.10 0.456 0.141 0.220
2918 471 470 1 1 0 1510.10 0.456 0.141 0.220
2919 470 501 1 1 0 2505.43 0.872 0.135 0.319
2920 501 470 1 1 0 2505.43 0.872 0.135 0.319
2921 470 502 1 1 0 1999.03 0.660 0.172 0.294
2922 502 470 1 1 0 1999.03 0.660 0.172 0.294
2923 470 503 1 1 0 2505.43 0.872 0.172 0.347
2924 503 470 1 1 0 2505.43 0.872 0.172 0.347
2925 471 472 1 1 0 1510.10 0.456 0.157 0.231
2926 472 471 1 1 0 1510.10 0.456 0.157 0.231
2927 471 502 1 1 0 2505.43 0.872 0.169 0.344
2928 502 471 1 1 0 2505.43 0.872 0.169 0.344
2929 471 503 1 1 0 1999.03 0.660 0.169 0.291
2930 503 471 1 1 0 1999.03 0.660 0.169 0.291
2931 471 504 1 1 0 2505.43 0.872 0.123 0.310
2932 504 471 1 1 0 2505.43 0.872 0.123 0.310
2933 472 473 1 1 0 1510.10 0.456 0.175 0.245
2934 473 472 1 1 0 1510.10 0.456 0.175 0.245
2935 472 503 1 1 0 2505.43 0.872 0.187 0.358
2936 503 472 1 1 0 2505.43 0.872 0.187 0.358
2937 472 504 1 1 0 1999.03 0.660 0.141 0.271
2938 504 472 1 1 0 1999.03 0.660 0.141 0.271
2939 472 505 1 1 0 2505.43 0.872 0.169 0.344
2940 505 472 1 1 0 2505.43 0.872 0.169 0.344
2941 473 474 1 1 0 1510.10 0.456 0.141 0.220
2942 474 473 1 1 0 1510.10 0.456 0.141 0.220
2943 473 504 1 1 0 2505.43 0.872 0.141 0.324
2944 504 473 1 1 0 2505.43 0.872 0.141 0.324
2945 473 505 1 1 0 1999.03 0.660 0.169 0.291
2946 505 473 1 1 0 1999.03 0.660 0.169 0.291
2947 474 505 1 1 0 2505.43 0.872 0.135 0.319
2948 505 474 1 1 0 2505.43 0.872 0.135 0.319
2949 475 476 1 1 0 1510.51 0.457 0.051 0.153
2950 476 475 1 1 0 1510.51 0.457 0.051 0.153
2951 476 477 1 1 0 1510.51 0.457 0.051 0.153
2952 477 476 1 1 0 1510.51 0.457 0.051 0.153
2953 476 506 1 1 0 2505.67 0.872 0.048 0.254
2954 506 476 1 1 0 2505.67 0.872 0.048 0.254
2955 477 506 1 1 0 1999.03 0.660 0.057 0.208
2956 506 477 1 1 0 1999.03 0.660 0.057 0.208
2957 479 480 1 1 0 1510.51 0.457 0.063 0.162
2958 480 479 1 1 0 1510.51 0.457 0.063 0.162
2959 479 507 1 1 0 2505.67 0.872 0.045 0.252
2960 507 479 1 1 0 2505.67 0.872 0.045 0.252
2961 479 508 1 1 0 1999.03 0.660 0.054 0.206
2962 508 479 1 1 0 1999.03 0.660 0.054 0.206
2963 479 509 1 1 0 2505.67 0.872 0.063 0.265
2964 509 479 1 1 0 2505.67 0.872 0.063 0.265
2965 480 481 1 1 0 1510.51 0.457 0.060 0.159
2966 481 480 1 1 0 1510.51 0.457 0.060 0.159
2967 480 508 1 1 0 2505.67 0.872 0.063 0.265
2968 508 480 1 1 0 2505.67 0.872 0.063 0.265
2969 480 509 1 1 0 1999.03 0.660 0.072 0.219
2970 509 480 1 1 0 1999.03 0.660 0.072 0.219
2971 480 510 1 1 0 2505.67 0.872 0.069 0.270
2972 510 480 1 1 0 2505.67 0.872 0.069 0.270
2973 481 482 1 1 0 1510.51 0.457 0.057 0.157
2974 482 481 1 1 0 1510.51 0.457 0.057 0.157
2975 481 509 1 1 0 2505.67 0.872 0.060 0.263
2976 509 481 1 1 0 2505.67 0.872 0.060 0.263
2977 481 510 1 1 0 1999.03 0.660 0.057 0.208
2978 510 481 1 1 0 1999.03 0.660 0.057 0.208
2979 482 483 1 1 0 1510.51 0.457 0.066 0.164
2980 483 482 1 1 0 1510.51 0.457 0.066 0.164
2981 482 510 1 1 0 2505.67 0.872 0.066 0.268
2982 510 482 1 1 0 2505.67 0.872 0.066 0.268
2983 482 512 1 1 0 2505.67 0.872 0.063 0.265
2984 512 482 1 1 0 2505.67 0.872 0.063 0.265
2985 483 484 1 1 0 1510.51 0.457 0.063 0.162
2986 484 483 1 1 0 1510.51 0.457 0.063 0.162
2987 483 512 1 1 0 1999.03 0.660 0.063 0.212
2988 512 483 1 1 0 1999.03 0.660 0.063 0.212
2989 484 485 1 1 0 1510.51 0.457 0.057 0.157
2990 485 484 1 1 0 1510.51 0.457 0.057 0.157
2991 484 512 1 1 0 2505.67 0.872 0.060 0.263
2992 512 484 1 1 0 2505.67 0.872 0.060 0.263
2993 485 486 1 1 0 1510.51 0.457 0.036 0.141
2994 486 485 1 1 0 1510.51 0.457 0.036 0.141
2995 486 516 1 1 0 2505.67 0.872 0.018 0.231
2996 516 486 1 1 0 2505.67 0.872 0.018 0.231
2997 487 488 1 1 0 1510.51 0.457 0.015 0.125
2998 488 487 1 1 0 1510.51 0.457 0.015 0.125
2999 487 516 1 1 0 1999.03 0.660 0.018 0.179
3000 516 487 1 1 0 1999.03 0.660 0.018 0.179
3001 487 517 1 1 0 2505.67 0.872 0.015 0.229
3002 517 487 1 1 0 2505.67 0.872 0.015 0.229
3003 488 489 1 1 0 1510.51 0.457 0.012 0.123
3004 489 488 1 1 0 1510.51 0.457 0.012 0.123
3005 488 516 1 1 0 2505.67 0.872 0.015 0.229
3006 516 488 1 1 0 2505.67 0.872 0.015 0.229
3007 488 517 1 1 0 1999.03 0.660 0.012 0.174
3008 517 488 1 1 0 1999.03 0.660 0.012 0.174
3009 488 518 1 1 0 2505.67 0.872 0.015 0.229
3010 518 488 1 1 0 2505.67 0.872 0.015 0.229
3011 489 490 1 1 0 1510.51 0.457 0.018 0.128
3012 490 489 1 1 0 1510.51 0.457 0.018 0.128
3013 489 517 1 1 0 2505.67 0.872 0.012 0.227
3014 517 489 1 1 0 2505.67 0.872 0.012 0.227
3015 489 518 1 1 0 1999.03 0.660 0.015 0.176
3016 518 489 1 1 0 1999.03 0.660 0.015 0.176
3017 489 519 1 1 0 2505.67 0.872 0.015 0.229
3018 519 489 1 1 0 2505.67 0.872 0.015 0.229
3019 490 491 1 1 0 1510.51 0.457 0.021 0.130
3020 491 490 1 1 0 1510.51 0.457 0.021 0.130
3021 490 518 1 1 0 2505.67 0.872 0.021 0.234
3022 518 490 1 1 0 2505.67 0.872 0.021 0.234
3023 490 519 1 1 0 1999.03 0.660 0.021 0.181
3024 519 490 1 1 0 1999.03 0.660 0.021 0.181
3025 490 520 1 1 0 2505.67 0.872 0.021 0.234
3026 520 490 1 1 0 2505.67 0.872 0.021 0.234
3027 491 492 1 1 0 1510.51 0.457 0.021 0.130
3028 492 491 1 1 0 1510.51 0.457 0.021 0.130
3029 491 519 1 1 0 2505.67 0.872 0.018 0.231
3030 519 491 1 1 0 2505.67 0.872 0.018 0.231
3031 491 520 1 1 0 1999.03 0.660 0.018 0.179
3032 520 491 1 1 0 1999.03 0.660 0.018 0.179
3033 491 521 1 1 0 2505.67 0.872 0.018 0.231
3034 521 491 1 1 0 2505.67 0.872 0.018 0.231
3035 492 493 1 1 0 1510.51 0.457 0.075 0.171
3036 493 492 1 1 0 1510.51 0.457 0.075 0.171
3037 492 520 1 1 0 2505.67 0.872 0.021 0.234
3038 520 492 1 1 0 2505.67 0.872 0.021 0.234
3039 492 521 1 1 0 1999.03 0.660 0.021 0.181
3040 521 492 1 1 0 1999.03 0.660 0.021 0.181
3041 492 522 1 1 0 2505.67 0.872 0.066 0.268
3042 522 492 1 1 0 2505.67 0.872 0.066 0.268
3043 493 521 1 1 0 2505.67 0.872 0.072 0.272
3044 521 493 1 1 0 2505.67 0.872 0.072 0.272
3045 493 522 1 1 0 1999.03 0.660 0.117 0.253
3046 522 493 1 1 0 1999.03 0.660 0.117 0.253
3047 493 523 1 1 0 2505.67 0.872 0.144 0.326
3048 523 493 1 1 0 2505.67 0.872 0.144 0.326
3049 494 495 1 1 0 1510.51 0.457 0.126 0.209
3050 495 494 1 1 0 1510.51 0.457 0.126 0.209
3051 494 524 1 1 0 1999.03 0.660 0.126 0.260
3052 524 494 1 1 0 1999.03 0.660 0.126 0.260
3053 494 525 1 1 0 2505.67 0.872 0.144 0.326
3054 525 494 1 1 0 2505.67 0.872 0.144 0.326
3055 495 496 1 1 0 1510.51 0.457 0.138 0.218
3056 496 495 1 1 0 1510.51 0.457 0.138 0.218
3057 495 524 1 1 0 2505.67 0.872 0.138 0.322
3058 524 495 1 1 0 2505.67 0.872 0.138 0.322
3059 495 525 1 1 0 1999.03 0.660 0.157 0.282
3060 525 495 1 1 0 1999.03 0.660 0.157 0.282
3061 495 526 1 1 0 2505.67 0.872 0.163 0.340
3062 526 495 1 1 0 2505.67 0.872 0.163 0.340
3063 496 497 1 1 0 1510.51 0.457 0.163 0.236
3064 497 496 1 1 0 1510.51 0.457 0.163 0.236
3065 496 525 1 1 0 2505.67 0.872 0.157 0.335
3066 525 496 1 1 0 2505.67 0.872 0.157 0.335
3067 496 526 1 1 0 1999.03 0.660 0.163 0.287
3068 526 496 1 1 0 1999.03 0.660 0.163 0.287
3069 496 527 1 1 0 2505.67 0.872 0.160 0.338
3070 527 496 1 1 0 2505.67 0.872 0.160 0.338
3071 497 498 1 1 0 1510.51 0.457 0.154 0.229
3072 498 497 1 1 0 1510.51 0.457 0.154 0.229
3073 497 526 1 1 0 2505.67 0.872 0.187 0.358
3074 526 497 1 1 0 2505.67 0.872 0.187 0.358
3075 497 527 1 1 0 1999.03 0.660 0.184 0.303
3076 527 497 1 1 0 1999.03 0.660 0.184 0.303
3077 498 499 1 1 0 1510.51 0.457 0.132 0.213
3078 499 498 1 1 0 1510.51 0.457 0.132 0.213
3079 498 527 1 1 0 2505.67 0.872 0.150 0.331
3080 527 498 1 1 0 2505.67 0.872 0.150 0.331
3081 498 528 1 1 0 2505.67 0.872 0.126 0.313
3082 528 498 1 1 0 2505.67 0.872 0.126 0.313
3083 499 500 1 1 0 1510.51 0.457 0.154 0.229
3084 500 499 1 1 0 1510.51 0.457 0.154 0.229
3085 499 528 1 1 0 1999.03 0.660 0.138 0.269
3086 528 499 1 1 0 1999.03 0.660 0.138 0.269
3087 499 529 1 1 0 2505.67 0.872 0.144 0.326
3088 529 499 1 1 0 2505.67 0.872 0.144 0.326
3089 500 501 1 1 0 1510.51 0.457 0.144 0.222
3090 501 500 1 1 0 1510.51 0.457 0.144 0.222
3091 500 528 1 1 0 2505.67 0.872 0.147 0.329
3092 528 500 1 1 0 2505.67 0.872 0.147 0.329
3093 500 529 1 1 0 1999.03 0.660 0.154 0.280
3094 529 500 1 1 0 1999.03 0.660 0.154 0.280
3095 500 530 1 1 0 2505.67 0.872 0.154 0.333
3096 530 500 1 1 0 2505.67 0.872 0.154 0.333
3097 501 502 1 1 0 1510.51 0.457 0.163 0.236
3098 502 501 1 1 0 1510.51 0.457 0.163 0.236
3099 501 529 1 1 0 2505.67 0.872 0.135 0.319
3100 529 501 1 1 0 2505.67 0.872 0.135 0.319
3101 501 530 1 1 0 1999.03 0.660 0.135 0.267
3102 530 501 1 1 0 1999.03 0.660 0.135 0.267
3103 501 531 1 1 0 2505.67 0.872 0.154 0.333
3104 531 501 1 1 0 2505.67 0.872 0.154 0.333
3105 502 503 1 1 0 1510.51 0.457 0.199 0.263
3106 503 502 1 1 0 1510.51 0.457 0.199 0.263
3107 502 530 1 1 0 2505.67 0.872 0.172 0.347
3108 530 502 1 1 0 2505.67 0.872 0.172 0.347
3109 502 531 1 1 0 1999.03 0.660 0.190 0.307
3110 531 502 1 1 0 1999.03 0.660 0.190 0.307
3111 503 504 1 1 0 1510.51 0.457 0.154 0.229
3112 504 503 1 1 0 1510.51 0.457 0.154 0.229
3113 503 531 1 1 0 2505.67 0.872 0.190 0.360
3114 531 503 1 1 0 2505.67 0.872 0.190 0.360
3115 503 533 1 1 0 2505.67 0.872 0.169 0.344
3116 533 503 1 1 0 2505.67 0.872 0.169 0.344
3117 504 505 1 1 0 1510.51 0.457 0.135 0.216
3118 505 504 1 1 0 1510.51 0.457 0.135 0.216
3119 504 533 1 1 0 1999.03 0.660 0.123 0.258
3120 533 504 1 1 0 1999.03 0.660 0.123 0.258
3121 504 534 1 1 0 2505.67 0.872 0.111 0.301
3122 534 504 1 1 0 2505.67 0.872 0.111 0.301
3123 505 533 1 1 0 2505.67 0.872 0.150 0.331
3124 533 505 1 1 0 2505.67 0.872 0.150 0.331
3125 505 534 1 1 0 1999.03 0.660 0.138 0.269
3126 534 505 1 1 0 1999.03 0.660 0.138 0.269
3127 506 507 1 1 0 1510.93 0.457 0.045 0.148
3128 507 506 1 1 0 1510.93 0.457 0.045 0.148
3129 507 508 1 1 0 1510.93 0.457 0.045 0.148
3130 508 507 1 1 0 1510.93 0.457 0.045 0.148
3131 507 535 1 1 0 2505.91 0.872 0.039 0.247
3132 535 507 1 1 0 2505.91 0.872 0.039 0.247
3133 508 509 1 1 0 1510.93 0.457 0.063 0.162
3134 509 508 1 1 0 1510.93 0.457 0.063 0.162
3135 508 535 1 1 0 1999.02 0.660 0.048 0.201
3136 535 508 1 1 0 1999.02 0.660 0.048 0.201
3137 508 536 1 1 0 2505.91 0.872 0.063 0.265
3138 536 508 1 1 0 2505.91 0.872 0.063 0.265
3139 509 510 1 1 0 1510.93 0.457 0.069 0.166
3140 510 509 1 1 0 1510.93 0.457 0.069 0.166
3141 509 535 1 1 0 2505.91 0.872 0.057 0.261
3142 535 509 1 1 0 2505.91 0.872 0.057 0.261
3143 509 536 1 1 0 1999.02 0.660 0.072 0.219
3144 536 509 1 1 0 1999.02 0.660 0.072 0.219
3145 509 537 1 1 0 2505.91 0.872 0.066 0.268
3146 537 509 1 1 0 2505.91 0.872 0.066 0.268
3147 510 536 1 1 0 2505.91 0.872 0.069 0.270
3148 536 510 1 1 0 2505.91 0.872 0.069 0.270
3149 510 537 1 1 0 1999.02 0.660 0.063 0.212
3150 537 510 1 1 0 1999.02 0.660 0.063 0.212
3151 516 517 1 1 0 1510.93 0.457 0.015 0.125
3152 517 516 1 1 0 1510.93 0.457 0.015 0.125
3153 516 544 1 1 0 2505.91 0.872 0.018 0.231
3154 544 516 1 1 0 2505.91 0.872 0.018 0.231
3155 517 518 1 1 0 1510.93 0.457 0.015 0.125
3156 518 517 1 1 0 1510.93 0.457 0.015 0.125
3157 517 544 1 1 0 1999.02 0.660 0.015 0.176
3158 544 517 1 1 0 1999.02 0.660 0.015 0.176
3159 517 545 1 1 0 2505.91 0.872 0.015 0.229
3160 545 517 1 1 0 2505.91 0.872 0.015 0.229
3161 518 519 1 1 0 1510.93 0.457 0.018 0.128
3162 519 518 1 1 0 1510.93 0.457 0.018 0.128
3163 518 544 1 1 0 2505.91 0.872 0.018 0.231
3164 544 518 1 1 0 2505.91 0.872 0.018 0.231
3165 518 545 1 1 0 1999.02 0.660 0.018 0.179
3166 545 518 1 1 0 1999.02 0.660 0.018 0.179
3167 518 546 1 1 0 2505.91 0.872 0.021 0.234
3168 546 518 1 1 0 2505.91 0.872 0.021 0.234
3169 519 520 1 1 0 1510.93 0.457 0.018 0.128
3170 520 519 1 1 0 1510.93 0.457 0.018 0.128
3171 519 545 1 1 0 2505.91 0.872 0.018 0.231
3172 545 519 1 1 0 2505.91 0.872 0.018 0.231
3173 519 546 1 1 0 1999.02 0.660 0.021 0.181
3174 546 519 1 1 0 1999.02 0.660 0.021 0.181
3175 519 547 1 1 0 2505.91 0.872 0.015 0.229
3176 547 519 1 1 0 2505.91 0.872 0.015 0.229
3177 520 521 1 1 0 1510.93 0.457 0.018 0.128
3178 521 520 1 1 0 1510.93 0.457 0.018 0.128
3179 520 546 1 1 0 2505.91 0.872 0.021 0.234
3180 546 520 1 1 0 2505.91 0.872 0.021 0.234
3181 520 547 1 1 0 1999.02 0.660 0.015 0.176
3182 547 520 1 1 0 1999.02 0.660 0.015 0.176
3183 520 548 1 1 0 2505.91 0.872 0.018 0.231
3184 548 520 1 1 0 2505.91 0.872 0.018 0.231
3185 521 522 1 1 0 1510.93 0.457 0.063 0.162
3186 522 521 1 1 0 1510.93 0.457 0.063 0.162
3187 521 547 1 1 0 2505.91 0.872 0.015 0.229
3188 547 521 1 1 0 2505.91 0.872 0.015 0.229
3189 521 548 1 1 0 1999.02 0.660 0.018 0.179
3190 548 521 1 1 0 1999.02 0.660 0.018 0.179
3191 521 549 1 1 0 2505.91 0.872 0.015 0.229
3192 549 521 1 1 0 2505.91 0.872 0.015 0.229
3193 522 523 1 1 0 1510.93 0.457 0.135 0.216
3194 523 522 1 1 0 1510.93 0.457 0.135 0.216
3195 522 548 1 1 0 2505.91 0.872 0.063 0.265
3196 548 522 1 1 0 2505.91 0.872 0.063 0.265
3197 522 549 1 1 0 1999.02 0.660 0.060 0.210
3198 549 522 1 1 0 1999.02 0.660 0.060 0.210
3199 522 550 1 1 0 2505.91 0.872 0.120 0.308
3200 550 522 1 1 0 2505.91 0.872 0.120 0.308
3201 523 549 1 1 0 2505.91 0.872 0.087 0.283
3202 549 523 1 1 0 2505.91 0.872 0.087 0.283
3203 523 550 1 1 0 1999.02 0.660 0.147 0.276
3204 550 523 1 1 0 1999.02 0.660 0.147 0.276
3205 523 551 1 1 0 2505.91 0.872 0.138 0.322
3206 551 523 1 1 0 2505.91 0.872 0.138 0.322
3207 525 526 1 1 0 1510.93 0.457 0.181 0.250
3208 526 525 1 1 0 1510.93 0.457 0.181 0.250
3209 525 554 1 1 0 2505.91 0.872 0.154 0.333
3210 554 525 1 1 0 2505.91 0.872 0.154 0.333
3211 526 527 1 1 0 1510.93 0.457 0.184 0.252
3212 527 526 1 1 0 1510.93 0.457 0.184 0.252
3213 526 554 1 1 0 1999.02 0.660 0.160 0.285
3214 554 526 1 1 0 1999.02 0.660 0.160 0.285
3215 526 555 1 1 0 2505.91 0.872 0.190 0.360
3216 555 526 1 1 0 2505.91 0.872 0.190 0.360
3217 527 554 1 1 0 2505.91 0.872 0.157 0.335
3218 554 527 1 1 0 2505.91 0.872 0.157 0.335
3219 527 555 1 1 0 1999.02 0.660 0.187 0.305
3220 555 527 1 1 0 1999.02 0.660 0.187 0.305
3221 528 529 1 1 0 1510.93 0.457 0.138 0.218
3222 529 528 1 1 0 1510.93 0.457 0.138 0.218
3223 528 557 1 1 0 2505.91 0.872 0.147 0.329
3224 557 528 1 1 0 2505.91 0.872 0.147 0.329
3225 529 530 1 1 0 1510.93 0.457 0.144 0.223
3226 530 529 1 1 0 1510.93 0.457 0.144 0.223
3227 529 557 1 1 0 1999.02 0.660 0.154 0.280
3228 557 529 1 1 0 1999.02 0.660 0.154 0.280
3229 529 558 1 1 0 2505.91 0.872 0.144 0.326
3230 558 529 1 1 0 2505.91 0.872 0.144 0.326
3231 530 531 1 1 0 1510.93 0.457 0.163 0.236
3232 531 530 1 1 0 1510.93 0.457 0.163 0.236
3233 530 557 1 1 0 2505.91 0.872 0.154 0.333
3234 557 530 1 1 0 2505.91 0.872 0.154 0.333
3235 530 558 1 1 0 1999.02 0.660 0.144 0.273
3236 558 530 1 1 0 1999.02 0.660 0.144 0.273
3237 530 559 1 1 0 2505.91 0.872 0.135 0.320
3238 559 530 1 1 0 2505.91 0.872 0.135 0.320
3239 531 558 1 1 0 2505.91 0.872 0.163 0.340
3240 558 531 1 1 0 2505.91 0.872 0.163 0.340
3241 531 559 1 1 0 1999.02 0.660 0.154 0.280
3242 559 531 1 1 0 1999.02 0.660 0.154 0.280
3243 531 560 1 1 0 2505.91 0.872 0.175 0.349
3244 560 531 1 1 0 2505.91 0.872 0.175 0.349
3245 533 534 1 1 0 1510.93 0.457 0.126 0.209
3246 534 533 1 1 0 1510.93 0.457 0.126 0.209
3247 535 536 1 1 0 1511.34 0.457 0.057 0.157
3248 536 535 1 1 0 1511.34 0.457 0.057 0.157
3249 536 537 1 1 0 1511.34 0.457 0.066 0.164
3250 537 536 1 1 0 1511.34 0.457 0.066 0.164
3251 536 562 1 1 0 2506.16 0.872 0.057 0.261
3252 562 536 1 1 0 2506.16 0.872 0.057 0.261
3253 537 562 1 1 0 1999.01 0.660 0.051 0.203
3254 562 537 1 1 0 1999.01 0.660 0.051 0.203
3255 537 563 1 1 0 2506.16 0.872 0.057 0.261
3256 563 537 1 1 0 2506.16 0.872 0.057 0.261
3257 544 545 1 1 0 1511.34 0.457 0.018 0.128
3258 545 544 1 1 0 1511.34 0.457 0.018 0.128
3259 544 568 1 1 0 2506.16 0.872 0.015 0.229
3260 568 544 1 1 0 2506.16 0.872 0.015 0.229
3261 544 569 1 1 0 1999.01 0.660 0.018 0.179
3262 569 544 1 1 0 1999.01 0.660 0.018 0.179
3263 545 546 1 1 0 1511.34 0.457 0.021 0.130
3264 546 545 1 1 0 1511.34 0.457 0.021 0.130
3265 545 569 1 1 0 2506.16 0.872 0.018 0.231
3266 569 545 1 1 0 2506.16 0.872 0.018 0.231
3267 545 571 1 1 0 2506.16 0.872 0.015 0.229
3268 571 545 1 1 0 2506.16 0.872 0.015 0.229
3269 546 547 1 1 0 1511.34 0.457 0.018 0.128
3270 547 546 1 1 0 1511.34 0.457 0.018 0.128
3271 546 570 1 1 0 2506.16 0.872 0.024 0.236
3272 570 546 1 1 0 2506.16 0.872 0.024 0.236
3273 546 571 1 1 0 1999.01 0.660 0.018 0.179
3274 571 546 1 1 0 1999.01 0.660 0.018 0.179
3275 546 572 1 1 0 2506.16 0.872 0.018 0.231
3276 572 546 1 1 0 2506.16 0.872 0.018 0.231
3277 547 548 1 1 0 1511.34 0.457 0.015 0.126
3278 548 547 1 1 0 1511.34 0.457 0.015 0.126
3279 547 571 1 1 0 2506.16 0.872 0.012 0.227
3280 571 547 1 1 0 2506.16 0.872 0.012 0.227
3281 547 572 1 1 0 1999.01 0.660 0.012 0.174
3282 572 547 1 1 0 1999.01 0.660 0.012 0.174
3283 547 573 1 1 0 2506.16 0.872 0.012 0.227
3284 573 547 1 1 0 2506.16 0.872 0.012 0.227
3285 548 549 1 1 0 1511.34 0.457 0.015 0.126
3286 549 548 1 1 0 1511.34 0.457 0.015 0.126
3287 548 572 1 1 0 2506.16 0.872 0.015 0.229
3288 572 548 1 1 0 2506.16 0.872 0.015 0.229
3289 548 573 1 1 0 1999.01 0.660 0.015 0.176
3290 573 548 1 1 0 1999.01 0.660 0.015 0.176
3291 548 574 1 1 0 2506.16 0.872 0.021 0.234
3292 574 548 1 1 0 2506.16 0.872 0.021 0.234
3293 549 550 1 1 0 1511.34 0.457 0.072 0.168
3294 550 549 1 1 0 1511.34 0.457 0.072 0.168
3295 549 573 1 1 0 2506.16 0.872 0.012 0.227
3296 573 549 1 1 0 2506.16 0.872 0.012 0.227
3297 549 574 1 1 0 1999.01 0.660 0.018 0.179
3298 574 549 1 1 0 1999.01 0.660 0.018 0.179
3299 549 575 1 1 0 2506.16 0.872 0.102 0.295
3300 575 549 1 1 0 2506.16 0.872 0.102 0.295
3301 550 551 1 1 0 1511.34 0.457 0.123 0.207
3302 551 550 1 1 0 1511.34 0.457 0.123 0.207
3303 550 574 1 1 0 2506.16 0.872 0.078 0.277
3304 574 550 1 1 0 2506.16 0.872 0.078 0.277
3305 550 575 1 1 0 1999.01 0.660 0.163 0.287
3306 575 550 1 1 0 1999.01 0.660 0.163 0.287
3307 551 552 1 1 0 1511.34 0.457 0.144 0.223
3308 552 551 1 1 0 1511.34 0.457 0.144 0.223
3309 551 575 1 1 0 2506.16 0.872 0.154 0.333
3310 575 551 1 1 0 2506.16 0.872 0.154 0.333
3311 551 576 1 1 0 1999.01 0.660 0.129 0.262
3312 576 551 1 1 0 1999.01 0.660 0.129 0.262
3313 553 578 1 1 0 1999.01 0.660 0.120 0.255
3314 578 553 1 1 0 1999.01 0.660 0.120 0.255
3315 554 555 1 1 0 1511.34 0.457 0.163 0.236
3316 555 554 1 1 0 1511.34 0.457 0.163 0.236
3317 555 556 1 1 0 1511.34 0.457 0.157 0.232
3318 556 555 1 1 0 1511.34 0.457 0.157 0.232
3319 555 581 1 1 0 2506.16 0.872 0.184 0.356
3320 581 555 1 1 0 2506.16 0.872 0.184 0.356
3321 556 581 1 1 0 1999.01 0.660 0.147 0.276
3322 581 556 1 1 0 1999.01 0.660 0.147 0.276
3323 556 582 1 1 0 2506.16 0.872 0.178 0.351
3324 582 556 1 1 0 2506.16 0.872 0.178 0.351
3325 557 558 1 1 0 1511.34 0.457 0.154 0.229
3326 558 557 1 1 0 1511.34 0.457 0.154 0.229
3327 557 582 1 1 0 2506.16 0.872 0.199 0.367
3328 582 557 1 1 0 2506.16 0.872 0.199 0.367
3329 557 583 1 1 0 1999.01 0.660 0.175 0.296
3330 583 557 1 1 0 1999.01 0.660 0.175 0.296
3331 557 584 1 1 0 2506.16 0.872 0.150 0.331
3332 584 557 1 1 0 2506.16 0.872 0.150 0.331
3333 558 559 1 1 0 1511.34 0.457 0.135 0.216
3334 559 558 1 1 0 1511.34 0.457 0.135 0.216
3335 558 583 1 1 0 2506.16 0.872 0.166 0.342
3336 583 558 1 1 0 2506.16 0.872 0.166 0.342
3337 558 584 1 1 0 1999.01 0.660 0.141 0.271
3338 584 558 1 1 0 1999.01 0.660 0.141 0.271
3339 562 563 1 1 0 1511.75 0.457 0.048 0.150
3340 563 562 1 1 0 1511.75 0.457 0.048 0.150
3341 563 564 1 1 0 1511.75 0.457 0.051 0.153
3342 564 563 1 1 0 1511.75 0.457 0.051 0.153
3343 564 565 1 1 0 1511.75 0.457 0.048 0.150
3344 565 564 1 1 0 1511.75 0.457 0.048 0.150
3345 564 585 1 1 0 2506.40 0.872 0.054 0.259
3346 585 564 1 1 0 2506.40 0.872 0.054 0.259
3347 565 566 1 1 0 1511.75 0.457 0.054 0.155
3348 566 565 1 1 0 1511.75 0.457 0.054 0.155
3349 565 585 1 1 0 1999.01 0.660 0.054 0.206
3350 585 565 1 1 0 1999.01 0.660 0.054 0.206
3351 565 586 1 1 0 2506.40 0.872 0.054 0.259
3352 586 565 1 1 0 2506.40 0.872 0.054 0.259
3353 566 567 1 1 0 1511.75 0.457 0.036 0.141
3354 567 566 1 1 0 1511.75 0.457 0.036 0.141
3355 566 585 1 1 0 2506.40 0.872 0.060 0.263
3356 585 566 1 1 0 2506.40 0.872 0.060 0.263
3357 566 586 1 1 0 1999.01 0.660 0.060 0.210
3358 586 566 1 1 0 1999.01 0.660 0.060 0.210
3359 566 587 1 1 0 2506.40 0.872 0.042 0.250
3360 587 566 1 1 0 2506.40 0.872 0.042 0.250
3361 567 568 1 1 0 1511.75 0.457 0.012 0.123
3362 568 567 1 1 0 1511.75 0.457 0.012 0.123
3363 567 586 1 1 0 2506.40 0.872 0.036 0.245
3364 586 567 1 1 0 2506.40 0.872 0.036 0.245
3365 567 587 1 1 0 1999.01 0.660 0.018 0.179
3366 587 567 1 1 0 1999.01 0.660 0.018 0.179
3367 567 588 1 1 0 2506.40 0.872 0.015 0.229
3368 588 567 1 1 0 2506.40 0.872 0.015 0.229
3369 568 569 1 1 0 1511.75 0.457 0.015 0.126
3370 569 568 1 1 0 1511.75 0.457 0.015 0.126
3371 568 587 1 1 0 2506.40 0.872 0.018 0.232
3372 587 568 1 1 0 2506.40 0.872 0.018 0.232
3373 568 588 1 1 0 1999.01 0.660 0.015 0.176
3374 588 568 1 1 0 1999.01 0.660 0.015 0.176
3375 568 589 1 1 0 2506.40 0.872 0.018 0.232
3376 589 568 1 1 0 2506.40 0.872 0.018 0.232
3377 569 570 1 1 0 1511.75 0.457 0.021 0.130
3378 570 569 1 1 0 1511.75 0.457 0.021 0.130
3379 569 588 1 1 0 2506.40 0.872 0.018 0.232
3380 588 569 1 1 0 2506.40 0.872 0.018 0.232
3381 569 589 1 1 0 1999.01 0.660 0.021 0.181
3382 589 569 1 1 0 1999.01 0.660 0.021 0.181
3383 569 590 1 1 0 2506.40 0.872 0.021 0.234
3384 590 569 1 1 0 2506.40 0.872 0.021 0.234
3385 570 571 1 1 0 1511.75 0.457 0.018 0.128
3386 571 570 1 1 0 1511.75 0.457 0.018 0.128
3387 570 589 1 1 0 2506.40 0.872 0.024 0.236
3388 589 570 1 1 0 2506.40 0.872 0.024 0.236
3389 570 590 1 1 0 1999.01 0.660 0.024 0.183
3390 590 570 1 1 0 1999.01 0.660 0.024 0.183
3391 571 572 1 1 0 1511.75 0.457 0.012 0.123
3392 572 571 1 1 0 1511.75 0.457 0.012 0.123
3393 571 590 1 1 0 2506.40 0.872 0.018 0.232
3394 590 571 1 1 0 2506.40 0.872 0.018 0.232
3395 571 591 1 1 0 1999.01 0.660 0.012 0.174
3396 591 571 1 1 0 1999.01 0.660 0.012 0.174
3397 571 592 1 1 0 2506.40 0.872 0.015 0.229
3398 592 571 1 1 0 2506.40 0.872 0.015 0.229
3399 572 573 1 1 0 1511.75 0.457 0.012 0.123
3400 573 572 1 1 0 1511.75 0.457 0.012 0.123
3401 572 591 1 1 0 2506.40 0.872 0.012 0.227
3402 591 572 1 1 0 2506.40 0.872 0.012 0.227
3403 572 592 1 1 0 1999.01 0.660 0.015 0.176
3404 592 572 1 1 0 1999.01 0.660 0.015 0.176
3405 572 593 1 1 0 2506.40 0.872 0.015 0.229
3406 593 572 1 1 0 2506.40 0.872 0.015 0.229
3407 573 574 1 1 0 1511.75 0.457 0.018 0.128
3408 574 573 1 1 0 1511.75 0.457 0.018 0.128
3409 573 592 1 1 0 2506.40 0.872 0.015 0.229
3410 592 573 1 1 0 2506.40 0.872 0.015 0.229
3411 573 593 1 1 0 1999.01 0.660 0.015 0.176
3412 593 573 1 1 0 1999.01 0.660 0.015 0.176
3413 573 594 1 1 0 2506.40 0.872 0.015 0.229
3414 594 573 1 1 0 2506.40 0.872 0.015 0.229
3415 574 575 1 1 0 1511.75 0.457 0.108 0.196
3416 575 574 1 1 0 1511.75 0.457 0.108 0.196
3417 574 593 1 1 0 2506.40 0.872 0.021 0.234
3418 593 574 1 1 0 2506.40 0.872 0.021 0.234
3419 574 594 1 1 0 1999.01 0.660 0.021 0.181
3420 594 574 1 1 0 1999.01 0.660 0.021 0.181
3421 574 595 1 1 0 2506.40 0.872 0.105 0.297
3422 595 574 1 1 0 2506.40 0.872 0.105 0.297
3423 575 576 1 1 0 1511.75 0.457 0.169 0.241
3424 576 575 1 1 0 1511.75 0.457 0.169 0.241
3425 575 594 1 1 0 2506.40 0.872 0.105 0.297
3426 594 575 1 1 0 2506.40 0.872 0.105 0.297
3427 575 595 1 1 0 1999.01 0.660 0.190 0.307
3428 595 575 1 1 0 1999.01 0.660 0.190 0.307
3429 575 596 1 1 0 2506.40 0.872 0.105 0.297
3430 596 575 1 1 0 2506.40 0.872 0.105 0.297
3431 576 595 1 1 0 2506.40 0.872 0.166 0.342
3432 595 576 1 1 0 2506.40 0.872 0.166 0.342
3433 576 596 1 1 0 1999.01 0.660 0.081 0.226
3434 596 576 1 1 0 1999.01 0.660 0.081 0.226
3435 576 597 1 1 0 2506.40 0.872 0.081 0.279
3436 597 576 1 1 0 2506.40 0.872 0.081 0.279
3437 577 596 1 1 0 2506.40 0.872 0.099 0.292
3438 596 577 1 1 0 2506.40 0.872 0.099 0.292
3439 577 597 1 1 0 1999.01 0.660 0.099 0.240
3440 597 577 1 1 0 1999.01 0.660 0.099 0.240
3441 578 579 1 1 0 1511.75 0.457 0.129 0.211
3442 579 578 1 1 0 1511.75 0.457 0.129 0.211
3443 578 597 1 1 0 2506.40 0.872 0.069 0.270
3444 597 578 1 1 0 2506.40 0.872 0.069 0.270
3445 578 599 1 1 0 2506.40 0.872 0.160 0.338
3446 599 578 1 1 0 2506.40 0.872 0.160 0.338
3447 579 580 1 1 0 1511.75 0.457 0.135 0.216
3448 580 579 1 1 0 1511.75 0.457 0.135 0.216
3449 579 598 1 1 0 2506.40 0.872 0.075 0.274
3450 598 579 1 1 0 2506.40 0.872 0.075 0.274
3451 579 599 1 1 0 1999.01 0.660 0.169 0.291
3452 599 579 1 1 0 1999.01 0.660 0.169 0.291
3453 579 600 1 1 0 2506.40 0.872 0.166 0.342
3454 600 579 1 1 0 2506.40 0.872 0.166 0.342
3455 580 599 1 1 0 2506.40 0.872 0.166 0.342
3456 599 580 1 1 0 2506.40 0.872 0.166 0.342
3457 580 600 1 1 0 1999.01 0.660 0.163 0.287
3458 600 580 1 1 0 1999.01 0.660 0.163 0.287
3459 580 601 1 1 0 2506.40 0.872 0.181 0.353
3460 601 580 1 1 0 2506.40 0.872 0.181 0.353
3461 581 582 1 1 0 1511.75 0.457 0.205 0.268
3462 582 581 1 1 0 1511.75 0.457 0.205 0.268
3463 582 583 1 1 0 1511.75 0.457 0.211 0.272
3464 583 582 1 1 0 1511.75 0.457 0.211 0.272
3465 583 584 1 1 0 1511.75 0.457 0.163 0.236
3466 584 583 1 1 0 1511.75 0.457 0.163 0.236
3467 585 586 1 1 0 1512.17 0.457 0.060 0.159
3468 586 585 1 1 0 1512.17 0.457 0.060 0.159
3469 586 587 1 1 0 1512.17 0.457 0.042 0.146
3470 587 586 1 1 0 1512.17 0.457 0.042 0.146
3471 586 608 1 1 0 2506.65 0.872 0.039 0.247
3472 608 586 1 1 0 2506.65 0.872 0.039 0.247
3473 587 588 1 1 0 1512.17 0.457 0.021 0.130
3474 588 587 1 1 0 1512.17 0.457 0.021 0.130
3475 587 608 1 1 0 1999.00 0.660 0.021 0.181
3476 608 587 1 1 0 1999.00 0.660 0.021 0.181
3477 587 609 1 1 0 2506.65 0.872 0.021 0.234
3478 609 587 1 1 0 2506.65 0.872 0.021 0.234
3479 588 589 1 1 0 1512.17 0.457 0.021 0.130
3480 589 588 1 1 0 1512.17 0.457 0.021 0.130
3481 588 608 1 1 0 2506.65 0.872 0.018 0.232
3482 608 588 1 1 0 2506.65 0.872 0.018 0.232
3483 588 609 1 1 0 1999.00 0.660 0.018 0.179
3484 609 588 1 1 0 1999.00 0.660 0.018 0.179
3485 588 610 1 1 0 2506.65 0.872 0.015 0.229
3486 610 588 1 1 0 2506.65 0.872 0.015 0.229
3487 589 590 1 1 0 1512.17 0.457 0.024 0.132
3488 590 589 1 1 0 1512.17 0.457 0.024 0.132
3489 589 609 1 1 0 2506.65 0.872 0.021 0.234
3490 609 589 1 1 0 2506.65 0.872 0.021 0.234
3491 589 610 1 1 0 1999.00 0.660 0.018 0.179
3492 610 589 1 1 0 1999.00 0.660 0.018 0.179
3493 589 611 1 1 0 2506.65 0.872 0.021 0.234
3494 611 589 1 1 0 2506.65 0.872 0.021 0.234
3495 590 591 1 1 0 1512.17 0.457 0.018 0.128
3496 591 590 1 1 0 1512.17 0.457 0.018 0.128
3497 590 610 1 1 0 2506.65 0.872 0.018 0.232
3498 610 590 1 1 0 2506.65 0.872 0.018 0.232
3499 590 611 1 1 0 1999.00 0.660 0.021 0.181
3500 611 590 1 1 0 1999.00 0.660 0.021 0.181
3501 590 612 1 1 0 2506.65 0.872 0.021 0.234
3502 612 590 1 1 0 2506.65 0.872 0.021 0.234
3503 591 592 1 1 0 1512.17 0.457 0.015 0.126
3504 592 591 1 1 0 1512.17 0.457 0.015 0.126
3505 591 611 1 1 0 2506.65 0.872 0.015 0.229
3506 611 591 1 1 0 2506.65 0.872 0.015 0.229
3507 591 612 1 1 0 1999.00 0.660 0.015 0.176
3508 612 591 1 1 0 1999.00 0.660 0.015 0.176
3509 591 613 1 1 0 2506.65 0.872 0.018 0.232
3510 613 591 1 1 0 2506.65 0.872 0.018 0.232
3511 592 593 1 1 0 1512.17 0.457 0.018 0.128
3512 593 592 1 1 0 1512.17 0.457 0.018 0.128
3513 592 612 1 1 0 2506.65 0.872 0.018 0.232
3514 612 592 1 1 0 2506.65 0.872 0.018 0.232
3515 592 613 1 1 0 1999.00 0.660 0.021 0.181
3516 613 592 1 1 0 1999.00 0.660 0.021 0.181
3517 592 614 1 1 0 2506.65 0.872 0.015 0.229
3518 614 592 1 1 0 2506.65 0.872 0.015 0.229
3519 593 594 1 1 0 1512.17 0.457 0.018 0.128
3520 594 593 1 1 0 1512.17 0.457 0.018 0.128
3521 593 613 1 1 0 2506.65 0.872 0.021 0.234
3522 613 593 1 1 0 2506.65 0.872 0.021 0.234
3523 593 614 1 1 0 1999.00 0.660 0.015 0.176
3524 614 593 1 1 0 1999.00 0.660 0.015 0.176
3525 593 615 1 1 0 2506.65 0.872 0.018 0.232
3526 615 593 1 1 0 2506.65 0.872 0.018 0.232
3527 594 595 1 1 0 1512.17 0.457 0.102 0.191
3528 595 594 1 1 0 1512.17 0.457 0.102 0.191
3529 594 614 1 1 0 2506.65 0.872 0.015 0.229
3530 614 594 1 1 0 2506.65 0.872 0.015 0.229
3531 594 615 1 1 0 1999.00 0.660 0.018 0.179
3532 615 594 1 1 0 1999.00 0.660 0.018 0.179
3533 594 616 1 1 0 2506.65 0.872 0.018 0.232
3534 616 594 1 1 0 2506.65 0.872 0.018 0.232
3535 595 596 1 1 0 1512.17 0.457 0.102 0.191
3536 596 595 1 1 0 1512.17 0.457 0.102 0.191
3537 595 615 1 1 0 2506.65 0.872 0.102 0.295
3538 615 595 1 1 0 2506.65 0.872 0.102 0.295
3539 595 616 1 1 0 1999.00 0.660 0.102 0.242
3540 616 595 1 1 0 1999.00 0.660 0.102 0.242
3541 595 617 1 1 0 2506.65 0.872 0.099 0.292
3542 617 595 1 1 0 2506.65 0.872 0.099 0.292
3543 596 597 1 1 0 1512.17 0.457 0.018 0.128
3544 597 596 1 1 0 1512.17 0.457 0.018 0.128
3545 596 616 1 1 0 2506.65 0.872 0.018 0.232
3546 616 596 1 1 0 2506.65 0.872 0.018 0.232
3547 596 617 1 1 0 1999.00 0.660 0.015 0.176
3548 617 596 1 1 0 1999.00 0.660 0.015 0.176
3549 596 618 1 1 0 2506.65 0.872 0.018 0.232
3550 618 596 1 1 0 2506.65 0.872 0.018 0.232
3551 598 599 1 1 0 1512.17 0.457 0.105 0.193
3552 599 598 1 1 0 1512.17 0.457 0.105 0.193
3553 599 600 1 1 0 1512.17 0.457 0.196 0.261
3554 600 599 1 1 0 1512.17 0.457 0.196 0.261
3555 599 619 1 1 0 1999.00 0.660 0.268 0.366
3556 619 599 1 1 0 1999.00 0.660 0.268 0.366
3557 599 620 1 1 0 2506.65 0.872 0.211 0.376
3558 620 599 1 1 0 2506.65 0.872 0.211 0.376
3559 600 619 1 1 0 2506.65 0.872 0.265 0.417
3560 619 600 1 1 0 2506.65 0.872 0.265 0.417
3561 600 620 1 1 0 1999.00 0.660 0.208 0.321
3562 620 600 1 1 0 1999.00 0.660 0.208 0.321
3563 600 621 1 1 0 2506.65 0.872 0.190 0.360
3564 621 600 1 1 0 2506.65 0.872 0.190 0.360
3565 601 602 1 1 0 1512.17 0.457 0.208 0.270
3566 602 601 1 1 0 1512.17 0.457 0.208 0.270
3567 601 620 1 1 0 2506.65 0.872 0.226 0.387
3568 620 601 1 1 0 2506.65 0.872 0.226 0.387
3569 601 621 1 1 0 1999.00 0.660 0.208 0.321
3570 621 601 1 1 0 1999.00 0.660 0.208 0.321
3571 602 603 1 1 0 1512.17 0.457 0.199 0.263
3572 603 602 1 1 0 1512.17 0.457 0.199 0.263
3573 602 621 1 1 0 2506.65 0.872 0.187 0.358
3574 621 602 1 1 0 2506.65 0.872 0.187 0.358
3575 602 622 1 1 0 2506.65 0.872 0.214 0.378
3576 622 602 1 1 0 2506.65 0.872 0.214 0.378
3577 603 604 1 1 0 1512.17 0.457 0.202 0.266
3578 604 603 1 1 0 1512.17 0.457 0.202 0.266
3579 603 622 1 1 0 1999.00 0.660 0.226 0.334
3580 622 603 1 1 0 1999.00 0.660 0.226 0.334
3581 603 623 1 1 0 2506.65 0.872 0.184 0.356
3582 623 603 1 1 0 2506.65 0.872 0.184 0.356
3583 604 605 1 1 0 1512.17 0.457 0.166 0.238
3584 605 604 1 1 0 1512.17 0.457 0.166 0.238
3585 604 622 1 1 0 2506.65 0.872 0.217 0.381
3586 622 604 1 1 0 2506.65 0.872 0.217 0.381
3587 604 623 1 1 0 1999.00 0.660 0.175 0.296
3588 623 604 1 1 0 1999.00 0.660 0.175 0.296
3589 604 624 1 1 0 2506.65 0.872 0.235 0.394
3590 624 604 1 1 0 2506.65 0.872 0.235 0.394
3591 605 623 1 1 0 2506.65 0.872 0.147 0.329
3592 623 605 1 1 0 2506.65 0.872 0.147 0.329
3593 606 625 1 1 0 1999.00 0.660 0.205 0.319
3594 625 606 1 1 0 1999.00 0.660 0.205 0.319
3595 608 609 1 1 0 1512.58 0.457 0.018 0.128
3596 609 608 1 1 0 1512.58 0.457 0.018 0.128
3597 609 610 1 1 0 1512.58 0.457 0.015 0.126
3598 610 609 1 1 0 1512.58 0.457 0.015 0.126
3599 609 626 1 1 0 2506.89 0.872 0.018 0.232
3600 626 609 1 1 0 2506.89 0.872 0.018 0.232
3601 610 611 1 1 0 1512.58 0.457 0.015 0.126
3602 611 610 1 1 0 1512.58 0.457 0.015 0.126
3603 610 626 1 1 0 1999.00 0.660 0.015 0.176
3604 626 610 1 1 0 1999.00 0.660 0.015 0.176
3605 610 627 1 1 0 2506.89 0.872 0.012 0.227
3606 627 610 1 1 0 2506.89 0.872 0.012 0.227
3607 611 612 1 1 0 1512.58 0.457 0.018 0.128
3608 612 611 1 1 0 1512.58 0.457 0.018 0.128
3609 611 626 1 1 0 2506.89 0.872 0.018 0.232
3610 626 611 1 1 0 2506.89 0.872 0.018 0.232
3611 611 627 1 1 0 1999.00 0.660 0.015 0.176
3612 627 611 1 1 0 1999.00 0.660 0.015 0.176
3613 611 628 1 1 0 2506.89 0.872 0.018 0.232
3614 628 611 1 1 0 2506.89 0.872 0.018 0.232
3615 612 613 1 1 0 1512.58 0.457 0.021 0.130
3616 613 612 1 1 0 1512.58 0.457 0.021 0.130
3617 612 627 1 1 0 2506.89 0.872 0.015 0.229
3618 627 612 1 1 0 2506.89 0.872 0.015 0.229
3619 612 628 1 1 0 1999.00 0.660 0.018 0.179
3620 628 612 1 1 0 1999.00 0.660 0.018 0.179
3621 612 629 1 1 0 2506.89 0.872 0.021 0.234
3622 629 612 1 1 0 2506.89 0.872 0.021 0.234
3623 613 614 1 1 0 1512.58 0.457 0.018 0.128
3624 614 613 1 1 0 1512.58 0.457 0.018 0.128
3625 613 628 1 1 0 2506.89 0.872 0.021 0.234
3626 628 613 1 1 0 2506.89 0.872 0.021 0.234
3627 613 629 1 1 0 1999.00 0.660 0.024 0.183
3628 629 613 1 1 0 1999.00 0.660 0.024 0.183
3629 613 630 1 1 0 2506.89 0.872 0.024 0.236
3630 630 613 1 1 0 2506.89 0.872 0.024 0.236
3631 614 615 1 1 0 1512.58 0.457 0.015 0.126
3632 615 614 1 1 0 1512.58 0.457 0.015 0.126
3633 614 629 1 1 0 2506.89 0.872 0.018 0.232
3634 629 614 1 1 0 2506.89 0.872 0.018 0.232
3635 614 630 1 1 0 1999.00 0.660 0.018 0.179
3636 630 614 1 1 0 1999.00 0.660 0.018 0.179
3637 614 631 1 1 0 2506.89 0.872 0.018 0.232
3638 631 614 1 1 0 2506.89 0.872 0.018 0.232
3639 615 616 1 1 0 1512.58 0.457 0.018 0.128
3640 616 615 1 1 0 1512.58 0.457 0.018 0.128
3641 615 630 1 1 0 2506.89 0.872 0.021 0.234
3642 630 615 1 1 0 2506.89 0.872 0.021 0.234
3643 615 631 1 1 0 1999.00 0.660 0.021 0.181
3644 631 615 1 1 0 1999.00 0.660 0.021 0.181
3645 615 632 1 1 0 2506.89 0.872 0.018 0.232
3646 632 615 1 1 0 2506.89 0.872 0.018 0.232
3647 616 617 1 1 0 1512.58 0.457 0.015 0.126
3648 617 616 1 1 0 1512.58 0.457 0.015 0.126
3649 616 631 1 1 0 2506.89 0.872 0.021 0.234
3650 631 616 1 1 0 2506.89 0.872 0.021 0.234
3651 616 632 1 1 0 1999.00 0.660 0.018 0.179
3652 632 616 1 1 0 1999.00 0.660 0.018 0.179
3653 617 618 1 1 0 1512.58 0.457 0.015 0.126
3654 618 617 1 1 0 1512.58 0.457 0.015 0.126
3655 617 632 1 1 0 2506.89 0.872 0.015 0.229
3656 632 617 1 1 0 2506.89 0.872 0.015 0.229
3657 617 633 1 1 0 1999.00 0.660 0.015 0.176
3658 633 617 1 1 0 1999.00 0.660 0.015 0.176
3659 617 634 1 1 0 2506.89 0.872 0.012 0.227
3660 634 617 1 1 0 2506.89 0.872 0.012 0.227
3661 618 633 1 1 0 2506.89 0.872 0.018 0.232
3662 633 618 1 1 0 2506.89 0.872 0.018 0.232
3663 618 634 1 1 0 1999.00 0.660 0.015 0.176
3664 634 618 1 1 0 1999.00 0.660 0.015 0.176
3665 618 635 1 1 0 2506.89 0.872 0.018 0.232
3666 635 618 1 1 0 2506.89 0.872 0.018 0.232
3667 619 620 1 1 0 1512.58 0.457 0.280 0.324
3668 620 619 1 1 0 1512.58 0.457 0.280 0.324
3669 619 637 1 1 0 2506.89 0.872 0.394 0.514
3670 637 619 1 1 0 2506.89 0.872 0.394 0.514
3671 620 621 1 1 0 1512.58 0.457 0.205 0.268
3672 621 620 1 1 0 1512.58 0.457 0.205 0.268
3673 620 636 1 1 0 2506.89 0.872 0.250 0.405
3674 636 620 1 1 0 2506.89 0.872 0.250 0.405
3675 620 637 1 1 0 1999.00 0.660 0.337 0.418
3676 637 620 1 1 0 1999.00 0.660 0.337 0.418
3677 620 638 1 1 0 2506.89 0.872 0.274 0.423
3678 638 620 1 1 0 2506.89 0.872 0.274 0.423
3679 621 637 1 1 0 2506.89 0.872 0.319 0.457
3680 637 621 1 1 0 2506.89 0.872 0.319 0.457
3681 621 638 1 1 0 1999.00 0.660 0.256 0.357
3682 638 621 1 1 0 1999.00 0.660 0.256 0.357
3683 621 639 1 1 0 2506.89 0.872 0.223 0.385
3684 639 621 1 1 0 2506.89 0.872 0.223 0.385
3685 622 623 1 1 0 1512.58 0.457 0.199 0.263
3686 623 622 1 1 0 1512.58 0.457 0.199 0.263
3687 622 640 1 1 0 1999.00 0.660 0.611 0.623
3688 640 622 1 1 0 1999.00 0.660 0.611 0.623
3689 622 641 1 1 0 2506.89 0.872 0.202 0.369
3690 641 622 1 1 0 2506.89 0.872 0.202 0.369
3691 623 624 1 1 0 1512.58 0.457 0.217 0.277
3692 624 623 1 1 0 1512.58 0.457 0.217 0.277
3693 623 640 1 1 0 2506.89 0.872 0.569 0.645
3694 640 623 1 1 0 2506.89 0.872 0.569 0.645
3695 623 641 1 1 0 1999.00 0.660 0.160 0.285
3696 641 623 1 1 0 1999.00 0.660 0.160 0.285
3697 623 642 1 1 0 2506.89 0.872 0.193 0.363
3698 642 623 1 1 0 2506.89 0.872 0.193 0.363
3699 624 641 1 1 0 2506.89 0.872 0.220 0.383
3700 641 624 1 1 0 2506.89 0.872 0.220 0.383
3701 625 642 1 1 0 2506.89 0.872 0.190 0.360
3702 642 625 1 1 0 2506.89 0.872 0.190 0.360
3703 626 627 1 1 0 1512.99 0.458 0.015 0.126
3704 627 626 1 1 0 1512.99 0.458 0.015 0.126
3705 627 628 1 1 0 1512.99 0.458 0.015 0.126
3706 628 627 1 1 0 1512.99 0.458 0.015 0.126
3707 627 644 1 1 0 2507.13 0.872 0.012 0.227
3708 644 627 1 1 0 2507.13 0.872 0.012 0.227
3709 628 629 1 1 0 1512.99 0.458 0.021 0.130
3710 629 628 1 1 0 1512.99 0.458 0.021 0.130
3711 628 644 1 1 0 1998.99 0.660 0.015 0.176
3712 644 628 1 1 0 1998.99 0.660 0.015 0.176
3713 628 645 1 1 0 2507.13 0.872 0.018 0.232
3714 645 628 1 1 0 2507.13 0.872 0.018 0.232
3715 629 644 1 1 0 2507.13 0.872 0.018 0.232
3716 644 629 1 1 0 2507.13 0.872 0.018 0.232
3717 629 645 1 1 0 1998.99 0.660 0.021 0.181
3718 645 629 1 1 0 1998.99 0.660 0.021 0.181
3719 629 646 1 1 0 2507.13 0.872 0.024 0.236
3720 646 629 1 1 0 2507.13 0.872 0.024 0.236
3721 630 631 1 1 0 1512.99 0.458 0.024 0.132
3722 631 630 1 1 0 1512.99 0.458 0.024 0.132
3723 630 645 1 1 0 2507.13 0.872 0.021 0.234
3724 645 630 1 1 0 2507.13 0.872 0.021 0.234
3725 630 646 1 1 0 1998.99 0.660 0.024 0.183
3726 646 630 1 1 0 1998.99 0.660 0.024 0.183
3727 630 647 1 1 0 2507.13 0.872 0.018 0.232
3728 647 630 1 1 0 2507.13 0.872 0.018 0.232
3729 631 632 1 1 0 1512.99 0.458 0.021 0.130
3730 632 631 1 1 0 1512.99 0.458 0.021 0.130
3731 631 646 1 1 0 2507.13 0.872 0.024 0.236
3732 646 631 1 1 0 2507.13 0.872 0.024 0.236
3733 631 647 1 1 0 1998.99 0.660 0.018 0.179
3734 647 631 1 1 0 1998.99 0.660 0.018 0.179
3735 631 648 1 1 0 2507.13 0.872 0.021 0.234
3736 648 631 1 1 0 2507.13 0.872 0.021 0.234
3737 632 647 1 1 0 2507.13 0.872 0.015 0.229
3738 647 632 1 1 0 2507.13 0.872 0.015 0.229
3739 632 648 1 1 0 1998.99 0.660 0.018 0.179
3740 648 632 1 1 0 1998.99 0.660 0.018 0.179
3741 632 649 1 1 0 2507.13 0.872 0.018 0.232
3742 649 632 1 1 0 2507.13 0.872 0.018 0.232
3743 633 634 1 1 0 1512.99 0.458 0.015 0.126
3744 634 633 1 1 0 1512.99 0.458 0.015 0.126
3745 633 648 1 1 0 2507.13 0.872 0.018 0.232
3746 648 633 1 1 0 2507.13 0.872 0.018 0.232
3747 633 649 1 1 0 1998.99 0.660 0.018 0.179
3748 649 633 1 1 0 1998.99 0.660 0.018 0.179
3749 633 650 1 1 0 2507.13 0.872 0.015 0.229
3750 650 633 1 1 0 2507.13 0.872 0.015 0.229
3751 634 635 1 1 0 1512.99 0.458 0.015 0.126
3752 635 634 1 1 0 1512.99 0.458 0.015 0.126
3753 634 649 1 1 0 2507.13 0.872 0.015 0.229
3754 649 634 1 1 0 2507.13 0.872 0.015 0.229
3755 634 650 1 1 0 1998.99 0.660 0.012 0.174
3756 650 634 1 1 0 1998.99 0.660 0.012 0.174
3757 635 636 1 1 0 1512.99 0.458 0.147 0.225
3758 636 635 1 1 0 1512.99 0.458 0.147 0.225
3759 636 651 1 1 0 2507.13 0.872 0.147 0.329
3760 651 636 1 1 0 2507.13 0.872 0.147 0.329
3761 637 638 1 1 0 1512.99 0.458 0.388 0.406
3762 638 637 1 1 0 1512.99 0.458 0.388 0.406
3763 637 652 1 1 0 2507.13 0.872 0.497 0.591
3764 652 637 1 1 0 2507.13 0.872 0.497 0.591
3765 637 653 1 1 0 1998.99 0.660 0.403 0.468
3766 653 637 1 1 0 1998.99 0.660 0.403 0.468
3767 637 654 1 1 0 2507.13 0.872 0.436 0.545
3768 654 637 1 1 0 2507.13 0.872 0.436 0.545
3769 638 639 1 1 0 1512.99 0.458 0.292 0.333
3770 639 638 1 1 0 1512.99 0.458 0.292 0.333
3771 638 653 1 1 0 2507.13 0.872 0.340 0.473
3772 653 638 1 1 0 2507.13 0.872 0.340 0.473
3773 638 654 1 1 0 1998.99 0.660 0.373 0.445
3774 654 638 1 1 0 1998.99 0.660 0.373 0.445
3775 639 640 1 1 0 1512.99 0.458 0.620 0.579
3776 640 639 1 1 0 1512.99 0.458 0.620 0.579
3777 640 641 1 1 0 1512.99 0.458 0.572 0.543
3778 641 640 1 1 0 1512.99 0.458 0.572 0.543
3779 640 655 1 1 0 1998.99 0.660 0.831 0.788
3780 655 640 1 1 0 1998.99 0.660 0.831 0.788
3781 640 656 1 1 0 2507.13 0.872 0.813 0.828
3782 656 640 1 1 0 2507.13 0.872 0.813 0.828
3783 641 655 1 1 0 2507.13 0.872 0.421 0.534
3784 655 641 1 1 0 2507.13 0.872 0.421 0.534
3785 641 656 1 1 0 1998.99 0.660 0.403 0.468
3786 656 641 1 1 0 1998.99 0.660 0.403 0.468
3787 641 657 1 1 0 2507.13 0.872 0.527 0.613
3788 657 641 1 1 0 2507.13 0.872 0.527 0.613
3789 642 643 1 1 0 1512.99 0.458 0.214 0.275
3790 643 642 1 1 0 1512.99 0.458 0.214 0.275
3791 644 645 1 1 0 1513.40 0.458 0.015 0.126
3792 645 644 1 1 0 1513.40 0.458 0.015 0.126
3793 645 646 1 1 0 1513.40 0.458 0.021 0.130
3794 646 645 1 1 0 1513.40 0.458 0.021 0.130
3795 646 647 1 1 0 1513.40 0.458 0.018 0.128
3796 647 646 1 1 0 1513.40 0.458 0.018 0.128
3797 646 658 1 1 0 2507.38 0.872 0.024 0.236
3798 658 646 1 1 0 2507.38 0.872 0.024 0.236
3799 647 648 1 1 0 1513.40 0.458 0.015 0.126
3800 648 647 1 1 0 1513.40 0.458 0.015 0.126
3801 647 658 1 1 0 1998.98 0.660 0.018 0.179
3802 658 647 1 1 0 1998.98 0.660 0.018 0.179
3803 647 659 1 1 0 2507.38 0.872 0.015 0.229
3804 659 647 1 1 0 2507.38 0.872 0.015 0.229
3805 648 649 1 1 0 1513.40 0.458 0.018 0.128
3806 649 648 1 1 0 1513.40 0.458 0.018 0.128
3807 648 658 1 1 0 2507.38 0.872 0.021 0.234
3808 658 648 1 1 0 2507.38 0.872 0.021 0.234
3809 648 659 1 1 0 1998.98 0.660 0.018 0.179
3810 659 648 1 1 0 1998.98 0.660 0.018 0.179
3811 648 660 1 1 0 2507.38 0.872 0.021 0.234
3812 660 648 1 1 0 2507.38 0.872 0.021 0.234
3813 649 650 1 1 0 1513.40 0.458 0.015 0.126
3814 650 649 1 1 0 1513.40 0.458 0.015 0.126
3815 649 659 1 1 0 2507.38 0.872 0.018 0.232
3816 659 649 1 1 0 2507.38 0.872 0.018 0.232
3817 649 660 1 1 0 1998.98 0.660 0.021 0.181
3818 660 649 1 1 0 1998.98 0.660 0.021 0.181
3819 649 661 1 1 0 2507.38 0.872 0.018 0.232
3820 661 649 1 1 0 2507.38 0.872 0.018 0.232
3821 650 660 1 1 0 2507.38 0.872 0.018 0.232
3822 660 650 1 1 0 2507.38 0.872 0.018 0.232
3823 651 652 1 1 0 1513.40 0.458 0.280 0.324
3824 652 651 1 1 0 1513.40 0.458 0.280 0.324
3825 652 653 1 1 0 1513.40 0.458 0.448 0.451
3826 653 652 1 1 0 1513.40 0.458 0.448 0.451
3827 652 662 1 1 0 2507.38 0.872 0.280 0.428
3828 662 652 1 1 0 2507.38 0.872 0.280 0.428
3829 652 663 1 1 0 1998.98 0.660 0.461 0.510
3830 663 652 1 1 0 1998.98 0.660 0.461 0.510
3831 652 664 1 1 0 2507.38 0.872 0.512 0.602
3832 664 652 1 1 0 2507.38 0.872 0.512 0.602
3833 653 654 1 1 0 1513.40 0.458 0.388 0.406
3834 654 653 1 1 0 1513.40 0.458 0.388 0.406
3835 653 663 1 1 0 2507.38 0.872 0.367 0.493
3836 663 653 1 1 0 2507.38 0.872 0.367 0.493
3837 653 664 1 1 0 1998.98 0.660 0.418 0.479
3838 664 653 1 1 0 1998.98 0.660 0.418 0.479
3839 653 665 1 1 0 2507.38 0.872 0.325 0.462
3840 665 653 1 1 0 2507.38 0.872 0.325 0.462
3841 654 664 1 1 0 2507.38 0.872 0.452 0.557
3842 664 654 1 1 0 2507.38 0.872 0.452 0.557
3843 654 665 1 1 0 1998.98 0.660 0.358 0.434
3844 665 654 1 1 0 1998.98 0.660 0.358 0.434
3845 654 666 1 1 0 2507.38 0.872 0.671 0.722
3846 666 654 1 1 0 2507.38 0.872 0.671 0.722
3847 655 656 1 1 0 1513.40 0.458 0.662 0.611
3848 656 655 1 1 0 1513.40 0.458 0.662 0.611
3849 655 668 1 1 0 2507.38 0.872 0.593 0.663
3850 668 655 1 1 0 2507.38 0.872 0.593 0.663
3851 656 657 1 1 0 1513.40 0.458 0.768 0.690
3852 657 656 1 1 0 1513.40 0.458 0.768 0.690
3853 656 667 1 1 0 2507.38 0.872 0.804 0.821
3854 667 656 1 1 0 2507.38 0.872 0.804 0.821
3855 656 668 1 1 0 1998.98 0.660 0.575 0.596
3856 668 656 1 1 0 1998.98 0.660 0.575 0.596
3857 657 669 1 1 0 1998.98 0.660 0.831 0.788
3858 669 657 1 1 0 1998.98 0.660 0.831 0.788
3859 658 659 1 1 0 1513.82 0.458 0.021 0.130
3860 659 658 1 1 0 1513.82 0.458 0.021 0.130
3861 659 660 1 1 0 1513.82 0.458 0.021 0.130
3862 660 659 1 1 0 1513.82 0.458 0.021 0.130
3863 659 670 1 1 0 2507.62 0.872 0.018 0.232
3864 670 659 1 1 0 2507.62 0.872 0.018 0.232
3865 660 661 1 1 0 1513.82 0.458 0.021 0.130
3866 661 660 1 1 0 1513.82 0.458 0.021 0.130
3867 660 670 1 1 0 1998.98 0.660 0.021 0.181
3868 670 660 1 1 0 1998.98 0.660 0.021 0.181
3869 660 671 1 1 0 2507.62 0.872 0.024 0.236
3870 671 660 1 1 0 2507.62 0.872 0.024 0.236
3871 661 670 1 1 0 2507.62 0.872 0.018 0.232
3872 670 661 1 1 0 2507.62 0.872 0.018 0.232
3873 661 671 1 1 0 1998.98 0.660 0.021 0.181
3874 671 661 1 1 0 1998.98 0.660 0.021 0.181
3875 662 663 1 1 0 1513.82 0.458 0.199 0.263
3876 663 662 1 1 0 1513.82 0.458 0.199 0.263
3877 662 673 1 1 0 2507.62 0.872 0.096 0.290
3878 673 662 1 1 0 2507.62 0.872 0.096 0.290
3879 663 664 1 1 0 1513.82 0.458 0.430 0.437
3880 664 663 1 1 0 1513.82 0.458 0.430 0.437
3881 663 672 1 1 0 2507.62 0.872 0.199 0.367
3882 672 663 1 1 0 2507.62 0.872 0.199 0.367
3883 663 673 1 1 0 1998.98 0.660 0.277 0.373
3884 673 663 1 1 0 1998.98 0.660 0.277 0.373
3885 663 674 1 1 0 2507.62 0.872 0.304 0.446
3886 674 663 1 1 0 2507.62 0.872 0.304 0.446
3887 664 665 1 1 0 1513.82 0.458 0.388 0.406
3888 665 664 1 1 0 1513.82 0.458 0.388 0.406
3889 664 673 1 1 0 2507.62 0.872 0.328 0.464
3890 673 664 1 1 0 2507.62 0.872 0.328 0.464
3891 664 674 1 1 0 1998.98 0.660 0.355 0.431
3892 674 664 1 1 0 1998.98 0.660 0.355 0.431
3893 664 675 1 1 0 2507.62 0.872 0.352 0.482
3894 675 664 1 1 0 2507.62 0.872 0.352 0.482
3895 665 666 1 1 0 1513.82 0.458 0.608 0.571
3896 666 665 1 1 0 1513.82 0.458 0.608 0.571
3897 665 674 1 1 0 2507.62 0.872 0.262 0.415
3898 674 665 1 1 0 2507.62 0.872 0.262 0.415
3899 665 676 1 1 0 2507.62 0.872 0.400 0.518
3900 676 665 1 1 0 2507.62 0.872 0.400 0.518
3901 666 675 1 1 0 2507.62 0.872 0.572 0.647
3902 675 666 1 1 0 2507.62 0.872 0.572 0.647
3903 666 676 1 1 0 1998.98 0.660 0.713 0.700
3904 676 666 1 1 0 1998.98 0.660 0.713 0.700
3905 666 677 1 1 0 2507.62 0.872 0.879 0.877
3906 677 666 1 1 0 2507.62 0.872 0.879 0.877
3907 667 668 1 1 0 1513.82 0.458 0.734 0.665
3908 668 667 1 1 0 1513.82 0.458 0.734 0.665
3909 667 676 1 1 0 2507.62 0.872 0.734 0.769
3910 676 667 1 1 0 2507.62 0.872 0.734 0.769
3911 667 677 1 1 0 1998.98 0.660 0.900 0.840
3912 677 667 1 1 0 1998.98 0.660 0.900 0.840
3913 667 678 1 1 0 2507.62 0.872 0.780 0.803
3914 678 667 1 1 0 2507.62 0.872 0.780 0.803
3915 668 669 1 1 0 1513.82 0.458 0.638 0.593
3916 669 668 1 1 0 1513.82 0.458 0.638 0.593
3917 668 677 1 1 0 2507.62 0.872 0.671 0.722
3918 677 668 1 1 0 2507.62 0.872 0.671 0.722
3919 668 678 1 1 0 1998.98 0.660 0.551 0.578
3920 678 668 1 1 0 1998.98 0.660 0.551 0.578
3921 669 678 1 1 0 2507.62 0.872 0.683 0.731
3922 678 669 1 1 0 2507.62 0.872 0.683 0.731
3923 670 671 1 1 0 1514.23 0.458 0.021 0.130
3924 671 670 1 1 0 1514.23 0.458 0.021 0.130
3925 671 672 1 1 0 1514.23 0.458 0.021 0.130
3926 672 671 1 1 0 1514.23 0.458 0.021 0.130
3927 672 673 1 1 0 1514.23 0.458 0.096 0.187
3928 673 672 1 1 0 1514.23 0.458 0.096 0.187
3929 674 675 1 1 0 1514.23 0.458 0.226 0.284
3930 675 674 1 1 0 1514.23 0.458 0.226 0.284
3931 676 677 1 1 0 1514.23 0.458 0.671 0.618
3932 677 676 1 1 0 1514.23 0.458 0.671 0.618
3933 677 678 1 1 0 1514.23 0.458 0.716 0.652
3934 678 677 1 1 0 1514.23 0.458 0.716 0.652
3935 1 164 2 2 0 2658.29 0.935 0.115 0.320
3936 164 1 2 2 0 2658.29 0.935 0.115 0.320
3937 1 165 2 2 0 1363.76 0.395 0.099 0.173
3938 165 1 2 2 0 1363.76 0.395 0.099 0.173
3939 1 166 2 2 0 1092.96 0.282 0.120 0.161
3940 166 1 2 2 0 1092.96 0.282 0.120 0.161
3941 1 167 2 2 0 2251.82 0.766 0.104 0.270
3942 167 1 2 2 0 2251.82 0.766 0.104 0.270
3943 1 193 2 2 0 2692.37 0.949 0.083 0.300
3944 193 1 2 2 0 2692.37 0.949 0.083 0.300
3945 1 194 2 2 0 1428.55 0.422 0.075 0.162
3946 194 1 2 2 0 1428.55 0.422 0.075 0.162
3947 1 195 2 2 0 1172.73 0.316 0.107 0.159
3948 195 1 2 2 0 1172.73 0.316 0.107 0.159
3949 1 196 2 2 0 2291.83 0.782 0.080 0.256
3950 196 1 2 2 0 2291.83 0.782 0.080 0.256
3951 2 11 2 2 0 2182.36 0.737 0.000 0.184
3952 11 2 2 2 0 2182.36 0.737 0.000 0.184
3953 2 176 2 2 0 2684.44 0.946 0.008 0.243
3954 176 2 2 2 0 2684.44 0.946 0.008 0.243
3955 2 177 2 2 0 1633.53 0.508 0.008 0.133
3956 177 2 2 2 0 1633.53 0.508 0.008 0.133
3957 2 178 2 2 0 1634.73 0.508 0.008 0.133
3958 178 2 2 2 0 1634.73 0.508 0.008 0.133
3959 2 179 2 2 0 2686.63 0.947 0.008 0.243
3960 179 2 2 2 0 2686.63 0.947 0.008 0.243
3961 2 205 2 2 0 2325.16 0.796 0.008 0.205
3962 205 2 2 2 0 2325.16 0.796 0.008 0.205
3963 2 206 2 2 0 931.31 0.215 0.005 0.058
3964 206 2 2 2 0 931.31 0.215 0.005 0.058
3965 2 207 2 2 0 933.42 0.216 0.008 0.060
3966 207 2 2 2 0 933.42 0.216 0.008 0.060
3967 2 208 2 2 0 2327.70 0.797 0.008 0.205
3968 208 2 2 2 0 2327.70 0.797 0.008 0.205
3969 2 238 2 2 0 2656.86 0.935 0.005 0.238
3970 238 2 2 2 0 2656.86 0.935 0.005 0.238
3971 2 239 2 2 0 2657.60 0.935 0.019 0.248
3972 239 2 2 2 0 2657.60 0.935 0.019 0.248
3973 3 297 2 2 0 2449.74 0.848 0.078 0.270
3974 297 3 2 2 0 2449.74 0.848 0.078 0.270
3975 3 298 2 2 0 1409.14 0.414 0.094 0.174
3976 298 3 2 2 0 1409.14 0.414 0.094 0.174
3977 3 299 2 2 0 1587.99 0.489 0.005 0.126
3978 299 3 2 2 0 1587.99 0.489 0.005 0.126
3979 3 300 2 2 0 2758.50 0.977 0.008 0.250
3980 300 3 2 2 0 2758.50 0.977 0.008 0.250
3981 3 332 2 2 0 2204.10 0.746 0.016 0.198
3982 332 3 2 2 0 2204.10 0.746 0.016 0.198
3983 3 333 2 2 0 917.27 0.209 0.021 0.068
3984 333 3 2 2 0 917.27 0.209 0.021 0.068
3985 3 334 2 2 0 1173.70 0.316 0.008 0.085
3986 334 3 2 2 0 1173.70 0.316 0.008 0.085
3987 3 335 2 2 0 2542.95 0.887 0.024 0.240
3988 335 3 2 2 0 2542.95 0.887 0.024 0.240
3989 3 367 2 2 0 2773.00 0.983 0.029 0.268
3990 367 3 2 2 0 2773.00 0.983 0.029 0.268
3991 4 242 2 2 0 1915.33 0.625 0.008 0.162
3992 242 4 2 2 0 1915.33 0.625 0.008 0.162
3993 4 243 2 2 0 1835.65 0.592 0.008 0.154
3994 243 4 2 2 0 1835.65 0.592 0.008 0.154
3995 4 244 2 2 0 2760.00 0.978 0.008 0.250
3996 244 4 2 2 0 2760.00 0.978 0.008 0.250
3997 4 275 2 2 0 2378.16 0.818 0.005 0.209
3998 275 4 2 2 0 2378.16 0.818 0.005 0.209
3999 4 276 2 2 0 899.21 0.202 0.005 0.054
4000 276 4 2 2 0 899.21 0.202 0.005 0.054
4001 4 277 2 2 0 713.88 0.124 0.005 0.035
4002 277 4 2 2 0 713.88 0.124 0.005 0.035
4003 4 278 2 2 0 2181.47 0.736 0.005 0.188
4004 278 4 2 2 0 2181.47 0.736 0.005 0.188
4005 4 312 2 2 0 2437.46 0.843 0.005 0.215
4006 312 4 2 2 0 2437.46 0.843 0.005 0.215
4007 4 313 2 2 0 2375.32 0.817 0.008 0.210
4008 313 4 2 2 0 2375.32 0.817 0.008 0.210
4009 5 355 2 2 0 2436.31 0.843 0.008 0.217
4010 355 5 2 2 0 2436.31 0.843 0.008 0.217
4011 5 356 2 2 0 1606.94 0.497 0.005 0.128
4012 356 5 2 2 0 1606.94 0.497 0.005 0.128
4013 5 357 2 2 0 1945.05 0.638 0.054 0.200
4014 357 5 2 2 0 1945.05 0.638 0.054 0.200
4015 5 390 2 2 0 1915.25 0.625 0.008 0.162
4016 390 5 2 2 0 1915.25 0.625 0.008 0.162
4017 5 391 2 2 0 560.32 0.060 0.008 0.021
4018 391 5 2 2 0 560.32 0.060 0.008 0.021
4019 5 392 2 2 0 1230.96 0.340 0.011 0.093
4020 392 5 2 2 0 1230.96 0.340 0.011 0.093
4021 5 393 2 2 0 2696.68 0.951 0.080 0.298
4022 393 5 2 2 0 2696.68 0.951 0.080 0.298
4023 5 425 2 2 0 2457.24 0.851 0.008 0.219
4024 425 5 2 2 0 2457.24 0.851 0.008 0.219
4025 5 426 2 2 0 2690.66 0.949 0.008 0.243
4026 426 5 2 2 0 2690.66 0.949 0.008 0.243
4027 6 436 2 2 0 1643.21 0.512 0.045 0.162
4028 436 6 2 2 0 1643.21 0.512 0.045 0.162
4029 6 437 2 2 0 1070.54 0.273 0.067 0.118
4030 437 6 2 2 0 1070.54 0.273 0.067 0.118
4031 6 438 2 2 0 2037.07 0.676 0.072 0.223
4032 438 6 2 2 0 2037.07 0.676 0.072 0.223
4033 7 564 2 2 0 2647.61 0.931 0.021 0.249
4034 564 7 2 2 0 2647.61 0.931 0.021 0.249
4035 7 565 2 2 0 2493.69 0.867 0.021 0.233
4036 565 7 2 2 0 2493.69 0.867 0.021 0.233
4037 7 585 2 2 0 665.30 0.104 0.027 0.046
4038 585 7 2 2 0 665.30 0.104 0.027 0.046
4039 7 586 2 2 0 2055.40 0.684 0.027 0.191
4040 586 7 2 2 0 2055.40 0.684 0.027 0.191
4041 8 55 2 2 0 972.04 0.232 0.027 0.078
4042 55 8 2 2 0 972.04 0.232 0.027 0.078
4043 8 56 2 2 0 2260.93 0.770 0.099 0.267
4044 56 8 2 2 0 2260.93 0.770 0.099 0.267
4045 8 71 2 2 0 1410.39 0.415 0.088 0.170
4046 71 8 2 2 0 1410.39 0.415 0.088 0.170
4047 8 72 2 2 0 2481.39 0.861 0.120 0.306
4048 72 8 2 2 0 2481.39 0.861 0.120 0.306
4049 9 257 2 2 0 1933.87 0.633 0.032 0.182
4050 257 9 2 2 0 1933.87 0.633 0.032 0.182
4051 9 258 2 2 0 1965.88 0.646 0.021 0.178
4052 258 9 2 2 0 1965.88 0.646 0.021 0.178
4053 9 292 2 2 0 2230.35 0.757 0.016 0.201
4054 292 9 2 2 0 2230.35 0.757 0.016 0.201
4055 9 293 2 2 0 740.70 0.135 0.021 0.050
4056 293 9 2 2 0 740.70 0.135 0.021 0.050
4057 9 294 2 2 0 820.68 0.169 0.029 0.064
4058 294 9 2 2 0 820.68 0.169 0.029 0.064
4059 9 295 2 2 0 2312.81 0.791 0.029 0.220
4060 295 9 2 2 0 2312.81 0.791 0.029 0.220
4061 9 329 2 2 0 2339.84 0.802 0.016 0.213
4062 329 9 2 2 0 2339.84 0.802 0.016 0.213
4063 10 171 2 2 0 1213.18 0.333 0.008 0.089
4064 171 10 2 2 0 1213.18 0.333 0.008 0.089
4065 10 172 2 2 0 1389.03 0.406 0.008 0.107
4066 172 10 2 2 0 1389.03 0.406 0.008 0.107
4067 10 173 2 2 0 2632.20 0.924 0.011 0.239
4068 173 10 2 2 0 2632.20 0.924 0.011 0.239
4069 10 199 2 2 0 2311.09 0.790 0.011 0.206
4070 199 10 2 2 0 2311.09 0.790 0.011 0.206
4071 10 200 2 2 0 1120.79 0.294 0.008 0.080
4072 200 10 2 2 0 1120.79 0.294 0.008 0.080
4073 10 201 2 2 0 1309.16 0.373 0.008 0.099
4074 201 10 2 2 0 1309.16 0.373 0.008 0.099
4075 10 202 2 2 0 2591.21 0.907 0.011 0.235
4076 202 10 2 2 0 2591.21 0.907 0.011 0.235
4077 11 149 2 2 0 2655.49 0.934 0.008 0.240
4078 149 11 2 2 0 2655.49 0.934 0.008 0.240
4079 11 150 2 2 0 1513.72 0.458 0.008 0.120
4080 150 11 2 2 0 1513.72 0.458 0.008 0.120
4081 11 152 2 2 0 2527.47 0.881 0.005 0.224
4082 152 11 2 2 0 2527.47 0.881 0.005 0.224
4083 11 176 2 2 0 2445.31 0.846 0.008 0.218
4084 176 11 2 2 0 2445.31 0.846 0.008 0.218
4085 11 177 2 2 0 1103.60 0.287 0.008 0.078
4086 177 11 2 2 0 1103.60 0.287 0.008 0.078
4087 11 178 2 2 0 998.35 0.243 0.008 0.067
4088 178 11 2 2 0 998.35 0.243 0.008 0.067
4089 11 179 2 2 0 2305.61 0.788 0.008 0.203
4090 179 11 2 2 0 2305.61 0.788 0.008 0.203
4091 11 207 2 2 0 2813.52 1.000 0.008 0.256
4092 207 11 2 2 0 2813.52 1.000 0.008 0.256
4093 12 401 2 2 0 2432.02 0.841 0.032 0.234
4094 401 12 2 2 0 2432.02 0.841 0.032 0.234
4095 12 402 2 2 0 1305.24 0.371 0.027 0.113
4096 402 12 2 2 0 1305.24 0.371 0.027 0.113
4097 12 403 2 2 0 1432.34 0.424 0.029 0.128
4098 403 12 2 2 0 1432.34 0.424 0.029 0.128
4099 12 404 2 2 0 2637.91 0.927 0.021 0.248
4100 404 12 2 2 0 2637.91 0.927 0.021 0.248
4101 12 439 2 2 0 1224.40 0.337 0.016 0.096
4102 439 12 2 2 0 1224.40 0.337 0.016 0.096
4103 12 440 2 2 0 2531.30 0.882 0.029 0.243
4104 440 12 2 2 0 2531.30 0.882 0.029 0.243
4105 13 410 2 2 0 2015.47 0.667 0.021 0.183
4106 410 13 2 2 0 2015.47 0.667 0.021 0.183
4107 13 411 2 2 0 1950.08 0.640 0.021 0.176
4108 411 13 2 2 0 1950.08 0.640 0.021 0.176
4109 13 445 2 2 0 2356.95 0.810 0.024 0.220
4110 445 13 2 2 0 2356.95 0.810 0.024 0.220
4111 13 446 2 2 0 857.41 0.184 0.029 0.068
4112 446 13 2 2 0 857.41 0.184 0.029 0.068
4113 13 447 2 2 0 689.76 0.114 0.032 0.053
4114 447 13 2 2 0 689.76 0.114 0.032 0.053
4115 13 448 2 2 0 2185.65 0.738 0.027 0.205
4116 448 13 2 2 0 2185.65 0.738 0.027 0.205
4117 13 479 2 2 0 2323.89 0.796 0.024 0.217
4118 479 13 2 2 0 2323.89 0.796 0.024 0.217
4119 13 480 2 2 0 2267.38 0.772 0.032 0.217
4120 480 13 2 2 0 2267.38 0.772 0.032 0.217
4121 14 314 2 2 0 2182.46 0.737 0.008 0.190
4122 314 14 2 2 0 2182.46 0.737 0.008 0.190
4123 14 315 2 2 0 1583.19 0.487 0.011 0.130
4124 315 14 2 2 0 1583.19 0.487 0.011 0.130
4125 14 316 2 2 0 2191.26 0.740 0.008 0.191
4126 316 14 2 2 0 2191.26 0.740 0.008 0.191
4127 14 349 2 2 0 1558.93 0.477 0.011 0.127
4128 349 14 2 2 0 1558.93 0.477 0.011 0.127
4129 14 350 2 2 0 415.93 0.000 0.008 0.006
4130 350 14 2 2 0 415.93 0.000 0.008 0.006
4131 14 351 2 2 0 1571.23 0.482 0.005 0.124
4132 351 14 2 2 0 1571.23 0.482 0.005 0.124
4133 14 384 2 2 0 2414.95 0.834 0.008 0.214
4134 384 14 2 2 0 2414.95 0.834 0.008 0.214
4135 15 328 2 2 0 2736.32 0.968 0.059 0.286
4136 328 15 2 2 0 2736.32 0.968 0.059 0.286
4137 15 361 2 2 0 2197.19 0.743 0.059 0.230
4138 361 15 2 2 0 2197.19 0.743 0.059 0.230
4139 15 362 2 2 0 891.07 0.198 0.075 0.106
4140 362 15 2 2 0 891.07 0.198 0.075 0.106
4141 15 363 2 2 0 1146.34 0.305 0.080 0.136
4142 363 15 2 2 0 1146.34 0.305 0.080 0.136
4143 15 364 2 2 0 2527.43 0.881 0.080 0.280
4144 364 15 2 2 0 2527.43 0.881 0.080 0.280
4145 15 395 2 2 0 2475.44 0.859 0.086 0.279
4146 395 15 2 2 0 2475.44 0.859 0.086 0.279
4147 15 396 2 2 0 1446.73 0.430 0.067 0.158
4148 396 15 2 2 0 1446.73 0.430 0.067 0.158
4149 15 397 2 2 0 1616.56 0.501 0.075 0.181
4150 397 15 2 2 0 1616.56 0.501 0.075 0.181
4151 15 398 2 2 0 2772.81 0.983 0.054 0.286
4152 398 15 2 2 0 2772.81 0.983 0.054 0.286
4153 16 471 2 2 0 2635.72 0.926 0.062 0.278
4154 471 16 2 2 0 2635.72 0.926 0.062 0.278
4155 16 501 2 2 0 2712.77 0.958 0.056 0.282
4156 501 16 2 2 0 2712.77 0.958 0.056 0.282
4157 16 502 2 2 0 1286.39 0.363 0.088 0.157
4158 502 16 2 2 0 1286.39 0.363 0.088 0.157
4159 16 503 2 2 0 717.05 0.126 0.088 0.098
4160 503 16 2 2 0 717.05 0.126 0.088 0.098
4161 16 504 2 2 0 1984.23 0.654 0.048 0.200
4162 504 16 2 2 0 1984.23 0.654 0.048 0.200
4163 16 531 2 2 0 1792.91 0.574 0.080 0.204
4164 531 16 2 2 0 1792.91 0.574 0.080 0.204
4165 16 532 2 2 0 1439.98 0.427 0.083 0.169
4166 532 16 2 2 0 1439.98 0.427 0.083 0.169
4167 16 533 2 2 0 2344.68 0.804 0.062 0.247
4168 533 16 2 2 0 2344.68 0.804 0.062 0.247
4169 17 438 2 2 0 2577.58 0.902 0.072 0.280
4170 438 17 2 2 0 2577.58 0.902 0.072 0.280
4171 17 473 2 2 0 2027.44 0.672 0.078 0.226
4172 473 17 2 2 0 2027.44 0.672 0.078 0.226
4173 17 474 2 2 0 606.68 0.080 0.048 0.056
4174 474 17 2 2 0 606.68 0.080 0.048 0.056
4175 18 478 2 2 0 2168.48 0.731 0.019 0.197
4176 478 18 2 2 0 2168.48 0.731 0.019 0.197
4177 18 479 2 2 0 2304.56 0.788 0.024 0.215
4178 479 18 2 2 0 2304.56 0.788 0.024 0.215
4179 18 506 2 2 0 2067.22 0.689 0.024 0.190
4180 506 18 2 2 0 2067.22 0.689 0.024 0.190
4181 18 507 2 2 0 562.50 0.061 0.016 0.027
4182 507 18 2 2 0 562.50 0.061 0.016 0.027
4183 18 508 2 2 0 961.91 0.228 0.024 0.075
4184 508 18 2 2 0 961.91 0.228 0.024 0.075
4185 18 509 2 2 0 2469.81 0.857 0.032 0.238
4186 509 18 2 2 0 2469.81 0.857 0.032 0.238
4187 18 535 2 2 0 2128.79 0.714 0.019 0.193
4188 535 18 2 2 0 2128.79 0.714 0.019 0.193
4189 19 68 2 2 0 2442.73 0.845 0.008 0.217
4190 68 19 2 2 0 2442.73 0.845 0.008 0.217
4191 19 69 2 2 0 978.13 0.234 0.005 0.063
4192 69 19 2 2 0 978.13 0.234 0.005 0.063
4193 19 70 2 2 0 688.95 0.114 0.008 0.034
4194 70 19 2 2 0 688.95 0.114 0.008 0.034
4195 19 85 2 2 0 2522.20 0.878 0.011 0.228
4196 85 19 2 2 0 2522.20 0.878 0.011 0.228
4197 19 86 2 2 0 2424.72 0.838 0.008 0.215
4198 86 19 2 2 0 2424.72 0.838 0.008 0.215
4199 25 30 2 2 0 2501.27 0.870 0.051 0.256
4200 30 25 2 2 0 2501.27 0.870 0.051 0.256
4201 30 31 2 2 0 1503.46 0.454 0.045 0.148
4202 31 30 2 2 0 1503.46 0.454 0.045 0.148
4203 33 43 2 2 0 1999.13 0.660 0.054 0.205
4204 43 33 2 2 0 1999.13 0.660 0.054 0.205
4205 33 44 2 2 0 2501.76 0.870 0.040 0.248
4206 44 33 2 2 0 2501.76 0.870 0.040 0.248
4207 41 42 2 2 0 1503.88 0.454 0.019 0.127
4208 42 41 2 2 0 1503.88 0.454 0.019 0.127
4209 42 53 2 2 0 2501.76 0.870 0.013 0.228
4210 53 42 2 2 0 2501.76 0.870 0.013 0.228
4211 43 44 2 2 0 1504.29 0.454 0.045 0.148
4212 44 43 2 2 0 1504.29 0.454 0.045 0.148
4213 43 55 2 2 0 2502.00 0.870 0.056 0.260
4214 55 43 2 2 0 2502.00 0.870 0.056 0.260
4215 43 56 2 2 0 1999.12 0.660 0.128 0.261
4216 56 43 2 2 0 1999.12 0.660 0.128 0.261
4217 43 57 2 2 0 2502.00 0.870 0.102 0.294
4218 57 43 2 2 0 2502.00 0.870 0.102 0.294
4219 44 45 2 2 0 1504.29 0.454 0.102 0.190
4220 45 44 2 2 0 1504.29 0.454 0.102 0.190
4221 44 56 2 2 0 2502.00 0.870 0.115 0.304
4222 56 44 2 2 0 2502.00 0.870 0.115 0.304
4223 44 57 2 2 0 1999.12 0.660 0.088 0.231
4224 57 44 2 2 0 1999.12 0.660 0.088 0.231
4225 44 58 2 2 0 2502.00 0.870 0.099 0.292
4226 58 44 2 2 0 2502.00 0.870 0.099 0.292
4227 45 46 2 2 0 1504.29 0.454 0.161 0.234
4228 46 45 2 2 0 1504.29 0.454 0.161 0.234
4229 45 57 2 2 0 2502.00 0.870 0.158 0.336
4230 57 45 2 2 0 2502.00 0.870 0.158 0.336
4231 45 58 2 2 0 1999.12 0.660 0.169 0.291
4232 58 45 2 2 0 1999.12 0.660 0.169 0.291
4233 45 59 2 2 0 2502.00 0.870 0.187 0.358
4234 59 45 2 2 0 2502.00 0.870 0.187 0.358
4235 46 47 2 2 0 1504.29 0.454 0.179 0.248
4236 47 46 2 2 0 1504.29 0.454 0.179 0.248
4237 46 58 2 2 0 2502.00 0.870 0.158 0.336
4238 58 46 2 2 0 2502.00 0.870 0.158 0.336
4239 46 59 2 2 0 1999.12 0.660 0.177 0.298
4240 59 46 2 2 0 1999.12 0.660 0.177 0.298
4241 46 60 2 2 0 2502.00 0.870 0.174 0.348
4242 60 46 2 2 0 2502.00 0.870 0.174 0.348
4243 47 59 2 2 0 2502.00 0.870 0.206 0.372
4244 59 47 2 2 0 2502.00 0.870 0.206 0.372
4245 47 60 2 2 0 1999.12 0.660 0.203 0.318
4246 60 47 2 2 0 1999.12 0.660 0.203 0.318
4247 47 61 2 2 0 2502.00 0.870 0.206 0.372
4248 61 47 2 2 0 2502.00 0.870 0.206 0.372
4249 53 67 2 2 0 2502.00 0.870 0.013 0.228
4250 67 53 2 2 0 2502.00 0.870 0.013 0.228
4251 55 56 2 2 0 1504.71 0.454 0.126 0.208
4252 56 55 2 2 0 1504.71 0.454 0.126 0.208
4253 55 71 2 2 0 1999.11 0.660 0.115 0.251
4254 71 55 2 2 0 1999.11 0.660 0.115 0.251
4255 55 72 2 2 0 2502.25 0.870 0.147 0.328
4256 72 55 2 2 0 2502.25 0.870 0.147 0.328
4257 56 57 2 2 0 1504.71 0.454 0.171 0.242
4258 57 56 2 2 0 1504.71 0.454 0.171 0.242
4259 56 71 2 2 0 2502.25 0.870 0.187 0.358
4260 71 56 2 2 0 2502.25 0.870 0.187 0.358
4261 56 72 2 2 0 1999.11 0.660 0.219 0.330
4262 72 56 2 2 0 1999.11 0.660 0.219 0.330
4263 56 73 2 2 0 2502.25 0.870 0.171 0.346
4264 73 56 2 2 0 2502.25 0.870 0.171 0.346
4265 57 58 2 2 0 1504.71 0.454 0.155 0.230
4266 58 57 2 2 0 1504.71 0.454 0.155 0.230
4267 57 72 2 2 0 2502.25 0.870 0.193 0.362
4268 72 57 2 2 0 2502.25 0.870 0.193 0.362
4269 57 73 2 2 0 1999.11 0.660 0.144 0.273
4270 73 57 2 2 0 1999.11 0.660 0.144 0.273
4271 57 74 2 2 0 2502.25 0.870 0.139 0.322
4272 74 57 2 2 0 2502.25 0.870 0.139 0.322
4273 58 59 2 2 0 1504.71 0.454 0.185 0.252
4274 59 58 2 2 0 1504.71 0.454 0.185 0.252
4275 58 73 2 2 0 2502.25 0.870 0.155 0.334
4276 73 58 2 2 0 2502.25 0.870 0.155 0.334
4277 58 74 2 2 0 1999.11 0.660 0.150 0.277
4278 74 58 2 2 0 1999.11 0.660 0.150 0.277
4279 58 75 2 2 0 2502.25 0.870 0.150 0.330
4280 75 58 2 2 0 2502.25 0.870 0.150 0.330
4281 59 60 2 2 0 1504.71 0.454 0.201 0.264
4282 60 59 2 2 0 1504.71 0.454 0.201 0.264
4283 59 74 2 2 0 2502.25 0.870 0.169 0.344
4284 74 59 2 2 0 2502.25 0.870 0.169 0.344
4285 59 75 2 2 0 1999.11 0.660 0.169 0.291
4286 75 59 2 2 0 1999.11 0.660 0.169 0.291
4287 59 76 2 2 0 2502.25 0.870 0.190 0.360
4288 76 59 2 2 0 2502.25 0.870 0.190 0.360
4289 60 61 2 2 0 1504.71 0.454 0.201 0.264
4290 61 60 2 2 0 1504.71 0.454 0.201 0.264
4291 60 75 2 2 0 2502.25 0.870 0.166 0.342
4292 75 60 2 2 0 2502.25 0.870 0.166 0.342
4293 60 76 2 2 0 1999.11 0.660 0.187 0.306
4294 76 60 2 2 0 1999.11 0.660 0.187 0.306
4295 60 77 2 2 0 2502.25 0.870 0.209 0.374
4296 77 60 2 2 0 2502.25 0.870 0.209 0.374
4297 61 62 2 2 0 1504.71 0.454 0.206 0.268
4298 62 61 2 2 0 1504.71 0.454 0.206 0.268
4299 61 76 2 2 0 2502.25 0.870 0.190 0.360
4300 76 61 2 2 0 2502.25 0.870 0.190 0.360
4301 61 77 2 2 0 1999.11 0.660 0.211 0.324
4302 77 61 2 2 0 1999.11 0.660 0.211 0.324
4303 61 78 2 2 0 2502.25 0.870 0.182 0.354
4304 78 61 2 2 0 2502.25 0.870 0.182 0.354
4305 62 77 2 2 0 2502.25 0.870 0.214 0.378
4306 77 62 2 2 0 2502.25 0.870 0.214 0.378
4307 62 78 2 2 0 1999.11 0.660 0.185 0.304
4308 78 62 2 2 0 1999.11 0.660 0.185 0.304
4309 62 79 2 2 0 2502.25 0.870 0.115 0.304
4310 79 62 2 2 0 2502.25 0.870 0.115 0.304
4311 64 79 2 2 0 2502.25 0.870 0.019 0.232
4312 79 64 2 2 0 2502.25 0.870 0.019 0.232
4313 64 80 2 2 0 1999.11 0.660 0.013 0.175
4314 80 64 2 2 0 1999.11 0.660 0.013 0.175
4315 64 81 2 2 0 2502.25 0.870 0.016 0.230
4316 81 64 2 2 0 2502.25 0.870 0.016 0.230
4317 67 68 2 2 0 1504.71 0.454 0.016 0.126
4318 68 67 2 2 0 1504.71 0.454 0.016 0.126
4319 67 82 2 2 0 2502.25 0.870 0.013 0.228
4320 82 67 2 2 0 2502.25 0.870 0.013 0.228
4321 67 83 2 2 0 1999.11 0.660 0.016 0.177
4322 83 67 2 2 0 1999.11 0.660 0.016 0.177
4323 67 84 2 2 0 2502.25 0.870 0.013 0.228
4324 84 67 2 2 0 2502.25 0.870 0.013 0.228
4325 68 69 2 2 0 1504.71 0.454 0.013 0.124
4326 69 68 2 2 0 1504.71 0.454 0.013 0.124
4327 68 83 2 2 0 2502.25 0.870 0.016 0.230
4328 83 68 2 2 0 2502.25 0.870 0.016 0.230
4329 68 84 2 2 0 1999.11 0.660 0.013 0.175
4330 84 68 2 2 0 1999.11 0.660 0.013 0.175
4331 68 85 2 2 0 2502.25 0.870 0.019 0.232
4332 85 68 2 2 0 2502.25 0.870 0.019 0.232
4333 69 70 2 2 0 1504.71 0.454 0.013 0.124
4334 70 69 2 2 0 1504.71 0.454 0.013 0.124
4335 69 84 2 2 0 2502.25 0.870 0.011 0.226
4336 84 69 2 2 0 2502.25 0.870 0.011 0.226
4337 69 85 2 2 0 1999.11 0.660 0.016 0.177
4338 85 69 2 2 0 1999.11 0.660 0.016 0.177
4339 69 86 2 2 0 2502.25 0.870 0.013 0.228
4340 86 69 2 2 0 2502.25 0.870 0.013 0.228
4341 70 85 2 2 0 2502.25 0.870 0.019 0.232
4342 85 70 2 2 0 2502.25 0.870 0.019 0.232
4343 70 86 2 2 0 1999.11 0.660 0.016 0.177
4344 86 70 2 2 0 1999.11 0.660 0.016 0.177
4345 70 87 2 2 0 2502.25 0.870 0.016 0.230
4346 87 70 2 2 0 2502.25 0.870 0.016 0.230
4347 71 72 2 2 0 1505.13 0.454 0.209 0.270
4348 72 71 2 2 0 1505.13 0.454 0.209 0.270
4349 71 89 2 2 0 2502.49 0.870 0.195 0.364
4350 89 71 2 2 0 2502.49 0.870 0.195 0.364
4351 71 90 2 2 0 1999.11 0.660 0.209 0.322
4352 90 71 2 2 0 1999.11 0.660 0.209 0.322
4353 71 91 2 2 0 2502.49 0.870 0.174 0.348
4354 91 71 2 2 0 2502.49 0.870 0.174 0.348
4355 72 73 2 2 0 1505.13 0.454 0.193 0.258
4356 73 72 2 2 0 1505.13 0.454 0.193 0.258
4357 72 90 2 2 0 2502.49 0.870 0.241 0.398
4358 90 72 2 2 0 2502.49 0.870 0.241 0.398
4359 72 91 2 2 0 1999.11 0.660 0.206 0.320
4360 91 72 2 2 0 1999.11 0.660 0.206 0.320
4361 72 92 2 2 0 2502.49 0.870 0.217 0.380
4362 92 72 2 2 0 2502.49 0.870 0.217 0.380
4363 73 74 2 2 0 1505.13 0.454 0.139 0.218
4364 74 73 2 2 0 1505.13 0.454 0.139 0.218
4365 73 91 2 2 0 2502.49 0.870 0.158 0.336
4366 91 73 2 2 0 2502.49 0.870 0.158 0.336
4367 73 92 2 2 0 1999.11 0.660 0.169 0.291
4368 92 73 2 2 0 1999.11 0.660 0.169 0.291
4369 73 93 2 2 0 2502.49 0.870 0.136 0.320
4370 93 73 2 2 0 2502.49 0.870 0.136 0.320
4371 74 75 2 2 0 1505.13 0.454 0.134 0.214
4372 75 74 2 2 0 1505.13 0.454 0.134 0.214
4373 74 92 2 2 0 2502.49 0.870 0.163 0.340
4374 92 74 2 2 0 2502.49 0.870 0.163 0.340
4375 74 93 2 2 0 1999.11 0.660 0.131 0.263
4376 93 74 2 2 0 1999.11 0.660 0.131 0.263
4377 74 94 2 2 0 2502.49 0.870 0.171 0.346
4378 94 74 2 2 0 2502.49 0.870 0.171 0.346
4379 75 76 2 2 0 1505.13 0.454 0.155 0.230
4380 76 75 2 2 0 1505.13 0.454 0.155 0.230
4381 75 93 2 2 0 2502.49 0.870 0.131 0.316
4382 93 75 2 2 0 2502.49 0.870 0.131 0.316
4383 75 94 2 2 0 1999.11 0.660 0.171 0.294
4384 94 75 2 2 0 1999.11 0.660 0.171 0.294
4385 75 95 2 2 0 2502.49 0.870 0.163 0.340
4386 95 75 2 2 0 2502.49 0.870 0.163 0.340
4387 76 77 2 2 0 1505.13 0.454 0.198 0.262
4388 77 76 2 2 0 1505.13 0.454 0.198 0.262
4389 76 94 2 2 0 2502.49 0.870 0.193 0.362
4390 94 76 2 2 0 2502.49 0.870 0.193 0.362
4391 76 95 2 2 0 1999.11 0.660 0.185 0.304
4392 95 76 2 2 0 1999.11 0.660 0.185 0.304
4393 76 96 2 2 0 2502.49 0.870 0.174 0.348
4394 96 76 2 2 0 2502.49 0.870 0.174 0.348
4395 77 78 2 2 0 1505.13 0.454 0.190 0.256
4396 78 77 2 2 0 1505.13 0.454 0.190 0.256
4397 77 95 2 2 0 2502.49 0.870 0.206 0.372
4398 95 77 2 2 0 2502.49 0.870 0.206 0.372
4399 77 96 2 2 0 1999.11 0.660 0.195 0.312
4400 96 77 2 2 0 1999.11 0.660 0.195 0.312
4401 77 97 2 2 0 2502.49 0.870 0.182 0.354
4402 97 77 2 2 0 2502.49 0.870 0.182 0.354
4403 78 79 2 2 0 1505.13 0.454 0.091 0.182
4404 79 78 2 2 0 1505.13 0.454 0.091 0.182
4405 78 96 2 2 0 2502.49 0.870 0.166 0.342
4406 96 78 2 2 0 2502.49 0.870 0.166 0.342
4407 78 97 2 2 0 1999.11 0.660 0.153 0.279
4408 97 78 2 2 0 1999.11 0.660 0.153 0.279
4409 78 98 2 2 0 2502.49 0.870 0.088 0.284
4410 98 78 2 2 0 2502.49 0.870 0.088 0.284
4411 79 80 2 2 0 1505.13 0.454 0.016 0.126
4412 80 79 2 2 0 1505.13 0.454 0.016 0.126
4413 79 97 2 2 0 2502.49 0.870 0.083 0.280
4414 97 79 2 2 0 2502.49 0.870 0.083 0.280
4415 79 98 2 2 0 1999.11 0.660 0.019 0.179
4416 98 79 2 2 0 1999.11 0.660 0.019 0.179
4417 79 99 2 2 0 2502.49 0.870 0.016 0.230
4418 99 79 2 2 0 2502.49 0.870 0.016 0.230
4419 80 81 2 2 0 1505.13 0.454 0.013 0.124
4420 81 80 2 2 0 1505.13 0.454 0.013 0.124
4421 80 98 2 2 0 2502.49 0.870 0.013 0.228
4422 98 80 2 2 0 2502.49 0.870 0.013 0.228
4423 80 99 2 2 0 1999.11 0.660 0.011 0.173
4424 99 80 2 2 0 1999.11 0.660 0.011 0.173
4425 80 100 2 2 0 2502.49 0.870 0.013 0.228
4426 100 80 2 2 0 2502.49 0.870 0.013 0.228
4427 81 82 2 2 0 1505.13 0.454 0.013 0.124
4428 82 81 2 2 0 1505.13 0.454 0.013 0.124
4429 81 99 2 2 0 2502.49 0.870 0.013 0.228
4430 99 81 2 2 0 2502.49 0.870 0.013 0.228
4431 81 100 2 2 0 1999.11 0.660 0.016 0.177
4432 100 81 2 2 0 1999.11 0.660 0.016 0.177
4433 81 101 2 2 0 2502.49 0.870 0.019 0.232
4434 101 81 2 2 0 2502.49 0.870 0.019 0.232
4435 82 83 2 2 0 1505.13 0.454 0.013 0.124
4436 83 82 2 2 0 1505.13 0.454 0.013 0.124
4437 82 100 2 2 0 2502.49 0.870 0.013 0.228
4438 100 82 2 2 0 2502.49 0.870 0.013 0.228
4439 82 101 2 2 0 1999.11 0.660 0.016 0.177
4440 101 82 2 2 0 1999.11 0.660 0.016 0.177
4441 82 102 2 2 0 2502.49 0.870 0.013 0.228
4442 102 82 2 2 0 2502.49 0.870 0.013 0.228
4443 83 84 2 2 0 1505.13 0.454 0.013 0.124
4444 84 83 2 2 0 1505.13 0.454 0.013 0.124
4445 83 101 2 2 0 2502.49 0.870 0.019 0.232
4446 101 83 2 2 0 2502.49 0.870 0.019 0.232
4447 83 102 2 2 0 1999.11 0.660 0.016 0.177
4448 102 83 2 2 0 1999.11 0.660 0.016 0.177
4449 83 103 2 2 0 2502.49 0.870 0.016 0.230
4450 103 83 2 2 0 2502.49 0.870 0.016 0.230
4451 84 85 2 2 0 1505.13 0.454 0.016 0.126
4452 85 84 2 2 0 1505.13 0.454 0.016 0.126
4453 84 102 2 2 0 2502.49 0.870 0.013 0.228
4454 102 84 2 2 0 2502.49 0.870 0.013 0.228
4455 84 103 2 2 0 1999.11 0.660 0.013 0.175
4456 103 84 2 2 0 1999.11 0.660 0.013 0.175
4457 84 104 2 2 0 2502.49 0.870 0.011 0.226
4458 104 84 2 2 0 2502.49 0.870 0.011 0.226
4459 85 86 2 2 0 1505.13 0.454 0.019 0.128
4460 86 85 2 2 0 1505.13 0.454 0.019 0.128
4461 85 103 2 2 0 2502.49 0.870 0.019 0.232
4462 103 85 2 2 0 2502.49 0.870 0.019 0.232
4463 85 104 2 2 0 1999.11 0.660 0.016 0.177
4464 104 85 2 2 0 1999.11 0.660 0.016 0.177
4465 85 105 2 2 0 2502.49 0.870 0.019 0.232
4466 105 85 2 2 0 2502.49 0.870 0.019 0.232
4467 86 87 2 2 0 1505.13 0.454 0.016 0.126
4468 87 86 2 2 0 1505.13 0.454 0.016 0.126
4469 86 104 2 2 0 2502.49 0.870 0.013 0.228
4470 104 86 2 2 0 2502.49 0.870 0.013 0.228
4471 86 105 2 2 0 1999.11 0.660 0.016 0.177
4472 105 86 2 2 0 1999.11 0.660 0.016 0.177
4473 86 106 2 2 0 2502.49 0.870 0.019 0.232
4474 106 86 2 2 0 2502.49 0.870 0.019 0.232
4475 87 88 2 2 0 1505.13 0.454 0.013 0.124
4476 88 87 2 2 0 1505.13 0.454 0.013 0.124
4477 87 105 2 2 0 2502.49 0.870 0.016 0.230
4478 105 87 2 2 0 2502.49 0.870 0.016 0.230
4479 87 106 2 2 0 1999.11 0.660 0.019 0.179
4480 106 87 2 2 0 1999.11 0.660 0.019 0.179
4481 87 107 2 2 0 2502.49 0.870 0.016 0.230
4482 107 87 2 2 0 2502.49 0.870 0.016 0.230
4483 88 106 2 2 0 2502.49 0.870 0.016 0.230
4484 106 88 2 2 0 2502.49 0.870 0.016 0.230
4485 88 107 2 2 0 1999.11 0.660 0.013 0.175
4486 107 88 2 2 0 1999.11 0.660 0.013 0.175
4487 89 90 2 2 0 1505.54 0.454 0.227 0.284
4488 90 89 2 2 0 1505.54 0.454 0.227 0.284
4489 89 110 2 2 0 1999.10 0.660 0.203 0.318
4490 110 89 2 2 0 1999.10 0.660 0.203 0.318
4491 89 111 2 2 0 2502.74 0.870 0.195 0.364
4492 111 89 2 2 0 2502.74 0.870 0.195 0.364
4493 90 91 2 2 0 1505.54 0.454 0.206 0.268
4494 91 90 2 2 0 1505.54 0.454 0.206 0.268
4495 90 110 2 2 0 2502.74 0.870 0.217 0.380
4496 110 90 2 2 0 2502.74 0.870 0.217 0.380
4497 90 111 2 2 0 1999.10 0.660 0.209 0.322
4498 111 90 2 2 0 1999.10 0.660 0.209 0.322
4499 90 112 2 2 0 2502.74 0.870 0.227 0.388
4500 112 90 2 2 0 2502.74 0.870 0.227 0.388
4501 91 92 2 2 0 1505.54 0.454 0.182 0.250
4502 92 91 2 2 0 1505.54 0.454 0.182 0.250
4503 91 111 2 2 0 2502.74 0.870 0.174 0.348
4504 111 91 2 2 0 2502.74 0.870 0.174 0.348
4505 91 112 2 2 0 1999.10 0.660 0.193 0.310
4506 112 91 2 2 0 1999.10 0.660 0.193 0.310
4507 91 113 2 2 0 2502.74 0.870 0.177 0.350
4508 113 91 2 2 0 2502.74 0.870 0.177 0.350
4509 92 93 2 2 0 1505.54 0.454 0.161 0.234
4510 93 92 2 2 0 1505.54 0.454 0.161 0.234
4511 92 112 2 2 0 2502.74 0.870 0.203 0.370
4512 112 92 2 2 0 2502.74 0.870 0.203 0.370
4513 92 113 2 2 0 1999.10 0.660 0.187 0.306
4514 113 92 2 2 0 1999.10 0.660 0.187 0.306
4515 92 114 2 2 0 2502.74 0.870 0.174 0.348
4516 114 92 2 2 0 2502.74 0.870 0.174 0.348
4517 93 94 2 2 0 1505.54 0.454 0.169 0.240
4518 94 93 2 2 0 1505.54 0.454 0.169 0.240
4519 93 113 2 2 0 2502.74 0.870 0.155 0.334
4520 113 93 2 2 0 2502.74 0.870 0.155 0.334
4521 93 114 2 2 0 1999.10 0.660 0.142 0.271
4522 114 93 2 2 0 1999.10 0.660 0.142 0.271
4523 93 115 2 2 0 2502.74 0.870 0.126 0.312
4524 115 93 2 2 0 2502.74 0.870 0.126 0.312
4525 94 95 2 2 0 1505.54 0.454 0.201 0.264
4526 95 94 2 2 0 1505.54 0.454 0.201 0.264
4527 94 115 2 2 0 1999.10 0.660 0.166 0.289
4528 115 94 2 2 0 1999.10 0.660 0.166 0.289
4529 94 116 2 2 0 2502.74 0.870 0.177 0.350
4530 116 94 2 2 0 2502.74 0.870 0.177 0.350
4531 95 96 2 2 0 1505.54 0.454 0.182 0.250
4532 96 95 2 2 0 1505.54 0.454 0.182 0.250
4533 95 115 2 2 0 2502.74 0.870 0.158 0.336
4534 115 95 2 2 0 2502.74 0.870 0.158 0.336
4535 95 116 2 2 0 1999.10 0.660 0.169 0.291
4536 116 95 2 2 0 1999.10 0.660 0.169 0.291
4537 95 117 2 2 0 2502.74 0.870 0.169 0.344
4538 117 95 2 2 0 2502.74 0.870 0.169 0.344
4539 96 97 2 2 0 1505.54 0.454 0.158 0.232
4540 97 96 2 2 0 1505.54 0.454 0.158 0.232
4541 96 116 2 2 0 2502.74 0.870 0.158 0.336
4542 116 96 2 2 0 2502.74 0.870 0.158 0.336
4543 96 117 2 2 0 1999.10 0.660 0.158 0.283
4544 117 96 2 2 0 1999.10 0.660 0.158 0.283
4545 96 118 2 2 0 2502.74 0.870 0.190 0.360
4546 118 96 2 2 0 2502.74 0.870 0.190 0.360
4547 97 98 2 2 0 1505.54 0.454 0.080 0.174
4548 98 97 2 2 0 1505.54 0.454 0.080 0.174
4549 97 117 2 2 0 2502.74 0.870 0.144 0.326
4550 117 97 2 2 0 2502.74 0.870 0.144 0.326
4551 97 118 2 2 0 1999.10 0.660 0.177 0.298
4552 118 97 2 2 0 1999.10 0.660 0.177 0.298
4553 97 119 2 2 0 2502.74 0.870 0.083 0.280
4554 119 97 2 2 0 2502.74 0.870 0.083 0.280
4555 98 99 2 2 0 1505.54 0.454 0.013 0.124
4556 99 98 2 2 0 1505.54 0.454 0.013 0.124
4557 98 118 2 2 0 2502.74 0.870 0.112 0.302
4558 118 98 2 2 0 2502.74 0.870 0.112 0.302
4559 98 119 2 2 0 1999.10 0.660 0.019 0.179
4560 119 98 2 2 0 1999.10 0.660 0.019 0.179
4561 98 120 2 2 0 2502.74 0.870 0.013 0.228
4562 120 98 2 2 0 2502.74 0.870 0.013 0.228
4563 99 100 2 2 0 1505.54 0.454 0.013 0.124
4564 100 99 2 2 0 1505.54 0.454 0.013 0.124
4565 99 119 2 2 0 2502.74 0.870 0.016 0.230
4566 119 99 2 2 0 2502.74 0.870 0.016 0.230
4567 99 120 2 2 0 1999.10 0.660 0.011 0.173
4568 120 99 2 2 0 1999.10 0.660 0.011 0.173
4569 99 121 2 2 0 2502.74 0.870 0.013 0.228
4570 121 99 2 2 0 2502.74 0.870 0.013 0.228
4571 100 101 2 2 0 1505.54 0.454 0.019 0.128
4572 101 100 2 2 0 1505.54 0.454 0.019 0.128
4573 100 120 2 2 0 2502.74 0.870 0.013 0.228
4574 120 100 2 2 0 2502.74 0.870 0.013 0.228
4575 100 121 2 2 0 1999.10 0.660 0.016 0.177
4576 121 100 2 2 0 1999.10 0.660 0.016 0.177
4577 100 122 2 2 0 2502.74 0.870 0.013 0.228
4578 122 100 2 2 0 2502.74 0.870 0.013 0.228
4579 101 102 2 2 0 1505.54 0.454 0.019 0.128
4580 102 101 2 2 0 1505.54 0.454 0.019 0.128
4581 101 121 2 2 0 2502.74 0.870 0.019 0.232
4582 121 101 2 2 0 2502.74 0.870 0.019 0.232
4583 101 122 2 2 0 1999.10 0.660 0.016 0.177
4584 122 101 2 2 0 1999.10 0.660 0.016 0.177
4585 101 123 2 2 0 2502.74 0.870 0.016 0.230
4586 123 101 2 2 0 2502.74 0.870 0.016 0.230
4587 102 103 2 2 0 1505.54 0.454 0.016 0.126
4588 103 102 2 2 0 1505.54 0.454 0.016 0.126
4589 102 122 2 2 0 2502.74 0.870 0.013 0.228
4590 122 102 2 2 0 2502.74 0.870 0.013 0.228
4591 102 123 2 2 0 1999.10 0.660 0.013 0.175
4592 123 102 2 2 0 1999.10 0.660 0.013 0.175
4593 102 124 2 2 0 2502.74 0.870 0.016 0.230
4594 124 102 2 2 0 2502.74 0.870 0.016 0.230
4595 103 104 2 2 0 1505.54 0.454 0.013 0.124
4596 104 103 2 2 0 1505.54 0.454 0.013 0.124
4597 103 123 2 2 0 2502.74 0.870 0.013 0.228
4598 123 103 2 2 0 2502.74 0.870 0.013 0.228
4599 103 124 2 2 0 1999.10 0.660 0.016 0.177
4600 124 103 2 2 0 1999.10 0.660 0.016 0.177
4601 103 125 2 2 0 2502.74 0.870 0.016 0.230
4602 125 103 2 2 0 2502.74 0.870 0.016 0.230
4603 104 105 2 2 0 1505.54 0.454 0.013 0.124
4604 105 104 2 2 0 1505.54 0.454 0.013 0.124
4605 104 124 2 2 0 2502.74 0.870 0.013 0.228
4606 124 104 2 2 0 2502.74 0.870 0.013 0.228
4607 104 125 2 2 0 1999.10 0.660 0.013 0.175
4608 125 104 2 2 0 1999.10 0.660 0.013 0.175
4609 104 126 2 2 0 2502.74 0.870 0.013 0.228
4610 126 104 2 2 0 2502.74 0.870 0.013 0.228
4611 105 106 2 2 0 1505.54 0.454 0.019 0.128
4612 106 105 2 2 0 1505.54 0.454 0.019 0.128
4613 105 125 2 2 0 2502.74 0.870 0.016 0.230
4614 125 105 2 2 0 2502.74 0.870 0.016 0.230
4615 105 126 2 2 0 1999.10 0.660 0.016 0.177
4616 126 105 2 2 0 1999.10 0.660 0.016 0.177
4617 105 127 2 2 0 2502.74 0.870 0.013 0.228
4618 127 105 2 2 0 2502.74 0.870 0.013 0.228
4619 106 107 2 2 0 1505.54 0.454 0.019 0.128
4620 107 106 2 2 0 1505.54 0.454 0.019 0.128
4621 106 126 2 2 0 2502.74 0.870 0.019 0.232
4622 126 106 2 2 0 2502.74 0.870 0.019 0.232
4623 106 127 2 2 0 1999.10 0.660 0.016 0.177
4624 127 106 2 2 0 1999.10 0.660 0.016 0.177
4625 106 128 2 2 0 2502.74 0.870 0.019 0.232
4626 128 106 2 2 0 2502.74 0.870 0.019 0.232
4627 107 108 2 2 0 1505.54 0.454 0.019 0.128
4628 108 107 2 2 0 1505.54 0.454 0.019 0.128
4629 107 127 2 2 0 2502.74 0.870 0.013 0.228
4630 127 107 2 2 0 2502.74 0.870 0.013 0.228
4631 107 128 2 2 0 1999.10 0.660 0.016 0.177
4632 128 107 2 2 0 1999.10 0.660 0.016 0.177
4633 107 129 2 2 0 2502.74 0.870 0.016 0.230
4634 129 107 2 2 0 2502.74 0.870 0.016 0.230
4635 108 109 2 2 0 1505.54 0.454 0.019 0.128
4636 109 108 2 2 0 1505.54 0.454 0.019 0.128
4637 108 129 2 2 0 1999.10 0.660 0.019 0.179
4638 129 108 2 2 0 1999.10 0.660 0.019 0.179
4639 108 130 2 2 0 2502.74 0.870 0.016 0.230
4640 130 108 2 2 0 2502.74 0.870 0.016 0.230
4641 109 129 2 2 0 2502.74 0.870 0.016 0.230
4642 129 109 2 2 0 2502.74 0.870 0.016 0.230
4643 109 130 2 2 0 1999.10 0.660 0.013 0.175
4644 130 109 2 2 0 1999.10 0.660 0.013 0.175
4645 109 131 2 2 0 2502.74 0.870 0.016 0.230
4646 131 109 2 2 0 2502.74 0.870 0.016 0.230
4647 110 111 2 2 0 1505.96 0.455 0.185 0.252
4648 111 110 2 2 0 1505.96 0.455 0.185 0.252
4649 110 133 2 2 0 2502.98 0.870 0.161 0.338
4650 133 110 2 2 0 2502.98 0.870 0.161 0.338
4651 110 134 2 2 0 1999.10 0.660 0.177 0.298
4652 134 110 2 2 0 1999.10 0.660 0.177 0.298
4653 110 135 2 2 0 2502.98 0.870 0.182 0.354
4654 135 110 2 2 0 2502.98 0.870 0.182 0.354
4655 111 112 2 2 0 1505.96 0.455 0.195 0.260
4656 112 111 2 2 0 1505.96 0.455 0.195 0.260
4657 111 134 2 2 0 2502.98 0.870 0.169 0.344
4658 134 111 2 2 0 2502.98 0.870 0.169 0.344
4659 111 135 2 2 0 1999.10 0.660 0.174 0.296
4660 135 111 2 2 0 1999.10 0.660 0.174 0.296
4661 111 136 2 2 0 2502.98 0.870 0.171 0.346
4662 136 111 2 2 0 2502.98 0.870 0.171 0.346
4663 112 113 2 2 0 1505.96 0.455 0.198 0.262
4664 113 112 2 2 0 1505.96 0.455 0.198 0.262
4665 112 135 2 2 0 2502.98 0.870 0.193 0.362
4666 135 112 2 2 0 2502.98 0.870 0.193 0.362
4667 112 136 2 2 0 1999.10 0.660 0.190 0.308
4668 136 112 2 2 0 1999.10 0.660 0.190 0.308
4669 112 137 2 2 0 2502.98 0.870 0.190 0.360
4670 137 112 2 2 0 2502.98 0.870 0.190 0.360
4671 113 114 2 2 0 1505.96 0.455 0.169 0.240
4672 114 113 2 2 0 1505.96 0.455 0.169 0.240
4673 113 136 2 2 0 2502.98 0.870 0.174 0.348
4674 136 113 2 2 0 2502.98 0.870 0.174 0.348
4675 113 137 2 2 0 1999.10 0.660 0.174 0.296
4676 137 113 2 2 0 1999.10 0.660 0.174 0.296
4677 113 138 2 2 0 2502.98 0.870 0.163 0.340
4678 138 113 2 2 0 2502.98 0.870 0.163 0.340
4679 114 115 2 2 0 1505.96 0.455 0.139 0.218
4680 115 114 2 2 0 1505.96 0.455 0.139 0.218
4681 114 137 2 2 0 2502.98 0.870 0.161 0.338
4682 137 114 2 2 0 2502.98 0.870 0.161 0.338
4683 114 138 2 2 0 1999.10 0.660 0.150 0.277
4684 138 114 2 2 0 1999.10 0.660 0.150 0.277
4685 114 139 2 2 0 2502.98 0.870 0.185 0.356
4686 139 114 2 2 0 2502.98 0.870 0.185 0.356
4687 115 116 2 2 0 1505.96 0.455 0.134 0.214
4688 116 115 2 2 0 1505.96 0.455 0.134 0.214
4689 115 138 2 2 0 2502.98 0.870 0.134 0.318
4690 138 115 2 2 0 2502.98 0.870 0.134 0.318
4691 115 139 2 2 0 1999.10 0.660 0.169 0.291
4692 139 115 2 2 0 1999.10 0.660 0.169 0.291
4693 115 140 2 2 0 2502.98 0.870 0.155 0.334
4694 140 115 2 2 0 2502.98 0.870 0.155 0.334
4695 116 117 2 2 0 1505.96 0.455 0.144 0.222
4696 117 116 2 2 0 1505.96 0.455 0.144 0.222
4697 116 140 2 2 0 1999.10 0.660 0.166 0.289
4698 140 116 2 2 0 1999.10 0.660 0.166 0.289
4699 116 141 2 2 0 2502.98 0.870 0.139 0.322
4700 141 116 2 2 0 2502.98 0.870 0.139 0.322
4701 117 118 2 2 0 1505.96 0.455 0.177 0.246
4702 118 117 2 2 0 1505.96 0.455 0.177 0.246
4703 117 140 2 2 0 2502.98 0.870 0.166 0.342
4704 140 117 2 2 0 2502.98 0.870 0.166 0.342
4705 117 141 2 2 0 1999.10 0.660 0.139 0.269
4706 141 117 2 2 0 1999.10 0.660 0.139 0.269
4707 117 142 2 2 0 2502.98 0.870 0.083 0.280
4708 142 117 2 2 0 2502.98 0.870 0.083 0.280
4709 118 119 2 2 0 1505.96 0.455 0.115 0.200
4710 119 118 2 2 0 1505.96 0.455 0.115 0.200
4711 118 141 2 2 0 2502.98 0.870 0.171 0.346
4712 141 118 2 2 0 2502.98 0.870 0.171 0.346
4713 118 142 2 2 0 1999.10 0.660 0.115 0.251
4714 142 118 2 2 0 1999.10 0.660 0.115 0.251
4715 118 143 2 2 0 2502.98 0.870 0.115 0.304
4716 143 118 2 2 0 2502.98 0.870 0.115 0.304
4717 119 120 2 2 0 1505.96 0.455 0.016 0.126
4718 120 119 2 2 0 1505.96 0.455 0.016 0.126
4719 119 142 2 2 0 2502.98 0.870 0.021 0.234
4720 142 119 2 2 0 2502.98 0.870 0.021 0.234
4721 119 143 2 2 0 1999.10 0.660 0.021 0.181
4722 143 119 2 2 0 1999.10 0.660 0.021 0.181
4723 119 144 2 2 0 2502.98 0.870 0.019 0.232
4724 144 119 2 2 0 2502.98 0.870 0.019 0.232
4725 120 121 2 2 0 1505.96 0.455 0.013 0.124
4726 121 120 2 2 0 1505.96 0.455 0.013 0.124
4727 120 143 2 2 0 2502.98 0.870 0.016 0.230
4728 143 120 2 2 0 2502.98 0.870 0.016 0.230
4729 120 144 2 2 0 1999.10 0.660 0.013 0.175
4730 144 120 2 2 0 1999.10 0.660 0.013 0.175
4731 120 145 2 2 0 2502.98 0.870 0.013 0.228
4732 145 120 2 2 0 2502.98 0.870 0.013 0.228
4733 121 122 2 2 0 1505.96 0.455 0.013 0.124
4734 122 121 2 2 0 1505.96 0.455 0.013 0.124
4735 121 144 2 2 0 2502.98 0.870 0.016 0.230
4736 144 121 2 2 0 2502.98 0.870 0.016 0.230
4737 121 145 2 2 0 1999.10 0.660 0.016 0.177
4738 145 121 2 2 0 1999.10 0.660 0.016 0.177
4739 121 146 2 2 0 2502.98 0.870 0.019 0.232
4740 146 121 2 2 0 2502.98 0.870 0.019 0.232
4741 122 123 2 2 0 1505.96 0.455 0.011 0.122
4742 123 122 2 2 0 1505.96 0.455 0.011 0.122
4743 122 145 2 2 0 2502.98 0.870 0.013 0.228
4744 145 122 2 2 0 2502.98 0.870 0.013 0.228
4745 122 146 2 2 0 1999.10 0.660 0.016 0.177
4746 146 122 2 2 0 1999.10 0.660 0.016 0.177
4747 122 147 2 2 0 2502.98 0.870 0.016 0.230
4748 147 122 2 2 0 2502.98 0.870 0.016 0.230
4749 123 124 2 2 0 1505.96 0.455 0.013 0.124
4750 124 123 2 2 0 1505.96 0.455 0.013 0.124
4751 123 146 2 2 0 2502.98 0.870 0.016 0.230
4752 146 123 2 2 0 2502.98 0.870 0.016 0.230
4753 123 147 2 2 0 1999.10 0.660 0.016 0.177
4754 147 123 2 2 0 1999.10 0.660 0.016 0.177
4755 123 148 2 2 0 2502.98 0.870 0.013 0.228
4756 148 123 2 2 0 2502.98 0.870 0.013 0.228
4757 124 125 2 2 0 1505.96 0.455 0.016 0.126
4758 125 124 2 2 0 1505.96 0.455 0.016 0.126
4759 124 147 2 2 0 2502.98 0.870 0.019 0.232
4760 147 124 2 2 0 2502.98 0.870 0.019 0.232
4761 124 148 2 2 0 1999.10 0.660 0.016 0.177
4762 148 124 2 2 0 1999.10 0.660 0.016 0.177
4763 124 149 2 2 0 2502.98 0.870 0.016 0.230
4764 149 124 2 2 0 2502.98 0.870 0.016 0.230
4765 125 126 2 2 0 1505.96 0.455 0.016 0.126
4766 126 125 2 2 0 1505.96 0.455 0.016 0.126
4767 125 148 2 2 0 2502.98 0.870 0.016 0.230
4768 148 125 2 2 0 2502.98 0.870 0.016 0.230
4769 125 149 2 2 0 1999.10 0.660 0.016 0.177
4770 149 125 2 2 0 1999.10 0.660 0.016 0.177
4771 125 150 2 2 0 2502.98 0.870 0.016 0.230
4772 150 125 2 2 0 2502.98 0.870 0.016 0.230
4773 126 127 2 2 0 1505.96 0.455 0.013 0.124
4774 127 126 2 2 0 1505.96 0.455 0.013 0.124
4775 126 149 2 2 0 2502.98 0.870 0.016 0.230
4776 149 126 2 2 0 2502.98 0.870 0.016 0.230
4777 126 150 2 2 0 1999.10 0.660 0.016 0.177
4778 150 126 2 2 0 1999.10 0.660 0.016 0.177
4779 127 128 2 2 0 1505.96 0.455 0.013 0.124
4780 128 127 2 2 0 1505.96 0.455 0.013 0.124
4781 127 150 2 2 0 2502.98 0.870 0.013 0.228
4782 150 127 2 2 0 2502.98 0.870 0.013 0.228
4783 127 152 2 2 0 2502.98 0.870 0.011 0.226
4784 152 127 2 2 0 2502.98 0.870 0.011 0.226
4785 128 129 2 2 0 1505.96 0.455 0.016 0.126
4786 129 128 2 2 0 1505.96 0.455 0.016 0.126
4787 128 152 2 2 0 1999.10 0.660 0.013 0.175
4788 152 128 2 2 0 1999.10 0.660 0.013 0.175
4789 128 153 2 2 0 2502.98 0.870 0.016 0.230
4790 153 128 2 2 0 2502.98 0.870 0.016 0.230
4791 129 130 2 2 0 1505.96 0.455 0.013 0.124
4792 130 129 2 2 0 1505.96 0.455 0.013 0.124
4793 129 152 2 2 0 2502.98 0.870 0.013 0.228
4794 152 129 2 2 0 2502.98 0.870 0.013 0.228
4795 129 153 2 2 0 1999.10 0.660 0.016 0.177
4796 153 129 2 2 0 1999.10 0.660 0.016 0.177
4797 129 154 2 2 0 2502.98 0.870 0.013 0.228
4798 154 129 2 2 0 2502.98 0.870 0.013 0.228
4799 130 131 2 2 0 1505.96 0.455 0.013 0.124
4800 131 130 2 2 0 1505.96 0.455 0.013 0.124
4801 130 153 2 2 0 2502.98 0.870 0.013 0.228
4802 153 130 2 2 0 2502.98 0.870 0.013 0.228
4803 130 154 2 2 0 1999.10 0.660 0.011 0.173
4804 154 130 2 2 0 1999.10 0.660 0.011 0.173
4805 130 155 2 2 0 2502.98 0.870 0.016 0.230
4806 155 130 2 2 0 2502.98 0.870 0.016 0.230
4807 131 132 2 2 0 1505.96 0.455 0.016 0.126
4808 132 131 2 2 0 1505.96 0.455 0.016 0.126
4809 131 154 2 2 0 2502.98 0.870 0.013 0.228
4810 154 131 2 2 0 2502.98 0.870 0.013 0.228
4811 131 155 2 2 0 1999.10 0.660 0.019 0.179
4812 155 131 2 2 0 1999.10 0.660 0.019 0.179
4813 131 156 2 2 0 2502.98 0.870 0.019 0.232
4814 156 131 2 2 0 2502.98 0.870 0.019 0.232
4815 132 155 2 2 0 2502.98 0.870 0.019 0.232
4816 155 132 2 2 0 2502.98 0.870 0.019 0.232
4817 132 156 2 2 0 1999.10 0.660 0.019 0.179
4818 156 132 2 2 0 1999.10 0.660 0.019 0.179
4819 132 157 2 2 0 2502.98 0.870 0.019 0.232
4820 157 132 2 2 0 2502.98 0.870 0.019 0.232
4821 133 134 2 2 0 1506.37 0.455 0.144 0.222
4822 134 133 2 2 0 1506.37 0.455 0.144 0.222
4823 133 160 2 2 0 1999.09 0.660 0.171 0.294
4824 160 133 2 2 0 1999.09 0.660 0.171 0.294
4825 133 161 2 2 0 2503.23 0.871 0.147 0.328
4826 161 133 2 2 0 2503.23 0.871 0.147 0.328
4827 134 135 2 2 0 1506.37 0.455 0.166 0.238
4828 135 134 2 2 0 1506.37 0.455 0.166 0.238
4829 134 160 2 2 0 2503.23 0.871 0.187 0.358
4830 160 134 2 2 0 2503.23 0.871 0.187 0.358
4831 134 161 2 2 0 1999.09 0.660 0.163 0.287
4832 161 134 2 2 0 1999.09 0.660 0.163 0.287
4833 134 162 2 2 0 2503.23 0.871 0.201 0.368
4834 162 134 2 2 0 2503.23 0.871 0.201 0.368
4835 135 136 2 2 0 1506.37 0.455 0.169 0.240
4836 136 135 2 2 0 1506.37 0.455 0.169 0.240
4837 135 161 2 2 0 2503.23 0.871 0.169 0.344
4838 161 135 2 2 0 2503.23 0.871 0.169 0.344
4839 135 162 2 2 0 1999.09 0.660 0.206 0.320
4840 162 135 2 2 0 1999.09 0.660 0.206 0.320
4841 135 163 2 2 0 2503.23 0.871 0.158 0.336
4842 163 135 2 2 0 2503.23 0.871 0.158 0.336
4843 136 137 2 2 0 1506.37 0.455 0.166 0.238
4844 137 136 2 2 0 1506.37 0.455 0.166 0.238
4845 136 162 2 2 0 2503.23 0.871 0.203 0.370
4846 162 136 2 2 0 2503.23 0.871 0.203 0.370
4847 136 163 2 2 0 1999.09 0.660 0.155 0.281
4848 163 136 2 2 0 1999.09 0.660 0.155 0.281
4849 136 164 2 2 0 2503.23 0.871 0.198 0.366
4850 164 136 2 2 0 2503.23 0.871 0.198 0.366
4851 137 138 2 2 0 1506.37 0.455 0.155 0.230
4852 138 137 2 2 0 1506.37 0.455 0.155 0.230
4853 137 163 2 2 0 2503.23 0.871 0.155 0.334
4854 163 137 2 2 0 2503.23 0.871 0.155 0.334
4855 137 164 2 2 0 1999.09 0.660 0.198 0.314
4856 164 137 2 2 0 1999.09 0.660 0.198 0.314
4857 137 165 2 2 0 2503.23 0.871 0.182 0.354
4858 165 137 2 2 0 2503.23 0.871 0.182 0.354
4859 138 139 2 2 0 1506.37 0.455 0.179 0.248
4860 139 138 2 2 0 1506.37 0.455 0.179 0.248
4861 138 164 2 2 0 2503.23 0.871 0.187 0.358
4862 164 138 2 2 0 2503.23 0.871 0.187 0.358
4863 138 165 2 2 0 1999.09 0.660 0.171 0.294
4864 165 138 2 2 0 1999.09 0.660 0.171 0.294
4865 138 166 2 2 0 2503.23 0.871 0.193 0.362
4866 166 138 2 2 0 2503.23 0.871 0.193 0.362
4867 139 140 2 2 0 1506.37 0.455 0.201 0.264
4868 140 139 2 2 0 1506.37 0.455 0.201 0.264
4869 139 165 2 2 0 2503.23 0.871 0.206 0.372
4870 165 139 2 2 0 2503.23 0.871 0.206 0.372
4871 139 166 2 2 0 1999.09 0.660 0.227 0.336
4872 166 139 2 2 0 1999.09 0.660 0.227 0.336
4873 139 167 2 2 0 2503.23 0.871 0.211 0.376
4874 167 139 2 2 0 2503.23 0.871 0.211 0.376
4875 140 141 2 2 0 1506.37 0.455 0.161 0.234
4876 141 140 2 2 0 1506.37 0.455 0.161 0.234
4877 140 166 2 2 0 2503.23 0.871 0.214 0.378
4878 166 140 2 2 0 2503.23 0.871 0.214 0.378
4879 140 167 2 2 0 1999.09 0.660 0.198 0.314
4880 167 140 2 2 0 1999.09 0.660 0.198 0.314
4881 140 168 2 2 0 2503.23 0.871 0.174 0.348
4882 168 140 2 2 0 2503.23 0.871 0.174 0.348
4883 141 142 2 2 0 1506.37 0.455 0.078 0.172
4884 142 141 2 2 0 1506.37 0.455 0.078 0.172
4885 141 167 2 2 0 2503.23 0.871 0.171 0.346
4886 167 141 2 2 0 2503.23 0.871 0.171 0.346
4887 141 168 2 2 0 1999.09 0.660 0.147 0.275
4888 168 141 2 2 0 1999.09 0.660 0.147 0.275
4889 141 169 2 2 0 2503.23 0.871 0.078 0.276
4890 169 141 2 2 0 2503.23 0.871 0.078 0.276
4891 142 143 2 2 0 1506.37 0.455 0.021 0.130
4892 143 142 2 2 0 1506.37 0.455 0.021 0.130
4893 142 168 2 2 0 2503.23 0.871 0.091 0.286
4894 168 142 2 2 0 2503.23 0.871 0.091 0.286
4895 142 169 2 2 0 1999.09 0.660 0.021 0.181
4896 169 142 2 2 0 1999.09 0.660 0.021 0.181
4897 142 170 2 2 0 2503.23 0.871 0.021 0.234
4898 170 142 2 2 0 2503.23 0.871 0.021 0.234
4899 143 144 2 2 0 1506.37 0.455 0.019 0.128
4900 144 143 2 2 0 1506.37 0.455 0.019 0.128
4901 143 169 2 2 0 2503.23 0.871 0.021 0.234
4902 169 143 2 2 0 2503.23 0.871 0.021 0.234
4903 143 170 2 2 0 1999.09 0.660 0.021 0.181
4904 170 143 2 2 0 1999.09 0.660 0.021 0.181
4905 143 171 2 2 0 2503.23 0.871 0.019 0.232
4906 171 143 2 2 0 2503.23 0.871 0.019 0.232
4907 144 145 2 2 0 1506.37 0.455 0.016 0.126
4908 145 144 2 2 0 1506.37 0.455 0.016 0.126
4909 144 170 2 2 0 2503.23 0.871 0.019 0.232
4910 170 144 2 2 0 2503.23 0.871 0.019 0.232
4911 144 171 2 2 0 1999.09 0.660 0.016 0.177
4912 171 144 2 2 0 1999.09 0.660 0.016 0.177
4913 144 172 2 2 0 2503.23 0.871 0.016 0.230
4914 172 144 2 2 0 2503.23 0.871 0.016 0.230
4915 145 146 2 2 0 1506.37 0.455 0.019 0.128
4916 146 145 2 2 0 1506.37 0.455 0.019 0.128
4917 145 171 2 2 0 2503.23 0.871 0.016 0.230
4918 171 145 2 2 0 2503.23 0.871 0.016 0.230
4919 145 172 2 2 0 1999.09 0.660 0.016 0.177
4920 172 145 2 2 0 1999.09 0.660 0.016 0.177
4921 145 173 2 2 0 2503.23 0.871 0.019 0.232
4922 173 145 2 2 0 2503.23 0.871 0.019 0.232
4923 146 147 2 2 0 1506.37 0.455 0.021 0.130
4924 147 146 2 2 0 1506.37 0.455 0.021 0.130
4925 146 172 2 2 0 2503.23 0.871 0.019 0.232
4926 172 146 2 2 0 2503.23 0.871 0.019 0.232
4927 146 173 2 2 0 1999.09 0.660 0.021 0.181
4928 173 146 2 2 0 1999.09 0.660 0.021 0.181
4929 146 174 2 2 0 2503.23 0.871 0.016 0.230
4930 174 146 2 2 0 2503.23 0.871 0.016 0.230
4931 147 148 2 2 0 1506.37 0.455 0.019 0.128
4932 148 147 2 2 0 1506.37 0.455 0.019 0.128
4933 147 173 2 2 0 2503.23 0.871 0.021 0.234
4934 173 147 2 2 0 2503.23 0.871 0.021 0.234
4935 147 174 2 2 0 1999.09 0.660 0.016 0.177
4936 174 147 2 2 0 1999.09 0.660 0.016 0.177
4937 147 175 2 2 0 2503.23 0.871 0.019 0.232
4938 175 147 2 2 0 2503.23 0.871 0.019 0.232
4939 148 149 2 2 0 1506.37 0.455 0.016 0.126
4940 149 148 2 2 0 1506.37 0.455 0.016 0.126
4941 148 174 2 2 0 2503.23 0.871 0.013 0.228
4942 174 148 2 2 0 2503.23 0.871 0.013 0.228
4943 148 175 2 2 0 1999.09 0.660 0.016 0.177
4944 175 148 2 2 0 1999.09 0.660 0.016 0.177
4945 148 176 2 2 0 2503.23 0.871 0.016 0.230
4946 176 148 2 2 0 2503.23 0.871 0.016 0.230
4947 149 150 2 2 0 1506.37 0.455 0.016 0.126
4948 150 149 2 2 0 1506.37 0.455 0.016 0.126
4949 149 175 2 2 0 2503.23 0.871 0.016 0.230
4950 175 149 2 2 0 2503.23 0.871 0.016 0.230
4951 149 176 2 2 0 1999.09 0.660 0.016 0.177
4952 176 149 2 2 0 1999.09 0.660 0.016 0.177
4953 149 177 2 2 0 2503.23 0.871 0.016 0.230
4954 177 149 2 2 0 2503.23 0.871 0.016 0.230
4955 150 176 2 2 0 2503.23 0.871 0.016 0.230
4956 176 150 2 2 0 2503.23 0.871 0.016 0.230
4957 150 177 2 2 0 1999.09 0.660 0.016 0.177
4958 177 150 2 2 0 1999.09 0.660 0.016 0.177
4959 150 178 2 2 0 2503.23 0.871 0.016 0.230
4960 178 150 2 2 0 2503.23 0.871 0.016 0.230
4961 152 153 2 2 0 1506.37 0.455 0.013 0.124
4962 153 152 2 2 0 1506.37 0.455 0.013 0.124
4963 152 178 2 2 0 2503.23 0.871 0.013 0.228
4964 178 152 2 2 0 2503.23 0.871 0.013 0.228
4965 152 179 2 2 0 1999.09 0.660 0.013 0.175
4966 179 152 2 2 0 1999.09 0.660 0.013 0.175
4967 152 180 2 2 0 2503.23 0.871 0.013 0.228
4968 180 152 2 2 0 2503.23 0.871 0.013 0.228
4969 153 154 2 2 0 1506.37 0.455 0.013 0.124
4970 154 153 2 2 0 1506.37 0.455 0.013 0.124
4971 153 179 2 2 0 2503.23 0.871 0.016 0.230
4972 179 153 2 2 0 2503.23 0.871 0.016 0.230
4973 153 180 2 2 0 1999.09 0.660 0.016 0.177
4974 180 153 2 2 0 1999.09 0.660 0.016 0.177
4975 153 181 2 2 0 2503.23 0.871 0.013 0.228
4976 181 153 2 2 0 2503.23 0.871 0.013 0.228
4977 154 155 2 2 0 1506.37 0.455 0.016 0.126
4978 155 154 2 2 0 1506.37 0.455 0.016 0.126
4979 154 180 2 2 0 2503.23 0.871 0.013 0.228
4980 180 154 2 2 0 2503.23 0.871 0.013 0.228
4981 154 181 2 2 0 1999.09 0.660 0.011 0.173
4982 181 154 2 2 0 1999.09 0.660 0.011 0.173
4983 154 182 2 2 0 2503.23 0.871 0.013 0.228
4984 182 154 2 2 0 2503.23 0.871 0.013 0.228
4985 155 156 2 2 0 1506.37 0.455 0.021 0.130
4986 156 155 2 2 0 1506.37 0.455 0.021 0.130
4987 155 181 2 2 0 2503.23 0.871 0.016 0.230
4988 181 155 2 2 0 2503.23 0.871 0.016 0.230
4989 155 182 2 2 0 1999.09 0.660 0.019 0.179
4990 182 155 2 2 0 1999.09 0.660 0.019 0.179
4991 155 183 2 2 0 2503.23 0.871 0.021 0.234
4992 183 155 2 2 0 2503.23 0.871 0.021 0.234
4993 156 157 2 2 0 1506.37 0.455 0.021 0.130
4994 157 156 2 2 0 1506.37 0.455 0.021 0.130
4995 156 182 2 2 0 2503.23 0.871 0.019 0.232
4996 182 156 2 2 0 2503.23 0.871 0.019 0.232
4997 156 183 2 2 0 1999.09 0.660 0.021 0.181
4998 183 156 2 2 0 1999.09 0.660 0.021 0.181
4999 156 184 2 2 0 2503.23 0.871 0.019 0.232
5000 184 156 2 2 0 2503.23 0.871 0.019 0.232
5001 157 158 2 2 0 1506.37 0.455 0.019 0.128
5002 158 157 2 2 0 1506.37 0.455 0.019 0.128
5003 157 183 2 2 0 2503.23 0.871 0.021 0.234
5004 183 157 2 2 0 2503.23 0.871 0.021 0.234
5005 157 184 2 2 0 1999.09 0.660 0.019 0.179
5006 184 157 2 2 0 1999.09 0.660 0.019 0.179
5007 157 185 2 2 0 2503.23 0.871 0.016 0.230
5008 185 157 2 2 0 2503.23 0.871 0.016 0.230
5009 158 159 2 2 0 1506.37 0.455 0.019 0.128
5010 159 158 2 2 0 1506.37 0.455 0.019 0.128
5011 158 184 2 2 0 2503.23 0.871 0.016 0.230
5012 184 158 2 2 0 2503.23 0.871 0.016 0.230
5013 158 185 2 2 0 1999.09 0.660 0.013 0.175
5014 185 158 2 2 0 1999.09 0.660 0.013 0.175
5015 158 186 2 2 0 2503.23 0.871 0.019 0.232
5016 186 158 2 2 0 2503.23 0.871 0.019 0.232
5017 159 185 2 2 0 2503.23 0.871 0.016 0.230
5018 185 159 2 2 0 2503.23 0.871 0.016 0.230
5019 159 186 2 2 0 1999.09 0.660 0.021 0.181
5020 186 159 2 2 0 1999.09 0.660 0.021 0.181
5021 159 187 2 2 0 2503.23 0.871 0.019 0.232
5022 187 159 2 2 0 2503.23 0.871 0.019 0.232
5023 160 161 2 2 0 1506.79 0.455 0.190 0.256
5024 161 160 2 2 0 1506.79 0.455 0.190 0.256
5025 160 189 2 2 0 1999.08 0.660 0.195 0.312
5026 189 160 2 2 0 1999.08 0.660 0.195 0.312
5027 160 190 2 2 0 2503.47 0.871 0.171 0.346
5028 190 160 2 2 0 2503.47 0.871 0.171 0.346
5029 161 162 2 2 0 1506.79 0.455 0.203 0.266
5030 162 161 2 2 0 1506.79 0.455 0.203 0.266
5031 161 189 2 2 0 2503.47 0.871 0.171 0.346
5032 189 161 2 2 0 2503.47 0.871 0.171 0.346
5033 161 190 2 2 0 1999.08 0.660 0.147 0.275
5034 190 161 2 2 0 1999.08 0.660 0.147 0.275
5035 161 191 2 2 0 2503.47 0.871 0.179 0.352
5036 191 161 2 2 0 2503.47 0.871 0.179 0.352
5037 162 163 2 2 0 1506.79 0.455 0.193 0.258
5038 163 162 2 2 0 1506.79 0.455 0.193 0.258
5039 162 190 2 2 0 2503.47 0.871 0.185 0.356
5040 190 162 2 2 0 2503.47 0.871 0.185 0.356
5041 162 191 2 2 0 1999.08 0.660 0.217 0.328
5042 191 162 2 2 0 1999.08 0.660 0.217 0.328
5043 162 192 2 2 0 2503.47 0.871 0.198 0.366
5044 192 162 2 2 0 2503.47 0.871 0.198 0.366
5045 163 164 2 2 0 1506.79 0.455 0.187 0.254
5046 164 163 2 2 0 1506.79 0.455 0.187 0.254
5047 163 191 2 2 0 2503.47 0.871 0.169 0.344
5048 191 163 2 2 0 2503.47 0.871 0.169 0.344
5049 163 192 2 2 0 1999.08 0.660 0.150 0.277
5050 192 163 2 2 0 1999.08 0.660 0.150 0.277
5051 163 193 2 2 0 2503.47 0.871 0.155 0.334
5052 193 163 2 2 0 2503.47 0.871 0.155 0.334
5053 164 165 2 2 0 1506.79 0.455 0.214 0.274
5054 165 164 2 2 0 1506.79 0.455 0.214 0.274
5055 164 192 2 2 0 2503.47 0.871 0.193 0.362
5056 192 164 2 2 0 2503.47 0.871 0.193 0.362
5057 164 193 2 2 0 1999.08 0.660 0.198 0.314
5058 193 164 2 2 0 1999.08 0.660 0.198 0.314
5059 164 194 2 2 0 2503.47 0.871 0.190 0.360
5060 194 164 2 2 0 2503.47 0.871 0.190 0.360
5061 165 166 2 2 0 1506.79 0.455 0.219 0.278
5062 166 165 2 2 0 1506.79 0.455 0.219 0.278
5063 165 193 2 2 0 2503.47 0.871 0.182 0.354
5064 193 165 2 2 0 2503.47 0.871 0.182 0.354
5065 165 194 2 2 0 1999.08 0.660 0.174 0.296
5066 194 165 2 2 0 1999.08 0.660 0.174 0.296
5067 165 195 2 2 0 2503.47 0.871 0.206 0.372
5068 195 165 2 2 0 2503.47 0.871 0.206 0.372
5069 166 167 2 2 0 1506.79 0.455 0.225 0.282
5070 167 166 2 2 0 1506.79 0.455 0.225 0.282
5071 166 194 2 2 0 2503.47 0.871 0.195 0.364
5072 194 166 2 2 0 2503.47 0.871 0.195 0.364
5073 166 195 2 2 0 1999.08 0.660 0.227 0.336
5074 195 166 2 2 0 1999.08 0.660 0.227 0.336
5075 166 196 2 2 0 2503.47 0.871 0.201 0.368
5076 196 166 2 2 0 2503.47 0.871 0.201 0.368
5077 167 168 2 2 0 1506.79 0.455 0.185 0.252
5078 168 167 2 2 0 1506.79 0.455 0.185 0.252
5079 167 195 2 2 0 2503.47 0.871 0.211 0.376
5080 195 167 2 2 0 2503.47 0.871 0.211 0.376
5081 167 196 2 2 0 1999.08 0.660 0.185 0.304
5082 196 167 2 2 0 1999.08 0.660 0.185 0.304
5083 167 197 2 2 0 2503.47 0.871 0.203 0.370
5084 197 167 2 2 0 2503.47 0.871 0.203 0.370
5085 168 169 2 2 0 1506.79 0.455 0.091 0.182
5086 169 168 2 2 0 1506.79 0.455 0.091 0.182
5087 168 196 2 2 0 2503.47 0.871 0.161 0.338
5088 196 168 2 2 0 2503.47 0.871 0.161 0.338
5089 168 197 2 2 0 1999.08 0.660 0.179 0.300
5090 197 168 2 2 0 1999.08 0.660 0.179 0.300
5091 168 198 2 2 0 2503.47 0.871 0.088 0.284
5092 198 168 2 2 0 2503.47 0.871 0.088 0.284
5093 169 170 2 2 0 1506.79 0.455 0.021 0.130
5094 170 169 2 2 0 1506.79 0.455 0.021 0.130
5095 169 197 2 2 0 2503.47 0.871 0.110 0.300
5096 197 169 2 2 0 2503.47 0.871 0.110 0.300
5097 169 198 2 2 0 1999.08 0.660 0.019 0.179
5098 198 169 2 2 0 1999.08 0.660 0.019 0.179
5099 169 199 2 2 0 2503.47 0.871 0.021 0.234
5100 199 169 2 2 0 2503.47 0.871 0.021 0.234
5101 170 171 2 2 0 1506.79 0.455 0.019 0.128
5102 171 170 2 2 0 1506.79 0.455 0.019 0.128
5103 170 198 2 2 0 2503.47 0.871 0.019 0.232
5104 198 170 2 2 0 2503.47 0.871 0.019 0.232
5105 170 199 2 2 0 1999.08 0.660 0.021 0.181
5106 199 170 2 2 0 1999.08 0.660 0.021 0.181
5107 170 200 2 2 0 2503.47 0.871 0.019 0.232
5108 200 170 2 2 0 2503.47 0.871 0.019 0.232
5109 171 172 2 2 0 1506.79 0.455 0.016 0.126
5110 172 171 2 2 0 1506.79 0.455 0.016 0.126
5111 171 199 2 2 0 2503.47 0.871 0.019 0.232
5112 199 171 2 2 0 2503.47 0.871 0.019 0.232
5113 171 200 2 2 0 1999.08 0.660 0.016 0.177
5114 200 171 2 2 0 1999.08 0.660 0.016 0.177
5115 171 201 2 2 0 2503.47 0.871 0.016 0.230
5116 201 171 2 2 0 2503.47 0.871 0.016 0.230
5117 172 173 2 2 0 1506.79 0.455 0.019 0.128
5118 173 172 2 2 0 1506.79 0.455 0.019 0.128
5119 172 200 2 2 0 2503.47 0.871 0.016 0.230
5120 200 172 2 2 0 2503.47 0.871 0.016 0.230
5121 172 201 2 2 0 1999.08 0.660 0.016 0.177
5122 201 172 2 2 0 1999.08 0.660 0.016 0.177
5123 172 202 2 2 0 2503.47 0.871 0.019 0.232
5124 202 172 2 2 0 2503.47 0.871 0.019 0.232
5125 173 174 2 2 0 1506.79 0.455 0.016 0.126
5126 174 173 2 2 0 1506.79 0.455 0.016 0.126
5127 173 201 2 2 0 2503.47 0.871 0.019 0.232
5128 201 173 2 2 0 2503.47 0.871 0.019 0.232
5129 173 202 2 2 0 1999.08 0.660 0.021 0.181
5130 202 173 2 2 0 1999.08 0.660 0.021 0.181
5131 173 203 2 2 0 2503.47 0.871 0.016 0.230
5132 203 173 2 2 0 2503.47 0.871 0.016 0.230
5133 174 175 2 2 0 1506.79 0.455 0.013 0.124
5134 175 174 2 2 0 1506.79 0.455 0.013 0.124
5135 174 202 2 2 0 2503.47 0.871 0.016 0.230
5136 202 174 2 2 0 2503.47 0.871 0.016 0.230
5137 174 203 2 2 0 1999.08 0.660 0.011 0.173
5138 203 174 2 2 0 1999.08 0.660 0.011 0.173
5139 174 204 2 2 0 2503.47 0.871 0.016 0.230
5140 204 174 2 2 0 2503.47 0.871 0.016 0.230
5141 175 176 2 2 0 1506.79 0.455 0.016 0.126
5142 176 175 2 2 0 1506.79 0.455 0.016 0.126
5143 175 203 2 2 0 2503.47 0.871 0.013 0.228
5144 203 175 2 2 0 2503.47 0.871 0.013 0.228
5145 175 204 2 2 0 1999.08 0.660 0.019 0.179
5146 204 175 2 2 0 1999.08 0.660 0.019 0.179
5147 175 205 2 2 0 2503.47 0.871 0.016 0.230
5148 205 175 2 2 0 2503.47 0.871 0.016 0.230
5149 176 177 2 2 0 1506.79 0.455 0.016 0.126
5150 177 176 2 2 0 1506.79 0.455 0.016 0.126
5151 176 204 2 2 0 2503.47 0.871 0.019 0.232
5152 204 176 2 2 0 2503.47 0.871 0.019 0.232
5153 176 205 2 2 0 1999.08 0.660 0.016 0.177
5154 205 176 2 2 0 1999.08 0.660 0.016 0.177
5155 177 178 2 2 0 1506.79 0.455 0.016 0.126
5156 178 177 2 2 0 1506.79 0.455 0.016 0.126
5157 177 205 2 2 0 2503.47 0.871 0.016 0.230
5158 205 177 2 2 0 2503.47 0.871 0.016 0.230
5159 177 206 2 2 0 1999.08 0.660 0.013 0.175
5160 206 177 2 2 0 1999.08 0.660 0.013 0.175
5161 177 207 2 2 0 2503.47 0.871 0.016 0.230
5162 207 177 2 2 0 2503.47 0.871 0.016 0.230
5163 178 179 2 2 0 1506.79 0.455 0.016 0.126
5164 179 178 2 2 0 1506.79 0.455 0.016 0.126
5165 178 206 2 2 0 2503.47 0.871 0.013 0.228
5166 206 178 2 2 0 2503.47 0.871 0.013 0.228
5167 178 207 2 2 0 1999.08 0.660 0.016 0.177
5168 207 178 2 2 0 1999.08 0.660 0.016 0.177
5169 178 208 2 2 0 2503.47 0.871 0.016 0.230
5170 208 178 2 2 0 2503.47 0.871 0.016 0.230
5171 179 180 2 2 0 1506.79 0.455 0.016 0.126
5172 180 179 2 2 0 1506.79 0.455 0.016 0.126
5173 179 207 2 2 0 2503.47 0.871 0.016 0.230
5174 207 179 2 2 0 2503.47 0.871 0.016 0.230
5175 179 208 2 2 0 1999.08 0.660 0.016 0.177
5176 208 179 2 2 0 1999.08 0.660 0.016 0.177
5177 179 209 2 2 0 2503.47 0.871 0.013 0.228
5178 209 179 2 2 0 2503.47 0.871 0.013 0.228
5179 180 181 2 2 0 1506.79 0.455 0.013 0.124
5180 181 180 2 2 0 1506.79 0.455 0.013 0.124
5181 180 208 2 2 0 2503.47 0.871 0.016 0.230
5182 208 180 2 2 0 2503.47 0.871 0.016 0.230
5183 180 209 2 2 0 1999.08 0.660 0.013 0.175
5184 209 180 2 2 0 1999.08 0.660 0.013 0.175
5185 180 210 2 2 0 2503.47 0.871 0.019 0.232
5186 210 180 2 2 0 2503.47 0.871 0.019 0.232
5187 181 182 2 2 0 1506.79 0.455 0.013 0.124
5188 182 181 2 2 0 1506.79 0.455 0.013 0.124
5189 181 209 2 2 0 2503.47 0.871 0.011 0.226
5190 209 181 2 2 0 2503.47 0.871 0.011 0.226
5191 181 210 2 2 0 1999.08 0.660 0.016 0.177
5192 210 181 2 2 0 1999.08 0.660 0.016 0.177
5193 181 211 2 2 0 2503.47 0.871 0.016 0.230
5194 211 181 2 2 0 2503.47 0.871 0.016 0.230
5195 182 183 2 2 0 1506.79 0.455 0.019 0.128
5196 183 182 2 2 0 1506.79 0.455 0.019 0.128
5197 182 210 2 2 0 2503.47 0.871 0.019 0.232
5198 210 182 2 2 0 2503.47 0.871 0.019 0.232
5199 182 211 2 2 0 1999.08 0.660 0.019 0.179
5200 211 182 2 2 0 1999.08 0.660 0.019 0.179
5201 182 212 2 2 0 2503.47 0.871 0.016 0.230
5202 212 182 2 2 0 2503.47 0.871 0.016 0.230
5203 183 184 2 2 0 1506.79 0.455 0.019 0.128
5204 184 183 2 2 0 1506.79 0.455 0.019 0.128
5205 183 211 2 2 0 2503.47 0.871 0.021 0.234
5206 211 183 2 2 0 2503.47 0.871 0.021 0.234
5207 183 212 2 2 0 1999.08 0.660 0.019 0.179
5208 212 183 2 2 0 1999.08 0.660 0.019 0.179
5209 183 213 2 2 0 2503.47 0.871 0.016 0.230
5210 213 183 2 2 0 2503.47 0.871 0.016 0.230
5211 184 185 2 2 0 1506.79 0.455 0.013 0.124
5212 185 184 2 2 0 1506.79 0.455 0.013 0.124
5213 184 212 2 2 0 2503.47 0.871 0.016 0.230
5214 212 184 2 2 0 2503.47 0.871 0.016 0.230
5215 184 213 2 2 0 1999.08 0.660 0.013 0.175
5216 213 184 2 2 0 1999.08 0.660 0.013 0.175
5217 184 214 2 2 0 2503.47 0.871 0.019 0.232
5218 214 184 2 2 0 2503.47 0.871 0.019 0.232
5219 185 186 2 2 0 1506.79 0.455 0.016 0.126
5220 186 185 2 2 0 1506.79 0.455 0.016 0.126
5221 185 213 2 2 0 2503.47 0.871 0.011 0.226
5222 213 185 2 2 0 2503.47 0.871 0.011 0.226
5223 185 214 2 2 0 1999.08 0.660 0.016 0.177
5224 214 185 2 2 0 1999.08 0.660 0.016 0.177
5225 185 215 2 2 0 2503.47 0.871 0.011 0.226
5226 215 185 2 2 0 2503.47 0.871 0.011 0.226
5227 186 187 2 2 0 1506.79 0.455 0.019 0.128
5228 187 186 2 2 0 1506.79 0.455 0.019 0.128
5229 186 214 2 2 0 2503.47 0.871 0.021 0.234
5230 214 186 2 2 0 2503.47 0.871 0.021 0.234
5231 186 215 2 2 0 1999.08 0.660 0.016 0.177
5232 215 186 2 2 0 1999.08 0.660 0.016 0.177
5233 186 216 2 2 0 2503.47 0.871 0.016 0.230
5234 216 186 2 2 0 2503.47 0.871 0.016 0.230
5235 187 188 2 2 0 1506.79 0.455 0.016 0.126
5236 188 187 2 2 0 1506.79 0.455 0.016 0.126
5237 187 215 2 2 0 2503.47 0.871 0.013 0.228
5238 215 187 2 2 0 2503.47 0.871 0.013 0.228
5239 187 216 2 2 0 1999.08 0.660 0.013 0.175
5240 216 187 2 2 0 1999.08 0.660 0.013 0.175
5241 187 217 2 2 0 2503.47 0.871 0.016 0.230
5242 217 187 2 2 0 2503.47 0.871 0.016 0.230
5243 188 216 2 2 0 2503.47 0.871 0.013 0.228
5244 216 188 2 2 0 2503.47 0.871 0.013 0.228
5245 188 217 2 2 0 1999.08 0.660 0.016 0.177
5246 217 188 2 2 0 1999.08 0.660 0.016 0.177
5247 188 218 2 2 0 2503.47 0.871 0.013 0.228
5248 218 188 2 2 0 2503.47 0.871 0.013 0.228
5249 189 190 2 2 0 1507.20 0.455 0.153 0.228
5250 190 189 2 2 0 1507.20 0.455 0.153 0.228
5251 189 220 2 2 0 2503.71 0.871 0.190 0.360
5252 220 189 2 2 0 2503.71 0.871 0.190 0.360
5253 189 221 2 2 0 1999.08 0.660 0.185 0.304
5254 221 189 2 2 0 1999.08 0.660 0.185 0.304
5255 189 222 2 2 0 2503.71 0.871 0.150 0.330
5256 222 189 2 2 0 2503.71 0.871 0.150 0.330
5257 190 191 2 2 0 1507.20 0.455 0.161 0.234
5258 191 190 2 2 0 1507.20 0.455 0.161 0.234
5259 190 221 2 2 0 2503.71 0.871 0.161 0.338
5260 221 190 2 2 0 2503.71 0.871 0.161 0.338
5261 190 222 2 2 0 1999.08 0.660 0.126 0.259
5262 222 190 2 2 0 1999.08 0.660 0.126 0.259
5263 190 223 2 2 0 2503.71 0.871 0.169 0.344
5264 223 190 2 2 0 2503.71 0.871 0.169 0.344
5265 191 192 2 2 0 1507.20 0.455 0.174 0.244
5266 192 191 2 2 0 1507.20 0.455 0.174 0.244
5267 191 222 2 2 0 2503.71 0.871 0.158 0.336
5268 222 191 2 2 0 2503.71 0.871 0.158 0.336
5269 191 223 2 2 0 1999.08 0.660 0.201 0.316
5270 223 191 2 2 0 1999.08 0.660 0.201 0.316
5271 191 224 2 2 0 2503.71 0.871 0.174 0.348
5272 224 191 2 2 0 2503.71 0.871 0.174 0.348
5273 192 193 2 2 0 1507.20 0.455 0.161 0.234
5274 193 192 2 2 0 1507.20 0.455 0.161 0.234
5275 192 223 2 2 0 2503.71 0.871 0.182 0.354
5276 223 192 2 2 0 2503.71 0.871 0.182 0.354
5277 192 224 2 2 0 1999.08 0.660 0.155 0.281
5278 224 192 2 2 0 1999.08 0.660 0.155 0.281
5279 192 225 2 2 0 2503.71 0.871 0.187 0.358
5280 225 192 2 2 0 2503.71 0.871 0.187 0.358
5281 193 194 2 2 0 1507.20 0.455 0.158 0.232
5282 194 193 2 2 0 1507.20 0.455 0.158 0.232
5283 193 224 2 2 0 2503.71 0.871 0.161 0.338
5284 224 193 2 2 0 2503.71 0.871 0.161 0.338
5285 193 225 2 2 0 1999.08 0.660 0.193 0.310
5286 225 193 2 2 0 1999.08 0.660 0.193 0.310
5287 193 226 2 2 0 2503.71 0.871 0.171 0.346
5288 226 193 2 2 0 2503.71 0.871 0.171 0.346
5289 194 195 2 2 0 1507.20 0.455 0.182 0.250
5290 195 194 2 2 0 1507.20 0.455 0.182 0.250
5291 194 225 2 2 0 2503.71 0.871 0.185 0.356
5292 225 194 2 2 0 2503.71 0.871 0.185 0.356
5293 194 226 2 2 0 1999.08 0.660 0.163 0.287
5294 226 194 2 2 0 1999.08 0.660 0.163 0.287
5295 194 227 2 2 0 2503.71 0.871 0.150 0.330
5296 227 194 2 2 0 2503.71 0.871 0.150 0.330
5297 195 196 2 2 0 1507.20 0.455 0.187 0.254
5298 196 195 2 2 0 1507.20 0.455 0.187 0.254
5299 195 226 2 2 0 2503.71 0.871 0.195 0.364
5300 226 195 2 2 0 2503.71 0.871 0.195 0.364
5301 195 227 2 2 0 1999.08 0.660 0.182 0.302
5302 227 195 2 2 0 1999.08 0.660 0.182 0.302
5303 195 228 2 2 0 2503.71 0.871 0.217 0.380
5304 228 195 2 2 0 2503.71 0.871 0.217 0.380
5305 196 197 2 2 0 1507.20 0.455 0.179 0.248
5306 197 196 2 2 0 1507.20 0.455 0.179 0.248
5307 196 227 2 2 0 2503.71 0.871 0.155 0.334
5308 227 196 2 2 0 2503.71 0.871 0.155 0.334
5309 196 228 2 2 0 1999.08 0.660 0.190 0.308
5310 228 196 2 2 0 1999.08 0.660 0.190 0.308
5311 196 229 2 2 0 2503.71 0.871 0.142 0.324
5312 229 196 2 2 0 2503.71 0.871 0.142 0.324
5313 197 198 2 2 0 1507.20 0.455 0.107 0.194
5314 198 197 2 2 0 1507.20 0.455 0.107 0.194
5315 197 228 2 2 0 2503.71 0.871 0.209 0.374
5316 228 197 2 2 0 2503.71 0.871 0.209 0.374
5317 197 229 2 2 0 1999.08 0.660 0.161 0.285
5318 229 197 2 2 0 1999.08 0.660 0.161 0.285
5319 197 230 2 2 0 2503.71 0.871 0.104 0.296
5320 230 197 2 2 0 2503.71 0.871 0.104 0.296
5321 198 199 2 2 0 1507.20 0.455 0.019 0.128
5322 199 198 2 2 0 1507.20 0.455 0.019 0.128
5323 198 229 2 2 0 2503.71 0.871 0.070 0.270
5324 229 198 2 2 0 2503.71 0.871 0.070 0.270
5325 198 230 2 2 0 1999.08 0.660 0.013 0.175
5326 230 198 2 2 0 1999.08 0.660 0.013 0.175
5327 198 231 2 2 0 2503.71 0.871 0.019 0.232
5328 231 198 2 2 0 2503.71 0.871 0.019 0.232
5329 199 200 2 2 0 1507.20 0.455 0.019 0.128
5330 200 199 2 2 0 1507.20 0.455 0.019 0.128
5331 199 230 2 2 0 2503.71 0.871 0.016 0.230
5332 230 199 2 2 0 2503.71 0.871 0.016 0.230
5333 199 231 2 2 0 1999.08 0.660 0.021 0.181
5334 231 199 2 2 0 1999.08 0.660 0.021 0.181
5335 199 232 2 2 0 2503.71 0.871 0.019 0.232
5336 232 199 2 2 0 2503.71 0.871 0.019 0.232
5337 200 201 2 2 0 1507.20 0.455 0.016 0.126
5338 201 200 2 2 0 1507.20 0.455 0.016 0.126
5339 200 231 2 2 0 2503.71 0.871 0.019 0.232
5340 231 200 2 2 0 2503.71 0.871 0.019 0.232
5341 200 232 2 2 0 1999.08 0.660 0.016 0.177
5342 232 200 2 2 0 1999.08 0.660 0.016 0.177
5343 200 233 2 2 0 2503.71 0.871 0.032 0.242
5344 233 200 2 2 0 2503.71 0.871 0.032 0.242
5345 201 202 2 2 0 1507.20 0.455 0.019 0.128
5346 202 201 2 2 0 1507.20 0.455 0.019 0.128
5347 201 232 2 2 0 2503.71 0.871 0.016 0.230
5348 232 201 2 2 0 2503.71 0.871 0.016 0.230
5349 201 233 2 2 0 1999.08 0.660 0.032 0.189
5350 233 201 2 2 0 1999.08 0.660 0.032 0.189
5351 201 234 2 2 0 2503.71 0.871 0.016 0.230
5352 234 201 2 2 0 2503.71 0.871 0.016 0.230
5353 202 203 2 2 0 1507.20 0.455 0.016 0.126
5354 203 202 2 2 0 1507.20 0.455 0.016 0.126
5355 202 233 2 2 0 2503.71 0.871 0.035 0.244
5356 233 202 2 2 0 2503.71 0.871 0.035 0.244
5357 202 234 2 2 0 1999.08 0.660 0.019 0.179
5358 234 202 2 2 0 1999.08 0.660 0.019 0.179
5359 202 235 2 2 0 2503.71 0.871 0.016 0.230
5360 235 202 2 2 0 2503.71 0.871 0.016 0.230
5361 203 204 2 2 0 1507.20 0.455 0.016 0.126
5362 204 203 2 2 0 1507.20 0.455 0.016 0.126
5363 203 234 2 2 0 2503.71 0.871 0.013 0.228
5364 234 203 2 2 0 2503.71 0.871 0.013 0.228
5365 203 235 2 2 0 1999.08 0.660 0.011 0.173
5366 235 203 2 2 0 1999.08 0.660 0.011 0.173
5367 203 236 2 2 0 2503.71 0.871 0.013 0.228
5368 236 203 2 2 0 2503.71 0.871 0.013 0.228
5369 204 205 2 2 0 1507.20 0.455 0.019 0.128
5370 205 204 2 2 0 1507.20 0.455 0.019 0.128
5371 204 235 2 2 0 2503.71 0.871 0.016 0.230
5372 235 204 2 2 0 2503.71 0.871 0.016 0.230
5373 204 236 2 2 0 1999.08 0.660 0.019 0.179
5374 236 204 2 2 0 1999.08 0.660 0.019 0.179
5375 204 237 2 2 0 2503.71 0.871 0.016 0.230
5376 237 204 2 2 0 2503.71 0.871 0.016 0.230
5377 205 206 2 2 0 1507.20 0.455 0.013 0.124
5378 206 205 2 2 0 1507.20 0.455 0.013 0.124
5379 205 236 2 2 0 2503.71 0.871 0.016 0.230
5380 236 205 2 2 0 2503.71 0.871 0.016 0.230
5381 205 237 2 2 0 1999.08 0.660 0.013 0.175
5382 237 205 2 2 0 1999.08 0.660 0.013 0.175
5383 205 238 2 2 0 2503.71 0.871 0.013 0.228
5384 238 205 2 2 0 2503.71 0.871 0.013 0.228
5385 206 207 2 2 0 1507.20 0.455 0.013 0.124
5386 207 206 2 2 0 1507.20 0.455 0.013 0.124
5387 206 237 2 2 0 2503.71 0.871 0.011 0.226
5388 237 206 2 2 0 2503.71 0.871 0.011 0.226
5389 206 238 2 2 0 1999.08 0.660 0.011 0.173
5390 238 206 2 2 0 1999.08 0.660 0.011 0.173
5391 206 239 2 2 0 2503.71 0.871 0.024 0.236
5392 239 206 2 2 0 2503.71 0.871 0.024 0.236
5393 207 208 2 2 0 1507.20 0.455 0.016 0.126
5394 208 207 2 2 0 1507.20 0.455 0.016 0.126
5395 207 238 2 2 0 2503.71 0.871 0.013 0.228
5396 238 207 2 2 0 2503.71 0.871 0.013 0.228
5397 207 239 2 2 0 1999.08 0.660 0.027 0.185
5398 239 207 2 2 0 1999.08 0.660 0.027 0.185
5399 207 240 2 2 0 2503.71 0.871 0.027 0.238
5400 240 207 2 2 0 2503.71 0.871 0.027 0.238
5401 208 209 2 2 0 1507.20 0.455 0.013 0.124
5402 209 208 2 2 0 1507.20 0.455 0.013 0.124
5403 208 239 2 2 0 2503.71 0.871 0.027 0.238
5404 239 208 2 2 0 2503.71 0.871 0.027 0.238
5405 208 240 2 2 0 1999.08 0.660 0.027 0.185
5406 240 208 2 2 0 1999.08 0.660 0.027 0.185
5407 208 241 2 2 0 2503.71 0.871 0.019 0.232
5408 241 208 2 2 0 2503.71 0.871 0.019 0.232
5409 209 210 2 2 0 1507.20 0.455 0.016 0.126
5410 210 209 2 2 0 1507.20 0.455 0.016 0.126
5411 209 240 2 2 0 2503.71 0.871 0.024 0.236
5412 240 209 2 2 0 2503.71 0.871 0.024 0.236
5413 209 241 2 2 0 1999.08 0.660 0.016 0.177
5414 241 209 2 2 0 1999.08 0.660 0.016 0.177
5415 209 242 2 2 0 2503.71 0.871 0.013 0.228
5416 242 209 2 2 0 2503.71 0.871 0.013 0.228
5417 210 211 2 2 0 1507.20 0.455 0.021 0.130
5418 211 210 2 2 0 1507.20 0.455 0.021 0.130
5419 210 241 2 2 0 2503.71 0.871 0.021 0.234
5420 241 210 2 2 0 2503.71 0.871 0.021 0.234
5421 210 242 2 2 0 1999.08 0.660 0.019 0.179
5422 242 210 2 2 0 1999.08 0.660 0.019 0.179
5423 210 243 2 2 0 2503.71 0.871 0.019 0.232
5424 243 210 2 2 0 2503.71 0.871 0.019 0.232
5425 211 212 2 2 0 1507.20 0.455 0.019 0.128
5426 212 211 2 2 0 1507.20 0.455 0.019 0.128
5427 211 242 2 2 0 2503.71 0.871 0.019 0.232
5428 242 211 2 2 0 2503.71 0.871 0.019 0.232
5429 211 243 2 2 0 1999.08 0.660 0.019 0.179
5430 243 211 2 2 0 1999.08 0.660 0.019 0.179
5431 211 244 2 2 0 2503.71 0.871 0.019 0.232
5432 244 211 2 2 0 2503.71 0.871 0.019 0.232
5433 212 213 2 2 0 1507.20 0.455 0.013 0.124
5434 213 212 2 2 0 1507.20 0.455 0.013 0.124
5435 212 243 2 2 0 2503.71 0.871 0.016 0.230
5436 243 212 2 2 0 2503.71 0.871 0.016 0.230
5437 212 244 2 2 0 1999.08 0.660 0.016 0.177
5438 244 212 2 2 0 1999.08 0.660 0.016 0.177
5439 212 245 2 2 0 2503.71 0.871 0.016 0.230
5440 245 212 2 2 0 2503.71 0.871 0.016 0.230
5441 213 214 2 2 0 1507.20 0.455 0.016 0.126
5442 214 213 2 2 0 1507.20 0.455 0.016 0.126
5443 213 244 2 2 0 2503.71 0.871 0.013 0.228
5444 244 213 2 2 0 2503.71 0.871 0.013 0.228
5445 213 245 2 2 0 1999.08 0.660 0.013 0.175
5446 245 213 2 2 0 1999.08 0.660 0.013 0.175
5447 213 246 2 2 0 2503.71 0.871 0.013 0.228
5448 246 213 2 2 0 2503.71 0.871 0.013 0.228
5449 214 215 2 2 0 1507.20 0.455 0.016 0.126
5450 215 214 2 2 0 1507.20 0.455 0.016 0.126
5451 214 245 2 2 0 2503.71 0.871 0.019 0.232
5452 245 214 2 2 0 2503.71 0.871 0.019 0.232
5453 214 246 2 2 0 1999.08 0.660 0.019 0.179
5454 246 214 2 2 0 1999.08 0.660 0.019 0.179
5455 214 247 2 2 0 2503.71 0.871 0.019 0.232
5456 247 214 2 2 0 2503.71 0.871 0.019 0.232
5457 215 216 2 2 0 1507.20 0.455 0.011 0.122
5458 216 215 2 2 0 1507.20 0.455 0.011 0.122
5459 215 246 2 2 0 2503.71 0.871 0.013 0.228
5460 246 215 2 2 0 2503.71 0.871 0.013 0.228
5461 215 247 2 2 0 1999.08 0.660 0.013 0.175
5462 247 215 2 2 0 1999.08 0.660 0.013 0.175
5463 216 217 2 2 0 1507.20 0.455 0.013 0.124
5464 217 216 2 2 0 1507.20 0.455 0.013 0.124
5465 216 247 2 2 0 2503.71 0.871 0.013 0.228
5466 247 216 2 2 0 2503.71 0.871 0.013 0.228
5467 216 248 2 2 0 1999.08 0.660 0.013 0.175
5468 248 216 2 2 0 1999.08 0.660 0.013 0.175
5469 216 249 2 2 0 2503.71 0.871 0.013 0.228
5470 249 216 2 2 0 2503.71 0.871 0.013 0.228
5471 217 218 2 2 0 1507.20 0.455 0.013 0.124
5472 218 217 2 2 0 1507.20 0.455 0.013 0.124
5473 217 248 2 2 0 2503.71 0.871 0.016 0.230
5474 248 217 2 2 0 2503.71 0.871 0.016 0.230
5475 217 249 2 2 0 1999.08 0.660 0.016 0.177
5476 249 217 2 2 0 1999.08 0.660 0.016 0.177
5477 217 250 2 2 0 2503.71 0.871 0.019 0.232
5478 250 217 2 2 0 2503.71 0.871 0.019 0.232
5479 218 219 2 2 0 1507.20 0.455 0.013 0.124
5480 219 218 2 2 0 1507.20 0.455 0.013 0.124
5481 218 249 2 2 0 2503.71 0.871 0.013 0.228
5482 249 218 2 2 0 2503.71 0.871 0.013 0.228
5483 218 250 2 2 0 1999.08 0.660 0.016 0.177
5484 250 218 2 2 0 1999.08 0.660 0.016 0.177
5485 218 251 2 2 0 2503.71 0.871 0.013 0.228
5486 251 218 2 2 0 2503.71 0.871 0.013 0.228
5487 219 250 2 2 0 2503.71 0.871 0.019 0.232
5488 250 219 2 2 0 2503.71 0.871 0.019 0.232
5489 219 251 2 2 0 1999.08 0.660 0.016 0.177
5490 251 219 2 2 0 1999.08 0.660 0.016 0.177
5491 219 252 2 2 0 2503.71 0.871 0.013 0.228
5492 252 219 2 2 0 2503.71 0.871 0.013 0.228
5493 220 221 2 2 0 1507.61 0.455 0.198 0.262
5494 221 220 2 2 0 1507.61 0.455 0.198 0.262
5495 220 254 2 2 0 1999.07 0.660 0.120 0.255
5496 254 220 2 2 0 1999.07 0.660 0.120 0.255
5497 220 255 2 2 0 2503.96 0.871 0.128 0.314
5498 255 220 2 2 0 2503.96 0.871 0.128 0.314
5499 221 222 2 2 0 1507.61 0.455 0.158 0.232
5500 222 221 2 2 0 1507.61 0.455 0.158 0.232
5501 221 254 2 2 0 2503.96 0.871 0.115 0.304
5502 254 221 2 2 0 2503.96 0.871 0.115 0.304
5503 221 255 2 2 0 1999.07 0.660 0.123 0.257
5504 255 221 2 2 0 1999.07 0.660 0.123 0.257
5505 221 256 2 2 0 2503.96 0.871 0.118 0.306
5506 256 221 2 2 0 2503.96 0.871 0.118 0.306
5507 222 223 2 2 0 1507.61 0.455 0.166 0.238
5508 223 222 2 2 0 1507.61 0.455 0.166 0.238
5509 222 255 2 2 0 2503.96 0.871 0.088 0.284
5510 255 222 2 2 0 2503.96 0.871 0.088 0.284
5511 222 256 2 2 0 1999.07 0.660 0.083 0.227
5512 256 222 2 2 0 1999.07 0.660 0.083 0.227
5513 222 257 2 2 0 2503.96 0.871 0.094 0.288
5514 257 222 2 2 0 2503.96 0.871 0.094 0.288
5515 223 224 2 2 0 1507.61 0.455 0.182 0.250
5516 224 223 2 2 0 1507.61 0.455 0.182 0.250
5517 223 256 2 2 0 2503.96 0.871 0.126 0.312
5518 256 223 2 2 0 2503.96 0.871 0.126 0.312
5519 223 257 2 2 0 1999.07 0.660 0.136 0.267
5520 257 223 2 2 0 1999.07 0.660 0.136 0.267
5521 223 258 2 2 0 2503.96 0.871 0.126 0.312
5522 258 223 2 2 0 2503.96 0.871 0.126 0.312
5523 224 225 2 2 0 1507.61 0.455 0.187 0.254
5524 225 224 2 2 0 1507.61 0.455 0.187 0.254
5525 224 257 2 2 0 2503.96 0.871 0.110 0.300
5526 257 224 2 2 0 2503.96 0.871 0.110 0.300
5527 224 258 2 2 0 1999.07 0.660 0.099 0.239
5528 258 224 2 2 0 1999.07 0.660 0.099 0.239
5529 224 259 2 2 0 2503.96 0.871 0.096 0.290
5530 259 224 2 2 0 2503.96 0.871 0.096 0.290
5531 225 226 2 2 0 1507.61 0.455 0.198 0.262
5532 226 225 2 2 0 1507.61 0.455 0.198 0.262
5533 225 258 2 2 0 2503.96 0.871 0.131 0.316
5534 258 225 2 2 0 2503.96 0.871 0.131 0.316
5535 225 259 2 2 0 1999.07 0.660 0.128 0.261
5536 259 225 2 2 0 1999.07 0.660 0.128 0.261
5537 225 260 2 2 0 2503.96 0.871 0.195 0.364
5538 260 225 2 2 0 2503.96 0.871 0.195 0.364
5539 226 227 2 2 0 1507.61 0.455 0.163 0.236
5540 227 226 2 2 0 1507.61 0.455 0.163 0.236
5541 226 259 2 2 0 2503.96 0.871 0.107 0.298
5542 259 226 2 2 0 2503.96 0.871 0.107 0.298
5543 226 260 2 2 0 1999.07 0.660 0.174 0.296
5544 260 226 2 2 0 1999.07 0.660 0.174 0.296
5545 226 261 2 2 0 2503.96 0.871 0.201 0.368
5546 261 226 2 2 0 2503.96 0.871 0.201 0.368
5547 227 228 2 2 0 1507.61 0.455 0.185 0.252
5548 228 227 2 2 0 1507.61 0.455 0.185 0.252
5549 227 260 2 2 0 2503.96 0.871 0.161 0.338
5550 260 227 2 2 0 2503.96 0.871 0.161 0.338
5551 227 261 2 2 0 1999.07 0.660 0.187 0.306
5552 261 227 2 2 0 1999.07 0.660 0.187 0.306
5553 227 262 2 2 0 2503.96 0.871 0.142 0.324
5554 262 227 2 2 0 2503.96 0.871 0.142 0.324
5555 228 229 2 2 0 1507.61 0.455 0.171 0.242
5556 229 228 2 2 0 1507.61 0.455 0.171 0.242
5557 228 261 2 2 0 2503.96 0.871 0.222 0.384
5558 261 228 2 2 0 2503.96 0.871 0.222 0.384
5559 228 262 2 2 0 1999.07 0.660 0.177 0.298
5560 262 228 2 2 0 1999.07 0.660 0.177 0.298
5561 228 263 2 2 0 2503.96 0.871 0.120 0.308
5562 263 228 2 2 0 2503.96 0.871 0.120 0.308
5563 229 230 2 2 0 1507.61 0.455 0.067 0.164
5564 230 229 2 2 0 1507.61 0.455 0.067 0.164
5565 229 262 2 2 0 2503.96 0.871 0.128 0.314
5566 262 229 2 2 0 2503.96 0.871 0.128 0.314
5567 229 263 2 2 0 1999.07 0.660 0.072 0.219
5568 263 229 2 2 0 1999.07 0.660 0.072 0.219
5569 229 264 2 2 0 2503.96 0.871 0.070 0.270
5570 264 229 2 2 0 2503.96 0.871 0.070 0.270
5571 230 231 2 2 0 1507.61 0.455 0.016 0.126
5572 231 230 2 2 0 1507.61 0.455 0.016 0.126
5573 230 263 2 2 0 2503.96 0.871 0.016 0.230
5574 263 230 2 2 0 2503.96 0.871 0.016 0.230
5575 230 264 2 2 0 1999.07 0.660 0.013 0.175
5576 264 230 2 2 0 1999.07 0.660 0.013 0.175
5577 230 265 2 2 0 2503.96 0.871 0.013 0.228
5578 265 230 2 2 0 2503.96 0.871 0.013 0.228
5579 231 232 2 2 0 1507.61 0.455 0.019 0.128
5580 232 231 2 2 0 1507.61 0.455 0.019 0.128
5581 231 264 2 2 0 2503.96 0.871 0.019 0.232
5582 264 231 2 2 0 2503.96 0.871 0.019 0.232
5583 231 265 2 2 0 1999.07 0.660 0.019 0.179
5584 265 231 2 2 0 1999.07 0.660 0.019 0.179
5585 231 266 2 2 0 2503.96 0.871 0.037 0.246
5586 266 231 2 2 0 2503.96 0.871 0.037 0.246
5587 232 233 2 2 0 1507.61 0.455 0.032 0.138
5588 233 232 2 2 0 1507.61 0.455 0.032 0.138
5589 232 265 2 2 0 2503.96 0.871 0.016 0.230
5590 265 232 2 2 0 2503.96 0.871 0.016 0.230
5591 232 266 2 2 0 1999.07 0.660 0.035 0.191
5592 266 232 2 2 0 1999.07 0.660 0.035 0.191
5593 232 267 2 2 0 2503.96 0.871 0.027 0.238
5594 267 232 2 2 0 2503.96 0.871 0.027 0.238
5595 233 234 2 2 0 1507.61 0.455 0.032 0.138
5596 234 233 2 2 0 1507.61 0.455 0.032 0.138
5597 233 266 2 2 0 2503.96 0.871 0.051 0.256
5598 266 233 2 2 0 2503.96 0.871 0.051 0.256
5599 233 267 2 2 0 1999.07 0.660 0.043 0.197
5600 267 233 2 2 0 1999.07 0.660 0.043 0.197
5601 233 268 2 2 0 2503.96 0.871 0.054 0.258
5602 268 233 2 2 0 2503.96 0.871 0.054 0.258
5603 234 235 2 2 0 1507.61 0.455 0.013 0.124
5604 235 234 2 2 0 1507.61 0.455 0.013 0.124
5605 234 267 2 2 0 2503.96 0.871 0.027 0.238
5606 267 234 2 2 0 2503.96 0.871 0.027 0.238
5607 234 268 2 2 0 1999.07 0.660 0.037 0.193
5608 268 234 2 2 0 1999.07 0.660 0.037 0.193
5609 234 269 2 2 0 2503.96 0.871 0.029 0.240
5610 269 234 2 2 0 2503.96 0.871 0.029 0.240
5611 235 236 2 2 0 1507.61 0.455 0.013 0.124
5612 236 235 2 2 0 1507.61 0.455 0.013 0.124
5613 235 268 2 2 0 2503.96 0.871 0.035 0.244
5614 268 235 2 2 0 2503.96 0.871 0.035 0.244
5615 235 269 2 2 0 1999.07 0.660 0.027 0.185
5616 269 235 2 2 0 1999.07 0.660 0.027 0.185
5617 235 270 2 2 0 2503.96 0.871 0.032 0.242
5618 270 235 2 2 0 2503.96 0.871 0.032 0.242
5619 236 237 2 2 0 1507.61 0.455 0.013 0.124
5620 237 236 2 2 0 1507.61 0.455 0.013 0.124
5621 236 269 2 2 0 2503.96 0.871 0.029 0.240
5622 269 236 2 2 0 2503.96 0.871 0.029 0.240
5623 236 270 2 2 0 1999.07 0.660 0.035 0.191
5624 270 236 2 2 0 1999.07 0.660 0.035 0.191
5625 236 271 2 2 0 2503.96 0.871 0.035 0.244
5626 271 236 2 2 0 2503.96 0.871 0.035 0.244
5627 237 238 2 2 0 1507.61 0.455 0.011 0.122
5628 238 237 2 2 0 1507.61 0.455 0.011 0.122
5629 237 270 2 2 0 2503.96 0.871 0.032 0.242
5630 270 237 2 2 0 2503.96 0.871 0.032 0.242
5631 237 271 2 2 0 1999.07 0.660 0.032 0.189
5632 271 237 2 2 0 1999.07 0.660 0.032 0.189
5633 237 272 2 2 0 2503.96 0.871 0.037 0.246
5634 272 237 2 2 0 2503.96 0.871 0.037 0.246
5635 238 239 2 2 0 1507.61 0.455 0.024 0.132
5636 239 238 2 2 0 1507.61 0.455 0.024 0.132
5637 238 271 2 2 0 2503.96 0.871 0.032 0.242
5638 271 238 2 2 0 2503.96 0.871 0.032 0.242
5639 238 272 2 2 0 1999.07 0.660 0.037 0.193
5640 272 238 2 2 0 1999.07 0.660 0.037 0.193
5641 238 273 2 2 0 2503.96 0.871 0.011 0.226
5642 273 238 2 2 0 2503.96 0.871 0.011 0.226
5643 239 240 2 2 0 1507.61 0.455 0.037 0.142
5644 240 239 2 2 0 1507.61 0.455 0.037 0.142
5645 239 272 2 2 0 2503.96 0.871 0.051 0.256
5646 272 239 2 2 0 2503.96 0.871 0.051 0.256
5647 239 273 2 2 0 1999.07 0.660 0.024 0.183
5648 273 239 2 2 0 1999.07 0.660 0.024 0.183
5649 239 274 2 2 0 2503.96 0.871 0.027 0.238
5650 274 239 2 2 0 2503.96 0.871 0.027 0.238
5651 240 241 2 2 0 1507.61 0.455 0.029 0.136
5652 241 240 2 2 0 1507.61 0.455 0.029 0.136
5653 240 273 2 2 0 2503.96 0.871 0.024 0.236
5654 273 240 2 2 0 2503.96 0.871 0.024 0.236
5655 240 274 2 2 0 1999.07 0.660 0.027 0.185
5656 274 240 2 2 0 1999.07 0.660 0.027 0.185
5657 240 275 2 2 0 2503.96 0.871 0.024 0.236
5658 275 240 2 2 0 2503.96 0.871 0.024 0.236
5659 241 242 2 2 0 1507.61 0.455 0.019 0.128
5660 242 241 2 2 0 1507.61 0.455 0.019 0.128
5661 241 274 2 2 0 2503.96 0.871 0.019 0.232
5662 274 241 2 2 0 2503.96 0.871 0.019 0.232
5663 241 275 2 2 0 1999.07 0.660 0.016 0.177
5664 275 241 2 2 0 1999.07 0.660 0.016 0.177
5665 241 276 2 2 0 2503.96 0.871 0.016 0.230
5666 276 241 2 2 0 2503.96 0.871 0.016 0.230
5667 242 243 2 2 0 1507.61 0.455 0.016 0.126
5668 243 242 2 2 0 1507.61 0.455 0.016 0.126
5669 242 275 2 2 0 2503.96 0.871 0.013 0.228
5670 275 242 2 2 0 2503.96 0.871 0.013 0.228
5671 242 276 2 2 0 1999.07 0.660 0.013 0.175
5672 276 242 2 2 0 1999.07 0.660 0.013 0.175
5673 242 277 2 2 0 2503.96 0.871 0.013 0.228
5674 277 242 2 2 0 2503.96 0.871 0.013 0.228
5675 243 244 2 2 0 1507.61 0.455 0.016 0.126
5676 244 243 2 2 0 1507.61 0.455 0.016 0.126
5677 243 276 2 2 0 2503.96 0.871 0.013 0.228
5678 276 243 2 2 0 2503.96 0.871 0.013 0.228
5679 243 277 2 2 0 1999.07 0.660 0.013 0.175
5680 277 243 2 2 0 1999.07 0.660 0.013 0.175
5681 243 278 2 2 0 2503.96 0.871 0.013 0.228
5682 278 243 2 2 0 2503.96 0.871 0.013 0.228
5683 244 245 2 2 0 1507.61 0.455 0.016 0.126
5684 245 244 2 2 0 1507.61 0.455 0.016 0.126
5685 244 277 2 2 0 2503.96 0.871 0.013 0.228
5686 277 244 2 2 0 2503.96 0.871 0.013 0.228
5687 244 278 2 2 0 1999.07 0.660 0.013 0.175
5688 278 244 2 2 0 1999.07 0.660 0.013 0.175
5689 244 279 2 2 0 2503.96 0.871 0.019 0.232
5690 279 244 2 2 0 2503.96 0.871 0.019 0.232
5691 245 246 2 2 0 1507.61 0.455 0.016 0.126
5692 246 245 2 2 0 1507.61 0.455 0.016 0.126
5693 245 278 2 2 0 2503.96 0.871 0.013 0.228
5694 278 245 2 2 0 2503.96 0.871 0.013 0.228
5695 245 279 2 2 0 1999.07 0.660 0.019 0.179
5696 279 245 2 2 0 1999.07 0.660 0.019 0.179
5697 245 280 2 2 0 2503.96 0.871 0.019 0.232
5698 280 245 2 2 0 2503.96 0.871 0.019 0.232
5699 246 247 2 2 0 1507.61 0.455 0.016 0.126
5700 247 246 2 2 0 1507.61 0.455 0.016 0.126
5701 246 279 2 2 0 2503.96 0.871 0.019 0.232
5702 279 246 2 2 0 2503.96 0.871 0.019 0.232
5703 246 280 2 2 0 1999.07 0.660 0.019 0.179
5704 280 246 2 2 0 1999.07 0.660 0.019 0.179
5705 246 281 2 2 0 2503.96 0.871 0.016 0.230
5706 281 246 2 2 0 2503.96 0.871 0.016 0.230
5707 247 248 2 2 0 1507.61 0.455 0.016 0.126
5708 248 247 2 2 0 1507.61 0.455 0.016 0.126
5709 247 280 2 2 0 2503.96 0.871 0.019 0.232
5710 280 247 2 2 0 2503.96 0.871 0.019 0.232
5711 247 281 2 2 0 1999.07 0.660 0.016 0.177
5712 281 247 2 2 0 1999.07 0.660 0.016 0.177
5713 248 249 2 2 0 1507.61 0.455 0.016 0.126
5714 249 248 2 2 0 1507.61 0.455 0.016 0.126
5715 248 281 2 2 0 2503.96 0.871 0.016 0.230
5716 281 248 2 2 0 2503.96 0.871 0.016 0.230
5717 248 282 2 2 0 1999.07 0.660 0.013 0.175
5718 282 248 2 2 0 1999.07 0.660 0.013 0.175
5719 248 283 2 2 0 2503.96 0.871 0.013 0.228
5720 283 248 2 2 0 2503.96 0.871 0.013 0.228
5721 249 250 2 2 0 1507.61 0.455 0.019 0.128
5722 250 249 2 2 0 1507.61 0.455 0.019 0.128
5723 249 282 2 2 0 2503.96 0.871 0.013 0.228
5724 282 249 2 2 0 2503.96 0.871 0.013 0.228
5725 249 283 2 2 0 1999.07 0.660 0.013 0.175
5726 283 249 2 2 0 1999.07 0.660 0.013 0.175
5727 249 284 2 2 0 2503.96 0.871 0.016 0.230
5728 284 249 2 2 0 2503.96 0.871 0.016 0.230
5729 250 251 2 2 0 1507.61 0.455 0.019 0.128
5730 251 250 2 2 0 1507.61 0.455 0.019 0.128
5731 250 283 2 2 0 2503.96 0.871 0.016 0.230
5732 283 250 2 2 0 2503.96 0.871 0.016 0.230
5733 250 284 2 2 0 1999.07 0.660 0.019 0.179
5734 284 250 2 2 0 1999.07 0.660 0.019 0.179
5735 250 285 2 2 0 2503.96 0.871 0.019 0.232
5736 285 250 2 2 0 2503.96 0.871 0.019 0.232
5737 251 252 2 2 0 1507.61 0.455 0.013 0.124
5738 252 251 2 2 0 1507.61 0.455 0.013 0.124
5739 251 284 2 2 0 2503.96 0.871 0.016 0.230
5740 284 251 2 2 0 2503.96 0.871 0.016 0.230
5741 251 285 2 2 0 1999.07 0.660 0.016 0.177
5742 285 251 2 2 0 1999.07 0.660 0.016 0.177
5743 251 286 2 2 0 2503.96 0.871 0.019 0.232
5744 286 251 2 2 0 2503.96 0.871 0.019 0.232
5745 252 253 2 2 0 1507.61 0.455 0.016 0.126
5746 253 252 2 2 0 1507.61 0.455 0.016 0.126
5747 252 285 2 2 0 2503.96 0.871 0.013 0.228
5748 285 252 2 2 0 2503.96 0.871 0.013 0.228
5749 252 286 2 2 0 1999.07 0.660 0.016 0.177
5750 286 252 2 2 0 1999.07 0.660 0.016 0.177
5751 252 287 2 2 0 2503.96 0.871 0.013 0.228
5752 287 252 2 2 0 2503.96 0.871 0.013 0.228
5753 253 286 2 2 0 2503.96 0.871 0.021 0.234
5754 286 253 2 2 0 2503.96 0.871 0.021 0.234
5755 253 287 2 2 0 1999.07 0.660 0.019 0.179
5756 287 253 2 2 0 1999.07 0.660 0.019 0.179
5757 253 288 2 2 0 2503.96 0.871 0.091 0.286
5758 288 253 2 2 0 2503.96 0.871 0.091 0.286
5759 254 255 2 2 0 1508.03 0.456 0.045 0.148
5760 255 254 2 2 0 1508.03 0.456 0.045 0.148
5761 254 291 2 2 0 2504.20 0.871 0.051 0.256
5762 291 254 2 2 0 2504.20 0.871 0.051 0.256
5763 255 256 2 2 0 1508.03 0.456 0.048 0.150
5764 256 255 2 2 0 1508.03 0.456 0.048 0.150
5765 255 291 2 2 0 1999.06 0.660 0.059 0.209
5766 291 255 2 2 0 1999.06 0.660 0.059 0.209
5767 255 292 2 2 0 2504.20 0.871 0.043 0.250
5768 292 255 2 2 0 2504.20 0.871 0.043 0.250
5769 256 257 2 2 0 1508.03 0.456 0.054 0.154
5770 257 256 2 2 0 1508.03 0.456 0.054 0.154
5771 256 291 2 2 0 2504.20 0.871 0.054 0.258
5772 291 256 2 2 0 2504.20 0.871 0.054 0.258
5773 256 292 2 2 0 1999.06 0.660 0.037 0.193
5774 292 256 2 2 0 1999.06 0.660 0.037 0.193
5775 256 293 2 2 0 2504.20 0.871 0.043 0.250
5776 293 256 2 2 0 2504.20 0.871 0.043 0.250
5777 257 258 2 2 0 1508.03 0.456 0.054 0.154
5778 258 257 2 2 0 1508.03 0.456 0.054 0.154
5779 257 292 2 2 0 2504.20 0.871 0.048 0.254
5780 292 257 2 2 0 2504.20 0.871 0.048 0.254
5781 257 293 2 2 0 1999.06 0.660 0.054 0.205
5782 293 257 2 2 0 1999.06 0.660 0.054 0.205
5783 257 294 2 2 0 2504.20 0.871 0.062 0.264
5784 294 257 2 2 0 2504.20 0.871 0.062 0.264
5785 258 259 2 2 0 1508.03 0.456 0.040 0.144
5786 259 258 2 2 0 1508.03 0.456 0.040 0.144
5787 258 293 2 2 0 2504.20 0.871 0.043 0.250
5788 293 258 2 2 0 2504.20 0.871 0.043 0.250
5789 258 294 2 2 0 1999.06 0.660 0.051 0.203
5790 294 258 2 2 0 1999.06 0.660 0.051 0.203
5791 258 295 2 2 0 2504.20 0.871 0.051 0.256
5792 295 258 2 2 0 2504.20 0.871 0.051 0.256
5793 259 260 2 2 0 1508.03 0.456 0.104 0.192
5794 260 259 2 2 0 1508.03 0.456 0.104 0.192
5795 259 294 2 2 0 2504.20 0.871 0.048 0.254
5796 294 259 2 2 0 2504.20 0.871 0.048 0.254
5797 259 295 2 2 0 1999.06 0.660 0.048 0.201
5798 295 259 2 2 0 1999.06 0.660 0.048 0.201
5799 259 296 2 2 0 2504.20 0.871 0.051 0.256
5800 296 259 2 2 0 2504.20 0.871 0.051 0.256
5801 260 261 2 2 0 1508.03 0.456 0.198 0.262
5802 261 260 2 2 0 1508.03 0.456 0.198 0.262
5803 260 295 2 2 0 2504.20 0.871 0.115 0.304
5804 295 260 2 2 0 2504.20 0.871 0.115 0.304
5805 260 296 2 2 0 1999.06 0.660 0.118 0.253
5806 296 260 2 2 0 1999.06 0.660 0.118 0.253
5807 260 297 2 2 0 2504.20 0.871 0.163 0.340
5808 297 260 2 2 0 2504.20 0.871 0.163 0.340
5809 261 262 2 2 0 1508.03 0.456 0.179 0.248
5810 262 261 2 2 0 1508.03 0.456 0.179 0.248
5811 261 296 2 2 0 2504.20 0.871 0.144 0.326
5812 296 261 2 2 0 2504.20 0.871 0.144 0.326
5813 261 297 2 2 0 1999.06 0.660 0.190 0.308
5814 297 261 2 2 0 1999.06 0.660 0.190 0.308
5815 261 298 2 2 0 2504.20 0.871 0.206 0.372
5816 298 261 2 2 0 2504.20 0.871 0.206 0.372
5817 262 263 2 2 0 1508.03 0.456 0.078 0.172
5818 263 262 2 2 0 1508.03 0.456 0.078 0.172
5819 262 297 2 2 0 2504.20 0.871 0.144 0.326
5820 297 262 2 2 0 2504.20 0.871 0.144 0.326
5821 262 298 2 2 0 1999.06 0.660 0.161 0.285
5822 298 262 2 2 0 1999.06 0.660 0.161 0.285
5823 262 299 2 2 0 2504.20 0.871 0.072 0.272
5824 299 262 2 2 0 2504.20 0.871 0.072 0.272
5825 263 264 2 2 0 1508.03 0.456 0.019 0.128
5826 264 263 2 2 0 1508.03 0.456 0.019 0.128
5827 263 298 2 2 0 2504.20 0.871 0.104 0.296
5828 298 263 2 2 0 2504.20 0.871 0.104 0.296
5829 263 299 2 2 0 1999.06 0.660 0.016 0.177
5830 299 263 2 2 0 1999.06 0.660 0.016 0.177
5831 263 300 2 2 0 2504.20 0.871 0.019 0.232
5832 300 263 2 2 0 2504.20 0.871 0.019 0.232
5833 264 265 2 2 0 1508.03 0.456 0.016 0.126
5834 265 264 2 2 0 1508.03 0.456 0.016 0.126
5835 264 299 2 2 0 2504.20 0.871 0.013 0.228
5836 299 264 2 2 0 2504.20 0.871 0.013 0.228
5837 264 300 2 2 0 1999.06 0.660 0.016 0.177
5838 300 264 2 2 0 1999.06 0.660 0.016 0.177
5839 264 301 2 2 0 2504.20 0.871 0.027 0.238
5840 301 264 2 2 0 2504.20 0.871 0.027 0.238
5841 265 266 2 2 0 1508.03 0.456 0.035 0.140
5842 266 265 2 2 0 1508.03 0.456 0.035 0.140
5843 265 300 2 2 0 2504.20 0.871 0.016 0.230
5844 300 265 2 2 0 2504.20 0.871 0.016 0.230
5845 265 301 2 2 0 1999.06 0.660 0.027 0.185
5846 301 265 2 2 0 1999.06 0.660 0.027 0.185
5847 265 302 2 2 0 2504.20 0.871 0.029 0.240
5848 302 265 2 2 0 2504.20 0.871 0.029 0.240
5849 266 267 2 2 0 1508.03 0.456 0.045 0.148
5850 267 266 2 2 0 1508.03 0.456 0.045 0.148
5851 266 301 2 2 0 2504.20 0.871 0.045 0.252
5852 301 266 2 2 0 2504.20 0.871 0.045 0.252
5853 266 302 2 2 0 1999.06 0.660 0.048 0.201
5854 302 266 2 2 0 1999.06 0.660 0.048 0.201
5855 266 303 2 2 0 2504.20 0.871 0.045 0.252
5856 303 266 2 2 0 2504.20 0.871 0.045 0.252
5857 267 268 2 2 0 1508.03 0.456 0.048 0.150
5858 268 267 2 2 0 1508.03 0.456 0.048 0.150
5859 267 302 2 2 0 2504.20 0.871 0.040 0.248
5860 302 267 2 2 0 2504.20 0.871 0.040 0.248
5861 267 303 2 2 0 1999.06 0.660 0.037 0.193
5862 303 267 2 2 0 1999.06 0.660 0.037 0.193
5863 267 304 2 2 0 2504.20 0.871 0.051 0.256
5864 304 267 2 2 0 2504.20 0.871 0.051 0.256
5865 268 269 2 2 0 1508.03 0.456 0.051 0.152
5866 269 268 2 2 0 1508.03 0.456 0.051 0.152
5867 268 303 2 2 0 2504.20 0.871 0.048 0.254
5868 303 268 2 2 0 2504.20 0.871 0.048 0.254
5869 268 304 2 2 0 1999.06 0.660 0.062 0.211
5870 304 268 2 2 0 1999.06 0.660 0.062 0.211
5871 268 305 2 2 0 2504.20 0.871 0.048 0.254
5872 305 268 2 2 0 2504.20 0.871 0.048 0.254
5873 269 270 2 2 0 1508.03 0.456 0.048 0.150
5874 270 269 2 2 0 1508.03 0.456 0.048 0.150
5875 269 304 2 2 0 2504.20 0.871 0.054 0.258
5876 304 269 2 2 0 2504.20 0.871 0.054 0.258
5877 269 305 2 2 0 1999.06 0.660 0.040 0.195
5878 305 269 2 2 0 1999.06 0.660 0.040 0.195
5879 269 306 2 2 0 2504.20 0.871 0.043 0.250
5880 306 269 2 2 0 2504.20 0.871 0.043 0.250
5881 270 271 2 2 0 1508.03 0.456 0.054 0.154
5882 271 270 2 2 0 1508.03 0.456 0.054 0.154
5883 270 305 2 2 0 2504.20 0.871 0.045 0.252
5884 305 270 2 2 0 2504.20 0.871 0.045 0.252
5885 270 306 2 2 0 1999.06 0.660 0.048 0.201
5886 306 270 2 2 0 1999.06 0.660 0.048 0.201
5887 270 307 2 2 0 2504.20 0.871 0.048 0.254
5888 307 270 2 2 0 2504.20 0.871 0.048 0.254
5889 271 272 2 2 0 1508.03 0.456 0.059 0.158
5890 272 271 2 2 0 1508.03 0.456 0.059 0.158
5891 271 306 2 2 0 2504.20 0.871 0.048 0.254
5892 306 271 2 2 0 2504.20 0.871 0.048 0.254
5893 271 307 2 2 0 1999.06 0.660 0.048 0.201
5894 307 271 2 2 0 1999.06 0.660 0.048 0.201
5895 271 308 2 2 0 2504.20 0.871 0.045 0.252
5896 308 271 2 2 0 2504.20 0.871 0.045 0.252
5897 272 273 2 2 0 1508.03 0.456 0.037 0.142
5898 273 272 2 2 0 1508.03 0.456 0.037 0.142
5899 272 307 2 2 0 2504.20 0.871 0.054 0.258
5900 307 272 2 2 0 2504.20 0.871 0.054 0.258
5901 272 308 2 2 0 1999.06 0.660 0.051 0.203
5902 308 272 2 2 0 1999.06 0.660 0.051 0.203
5903 272 309 2 2 0 2504.20 0.871 0.056 0.260
5904 309 272 2 2 0 2504.20 0.871 0.056 0.260
5905 273 274 2 2 0 1508.03 0.456 0.013 0.124
5906 274 273 2 2 0 1508.03 0.456 0.013 0.124
5907 273 308 2 2 0 2504.20 0.871 0.024 0.236
5908 308 273 2 2 0 2504.20 0.871 0.024 0.236
5909 273 309 2 2 0 1999.06 0.660 0.029 0.187
5910 309 273 2 2 0 1999.06 0.660 0.029 0.187
5911 273 310 2 2 0 2504.20 0.871 0.035 0.244
5912 310 273 2 2 0 2504.20 0.871 0.035 0.244
5913 274 275 2 2 0 1508.03 0.456 0.013 0.124
5914 275 274 2 2 0 1508.03 0.456 0.013 0.124
5915 274 309 2 2 0 2504.20 0.871 0.032 0.242
5916 309 274 2 2 0 2504.20 0.871 0.032 0.242
5917 274 310 2 2 0 1999.06 0.660 0.037 0.193
5918 310 274 2 2 0 1999.06 0.660 0.037 0.193
5919 274 311 2 2 0 2504.20 0.871 0.035 0.244
5920 311 274 2 2 0 2504.20 0.871 0.035 0.244
5921 275 276 2 2 0 1508.03 0.456 0.011 0.122
5922 276 275 2 2 0 1508.03 0.456 0.011 0.122
5923 275 310 2 2 0 2504.20 0.871 0.035 0.244
5924 310 275 2 2 0 2504.20 0.871 0.035 0.244
5925 275 311 2 2 0 1999.06 0.660 0.032 0.189
5926 311 275 2 2 0 1999.06 0.660 0.032 0.189
5927 275 312 2 2 0 2504.20 0.871 0.011 0.226
5928 312 275 2 2 0 2504.20 0.871 0.011 0.226
5929 276 277 2 2 0 1508.03 0.456 0.011 0.122
5930 277 276 2 2 0 1508.03 0.456 0.011 0.122
5931 276 311 2 2 0 2504.20 0.871 0.032 0.242
5932 311 276 2 2 0 2504.20 0.871 0.032 0.242
5933 276 312 2 2 0 1999.06 0.660 0.011 0.173
5934 312 276 2 2 0 1999.06 0.660 0.011 0.173
5935 276 313 2 2 0 2504.20 0.871 0.013 0.228
5936 313 276 2 2 0 2504.20 0.871 0.013 0.228
5937 277 278 2 2 0 1508.03 0.456 0.011 0.122
5938 278 277 2 2 0 1508.03 0.456 0.011 0.122
5939 277 312 2 2 0 2504.20 0.871 0.011 0.226
5940 312 277 2 2 0 2504.20 0.871 0.011 0.226
5941 277 313 2 2 0 1999.06 0.660 0.013 0.175
5942 313 277 2 2 0 1999.06 0.660 0.013 0.175
5943 277 314 2 2 0 2504.20 0.871 0.013 0.228
5944 314 277 2 2 0 2504.20 0.871 0.013 0.228
5945 278 279 2 2 0 1508.03 0.456 0.016 0.126
5946 279 278 2 2 0 1508.03 0.456 0.016 0.126
5947 278 313 2 2 0 2504.20 0.871 0.013 0.228
5948 313 278 2 2 0 2504.20 0.871 0.013 0.228
5949 278 314 2 2 0 1999.06 0.660 0.013 0.175
5950 314 278 2 2 0 1999.06 0.660 0.013 0.175
5951 278 315 2 2 0 2504.20 0.871 0.016 0.230
5952 315 278 2 2 0 2504.20 0.871 0.016 0.230
5953 279 280 2 2 0 1508.03 0.456 0.021 0.130
5954 280 279 2 2 0 1508.03 0.456 0.021 0.130
5955 279 314 2 2 0 2504.20 0.871 0.019 0.232
5956 314 279 2 2 0 2504.20 0.871 0.019 0.232
5957 279 315 2 2 0 1999.06 0.660 0.021 0.181
5958 315 279 2 2 0 1999.06 0.660 0.021 0.181
5959 279 316 2 2 0 2504.20 0.871 0.019 0.232
5960 316 279 2 2 0 2504.20 0.871 0.019 0.232
5961 280 281 2 2 0 1508.03 0.456 0.019 0.128
5962 281 280 2 2 0 1508.03 0.456 0.019 0.128
5963 280 315 2 2 0 2504.20 0.871 0.021 0.234
5964 315 280 2 2 0 2504.20 0.871 0.021 0.234
5965 280 316 2 2 0 1999.06 0.660 0.019 0.179
5966 316 280 2 2 0 1999.06 0.660 0.019 0.179
5967 280 317 2 2 0 2504.20 0.871 0.016 0.230
5968 317 280 2 2 0 2504.20 0.871 0.016 0.230
5969 281 282 2 2 0 1508.03 0.456 0.013 0.124
5970 282 281 2 2 0 1508.03 0.456 0.013 0.124
5971 281 316 2 2 0 2504.20 0.871 0.016 0.230
5972 316 281 2 2 0 2504.20 0.871 0.016 0.230
5973 281 317 2 2 0 1999.06 0.660 0.013 0.175
5974 317 281 2 2 0 1999.06 0.660 0.013 0.175
5975 281 318 2 2 0 2504.20 0.871 0.013 0.228
5976 318 281 2 2 0 2504.20 0.871 0.013 0.228
5977 282 283 2 2 0 1508.03 0.456 0.011 0.122
5978 283 282 2 2 0 1508.03 0.456 0.011 0.122
5979 282 317 2 2 0 2504.20 0.871 0.011 0.226
5980 317 282 2 2 0 2504.20 0.871 0.011 0.226
5981 282 318 2 2 0 1999.06 0.660 0.011 0.173
5982 318 282 2 2 0 1999.06 0.660 0.011 0.173
5983 282 319 2 2 0 2504.20 0.871 0.013 0.228
5984 319 282 2 2 0 2504.20 0.871 0.013 0.228
5985 283 284 2 2 0 1508.03 0.456 0.013 0.124
5986 284 283 2 2 0 1508.03 0.456 0.013 0.124
5987 283 318 2 2 0 2504.20 0.871 0.011 0.226
5988 318 283 2 2 0 2504.20 0.871 0.011 0.226
5989 283 319 2 2 0 1999.06 0.660 0.013 0.175
5990 319 283 2 2 0 1999.06 0.660 0.013 0.175
5991 284 285 2 2 0 1508.03 0.456 0.016 0.126
5992 285 284 2 2 0 1508.03 0.456 0.016 0.126
5993 284 319 2 2 0 2504.20 0.871 0.016 0.230
5994 319 284 2 2 0 2504.20 0.871 0.016 0.230
5995 284 320 2 2 0 1999.06 0.660 0.013 0.175
5996 320 284 2 2 0 1999.06 0.660 0.013 0.175
5997 284 321 2 2 0 2504.20 0.871 0.019 0.232
5998 321 284 2 2 0 2504.20 0.871 0.019 0.232
5999 285 286 2 2 0 1508.03 0.456 0.019 0.128
6000 286 285 2 2 0 1508.03 0.456 0.019 0.128
6001 285 320 2 2 0 2504.20 0.871 0.013 0.228
6002 320 285 2 2 0 2504.20 0.871 0.013 0.228
6003 285 321 2 2 0 1999.06 0.660 0.019 0.179
6004 321 285 2 2 0 1999.06 0.660 0.019 0.179
6005 285 322 2 2 0 2504.20 0.871 0.013 0.228
6006 322 285 2 2 0 2504.20 0.871 0.013 0.228
6007 286 287 2 2 0 1508.03 0.456 0.019 0.128
6008 287 286 2 2 0 1508.03 0.456 0.019 0.128
6009 286 321 2 2 0 2504.20 0.871 0.021 0.234
6010 321 286 2 2 0 2504.20 0.871 0.021 0.234
6011 286 322 2 2 0 1999.06 0.660 0.016 0.177
6012 322 286 2 2 0 1999.06 0.660 0.016 0.177
6013 286 323 2 2 0 2504.20 0.871 0.070 0.270
6014 323 286 2 2 0 2504.20 0.871 0.070 0.270
6015 287 288 2 2 0 1508.03 0.456 0.088 0.180
6016 288 287 2 2 0 1508.03 0.456 0.088 0.180
6017 287 322 2 2 0 2504.20 0.871 0.013 0.228
6018 322 287 2 2 0 2504.20 0.871 0.013 0.228
6019 287 323 2 2 0 1999.06 0.660 0.067 0.215
6020 323 287 2 2 0 1999.06 0.660 0.067 0.215
6021 287 324 2 2 0 2504.20 0.871 0.070 0.270
6022 324 287 2 2 0 2504.20 0.871 0.070 0.270
6023 288 289 2 2 0 1508.03 0.456 0.123 0.206
6024 289 288 2 2 0 1508.03 0.456 0.123 0.206
6025 288 323 2 2 0 2504.20 0.871 0.139 0.322
6026 323 288 2 2 0 2504.20 0.871 0.139 0.322
6027 288 324 2 2 0 1999.06 0.660 0.142 0.271
6028 324 288 2 2 0 1999.06 0.660 0.142 0.271
6029 288 325 2 2 0 2504.20 0.871 0.136 0.320
6030 325 288 2 2 0 2504.20 0.871 0.136 0.320
6031 289 290 2 2 0 1508.03 0.456 0.099 0.188
6032 290 289 2 2 0 1508.03 0.456 0.099 0.188
6033 289 324 2 2 0 2504.20 0.871 0.104 0.296
6034 324 289 2 2 0 2504.20 0.871 0.104 0.296
6035 289 325 2 2 0 1999.06 0.660 0.099 0.239
6036 325 289 2 2 0 1999.06 0.660 0.099 0.239
6037 289 326 2 2 0 2504.20 0.871 0.102 0.294
6038 326 289 2 2 0 2504.20 0.871 0.102 0.294
6039 290 325 2 2 0 2504.20 0.871 0.112 0.302
6040 325 290 2 2 0 2504.20 0.871 0.112 0.302
6041 290 326 2 2 0 1999.06 0.660 0.115 0.251
6042 326 290 2 2 0 1999.06 0.660 0.115 0.251
6043 290 327 2 2 0 2504.20 0.871 0.115 0.304
6044 327 290 2 2 0 2504.20 0.871 0.115 0.304
6045 291 292 2 2 0 1508.44 0.456 0.048 0.150
6046 292 291 2 2 0 1508.44 0.456 0.048 0.150
6047 292 293 2 2 0 1508.44 0.456 0.037 0.142
6048 293 292 2 2 0 1508.44 0.456 0.037 0.142
6049 293 294 2 2 0 1508.44 0.456 0.051 0.152
6050 294 293 2 2 0 1508.44 0.456 0.051 0.152
6051 293 329 2 2 0 2504.45 0.871 0.037 0.246
6052 329 293 2 2 0 2504.45 0.871 0.037 0.246
6053 294 295 2 2 0 1508.44 0.456 0.059 0.158
6054 295 294 2 2 0 1508.44 0.456 0.059 0.158
6055 294 329 2 2 0 1999.06 0.660 0.045 0.199
6056 329 294 2 2 0 1999.06 0.660 0.045 0.199
6057 294 330 2 2 0 2504.45 0.871 0.045 0.252
6058 330 294 2 2 0 2504.45 0.871 0.045 0.252
6059 295 296 2 2 0 1508.44 0.456 0.062 0.160
6060 296 295 2 2 0 1508.44 0.456 0.062 0.160
6061 295 329 2 2 0 2504.45 0.871 0.045 0.252
6062 329 295 2 2 0 2504.45 0.871 0.045 0.252
6063 295 330 2 2 0 1999.06 0.660 0.045 0.199
6064 330 295 2 2 0 1999.06 0.660 0.045 0.199
6065 295 331 2 2 0 2504.45 0.871 0.059 0.262
6066 331 295 2 2 0 2504.45 0.871 0.059 0.262
6067 296 297 2 2 0 1508.44 0.456 0.110 0.196
6068 297 296 2 2 0 1508.44 0.456 0.110 0.196
6069 296 330 2 2 0 2504.45 0.871 0.048 0.254
6070 330 296 2 2 0 2504.45 0.871 0.048 0.254
6071 296 331 2 2 0 1999.06 0.660 0.062 0.211
6072 331 296 2 2 0 1999.06 0.660 0.062 0.211
6073 296 332 2 2 0 2504.45 0.871 0.048 0.254
6074 332 296 2 2 0 2504.45 0.871 0.048 0.254
6075 297 298 2 2 0 1508.44 0.456 0.171 0.242
6076 298 297 2 2 0 1508.44 0.456 0.171 0.242
6077 297 331 2 2 0 2504.45 0.871 0.107 0.298
6078 331 297 2 2 0 2504.45 0.871 0.107 0.298
6079 297 332 2 2 0 1999.06 0.660 0.094 0.235
6080 332 297 2 2 0 1999.06 0.660 0.094 0.235
6081 297 333 2 2 0 2504.45 0.871 0.099 0.292
6082 333 297 2 2 0 2504.45 0.871 0.099 0.292
6083 298 299 2 2 0 1508.44 0.456 0.099 0.188
6084 299 298 2 2 0 1508.44 0.456 0.099 0.188
6085 298 332 2 2 0 2504.45 0.871 0.110 0.300
6086 332 298 2 2 0 2504.45 0.871 0.110 0.300
6087 298 333 2 2 0 1999.06 0.660 0.115 0.251
6088 333 298 2 2 0 1999.06 0.660 0.115 0.251
6089 298 334 2 2 0 2504.45 0.871 0.102 0.294
6090 334 298 2 2 0 2504.45 0.871 0.102 0.294
6091 299 300 2 2 0 1508.44 0.456 0.013 0.124
6092 300 299 2 2 0 1508.44 0.456 0.013 0.124
6093 299 333 2 2 0 2504.45 0.871 0.027 0.238
6094 333 299 2 2 0 2504.45 0.871 0.027 0.238
6095 299 334 2 2 0 1999.06 0.660 0.013 0.175
6096 334 299 2 2 0 1999.06 0.660 0.013 0.175
6097 299 335 2 2 0 2504.45 0.871 0.029 0.240
6098 335 299 2 2 0 2504.45 0.871 0.029 0.240
6099 300 301 2 2 0 1508.44 0.456 0.027 0.134
6100 301 300 2 2 0 1508.44 0.456 0.027 0.134
6101 300 334 2 2 0 2504.45 0.871 0.016 0.230
6102 334 300 2 2 0 2504.45 0.871 0.016 0.230
6103 300 335 2 2 0 1999.06 0.660 0.032 0.189
6104 335 300 2 2 0 1999.06 0.660 0.032 0.189
6105 300 336 2 2 0 2504.45 0.871 0.035 0.244
6106 336 300 2 2 0 2504.45 0.871 0.035 0.244
6107 301 302 2 2 0 1508.44 0.456 0.040 0.144
6108 302 301 2 2 0 1508.44 0.456 0.040 0.144
6109 301 335 2 2 0 2504.45 0.871 0.043 0.250
6110 335 301 2 2 0 2504.45 0.871 0.043 0.250
6111 301 336 2 2 0 1999.06 0.660 0.045 0.199
6112 336 301 2 2 0 1999.06 0.660 0.045 0.199
6113 301 337 2 2 0 2504.45 0.871 0.043 0.250
6114 337 301 2 2 0 2504.45 0.871 0.043 0.250
6115 302 303 2 2 0 1508.44 0.456 0.040 0.144
6116 303 302 2 2 0 1508.44 0.456 0.040 0.144
6117 302 336 2 2 0 2504.45 0.871 0.048 0.254
6118 336 302 2 2 0 2504.45 0.871 0.048 0.254
6119 302 337 2 2 0 1999.06 0.660 0.045 0.199
6120 337 302 2 2 0 1999.06 0.660 0.045 0.199
6121 302 338 2 2 0 2504.45 0.871 0.051 0.256
6122 338 302 2 2 0 2504.45 0.871 0.051 0.256
6123 303 304 2 2 0 1508.44 0.456 0.051 0.152
6124 304 303 2 2 0 1508.44 0.456 0.051 0.152
6125 303 337 2 2 0 2504.45 0.871 0.043 0.250
6126 337 303 2 2 0 2504.45 0.871 0.043 0.250
6127 303 338 2 2 0 1999.06 0.660 0.048 0.201
6128 338 303 2 2 0 1999.06 0.660 0.048 0.201
6129 303 339 2 2 0 2504.45 0.871 0.045 0.252
6130 339 303 2 2 0 2504.45 0.871 0.045 0.252
6131 304 305 2 2 0 1508.44 0.456 0.051 0.152
6132 305 304 2 2 0 1508.44 0.456 0.051 0.152
6133 304 338 2 2 0 2504.45 0.871 0.062 0.264
6134 338 304 2 2 0 2504.45 0.871 0.062 0.264
6135 304 339 2 2 0 1999.06 0.660 0.059 0.209
6136 339 304 2 2 0 1999.06 0.660 0.059 0.209
6137 304 340 2 2 0 2504.45 0.871 0.051 0.256
6138 340 304 2 2 0 2504.45 0.871 0.051 0.256
6139 305 306 2 2 0 1508.44 0.456 0.040 0.144
6140 306 305 2 2 0 1508.44 0.456 0.040 0.144
6141 305 339 2 2 0 2504.45 0.871 0.045 0.252
6142 339 305 2 2 0 2504.45 0.871 0.045 0.252
6143 305 340 2 2 0 1999.06 0.660 0.037 0.193
6144 340 305 2 2 0 1999.06 0.660 0.037 0.193
6145 305 341 2 2 0 2504.45 0.871 0.037 0.246
6146 341 305 2 2 0 2504.45 0.871 0.037 0.246
6147 306 307 2 2 0 1508.44 0.456 0.043 0.146
6148 307 306 2 2 0 1508.44 0.456 0.043 0.146
6149 306 340 2 2 0 2504.45 0.871 0.040 0.248
6150 340 306 2 2 0 2504.45 0.871 0.040 0.248
6151 306 341 2 2 0 1999.06 0.660 0.040 0.195
6152 341 306 2 2 0 1999.06 0.660 0.040 0.195
6153 306 342 2 2 0 2504.45 0.871 0.048 0.254
6154 342 306 2 2 0 2504.45 0.871 0.048 0.254
6155 307 308 2 2 0 1508.44 0.456 0.040 0.144
6156 308 307 2 2 0 1508.44 0.456 0.040 0.144
6157 307 341 2 2 0 2504.45 0.871 0.040 0.248
6158 341 307 2 2 0 2504.45 0.871 0.040 0.248
6159 307 342 2 2 0 1999.06 0.660 0.048 0.201
6160 342 307 2 2 0 1999.06 0.660 0.048 0.201
6161 307 343 2 2 0 2504.45 0.871 0.051 0.256
6162 343 307 2 2 0 2504.45 0.871 0.051 0.256
6163 308 309 2 2 0 1508.44 0.456 0.043 0.146
6164 309 308 2 2 0 1508.44 0.456 0.043 0.146
6165 308 342 2 2 0 2504.45 0.871 0.045 0.252
6166 342 308 2 2 0 2504.45 0.871 0.045 0.252
6167 308 343 2 2 0 1999.06 0.660 0.048 0.201
6168 343 308 2 2 0 1999.06 0.660 0.048 0.201
6169 308 344 2 2 0 2504.45 0.871 0.045 0.252
6170 344 308 2 2 0 2504.45 0.871 0.045 0.252
6171 309 310 2 2 0 1508.44 0.456 0.054 0.154
6172 310 309 2 2 0 1508.44 0.456 0.054 0.154
6173 309 343 2 2 0 2504.45 0.871 0.054 0.258
6174 343 309 2 2 0 2504.45 0.871 0.054 0.258
6175 309 344 2 2 0 1999.06 0.660 0.051 0.203
6176 344 309 2 2 0 1999.06 0.660 0.051 0.203
6177 309 345 2 2 0 2504.45 0.871 0.056 0.260
6178 345 309 2 2 0 2504.45 0.871 0.056 0.260
6179 310 311 2 2 0 1508.44 0.456 0.056 0.156
6180 311 310 2 2 0 1508.44 0.456 0.056 0.156
6181 310 344 2 2 0 2504.45 0.871 0.056 0.260
6182 344 310 2 2 0 2504.45 0.871 0.056 0.260
6183 310 345 2 2 0 1999.06 0.660 0.062 0.211
6184 345 310 2 2 0 1999.06 0.660 0.062 0.211
6185 310 346 2 2 0 2504.45 0.871 0.037 0.246
6186 346 310 2 2 0 2504.45 0.871 0.037 0.246
6187 311 312 2 2 0 1508.44 0.456 0.032 0.138
6188 312 311 2 2 0 1508.44 0.456 0.032 0.138
6189 311 345 2 2 0 2504.45 0.871 0.059 0.262
6190 345 311 2 2 0 2504.45 0.871 0.059 0.262
6191 311 346 2 2 0 1999.06 0.660 0.035 0.191
6192 346 311 2 2 0 1999.06 0.660 0.035 0.191
6193 311 347 2 2 0 2504.45 0.871 0.037 0.246
6194 347 311 2 2 0 2504.45 0.871 0.037 0.246
6195 312 313 2 2 0 1508.44 0.456 0.013 0.124
6196 313 312 2 2 0 1508.44 0.456 0.013 0.124
6197 312 346 2 2 0 2504.45 0.871 0.013 0.228
6198 346 312 2 2 0 2504.45 0.871 0.013 0.228
6199 312 347 2 2 0 1999.06 0.660 0.016 0.177
6200 347 312 2 2 0 1999.06 0.660 0.016 0.177
6201 312 348 2 2 0 2504.45 0.871 0.016 0.230
6202 348 312 2 2 0 2504.45 0.871 0.016 0.230
6203 313 314 2 2 0 1508.44 0.456 0.016 0.126
6204 314 313 2 2 0 1508.44 0.456 0.016 0.126
6205 313 347 2 2 0 2504.45 0.871 0.019 0.232
6206 347 313 2 2 0 2504.45 0.871 0.019 0.232
6207 313 348 2 2 0 1999.06 0.660 0.019 0.179
6208 348 313 2 2 0 1999.06 0.660 0.019 0.179
6209 313 349 2 2 0 2504.45 0.871 0.019 0.232
6210 349 313 2 2 0 2504.45 0.871 0.019 0.232
6211 314 315 2 2 0 1508.44 0.456 0.019 0.128
6212 315 314 2 2 0 1508.44 0.456 0.019 0.128
6213 314 348 2 2 0 2504.45 0.871 0.019 0.232
6214 348 314 2 2 0 2504.45 0.871 0.019 0.232
6215 314 349 2 2 0 1999.06 0.660 0.019 0.179
6216 349 314 2 2 0 1999.06 0.660 0.019 0.179
6217 314 350 2 2 0 2504.45 0.871 0.016 0.230
6218 350 314 2 2 0 2504.45 0.871 0.016 0.230
6219 315 316 2 2 0 1508.44 0.456 0.019 0.128
6220 316 315 2 2 0 1508.44 0.456 0.019 0.128
6221 315 349 2 2 0 2504.45 0.871 0.021 0.234
6222 349 315 2 2 0 2504.45 0.871 0.021 0.234
6223 315 350 2 2 0 1999.06 0.660 0.019 0.179
6224 350 315 2 2 0 1999.06 0.660 0.019 0.179
6225 315 351 2 2 0 2504.45 0.871 0.016 0.230
6226 351 315 2 2 0 2504.45 0.871 0.016 0.230
6227 316 317 2 2 0 1508.44 0.456 0.013 0.124
6228 317 316 2 2 0 1508.44 0.456 0.013 0.124
6229 316 350 2 2 0 2504.45 0.871 0.016 0.230
6230 350 316 2 2 0 2504.45 0.871 0.016 0.230
6231 316 351 2 2 0 1999.06 0.660 0.013 0.175
6232 351 316 2 2 0 1999.06 0.660 0.013 0.175
6233 316 352 2 2 0 2504.45 0.871 0.019 0.232
6234 352 316 2 2 0 2504.45 0.871 0.019 0.232
6235 317 318 2 2 0 1508.44 0.456 0.011 0.122
6236 318 317 2 2 0 1508.44 0.456 0.011 0.122
6237 317 351 2 2 0 2504.45 0.871 0.011 0.226
6238 351 317 2 2 0 2504.45 0.871 0.011 0.226
6239 317 352 2 2 0 1999.06 0.660 0.016 0.177
6240 352 317 2 2 0 1999.06 0.660 0.016 0.177
6241 317 353 2 2 0 2504.45 0.871 0.013 0.228
6242 353 317 2 2 0 2504.45 0.871 0.013 0.228
6243 318 319 2 2 0 1508.44 0.456 0.013 0.124
6244 319 318 2 2 0 1508.44 0.456 0.013 0.124
6245 318 352 2 2 0 2504.45 0.871 0.016 0.230
6246 352 318 2 2 0 2504.45 0.871 0.016 0.230
6247 319 353 2 2 0 2504.45 0.871 0.016 0.230
6248 353 319 2 2 0 2504.45 0.871 0.016 0.230
6249 320 321 2 2 0 1508.44 0.456 0.016 0.126
6250 321 320 2 2 0 1508.44 0.456 0.016 0.126
6251 320 354 2 2 0 1999.06 0.660 0.016 0.177
6252 354 320 2 2 0 1999.06 0.660 0.016 0.177
6253 320 355 2 2 0 2504.45 0.871 0.013 0.228
6254 355 320 2 2 0 2504.45 0.871 0.013 0.228
6255 321 322 2 2 0 1508.44 0.456 0.016 0.126
6256 322 321 2 2 0 1508.44 0.456 0.016 0.126
6257 321 354 2 2 0 2504.45 0.871 0.021 0.234
6258 354 321 2 2 0 2504.45 0.871 0.021 0.234
6259 321 355 2 2 0 1999.06 0.660 0.019 0.179
6260 355 321 2 2 0 1999.06 0.660 0.019 0.179
6261 321 356 2 2 0 2504.45 0.871 0.016 0.230
6262 356 321 2 2 0 2504.45 0.871 0.016 0.230
6263 322 323 2 2 0 1508.44 0.456 0.064 0.162
6264 323 322 2 2 0 1508.44 0.456 0.064 0.162
6265 322 355 2 2 0 2504.45 0.871 0.013 0.228
6266 355 322 2 2 0 2504.45 0.871 0.013 0.228
6267 322 356 2 2 0 1999.06 0.660 0.011 0.173
6268 356 322 2 2 0 1999.06 0.660 0.011 0.173
6269 322 357 2 2 0 2504.45 0.871 0.059 0.262
6270 357 322 2 2 0 2504.45 0.871 0.059 0.262
6271 323 324 2 2 0 1508.44 0.456 0.120 0.204
6272 324 323 2 2 0 1508.44 0.456 0.120 0.204
6273 323 357 2 2 0 1999.06 0.660 0.112 0.249
6274 357 323 2 2 0 1999.06 0.660 0.112 0.249
6275 323 358 2 2 0 2504.45 0.871 0.118 0.306
6276 358 323 2 2 0 2504.45 0.871 0.118 0.306
6277 324 325 2 2 0 1508.44 0.456 0.118 0.202
6278 325 324 2 2 0 1508.44 0.456 0.118 0.202
6279 324 357 2 2 0 2504.45 0.871 0.115 0.304
6280 357 324 2 2 0 2504.45 0.871 0.115 0.304
6281 324 358 2 2 0 1999.06 0.660 0.120 0.255
6282 358 324 2 2 0 1999.06 0.660 0.120 0.255
6283 324 359 2 2 0 2504.45 0.871 0.107 0.298
6284 359 324 2 2 0 2504.45 0.871 0.107 0.298
6285 325 326 2 2 0 1508.44 0.456 0.115 0.200
6286 326 325 2 2 0 1508.44 0.456 0.115 0.200
6287 325 358 2 2 0 2504.45 0.871 0.115 0.304
6288 358 325 2 2 0 2504.45 0.871 0.115 0.304
6289 325 359 2 2 0 1999.06 0.660 0.102 0.241
6290 359 325 2 2 0 1999.06 0.660 0.102 0.241
6291 326 327 2 2 0 1508.44 0.456 0.118 0.202
6292 327 326 2 2 0 1508.44 0.456 0.118 0.202
6293 326 360 2 2 0 1999.06 0.660 0.104 0.243
6294 360 326 2 2 0 1999.06 0.660 0.104 0.243
6295 326 361 2 2 0 2504.45 0.871 0.118 0.306
6296 361 326 2 2 0 2504.45 0.871 0.118 0.306
6297 327 328 2 2 0 1508.44 0.456 0.118 0.202
6298 328 327 2 2 0 1508.44 0.456 0.118 0.202
6299 327 360 2 2 0 2504.45 0.871 0.104 0.296
6300 360 327 2 2 0 2504.45 0.871 0.104 0.296
6301 327 361 2 2 0 1999.06 0.660 0.118 0.253
6302 361 327 2 2 0 1999.06 0.660 0.118 0.253
6303 327 362 2 2 0 2504.45 0.871 0.134 0.318
6304 362 327 2 2 0 2504.45 0.871 0.134 0.318
6305 328 361 2 2 0 2504.45 0.871 0.118 0.306
6306 361 328 2 2 0 2504.45 0.871 0.118 0.306
6307 328 362 2 2 0 1999.06 0.660 0.134 0.265
6308 362 328 2 2 0 1999.06 0.660 0.134 0.265
6309 328 363 2 2 0 2504.45 0.871 0.139 0.322
6310 363 328 2 2 0 2504.45 0.871 0.139 0.322
6311 329 330 2 2 0 1508.86 0.456 0.032 0.138
6312 330 329 2 2 0 1508.86 0.456 0.032 0.138
6313 330 331 2 2 0 1508.86 0.456 0.045 0.148
6314 331 330 2 2 0 1508.86 0.456 0.045 0.148
6315 330 365 2 2 0 2504.69 0.871 0.040 0.248
6316 365 330 2 2 0 2504.69 0.871 0.040 0.248
6317 331 332 2 2 0 1508.86 0.456 0.045 0.148
6318 332 331 2 2 0 1508.86 0.456 0.045 0.148
6319 331 365 2 2 0 1999.05 0.660 0.054 0.205
6320 365 331 2 2 0 1999.05 0.660 0.054 0.205
6321 331 366 2 2 0 2504.69 0.871 0.048 0.254
6322 366 331 2 2 0 2504.69 0.871 0.048 0.254
6323 332 333 2 2 0 1508.86 0.456 0.037 0.142
6324 333 332 2 2 0 1508.86 0.456 0.037 0.142
6325 332 365 2 2 0 2504.69 0.871 0.040 0.248
6326 365 332 2 2 0 2504.69 0.871 0.040 0.248
6327 332 366 2 2 0 1999.05 0.660 0.035 0.191
6328 366 332 2 2 0 1999.05 0.660 0.035 0.191
6329 332 367 2 2 0 2504.69 0.871 0.045 0.252
6330 367 332 2 2 0 2504.69 0.871 0.045 0.252
6331 333 334 2 2 0 1508.86 0.456 0.029 0.136
6332 334 333 2 2 0 1508.86 0.456 0.029 0.136
6333 333 366 2 2 0 2504.69 0.871 0.040 0.248
6334 366 333 2 2 0 2504.69 0.871 0.040 0.248
6335 333 367 2 2 0 1999.05 0.660 0.051 0.203
6336 367 333 2 2 0 1999.05 0.660 0.051 0.203
6337 333 368 2 2 0 2504.69 0.871 0.051 0.256
6338 368 333 2 2 0 2504.69 0.871 0.051 0.256
6339 334 335 2 2 0 1508.86 0.456 0.032 0.138
6340 335 334 2 2 0 1508.86 0.456 0.032 0.138
6341 334 367 2 2 0 2504.69 0.871 0.037 0.246
6342 367 334 2 2 0 2504.69 0.871 0.037 0.246
6343 334 368 2 2 0 1999.05 0.660 0.037 0.193
6344 368 334 2 2 0 1999.05 0.660 0.037 0.193
6345 334 369 2 2 0 2504.69 0.871 0.040 0.248
6346 369 334 2 2 0 2504.69 0.871 0.040 0.248
6347 335 336 2 2 0 1508.86 0.456 0.051 0.152
6348 336 335 2 2 0 1508.86 0.456 0.051 0.152
6349 335 368 2 2 0 2504.69 0.871 0.054 0.258
6350 368 335 2 2 0 2504.69 0.871 0.054 0.258
6351 335 369 2 2 0 1999.05 0.660 0.056 0.207
6352 369 335 2 2 0 1999.05 0.660 0.056 0.207
6353 335 370 2 2 0 2504.69 0.871 0.045 0.252
6354 370 335 2 2 0 2504.69 0.871 0.045 0.252
6355 336 337 2 2 0 1508.86 0.456 0.051 0.152
6356 337 336 2 2 0 1508.86 0.456 0.051 0.152
6357 336 369 2 2 0 2504.69 0.871 0.059 0.262
6358 369 336 2 2 0 2504.69 0.871 0.059 0.262
6359 336 370 2 2 0 1999.05 0.660 0.048 0.201
6360 370 336 2 2 0 1999.05 0.660 0.048 0.201
6361 336 371 2 2 0 2504.69 0.871 0.048 0.254
6362 371 336 2 2 0 2504.69 0.871 0.048 0.254
6363 337 338 2 2 0 1508.86 0.456 0.054 0.154
6364 338 337 2 2 0 1508.86 0.456 0.054 0.154
6365 337 370 2 2 0 2504.69 0.871 0.045 0.252
6366 370 337 2 2 0 2504.69 0.871 0.045 0.252
6367 337 371 2 2 0 1999.05 0.660 0.045 0.199
6368 371 337 2 2 0 1999.05 0.660 0.045 0.199
6369 337 372 2 2 0 2504.69 0.871 0.054 0.258
6370 372 337 2 2 0 2504.69 0.871 0.054 0.258
6371 338 339 2 2 0 1508.86 0.456 0.056 0.156
6372 339 338 2 2 0 1508.86 0.456 0.056 0.156
6373 338 371 2 2 0 2504.69 0.871 0.051 0.256
6374 371 338 2 2 0 2504.69 0.871 0.051 0.256
6375 338 372 2 2 0 1999.05 0.660 0.059 0.209
6376 372 338 2 2 0 1999.05 0.660 0.059 0.209
6377 338 373 2 2 0 2504.69 0.871 0.045 0.252
6378 373 338 2 2 0 2504.69 0.871 0.045 0.252
6379 339 340 2 2 0 1508.86 0.456 0.045 0.148
6380 340 339 2 2 0 1508.86 0.456 0.045 0.148
6381 339 372 2 2 0 2504.69 0.871 0.056 0.260
6382 372 339 2 2 0 2504.69 0.871 0.056 0.260
6383 339 373 2 2 0 1999.05 0.660 0.043 0.197
6384 373 339 2 2 0 1999.05 0.660 0.043 0.197
6385 339 374 2 2 0 2504.69 0.871 0.048 0.254
6386 374 339 2 2 0 2504.69 0.871 0.048 0.254
6387 340 341 2 2 0 1508.86 0.456 0.037 0.142
6388 341 340 2 2 0 1508.86 0.456 0.037 0.142
6389 340 373 2 2 0 2504.69 0.871 0.035 0.244
6390 373 340 2 2 0 2504.69 0.871 0.035 0.244
6391 340 374 2 2 0 1999.05 0.660 0.040 0.195
6392 374 340 2 2 0 1999.05 0.660 0.040 0.195
6393 340 375 2 2 0 2504.69 0.871 0.037 0.246
6394 375 340 2 2 0 2504.69 0.871 0.037 0.246
6395 341 342 2 2 0 1508.86 0.456 0.045 0.148
6396 342 341 2 2 0 1508.86 0.456 0.045 0.148
6397 341 374 2 2 0 2504.69 0.871 0.040 0.248
6398 374 341 2 2 0 2504.69 0.871 0.040 0.248
6399 341 375 2 2 0 1999.05 0.660 0.037 0.193
6400 375 341 2 2 0 1999.05 0.660 0.037 0.193
6401 341 376 2 2 0 2504.69 0.871 0.037 0.246
6402 376 341 2 2 0 2504.69 0.871 0.037 0.246
6403 342 343 2 2 0 1508.86 0.456 0.056 0.156
6404 343 342 2 2 0 1508.86 0.456 0.056 0.156
6405 342 375 2 2 0 2504.69 0.871 0.045 0.252
6406 375 342 2 2 0 2504.69 0.871 0.045 0.252
6407 342 376 2 2 0 1999.05 0.660 0.045 0.199
6408 376 342 2 2 0 1999.05 0.660 0.045 0.199
6409 342 377 2 2 0 2504.69 0.871 0.051 0.256
6410 377 342 2 2 0 2504.69 0.871 0.051 0.256
6411 343 344 2 2 0 1508.86 0.456 0.056 0.156
6412 344 343 2 2 0 1508.86 0.456 0.056 0.156
6413 343 376 2 2 0 2504.69 0.871 0.048 0.254
6414 376 343 2 2 0 2504.69 0.871 0.048 0.254
6415 343 377 2 2 0 1999.05 0.660 0.054 0.205
6416 377 343 2 2 0 1999.05 0.660 0.054 0.205
6417 343 378 2 2 0 2504.69 0.871 0.048 0.254
6418 378 343 2 2 0 2504.69 0.871 0.048 0.254
6419 344 345 2 2 0 1508.86 0.456 0.059 0.158
6420 345 344 2 2 0 1508.86 0.456 0.059 0.158
6421 344 377 2 2 0 2504.69 0.871 0.051 0.256
6422 377 344 2 2 0 2504.69 0.871 0.051 0.256
6423 344 378 2 2 0 1999.05 0.660 0.045 0.199
6424 378 344 2 2 0 1999.05 0.660 0.045 0.199
6425 344 379 2 2 0 2504.69 0.871 0.054 0.258
6426 379 344 2 2 0 2504.69 0.871 0.054 0.258
6427 345 346 2 2 0 1508.86 0.456 0.040 0.144
6428 346 345 2 2 0 1508.86 0.456 0.040 0.144
6429 345 378 2 2 0 2504.69 0.871 0.051 0.256
6430 378 345 2 2 0 2504.69 0.871 0.051 0.256
6431 345 379 2 2 0 1999.05 0.660 0.059 0.209
6432 379 345 2 2 0 1999.05 0.660 0.059 0.209
6433 345 380 2 2 0 2504.69 0.871 0.040 0.248
6434 380 345 2 2 0 2504.69 0.871 0.040 0.248
6435 346 347 2 2 0 1508.86 0.456 0.019 0.128
6436 347 346 2 2 0 1508.86 0.456 0.019 0.128
6437 346 379 2 2 0 2504.69 0.871 0.035 0.244
6438 379 346 2 2 0 2504.69 0.871 0.035 0.244
6439 346 380 2 2 0 1999.05 0.660 0.016 0.177
6440 380 346 2 2 0 1999.05 0.660 0.016 0.177
6441 346 381 2 2 0 2504.69 0.871 0.019 0.232
6442 381 346 2 2 0 2504.69 0.871 0.019 0.232
6443 347 348 2 2 0 1508.86 0.456 0.021 0.130
6444 348 347 2 2 0 1508.86 0.456 0.021 0.130
6445 347 380 2 2 0 2504.69 0.871 0.019 0.232
6446 380 347 2 2 0 2504.69 0.871 0.019 0.232
6447 347 381 2 2 0 1999.05 0.660 0.021 0.181
6448 381 347 2 2 0 1999.05 0.660 0.021 0.181
6449 347 382 2 2 0 2504.69 0.871 0.019 0.232
6450 382 347 2 2 0 2504.69 0.871 0.019 0.232
6451 348 349 2 2 0 1508.86 0.456 0.021 0.130
6452 349 348 2 2 0 1508.86 0.456 0.021 0.130
6453 348 381 2 2 0 2504.69 0.871 0.021 0.234
6454 381 348 2 2 0 2504.69 0.871 0.021 0.234
6455 348 382 2 2 0 1999.05 0.660 0.019 0.179
6456 382 348 2 2 0 1999.05 0.660 0.019 0.179
6457 348 383 2 2 0 2504.69 0.871 0.021 0.234
6458 383 348 2 2 0 2504.69 0.871 0.021 0.234
6459 349 350 2 2 0 1508.86 0.456 0.019 0.128
6460 350 349 2 2 0 1508.86 0.456 0.019 0.128
6461 349 382 2 2 0 2504.69 0.871 0.019 0.232
6462 382 349 2 2 0 2504.69 0.871 0.019 0.232
6463 349 383 2 2 0 1999.05 0.660 0.021 0.181
6464 383 349 2 2 0 1999.05 0.660 0.021 0.181
6465 349 384 2 2 0 2504.69 0.871 0.019 0.232
6466 384 349 2 2 0 2504.69 0.871 0.019 0.232
6467 350 351 2 2 0 1508.86 0.456 0.013 0.124
6468 351 350 2 2 0 1508.86 0.456 0.013 0.124
6469 350 383 2 2 0 2504.69 0.871 0.019 0.232
6470 383 350 2 2 0 2504.69 0.871 0.019 0.232
6471 350 384 2 2 0 1999.05 0.660 0.016 0.177
6472 384 350 2 2 0 1999.05 0.660 0.016 0.177
6473 350 385 2 2 0 2504.69 0.871 0.016 0.230
6474 385 350 2 2 0 2504.69 0.871 0.016 0.230
6475 351 352 2 2 0 1508.86 0.456 0.016 0.126
6476 352 351 2 2 0 1508.86 0.456 0.016 0.126
6477 351 384 2 2 0 2504.69 0.871 0.013 0.228
6478 384 351 2 2 0 2504.69 0.871 0.013 0.228
6479 351 385 2 2 0 1999.05 0.660 0.013 0.175
6480 385 351 2 2 0 1999.05 0.660 0.013 0.175
6481 351 386 2 2 0 2504.69 0.871 0.013 0.228
6482 386 351 2 2 0 2504.69 0.871 0.013 0.228
6483 352 353 2 2 0 1508.86 0.456 0.019 0.128
6484 353 352 2 2 0 1508.86 0.456 0.019 0.128
6485 352 385 2 2 0 2504.69 0.871 0.019 0.232
6486 385 352 2 2 0 2504.69 0.871 0.019 0.232
6487 352 386 2 2 0 1999.05 0.660 0.019 0.179
6488 386 352 2 2 0 1999.05 0.660 0.019 0.179
6489 352 387 2 2 0 2504.69 0.871 0.019 0.232
6490 387 352 2 2 0 2504.69 0.871 0.019 0.232
6491 353 386 2 2 0 2504.69 0.871 0.016 0.230
6492 386 353 2 2 0 2504.69 0.871 0.016 0.230
6493 353 387 2 2 0 1999.05 0.660 0.016 0.177
6494 387 353 2 2 0 1999.05 0.660 0.016 0.177
6495 354 355 2 2 0 1508.86 0.456 0.019 0.128
6496 355 354 2 2 0 1508.86 0.456 0.019 0.128
6497 354 389 2 2 0 1999.05 0.660 0.016 0.177
6498 389 354 2 2 0 1999.05 0.660 0.016 0.177
6499 354 390 2 2 0 2504.69 0.871 0.019 0.232
6500 390 354 2 2 0 2504.69 0.871 0.019 0.232
6501 355 356 2 2 0 1508.86 0.456 0.013 0.124
6502 356 355 2 2 0 1508.86 0.456 0.013 0.124
6503 355 389 2 2 0 2504.69 0.871 0.013 0.228
6504 389 355 2 2 0 2504.69 0.871 0.013 0.228
6505 355 390 2 2 0 1999.05 0.660 0.016 0.177
6506 390 355 2 2 0 1999.05 0.660 0.016 0.177
6507 355 391 2 2 0 2504.69 0.871 0.016 0.230
6508 391 355 2 2 0 2504.69 0.871 0.016 0.230
6509 356 390 2 2 0 2504.69 0.871 0.013 0.228
6510 390 356 2 2 0 2504.69 0.871 0.013 0.228
6511 356 391 2 2 0 1999.05 0.660 0.013 0.175
6512 391 356 2 2 0 1999.05 0.660 0.013 0.175
6513 356 392 2 2 0 2504.69 0.871 0.016 0.230
6514 392 356 2 2 0 2504.69 0.871 0.016 0.230
6515 357 358 2 2 0 1508.86 0.456 0.112 0.198
6516 358 357 2 2 0 1508.86 0.456 0.112 0.198
6517 357 391 2 2 0 2504.69 0.871 0.062 0.264
6518 391 357 2 2 0 2504.69 0.871 0.062 0.264
6519 357 392 2 2 0 1999.05 0.660 0.064 0.213
6520 392 357 2 2 0 1999.05 0.660 0.064 0.213
6521 357 393 2 2 0 2504.69 0.871 0.134 0.318
6522 393 357 2 2 0 2504.69 0.871 0.134 0.318
6523 358 359 2 2 0 1508.86 0.456 0.104 0.192
6524 359 358 2 2 0 1508.86 0.456 0.104 0.192
6525 358 392 2 2 0 2504.69 0.871 0.070 0.270
6526 392 358 2 2 0 2504.69 0.871 0.070 0.270
6527 358 393 2 2 0 1999.05 0.660 0.139 0.269
6528 393 358 2 2 0 1999.05 0.660 0.139 0.269
6529 358 394 2 2 0 2504.69 0.871 0.123 0.310
6530 394 358 2 2 0 2504.69 0.871 0.123 0.310
6531 359 360 2 2 0 1508.86 0.456 0.091 0.182
6532 360 359 2 2 0 1508.86 0.456 0.091 0.182
6533 359 393 2 2 0 2504.69 0.871 0.126 0.312
6534 393 359 2 2 0 2504.69 0.871 0.126 0.312
6535 359 394 2 2 0 1999.05 0.660 0.110 0.247
6536 394 359 2 2 0 1999.05 0.660 0.110 0.247
6537 360 361 2 2 0 1508.86 0.456 0.104 0.192
6538 361 360 2 2 0 1508.86 0.456 0.104 0.192
6539 360 394 2 2 0 2504.69 0.871 0.110 0.300
6540 394 360 2 2 0 2504.69 0.871 0.110 0.300
6541 360 395 2 2 0 2504.69 0.871 0.131 0.316
6542 395 360 2 2 0 2504.69 0.871 0.131 0.316
6543 361 362 2 2 0 1508.86 0.456 0.134 0.214
6544 362 361 2 2 0 1508.86 0.456 0.134 0.214
6545 361 395 2 2 0 1999.05 0.660 0.144 0.273
6546 395 361 2 2 0 1999.05 0.660 0.144 0.273
6547 361 396 2 2 0 2504.69 0.871 0.126 0.312
6548 396 361 2 2 0 2504.69 0.871 0.126 0.312
6549 362 363 2 2 0 1508.86 0.456 0.155 0.230
6550 363 362 2 2 0 1508.86 0.456 0.155 0.230
6551 362 395 2 2 0 2504.69 0.871 0.161 0.338
6552 395 362 2 2 0 2504.69 0.871 0.161 0.338
6553 362 396 2 2 0 1999.05 0.660 0.142 0.271
6554 396 362 2 2 0 1999.05 0.660 0.142 0.271
6555 362 397 2 2 0 2504.69 0.871 0.150 0.330
6556 397 362 2 2 0 2504.69 0.871 0.150 0.330
6557 363 364 2 2 0 1508.86 0.456 0.161 0.234
6558 364 363 2 2 0 1508.86 0.456 0.161 0.234
6559 363 396 2 2 0 2504.69 0.871 0.147 0.328
6560 396 363 2 2 0 2504.69 0.871 0.147 0.328
6561 363 397 2 2 0 1999.05 0.660 0.155 0.281
6562 397 363 2 2 0 1999.05 0.660 0.155 0.281
6563 363 398 2 2 0 2504.69 0.871 0.134 0.318
6564 398 363 2 2 0 2504.69 0.871 0.134 0.318
6565 364 397 2 2 0 2504.69 0.871 0.155 0.334
6566 397 364 2 2 0 2504.69 0.871 0.155 0.334
6567 364 398 2 2 0 1999.05 0.660 0.134 0.265
6568 398 364 2 2 0 1999.05 0.660 0.134 0.265
6569 364 399 2 2 0 2504.69 0.871 0.126 0.312
6570 399 364 2 2 0 2504.69 0.871 0.126 0.312
6571 365 366 2 2 0 1509.27 0.456 0.043 0.146
6572 366 365 2 2 0 1509.27 0.456 0.043 0.146
6573 366 367 2 2 0 1509.27 0.456 0.048 0.150
6574 367 366 2 2 0 1509.27 0.456 0.048 0.150
6575 366 401 2 2 0 2504.94 0.871 0.051 0.256
6576 401 366 2 2 0 2504.94 0.871 0.051 0.256
6577 367 368 2 2 0 1509.27 0.456 0.059 0.158
6578 368 367 2 2 0 1509.27 0.456 0.059 0.158
6579 367 401 2 2 0 1999.05 0.660 0.062 0.211
6580 401 367 2 2 0 1999.05 0.660 0.062 0.211
6581 368 369 2 2 0 1509.27 0.456 0.062 0.160
6582 369 368 2 2 0 1509.27 0.456 0.062 0.160
6583 368 401 2 2 0 2504.94 0.871 0.062 0.264
6584 401 368 2 2 0 2504.94 0.871 0.062 0.264
6585 368 402 2 2 0 1999.05 0.660 0.056 0.207
6586 402 368 2 2 0 1999.05 0.660 0.056 0.207
6587 368 403 2 2 0 2504.94 0.871 0.059 0.262
6588 403 368 2 2 0 2504.94 0.871 0.059 0.262
6589 369 370 2 2 0 1509.27 0.456 0.054 0.154
6590 370 369 2 2 0 1509.27 0.456 0.054 0.154
6591 369 402 2 2 0 2504.94 0.871 0.059 0.262
6592 402 369 2 2 0 2504.94 0.871 0.059 0.262
6593 369 403 2 2 0 1999.05 0.660 0.062 0.211
6594 403 369 2 2 0 1999.05 0.660 0.062 0.211
6595 369 404 2 2 0 2504.94 0.871 0.054 0.258
6596 404 369 2 2 0 2504.94 0.871 0.054 0.258
6597 370 371 2 2 0 1509.27 0.456 0.043 0.146
6598 371 370 2 2 0 1509.27 0.456 0.043 0.146
6599 370 403 2 2 0 2504.94 0.871 0.051 0.256
6600 403 370 2 2 0 2504.94 0.871 0.051 0.256
6601 370 404 2 2 0 1999.05 0.660 0.043 0.197
6602 404 370 2 2 0 1999.05 0.660 0.043 0.197
6603 370 405 2 2 0 2504.94 0.871 0.045 0.252
6604 405 370 2 2 0 2504.94 0.871 0.045 0.252
6605 371 372 2 2 0 1509.27 0.456 0.051 0.152
6606 372 371 2 2 0 1509.27 0.456 0.051 0.152
6607 371 404 2 2 0 2504.94 0.871 0.043 0.250
6608 404 371 2 2 0 2504.94 0.871 0.043 0.250
6609 371 405 2 2 0 1999.05 0.660 0.045 0.199
6610 405 371 2 2 0 1999.05 0.660 0.045 0.199
6611 371 406 2 2 0 2504.94 0.871 0.045 0.252
6612 406 371 2 2 0 2504.94 0.871 0.045 0.252
6613 372 373 2 2 0 1509.27 0.456 0.045 0.148
6614 373 372 2 2 0 1509.27 0.456 0.045 0.148
6615 372 405 2 2 0 2504.94 0.871 0.054 0.258
6616 405 372 2 2 0 2504.94 0.871 0.054 0.258
6617 372 406 2 2 0 1999.05 0.660 0.054 0.205
6618 406 372 2 2 0 1999.05 0.660 0.054 0.205
6619 372 407 2 2 0 2504.94 0.871 0.056 0.260
6620 407 372 2 2 0 2504.94 0.871 0.056 0.260
6621 373 374 2 2 0 1509.27 0.456 0.037 0.142
6622 374 373 2 2 0 1509.27 0.456 0.037 0.142
6623 373 406 2 2 0 2504.94 0.871 0.040 0.248
6624 406 373 2 2 0 2504.94 0.871 0.040 0.248
6625 373 407 2 2 0 1999.05 0.660 0.043 0.197
6626 407 373 2 2 0 1999.05 0.660 0.043 0.197
6627 373 408 2 2 0 2504.94 0.871 0.035 0.244
6628 408 373 2 2 0 2504.94 0.871 0.035 0.244
6629 374 375 2 2 0 1509.27 0.456 0.040 0.144
6630 375 374 2 2 0 1509.27 0.456 0.040 0.144
6631 374 407 2 2 0 2504.94 0.871 0.048 0.254
6632 407 374 2 2 0 2504.94 0.871 0.048 0.254
6633 374 408 2 2 0 1999.05 0.660 0.040 0.195
6634 408 374 2 2 0 1999.05 0.660 0.040 0.195
6635 374 409 2 2 0 2504.94 0.871 0.045 0.252
6636 409 374 2 2 0 2504.94 0.871 0.045 0.252
6637 375 376 2 2 0 1509.27 0.456 0.037 0.142
6638 376 375 2 2 0 1509.27 0.456 0.037 0.142
6639 375 408 2 2 0 2504.94 0.871 0.037 0.246
6640 408 375 2 2 0 2504.94 0.871 0.037 0.246
6641 375 409 2 2 0 1999.05 0.660 0.043 0.197
6642 409 375 2 2 0 1999.05 0.660 0.043 0.197
6643 375 410 2 2 0 2504.94 0.871 0.040 0.248
6644 410 375 2 2 0 2504.94 0.871 0.040 0.248
6645 376 377 2 2 0 1509.27 0.456 0.043 0.146
6646 377 376 2 2 0 1509.27 0.456 0.043 0.146
6647 376 409 2 2 0 2504.94 0.871 0.043 0.250
6648 409 376 2 2 0 2504.94 0.871 0.043 0.250
6649 376 410 2 2 0 1999.05 0.660 0.040 0.195
6650 410 376 2 2 0 1999.05 0.660 0.040 0.195
6651 376 411 2 2 0 2504.94 0.871 0.040 0.248
6652 411 376 2 2 0 2504.94 0.871 0.040 0.248
6653 377 378 2 2 0 1509.27 0.456 0.043 0.146
6654 378 377 2 2 0 1509.27 0.456 0.043 0.146
6655 377 410 2 2 0 2504.94 0.871 0.045 0.252
6656 410 377 2 2 0 2504.94 0.871 0.045 0.252
6657 377 411 2 2 0 1999.05 0.660 0.045 0.199
6658 411 377 2 2 0 1999.05 0.660 0.045 0.199
6659 377 412 2 2 0 2504.94 0.871 0.040 0.248
6660 412 377 2 2 0 2504.94 0.871 0.040 0.248
6661 378 379 2 2 0 1509.27 0.456 0.045 0.148
6662 379 378 2 2 0 1509.27 0.456 0.045 0.148
6663 378 411 2 2 0 2504.94 0.871 0.040 0.248
6664 411 378 2 2 0 2504.94 0.871 0.040 0.248
6665 378 412 2 2 0 1999.05 0.660 0.035 0.191
6666 412 378 2 2 0 1999.05 0.660 0.035 0.191
6667 378 413 2 2 0 2504.94 0.871 0.040 0.248
6668 413 378 2 2 0 2504.94 0.871 0.040 0.248
6669 379 380 2 2 0 1509.27 0.456 0.035 0.140
6670 380 379 2 2 0 1509.27 0.456 0.035 0.140
6671 379 412 2 2 0 2504.94 0.871 0.043 0.250
6672 412 379 2 2 0 2504.94 0.871 0.043 0.250
6673 379 413 2 2 0 1999.05 0.660 0.048 0.201
6674 413 379 2 2 0 1999.05 0.660 0.048 0.201
6675 379 414 2 2 0 2504.94 0.871 0.032 0.242
6676 414 379 2 2 0 2504.94 0.871 0.032 0.242
6677 380 381 2 2 0 1509.27 0.456 0.019 0.128
6678 381 380 2 2 0 1509.27 0.456 0.019 0.128
6679 380 413 2 2 0 2504.94 0.871 0.029 0.240
6680 413 380 2 2 0 2504.94 0.871 0.029 0.240
6681 380 414 2 2 0 1999.05 0.660 0.013 0.175
6682 414 380 2 2 0 1999.05 0.660 0.013 0.175
6683 380 415 2 2 0 2504.94 0.871 0.027 0.238
6684 415 380 2 2 0 2504.94 0.871 0.027 0.238
6685 381 382 2 2 0 1509.27 0.456 0.019 0.128
6686 382 381 2 2 0 1509.27 0.456 0.019 0.128
6687 381 414 2 2 0 2504.94 0.871 0.016 0.230
6688 414 381 2 2 0 2504.94 0.871 0.016 0.230
6689 381 415 2 2 0 1999.05 0.660 0.029 0.187
6690 415 381 2 2 0 1999.05 0.660 0.029 0.187
6691 381 416 2 2 0 2504.94 0.871 0.021 0.234
6692 416 381 2 2 0 2504.94 0.871 0.021 0.234
6693 382 383 2 2 0 1509.27 0.456 0.019 0.128
6694 383 382 2 2 0 1509.27 0.456 0.019 0.128
6695 382 415 2 2 0 2504.94 0.871 0.027 0.238
6696 415 382 2 2 0 2504.94 0.871 0.027 0.238
6697 382 416 2 2 0 1999.05 0.660 0.019 0.179
6698 416 382 2 2 0 1999.05 0.660 0.019 0.179
6699 382 417 2 2 0 2504.94 0.871 0.013 0.228
6700 417 382 2 2 0 2504.94 0.871 0.013 0.228
6701 383 384 2 2 0 1509.27 0.456 0.019 0.128
6702 384 383 2 2 0 1509.27 0.456 0.019 0.128
6703 383 416 2 2 0 2504.94 0.871 0.021 0.234
6704 416 383 2 2 0 2504.94 0.871 0.021 0.234
6705 383 417 2 2 0 1999.05 0.660 0.016 0.177
6706 417 383 2 2 0 1999.05 0.660 0.016 0.177
6707 383 418 2 2 0 2504.94 0.871 0.019 0.232
6708 418 383 2 2 0 2504.94 0.871 0.019 0.232
6709 384 385 2 2 0 1509.27 0.456 0.016 0.126
6710 385 384 2 2 0 1509.27 0.456 0.016 0.126
6711 384 417 2 2 0 2504.94 0.871 0.013 0.228
6712 417 384 2 2 0 2504.94 0.871 0.013 0.228
6713 384 418 2 2 0 1999.05 0.660 0.016 0.177
6714 418 384 2 2 0 1999.05 0.660 0.016 0.177
6715 384 419 2 2 0 2504.94 0.871 0.016 0.230
6716 419 384 2 2 0 2504.94 0.871 0.016 0.230
6717 385 386 2 2 0 1509.27 0.456 0.016 0.126
6718 386 385 2 2 0 1509.27 0.456 0.016 0.126
6719 385 418 2 2 0 2504.94 0.871 0.016 0.230
6720 418 385 2 2 0 2504.94 0.871 0.016 0.230
6721 385 419 2 2 0 1999.05 0.660 0.016 0.177
6722 419 385 2 2 0 1999.05 0.660 0.016 0.177
6723 385 420 2 2 0 2504.94 0.871 0.013 0.228
6724 420 385 2 2 0 2504.94 0.871 0.013 0.228
6725 386 387 2 2 0 1509.27 0.456 0.016 0.126
6726 387 386 2 2 0 1509.27 0.456 0.016 0.126
6727 386 419 2 2 0 2504.94 0.871 0.016 0.230
6728 419 386 2 2 0 2504.94 0.871 0.016 0.230
6729 386 420 2 2 0 1999.05 0.660 0.013 0.175
6730 420 386 2 2 0 1999.05 0.660 0.013 0.175
6731 386 421 2 2 0 2504.94 0.871 0.019 0.232
6732 421 386 2 2 0 2504.94 0.871 0.019 0.232
6733 387 388 2 2 0 1509.27 0.456 0.016 0.126
6734 388 387 2 2 0 1509.27 0.456 0.016 0.126
6735 387 420 2 2 0 2504.94 0.871 0.013 0.228
6736 420 387 2 2 0 2504.94 0.871 0.013 0.228
6737 387 421 2 2 0 1999.05 0.660 0.019 0.179
6738 421 387 2 2 0 1999.05 0.660 0.019 0.179
6739 387 422 2 2 0 2504.94 0.871 0.019 0.232
6740 422 387 2 2 0 2504.94 0.871 0.019 0.232
6741 388 389 2 2 0 1509.27 0.456 0.013 0.124
6742 389 388 2 2 0 1509.27 0.456 0.013 0.124
6743 388 421 2 2 0 2504.94 0.871 0.019 0.232
6744 421 388 2 2 0 2504.94 0.871 0.019 0.232
6745 388 422 2 2 0 1999.05 0.660 0.019 0.179
6746 422 388 2 2 0 1999.05 0.660 0.019 0.179
6747 388 423 2 2 0 2504.94 0.871 0.019 0.232
6748 423 388 2 2 0 2504.94 0.871 0.019 0.232
6749 389 390 2 2 0 1509.27 0.456 0.013 0.124
6750 390 389 2 2 0 1509.27 0.456 0.013 0.124
6751 389 422 2 2 0 2504.94 0.871 0.016 0.230
6752 422 389 2 2 0 2504.94 0.871 0.016 0.230
6753 389 423 2 2 0 1999.05 0.660 0.016 0.177
6754 423 389 2 2 0 1999.05 0.660 0.016 0.177
6755 389 424 2 2 0 2504.94 0.871 0.013 0.228
6756 424 389 2 2 0 2504.94 0.871 0.013 0.228
6757 390 391 2 2 0 1509.27 0.456 0.016 0.126
6758 391 390 2 2 0 1509.27 0.456 0.016 0.126
6759 390 423 2 2 0 2504.94 0.871 0.019 0.232
6760 423 390 2 2 0 2504.94 0.871 0.019 0.232
6761 390 424 2 2 0 1999.05 0.660 0.016 0.177
6762 424 390 2 2 0 1999.05 0.660 0.016 0.177
6763 390 425 2 2 0 2504.94 0.871 0.016 0.230
6764 425 390 2 2 0 2504.94 0.871 0.016 0.230
6765 391 392 2 2 0 1509.27 0.456 0.019 0.128
6766 392 391 2 2 0 1509.27 0.456 0.019 0.128
6767 391 424 2 2 0 2504.94 0.871 0.016 0.230
6768 424 391 2 2 0 2504.94 0.871 0.016 0.230
6769 391 425 2 2 0 1999.05 0.660 0.016 0.177
6770 425 391 2 2 0 1999.05 0.660 0.016 0.177
6771 391 426 2 2 0 2504.94 0.871 0.016 0.230
6772 426 391 2 2 0 2504.94 0.871 0.016 0.230
6773 392 393 2 2 0 1509.27 0.456 0.091 0.182
6774 393 392 2 2 0 1509.27 0.456 0.091 0.182
6775 392 425 2 2 0 2504.94 0.871 0.019 0.232
6776 425 392 2 2 0 2504.94 0.871 0.019 0.232
6777 392 426 2 2 0 1999.05 0.660 0.019 0.179
6778 426 392 2 2 0 1999.05 0.660 0.019 0.179
6779 392 427 2 2 0 2504.94 0.871 0.064 0.266
6780 427 392 2 2 0 2504.94 0.871 0.064 0.266
6781 393 394 2 2 0 1509.27 0.456 0.144 0.222
6782 394 393 2 2 0 1509.27 0.456 0.144 0.222
6783 393 426 2 2 0 2504.94 0.871 0.088 0.284
6784 426 393 2 2 0 2504.94 0.871 0.088 0.284
6785 393 427 2 2 0 1999.05 0.660 0.134 0.265
6786 427 393 2 2 0 1999.05 0.660 0.134 0.265
6787 393 428 2 2 0 2504.94 0.871 0.158 0.336
6788 428 393 2 2 0 2504.94 0.871 0.158 0.336
6789 394 427 2 2 0 2504.94 0.871 0.118 0.306
6790 427 394 2 2 0 2504.94 0.871 0.118 0.306
6791 394 428 2 2 0 1999.05 0.660 0.142 0.271
6792 428 394 2 2 0 1999.05 0.660 0.142 0.271
6793 394 429 2 2 0 2504.94 0.871 0.110 0.300
6794 429 394 2 2 0 2504.94 0.871 0.110 0.300
6795 395 396 2 2 0 1509.27 0.456 0.153 0.228
6796 396 395 2 2 0 1509.27 0.456 0.153 0.228
6797 395 430 2 2 0 1999.05 0.660 0.169 0.291
6798 430 395 2 2 0 1999.05 0.660 0.169 0.291
6799 395 431 2 2 0 2504.94 0.871 0.142 0.324
6800 431 395 2 2 0 2504.94 0.871 0.142 0.324
6801 396 430 2 2 0 2504.94 0.871 0.150 0.330
6802 430 396 2 2 0 2504.94 0.871 0.150 0.330
6803 396 431 2 2 0 1999.05 0.660 0.123 0.257
6804 431 396 2 2 0 1999.05 0.660 0.123 0.257
6805 396 432 2 2 0 2504.94 0.871 0.142 0.324
6806 432 396 2 2 0 2504.94 0.871 0.142 0.324
6807 397 398 2 2 0 1509.27 0.456 0.128 0.210
6808 398 397 2 2 0 1509.27 0.456 0.128 0.210
6809 397 431 2 2 0 2504.94 0.871 0.131 0.316
6810 431 397 2 2 0 2504.94 0.871 0.131 0.316
6811 398 399 2 2 0 1509.27 0.456 0.099 0.188
6812 399 398 2 2 0 1509.27 0.456 0.099 0.188
6813 398 432 2 2 0 2504.94 0.871 0.128 0.314
6814 432 398 2 2 0 2504.94 0.871 0.128 0.314
6815 398 433 2 2 0 1999.05 0.660 0.134 0.265
6816 433 398 2 2 0 1999.05 0.660 0.134 0.265
6817 398 434 2 2 0 2504.94 0.871 0.142 0.324
6818 434 398 2 2 0 2504.94 0.871 0.142 0.324
6819 399 400 2 2 0 1509.27 0.456 0.120 0.204
6820 400 399 2 2 0 1509.27 0.456 0.120 0.204
6821 399 433 2 2 0 2504.94 0.871 0.126 0.312
6822 433 399 2 2 0 2504.94 0.871 0.126 0.312
6823 399 434 2 2 0 1999.05 0.660 0.134 0.265
6824 434 399 2 2 0 1999.05 0.660 0.134 0.265
6825 399 435 2 2 0 2504.94 0.871 0.096 0.290
6826 435 399 2 2 0 2504.94 0.871 0.096 0.290
6827 400 434 2 2 0 2504.94 0.871 0.163 0.340
6828 434 400 2 2 0 2504.94 0.871 0.163 0.340
6829 400 435 2 2 0 1999.05 0.660 0.126 0.259
6830 435 400 2 2 0 1999.05 0.660 0.126 0.259
6831 400 436 2 2 0 2504.94 0.871 0.120 0.308
6832 436 400 2 2 0 2504.94 0.871 0.120 0.308
6833 401 402 2 2 0 1509.69 0.456 0.059 0.158
6834 402 401 2 2 0 1509.69 0.456 0.059 0.158
6835 402 403 2 2 0 1509.69 0.456 0.056 0.156
6836 403 402 2 2 0 1509.69 0.456 0.056 0.156
6837 402 439 2 2 0 2505.18 0.871 0.043 0.250
6838 439 402 2 2 0 2505.18 0.871 0.043 0.250
6839 403 404 2 2 0 1509.69 0.456 0.051 0.152
6840 404 403 2 2 0 1509.69 0.456 0.051 0.152
6841 403 439 2 2 0 1999.04 0.660 0.045 0.199
6842 439 403 2 2 0 1999.04 0.660 0.045 0.199
6843 403 440 2 2 0 2505.18 0.871 0.059 0.262
6844 440 403 2 2 0 2505.18 0.871 0.059 0.262
6845 404 405 2 2 0 1509.69 0.456 0.045 0.148
6846 405 404 2 2 0 1509.69 0.456 0.045 0.148
6847 404 439 2 2 0 2505.18 0.871 0.037 0.246
6848 439 404 2 2 0 2505.18 0.871 0.037 0.246
6849 404 440 2 2 0 1999.04 0.660 0.051 0.203
6850 440 404 2 2 0 1999.04 0.660 0.051 0.203
6851 404 441 2 2 0 2505.18 0.871 0.048 0.254
6852 441 404 2 2 0 2505.18 0.871 0.048 0.254
6853 405 406 2 2 0 1509.69 0.456 0.048 0.150
6854 406 405 2 2 0 1509.69 0.456 0.048 0.150
6855 405 440 2 2 0 2505.18 0.871 0.054 0.258
6856 440 405 2 2 0 2505.18 0.871 0.054 0.258
6857 405 441 2 2 0 1999.04 0.660 0.051 0.203
6858 441 405 2 2 0 1999.04 0.660 0.051 0.203
6859 405 442 2 2 0 2505.18 0.871 0.051 0.256
6860 442 405 2 2 0 2505.18 0.871 0.051 0.256
6861 406 407 2 2 0 1509.69 0.456 0.051 0.152
6862 407 406 2 2 0 1509.69 0.456 0.051 0.152
6863 406 441 2 2 0 2505.18 0.871 0.051 0.256
6864 441 406 2 2 0 2505.18 0.871 0.051 0.256
6865 406 442 2 2 0 1999.04 0.660 0.051 0.203
6866 442 406 2 2 0 1999.04 0.660 0.051 0.203
6867 406 443 2 2 0 2505.18 0.871 0.043 0.250
6868 443 406 2 2 0 2505.18 0.871 0.043 0.250
6869 407 408 2 2 0 1509.69 0.456 0.045 0.148
6870 408 407 2 2 0 1509.69 0.456 0.045 0.148
6871 407 442 2 2 0 2505.18 0.871 0.054 0.258
6872 442 407 2 2 0 2505.18 0.871 0.054 0.258
6873 407 443 2 2 0 1999.04 0.660 0.045 0.199
6874 443 407 2 2 0 1999.04 0.660 0.045 0.199
6875 407 444 2 2 0 2505.18 0.871 0.045 0.252
6876 444 407 2 2 0 2505.18 0.871 0.045 0.252
6877 408 409 2 2 0 1509.69 0.456 0.043 0.146
6878 409 408 2 2 0 1509.69 0.456 0.043 0.146
6879 408 443 2 2 0 2505.18 0.871 0.037 0.246
6880 443 408 2 2 0 2505.18 0.871 0.037 0.246
6881 408 444 2 2 0 1999.04 0.660 0.037 0.193
6882 444 408 2 2 0 1999.04 0.660 0.037 0.193
6883 408 445 2 2 0 2505.18 0.871 0.043 0.250
6884 445 408 2 2 0 2505.18 0.871 0.043 0.250
6885 409 410 2 2 0 1509.69 0.456 0.045 0.148
6886 410 409 2 2 0 1509.69 0.456 0.045 0.148
6887 409 444 2 2 0 2505.18 0.871 0.043 0.250
6888 444 409 2 2 0 2505.18 0.871 0.043 0.250
6889 409 445 2 2 0 1999.04 0.660 0.048 0.201
6890 445 409 2 2 0 1999.04 0.660 0.048 0.201
6891 409 446 2 2 0 2505.18 0.871 0.054 0.258
6892 446 409 2 2 0 2505.18 0.871 0.054 0.258
6893 410 411 2 2 0 1509.69 0.456 0.043 0.146
6894 411 410 2 2 0 1509.69 0.456 0.043 0.146
6895 410 445 2 2 0 2505.18 0.871 0.045 0.252
6896 445 410 2 2 0 2505.18 0.871 0.045 0.252
6897 410 446 2 2 0 1999.04 0.660 0.051 0.203
6898 446 410 2 2 0 1999.04 0.660 0.051 0.203
6899 410 447 2 2 0 2505.18 0.871 0.054 0.258
6900 447 410 2 2 0 2505.18 0.871 0.054 0.258
6901 411 412 2 2 0 1509.69 0.456 0.037 0.142
6902 412 411 2 2 0 1509.69 0.456 0.037 0.142
6903 411 446 2 2 0 2505.18 0.871 0.051 0.256
6904 446 411 2 2 0 2505.18 0.871 0.051 0.256
6905 411 447 2 2 0 1999.04 0.660 0.054 0.205
6906 447 411 2 2 0 1999.04 0.660 0.054 0.205
6907 411 448 2 2 0 2505.18 0.871 0.048 0.254
6908 448 411 2 2 0 2505.18 0.871 0.048 0.254
6909 412 413 2 2 0 1509.69 0.456 0.037 0.142
6910 413 412 2 2 0 1509.69 0.456 0.037 0.142
6911 412 447 2 2 0 2505.18 0.871 0.048 0.254
6912 447 412 2 2 0 2505.18 0.871 0.048 0.254
6913 412 448 2 2 0 1999.04 0.660 0.043 0.197
6914 448 412 2 2 0 1999.04 0.660 0.043 0.197
6915 412 449 2 2 0 2505.18 0.871 0.037 0.246
6916 449 412 2 2 0 2505.18 0.871 0.037 0.246
6917 413 414 2 2 0 1509.69 0.456 0.027 0.134
6918 414 413 2 2 0 1509.69 0.456 0.027 0.134
6919 413 448 2 2 0 2505.18 0.871 0.048 0.254
6920 448 413 2 2 0 2505.18 0.871 0.048 0.254
6921 413 449 2 2 0 1999.04 0.660 0.043 0.197
6922 449 413 2 2 0 1999.04 0.660 0.043 0.197
6923 413 450 2 2 0 2505.18 0.871 0.045 0.252
6924 450 413 2 2 0 2505.18 0.871 0.045 0.252
6925 414 415 2 2 0 1509.69 0.456 0.024 0.132
6926 415 414 2 2 0 1509.69 0.456 0.024 0.132
6927 414 449 2 2 0 2505.18 0.871 0.027 0.238
6928 449 414 2 2 0 2505.18 0.871 0.027 0.238
6929 414 450 2 2 0 1999.04 0.660 0.029 0.187
6930 450 414 2 2 0 1999.04 0.660 0.029 0.187
6931 414 451 2 2 0 2505.18 0.871 0.024 0.236
6932 451 414 2 2 0 2505.18 0.871 0.024 0.236
6933 415 416 2 2 0 1509.69 0.456 0.029 0.136
6934 416 415 2 2 0 1509.69 0.456 0.029 0.136
6935 415 450 2 2 0 2505.18 0.871 0.043 0.250
6936 450 415 2 2 0 2505.18 0.871 0.043 0.250
6937 415 451 2 2 0 1999.04 0.660 0.037 0.193
6938 451 415 2 2 0 1999.04 0.660 0.037 0.193
6939 415 452 2 2 0 2505.18 0.871 0.027 0.238
6940 452 415 2 2 0 2505.18 0.871 0.027 0.238
6941 416 417 2 2 0 1509.69 0.456 0.016 0.126
6942 417 416 2 2 0 1509.69 0.456 0.016 0.126
6943 416 451 2 2 0 2505.18 0.871 0.029 0.240
6944 451 416 2 2 0 2505.18 0.871 0.029 0.240
6945 416 452 2 2 0 1999.04 0.660 0.019 0.179
6946 452 416 2 2 0 1999.04 0.660 0.019 0.179
6947 416 453 2 2 0 2505.18 0.871 0.021 0.234
6948 453 416 2 2 0 2505.18 0.871 0.021 0.234
6949 417 452 2 2 0 2505.18 0.871 0.013 0.228
6950 452 417 2 2 0 2505.18 0.871 0.013 0.228
6951 417 453 2 2 0 1999.04 0.660 0.016 0.177
6952 453 417 2 2 0 1999.04 0.660 0.016 0.177
6953 417 454 2 2 0 2505.18 0.871 0.011 0.226
6954 454 417 2 2 0 2505.18 0.871 0.011 0.226
6955 418 419 2 2 0 1509.69 0.456 0.016 0.126
6956 419 418 2 2 0 1509.69 0.456 0.016 0.126
6957 418 454 2 2 0 1999.04 0.660 0.013 0.175
6958 454 418 2 2 0 1999.04 0.660 0.013 0.175
6959 418 455 2 2 0 2505.18 0.871 0.019 0.232
6960 455 418 2 2 0 2505.18 0.871 0.019 0.232
6961 419 420 2 2 0 1509.69 0.456 0.013 0.124
6962 420 419 2 2 0 1509.69 0.456 0.013 0.124
6963 419 454 2 2 0 2505.18 0.871 0.013 0.228
6964 454 419 2 2 0 2505.18 0.871 0.013 0.228
6965 419 455 2 2 0 1999.04 0.660 0.019 0.179
6966 455 419 2 2 0 1999.04 0.660 0.019 0.179
6967 419 456 2 2 0 2505.18 0.871 0.013 0.228
6968 456 419 2 2 0 2505.18 0.871 0.013 0.228
6969 420 421 2 2 0 1509.69 0.456 0.016 0.126
6970 421 420 2 2 0 1509.69 0.456 0.016 0.126
6971 420 455 2 2 0 2505.18 0.871 0.016 0.230
6972 455 420 2 2 0 2505.18 0.871 0.016 0.230
6973 420 456 2 2 0 1999.04 0.660 0.011 0.173
6974 456 420 2 2 0 1999.04 0.660 0.011 0.173
6975 421 422 2 2 0 1509.69 0.456 0.021 0.130
6976 422 421 2 2 0 1509.69 0.456 0.021 0.130
6977 421 456 2 2 0 2505.18 0.871 0.016 0.230
6978 456 421 2 2 0 2505.18 0.871 0.016 0.230
6979 421 457 2 2 0 1999.04 0.660 0.016 0.177
6980 457 421 2 2 0 1999.04 0.660 0.016 0.177
6981 421 458 2 2 0 2505.18 0.871 0.016 0.230
6982 458 421 2 2 0 2505.18 0.871 0.016 0.230
6983 422 423 2 2 0 1509.69 0.456 0.021 0.130
6984 423 422 2 2 0 1509.69 0.456 0.021 0.130
6985 422 457 2 2 0 2505.18 0.871 0.016 0.230
6986 457 422 2 2 0 2505.18 0.871 0.016 0.230
6987 422 458 2 2 0 1999.04 0.660 0.016 0.177
6988 458 422 2 2 0 1999.04 0.660 0.016 0.177
6989 422 459 2 2 0 2505.18 0.871 0.016 0.230
6990 459 422 2 2 0 2505.18 0.871 0.016 0.230
6991 423 424 2 2 0 1509.69 0.456 0.019 0.128
6992 424 423 2 2 0 1509.69 0.456 0.019 0.128
6993 423 458 2 2 0 2505.18 0.871 0.016 0.230
6994 458 423 2 2 0 2505.18 0.871 0.016 0.230
6995 423 459 2 2 0 1999.04 0.660 0.016 0.177
6996 459 423 2 2 0 1999.04 0.660 0.016 0.177
6997 423 460 2 2 0 2505.18 0.871 0.021 0.234
6998 460 423 2 2 0 2505.18 0.871 0.021 0.234
6999 424 425 2 2 0 1509.69 0.456 0.016 0.126
7000 425 424 2 2 0 1509.69 0.456 0.016 0.126
7001 424 459 2 2 0 2505.18 0.871 0.013 0.228
7002 459 424 2 2 0 2505.18 0.871 0.013 0.228
7003 424 460 2 2 0 1999.04 0.660 0.019 0.179
7004 460 424 2 2 0 1999.04 0.660 0.019 0.179
7005 425 426 2 2 0 1509.69 0.456 0.016 0.126
7006 426 425 2 2 0 1509.69 0.456 0.016 0.126
7007 425 460 2 2 0 2505.18 0.871 0.019 0.232
7008 460 425 2 2 0 2505.18 0.871 0.019 0.232
7009 426 427 2 2 0 1509.69 0.456 0.062 0.160
7010 427 426 2 2 0 1509.69 0.456 0.062 0.160
7011 426 462 2 2 0 2505.18 0.871 0.075 0.274
7012 462 426 2 2 0 2505.18 0.871 0.075 0.274
7013 427 428 2 2 0 1509.69 0.456 0.131 0.212
7014 428 427 2 2 0 1509.69 0.456 0.131 0.212
7015 427 462 2 2 0 1999.04 0.660 0.120 0.255
7016 462 427 2 2 0 1999.04 0.660 0.120 0.255
7017 427 463 2 2 0 2505.18 0.871 0.134 0.318
7018 463 427 2 2 0 2505.18 0.871 0.134 0.318
7019 428 429 2 2 0 1509.69 0.456 0.123 0.206
7020 429 428 2 2 0 1509.69 0.456 0.123 0.206
7021 428 462 2 2 0 2505.18 0.871 0.144 0.326
7022 462 428 2 2 0 2505.18 0.871 0.144 0.326
7023 428 463 2 2 0 1999.04 0.660 0.158 0.283
7024 463 428 2 2 0 1999.04 0.660 0.158 0.283
7025 428 464 2 2 0 2505.18 0.871 0.150 0.330
7026 464 428 2 2 0 2505.18 0.871 0.150 0.330
7027 429 430 2 2 0 1509.69 0.456 0.128 0.210
7028 430 429 2 2 0 1509.69 0.456 0.128 0.210
7029 429 463 2 2 0 2505.18 0.871 0.126 0.312
7030 463 429 2 2 0 2505.18 0.871 0.126 0.312
7031 429 464 2 2 0 1999.04 0.660 0.118 0.253
7032 464 429 2 2 0 1999.04 0.660 0.118 0.253
7033 429 465 2 2 0 2505.18 0.871 0.123 0.310
7034 465 429 2 2 0 2505.18 0.871 0.123 0.310
7035 430 431 2 2 0 1509.69 0.456 0.139 0.218
7036 431 430 2 2 0 1509.69 0.456 0.139 0.218
7037 430 464 2 2 0 2505.18 0.871 0.155 0.334
7038 464 430 2 2 0 2505.18 0.871 0.155 0.334
7039 430 465 2 2 0 1999.04 0.660 0.161 0.285
7040 465 430 2 2 0 1999.04 0.660 0.161 0.285
7041 430 466 2 2 0 2505.18 0.871 0.147 0.328
7042 466 430 2 2 0 2505.18 0.871 0.147 0.328
7043 431 432 2 2 0 1509.69 0.456 0.131 0.212
7044 432 431 2 2 0 1509.69 0.456 0.131 0.212
7045 431 465 2 2 0 2505.18 0.871 0.134 0.318
7046 465 431 2 2 0 2505.18 0.871 0.134 0.318
7047 431 466 2 2 0 1999.04 0.660 0.120 0.255
7048 466 431 2 2 0 1999.04 0.660 0.120 0.255
7049 431 467 2 2 0 2505.18 0.871 0.112 0.302
7050 467 431 2 2 0 2505.18 0.871 0.112 0.302
7051 432 433 2 2 0 1509.69 0.456 0.155 0.230
7052 433 432 2 2 0 1509.69 0.456 0.155 0.230
7053 432 466 2 2 0 2505.18 0.871 0.139 0.322
7054 466 432 2 2 0 2505.18 0.871 0.139 0.322
7055 432 467 2 2 0 1999.04 0.660 0.131 0.263
7056 467 432 2 2 0 1999.04 0.660 0.131 0.263
7057 433 434 2 2 0 1509.69 0.456 0.169 0.240
7058 434 433 2 2 0 1509.69 0.456 0.169 0.240
7059 433 467 2 2 0 2505.18 0.871 0.136 0.320
7060 467 433 2 2 0 2505.18 0.871 0.136 0.320
7061 433 468 2 2 0 1999.04 0.660 0.134 0.265
7062 468 433 2 2 0 1999.04 0.660 0.134 0.265
7063 433 469 2 2 0 2505.18 0.871 0.153 0.332
7064 469 433 2 2 0 2505.18 0.871 0.153 0.332
7065 434 435 2 2 0 1509.69 0.456 0.139 0.218
7066 435 434 2 2 0 1509.69 0.456 0.139 0.218
7067 434 468 2 2 0 2505.18 0.871 0.142 0.324
7068 468 434 2 2 0 2505.18 0.871 0.142 0.324
7069 434 469 2 2 0 1999.04 0.660 0.161 0.285
7070 469 434 2 2 0 1999.04 0.660 0.161 0.285
7071 434 470 2 2 0 2505.18 0.871 0.153 0.332
7072 470 434 2 2 0 2505.18 0.871 0.153 0.332
7073 435 436 2 2 0 1509.69 0.456 0.096 0.186
7074 436 435 2 2 0 1509.69 0.456 0.096 0.186
7075 435 469 2 2 0 2505.18 0.871 0.123 0.310
7076 469 435 2 2 0 2505.18 0.871 0.123 0.310
7077 435 470 2 2 0 1999.04 0.660 0.115 0.251
7078 470 435 2 2 0 1999.04 0.660 0.115 0.251
7079 435 471 2 2 0 2505.18 0.871 0.112 0.302
7080 471 435 2 2 0 2505.18 0.871 0.112 0.302
7081 436 437 2 2 0 1509.69 0.456 0.112 0.198
7082 437 436 2 2 0 1509.69 0.456 0.112 0.198
7083 436 470 2 2 0 2505.18 0.871 0.110 0.300
7084 470 436 2 2 0 2505.18 0.871 0.110 0.300
7085 436 471 2 2 0 1999.04 0.660 0.107 0.245
7086 471 436 2 2 0 1999.04 0.660 0.107 0.245
7087 436 472 2 2 0 2505.18 0.871 0.123 0.310
7088 472 436 2 2 0 2505.18 0.871 0.123 0.310
7089 437 438 2 2 0 1509.69 0.456 0.139 0.218
7090 438 437 2 2 0 1509.69 0.456 0.139 0.218
7091 437 471 2 2 0 2505.18 0.871 0.128 0.314
7092 471 437 2 2 0 2505.18 0.871 0.128 0.314
7093 437 472 2 2 0 1999.04 0.660 0.144 0.273
7094 472 437 2 2 0 1999.04 0.660 0.144 0.273
7095 437 473 2 2 0 2505.18 0.871 0.144 0.326
7096 473 437 2 2 0 2505.18 0.871 0.144 0.326
7097 438 472 2 2 0 2505.18 0.871 0.150 0.330
7098 472 438 2 2 0 2505.18 0.871 0.150 0.330
7099 438 473 2 2 0 1999.04 0.660 0.150 0.277
7100 473 438 2 2 0 1999.04 0.660 0.150 0.277
7101 438 474 2 2 0 2505.18 0.871 0.120 0.308
7102 474 438 2 2 0 2505.18 0.871 0.120 0.308
7103 439 440 2 2 0 1510.10 0.456 0.045 0.148
7104 440 439 2 2 0 1510.10 0.456 0.045 0.148
7105 440 441 2 2 0 1510.10 0.456 0.056 0.156
7106 441 440 2 2 0 1510.10 0.456 0.056 0.156
7107 441 442 2 2 0 1510.10 0.456 0.054 0.154
7108 442 441 2 2 0 1510.10 0.456 0.054 0.154
7109 441 475 2 2 0 2505.43 0.872 0.054 0.258
7110 475 441 2 2 0 2505.43 0.872 0.054 0.258
7111 442 443 2 2 0 1510.10 0.456 0.045 0.148
7112 443 442 2 2 0 1510.10 0.456 0.045 0.148
7113 442 475 2 2 0 1999.03 0.660 0.054 0.205
7114 475 442 2 2 0 1999.03 0.660 0.054 0.205
7115 442 476 2 2 0 2505.43 0.872 0.045 0.252
7116 476 442 2 2 0 2505.43 0.872 0.045 0.252
7117 443 444 2 2 0 1510.10 0.456 0.037 0.142
7118 444 443 2 2 0 1510.10 0.456 0.037 0.142
7119 443 475 2 2 0 2505.43 0.872 0.045 0.252
7120 475 443 2 2 0 2505.43 0.872 0.045 0.252
7121 443 476 2 2 0 1999.03 0.660 0.037 0.193
7122 476 443 2 2 0 1999.03 0.660 0.037 0.193
7123 443 477 2 2 0 2505.43 0.872 0.045 0.252
7124 477 443 2 2 0 2505.43 0.872 0.045 0.252
7125 444 445 2 2 0 1510.10 0.456 0.043 0.146
7126 445 444 2 2 0 1510.10 0.456 0.043 0.146
7127 444 476 2 2 0 2505.43 0.872 0.037 0.246
7128 476 444 2 2 0 2505.43 0.872 0.037 0.246
7129 444 477 2 2 0 1999.03 0.660 0.045 0.199
7130 477 444 2 2 0 1999.03 0.660 0.045 0.199
7131 444 478 2 2 0 2505.43 0.872 0.037 0.246
7132 478 444 2 2 0 2505.43 0.872 0.037 0.246
7133 445 446 2 2 0 1510.10 0.456 0.054 0.154
7134 446 445 2 2 0 1510.10 0.456 0.054 0.154
7135 445 477 2 2 0 2505.43 0.872 0.051 0.256
7136 477 445 2 2 0 2505.43 0.872 0.051 0.256
7137 445 478 2 2 0 1999.03 0.660 0.043 0.197
7138 478 445 2 2 0 1999.03 0.660 0.043 0.197
7139 445 479 2 2 0 2505.43 0.872 0.048 0.254
7140 479 445 2 2 0 2505.43 0.872 0.048 0.254
7141 446 447 2 2 0 1510.10 0.456 0.062 0.160
7142 447 446 2 2 0 1510.10 0.456 0.062 0.160
7143 446 478 2 2 0 2505.43 0.872 0.048 0.254
7144 478 446 2 2 0 2505.43 0.872 0.048 0.254
7145 446 479 2 2 0 1999.03 0.660 0.054 0.205
7146 479 446 2 2 0 1999.03 0.660 0.054 0.205
7147 446 480 2 2 0 2505.43 0.872 0.062 0.264
7148 480 446 2 2 0 2505.43 0.872 0.062 0.264
7149 447 448 2 2 0 1510.10 0.456 0.059 0.158
7150 448 447 2 2 0 1510.10 0.456 0.059 0.158
7151 447 479 2 2 0 2505.43 0.872 0.056 0.260
7152 479 447 2 2 0 2505.43 0.872 0.056 0.260
7153 447 480 2 2 0 1999.03 0.660 0.064 0.213
7154 480 447 2 2 0 1999.03 0.660 0.064 0.213
7155 447 481 2 2 0 2505.43 0.872 0.054 0.258
7156 481 447 2 2 0 2505.43 0.872 0.054 0.258
7157 448 449 2 2 0 1510.10 0.456 0.048 0.150
7158 449 448 2 2 0 1510.10 0.456 0.048 0.150
7159 448 480 2 2 0 2505.43 0.872 0.059 0.262
7160 480 448 2 2 0 2505.43 0.872 0.059 0.262
7161 448 481 2 2 0 1999.03 0.660 0.048 0.201
7162 481 448 2 2 0 1999.03 0.660 0.048 0.201
7163 448 482 2 2 0 2505.43 0.872 0.056 0.260
7164 482 448 2 2 0 2505.43 0.872 0.056 0.260
7165 449 450 2 2 0 1510.10 0.456 0.045 0.148
7166 450 449 2 2 0 1510.10 0.456 0.045 0.148
7167 449 481 2 2 0 2505.43 0.872 0.043 0.250
7168 481 449 2 2 0 2505.43 0.872 0.043 0.250
7169 449 482 2 2 0 1999.03 0.660 0.051 0.203
7170 482 449 2 2 0 1999.03 0.660 0.051 0.203
7171 449 483 2 2 0 2505.43 0.872 0.051 0.256
7172 483 449 2 2 0 2505.43 0.872 0.051 0.256
7173 450 451 2 2 0 1510.10 0.456 0.043 0.146
7174 451 450 2 2 0 1510.10 0.456 0.043 0.146
7175 450 482 2 2 0 2505.43 0.872 0.054 0.258
7176 482 450 2 2 0 2505.43 0.872 0.054 0.258
7177 450 483 2 2 0 1999.03 0.660 0.054 0.205
7178 483 450 2 2 0 1999.03 0.660 0.054 0.205
7179 450 484 2 2 0 2505.43 0.872 0.051 0.256
7180 484 450 2 2 0 2505.43 0.872 0.051 0.256
7181 451 452 2 2 0 1510.10 0.456 0.027 0.134
7182 452 451 2 2 0 1510.10 0.456 0.027 0.134
7183 451 483 2 2 0 2505.43 0.872 0.048 0.254
7184 483 451 2 2 0 2505.43 0.872 0.048 0.254
7185 451 484 2 2 0 1999.03 0.660 0.045 0.199
7186 484 451 2 2 0 1999.03 0.660 0.045 0.199
7187 451 485 2 2 0 2505.43 0.872 0.043 0.250
7188 485 451 2 2 0 2505.43 0.872 0.043 0.250
7189 452 453 2 2 0 1510.10 0.456 0.019 0.128
7190 453 452 2 2 0 1510.10 0.456 0.019 0.128
7191 452 484 2 2 0 2505.43 0.872 0.035 0.244
7192 484 452 2 2 0 2505.43 0.872 0.035 0.244
7193 452 485 2 2 0 1999.03 0.660 0.032 0.189
7194 485 452 2 2 0 1999.03 0.660 0.032 0.189
7195 453 454 2 2 0 1510.10 0.456 0.016 0.126
7196 454 453 2 2 0 1510.10 0.456 0.016 0.126
7197 453 485 2 2 0 2505.43 0.872 0.035 0.244
7198 485 453 2 2 0 2505.43 0.872 0.035 0.244
7199 453 487 2 2 0 2505.43 0.872 0.019 0.232
7200 487 453 2 2 0 2505.43 0.872 0.019 0.232
7201 454 455 2 2 0 1510.10 0.456 0.016 0.126
7202 455 454 2 2 0 1510.10 0.456 0.016 0.126
7203 454 487 2 2 0 1999.03 0.660 0.013 0.175
7204 487 454 2 2 0 1999.03 0.660 0.013 0.175
7205 454 488 2 2 0 2505.43 0.872 0.011 0.226
7206 488 454 2 2 0 2505.43 0.872 0.011 0.226
7207 455 456 2 2 0 1510.10 0.456 0.016 0.126
7208 456 455 2 2 0 1510.10 0.456 0.016 0.126
7209 455 487 2 2 0 2505.43 0.872 0.019 0.232
7210 487 455 2 2 0 2505.43 0.872 0.019 0.232
7211 455 488 2 2 0 1999.03 0.660 0.016 0.177
7212 488 455 2 2 0 1999.03 0.660 0.016 0.177
7213 455 489 2 2 0 2505.43 0.872 0.016 0.230
7214 489 455 2 2 0 2505.43 0.872 0.016 0.230
7215 456 457 2 2 0 1510.10 0.456 0.011 0.122
7216 457 456 2 2 0 1510.10 0.456 0.011 0.122
7217 456 488 2 2 0 2505.43 0.872 0.011 0.226
7218 488 456 2 2 0 2505.43 0.872 0.011 0.226
7219 456 489 2 2 0 1999.03 0.660 0.011 0.173
7220 489 456 2 2 0 1999.03 0.660 0.011 0.173
7221 456 490 2 2 0 2505.43 0.872 0.016 0.230
7222 490 456 2 2 0 2505.43 0.872 0.016 0.230
7223 457 458 2 2 0 1510.10 0.456 0.011 0.122
7224 458 457 2 2 0 1510.10 0.456 0.011 0.122
7225 457 489 2 2 0 2505.43 0.872 0.011 0.226
7226 489 457 2 2 0 2505.43 0.872 0.011 0.226
7227 457 490 2 2 0 1999.03 0.660 0.016 0.177
7228 490 457 2 2 0 1999.03 0.660 0.016 0.177
7229 457 491 2 2 0 2505.43 0.872 0.013 0.228
7230 491 457 2 2 0 2505.43 0.872 0.013 0.228
7231 458 459 2 2 0 1510.10 0.456 0.011 0.122
7232 459 458 2 2 0 1510.10 0.456 0.011 0.122
7233 458 490 2 2 0 2505.43 0.872 0.016 0.230
7234 490 458 2 2 0 2505.43 0.872 0.016 0.230
7235 458 491 2 2 0 1999.03 0.660 0.013 0.175
7236 491 458 2 2 0 1999.03 0.660 0.013 0.175
7237 458 492 2 2 0 2505.43 0.872 0.016 0.230
7238 492 458 2 2 0 2505.43 0.872 0.016 0.230
7239 459 460 2 2 0 1510.10 0.456 0.016 0.126
7240 460 459 2 2 0 1510.10 0.456 0.016 0.126
7241 459 491 2 2 0 2505.43 0.872 0.013 0.228
7242 491 459 2 2 0 2505.43 0.872 0.013 0.228
7243 459 492 2 2 0 1999.03 0.660 0.016 0.177
7244 492 459 2 2 0 1999.03 0.660 0.016 0.177
7245 459 493 2 2 0 2505.43 0.872 0.062 0.264
7246 493 459 2 2 0 2505.43 0.872 0.062 0.264
7247 460 492 2 2 0 2505.43 0.872 0.021 0.234
7248 492 460 2 2 0 2505.43 0.872 0.021 0.234
7249 460 493 2 2 0 1999.03 0.660 0.067 0.215
7250 493 460 2 2 0 1999.03 0.660 0.067 0.215
7251 461 494 2 2 0 2505.43 0.872 0.120 0.308
7252 494 461 2 2 0 2505.43 0.872 0.120 0.308
7253 462 463 2 2 0 1510.10 0.456 0.147 0.224
7254 463 462 2 2 0 1510.10 0.456 0.147 0.224
7255 462 494 2 2 0 1999.03 0.660 0.118 0.253
7256 494 462 2 2 0 1999.03 0.660 0.118 0.253
7257 462 495 2 2 0 2505.43 0.872 0.128 0.314
7258 495 462 2 2 0 2505.43 0.872 0.128 0.314
7259 463 464 2 2 0 1510.10 0.456 0.153 0.228
7260 464 463 2 2 0 1510.10 0.456 0.153 0.228
7261 463 494 2 2 0 2505.43 0.872 0.131 0.316
7262 494 463 2 2 0 2505.43 0.872 0.131 0.316
7263 463 495 2 2 0 1999.03 0.660 0.142 0.271
7264 495 463 2 2 0 1999.03 0.660 0.142 0.271
7265 463 496 2 2 0 2505.43 0.872 0.142 0.324
7266 496 463 2 2 0 2505.43 0.872 0.142 0.324
7267 464 465 2 2 0 1510.10 0.456 0.150 0.226
7268 465 464 2 2 0 1510.10 0.456 0.150 0.226
7269 464 495 2 2 0 2505.43 0.872 0.134 0.318
7270 495 464 2 2 0 2505.43 0.872 0.134 0.318
7271 464 496 2 2 0 1999.03 0.660 0.134 0.265
7272 496 464 2 2 0 1999.03 0.660 0.134 0.265
7273 464 497 2 2 0 2505.43 0.872 0.155 0.334
7274 497 464 2 2 0 2505.43 0.872 0.155 0.334
7275 465 466 2 2 0 1510.10 0.456 0.142 0.220
7276 466 465 2 2 0 1510.10 0.456 0.142 0.220
7277 465 496 2 2 0 2505.43 0.872 0.139 0.322
7278 496 465 2 2 0 2505.43 0.872 0.139 0.322
7279 465 497 2 2 0 1999.03 0.660 0.161 0.285
7280 497 465 2 2 0 1999.03 0.660 0.161 0.285
7281 465 498 2 2 0 2505.43 0.872 0.131 0.316
7282 498 465 2 2 0 2505.43 0.872 0.131 0.316
7283 466 467 2 2 0 1510.10 0.456 0.120 0.204
7284 467 466 2 2 0 1510.10 0.456 0.120 0.204
7285 466 497 2 2 0 2505.43 0.872 0.147 0.328
7286 497 466 2 2 0 2505.43 0.872 0.147 0.328
7287 466 498 2 2 0 1999.03 0.660 0.118 0.253
7288 498 466 2 2 0 1999.03 0.660 0.118 0.253
7289 467 468 2 2 0 1510.10 0.456 0.110 0.196
7290 468 467 2 2 0 1510.10 0.456 0.110 0.196
7291 467 499 2 2 0 1999.03 0.660 0.120 0.255
7292 499 467 2 2 0 1999.03 0.660 0.120 0.255
7293 467 500 2 2 0 2505.43 0.872 0.128 0.314
7294 500 467 2 2 0 2505.43 0.872 0.128 0.314
7295 468 469 2 2 0 1510.10 0.456 0.126 0.208
7296 469 468 2 2 0 1510.10 0.456 0.126 0.208
7297 468 499 2 2 0 2505.43 0.872 0.118 0.306
7298 499 468 2 2 0 2505.43 0.872 0.118 0.306
7299 468 500 2 2 0 1999.03 0.660 0.126 0.259
7300 500 468 2 2 0 1999.03 0.660 0.126 0.259
7301 468 501 2 2 0 2505.43 0.872 0.110 0.300
7302 501 468 2 2 0 2505.43 0.872 0.110 0.300
7303 469 470 2 2 0 1510.10 0.456 0.136 0.216
7304 470 469 2 2 0 1510.10 0.456 0.136 0.216
7305 469 500 2 2 0 2505.43 0.872 0.144 0.326
7306 500 469 2 2 0 2505.43 0.872 0.144 0.326
7307 469 501 2 2 0 1999.03 0.660 0.128 0.261
7308 501 469 2 2 0 1999.03 0.660 0.128 0.261
7309 469 502 2 2 0 2505.43 0.872 0.161 0.338
7310 502 469 2 2 0 2505.43 0.872 0.161 0.338
7311 470 471 2 2 0 1510.10 0.456 0.126 0.208
7312 471 470 2 2 0 1510.10 0.456 0.126 0.208
7313 470 501 2 2 0 2505.43 0.872 0.120 0.308
7314 501 470 2 2 0 2505.43 0.872 0.120 0.308
7315 470 502 2 2 0 1999.03 0.660 0.153 0.279
7316 502 470 2 2 0 1999.03 0.660 0.153 0.279
7317 470 503 2 2 0 2505.43 0.872 0.153 0.332
7318 503 470 2 2 0 2505.43 0.872 0.153 0.332
7319 471 472 2 2 0 1510.10 0.456 0.139 0.218
7320 472 471 2 2 0 1510.10 0.456 0.139 0.218
7321 471 502 2 2 0 2505.43 0.872 0.150 0.330
7322 502 471 2 2 0 2505.43 0.872 0.150 0.330
7323 471 503 2 2 0 1999.03 0.660 0.150 0.277
7324 503 471 2 2 0 1999.03 0.660 0.150 0.277
7325 471 504 2 2 0 2505.43 0.872 0.110 0.300
7326 504 471 2 2 0 2505.43 0.872 0.110 0.300
7327 472 473 2 2 0 1510.10 0.456 0.155 0.230
7328 473 472 2 2 0 1510.10 0.456 0.155 0.230
7329 472 503 2 2 0 2505.43 0.872 0.166 0.342
7330 503 472 2 2 0 2505.43 0.872 0.166 0.342
7331 472 504 2 2 0 1999.03 0.660 0.126 0.259
7332 504 472 2 2 0 1999.03 0.660 0.126 0.259
7333 472 505 2 2 0 2505.43 0.872 0.150 0.330
7334 505 472 2 2 0 2505.43 0.872 0.150 0.330
7335 473 474 2 2 0 1510.10 0.456 0.126 0.208
7336 474 473 2 2 0 1510.10 0.456 0.126 0.208
7337 473 504 2 2 0 2505.43 0.872 0.126 0.312
7338 504 473 2 2 0 2505.43 0.872 0.126 0.312
7339 473 505 2 2 0 1999.03 0.660 0.150 0.277
7340 505 473 2 2 0 1999.03 0.660 0.150 0.277
7341 474 505 2 2 0 2505.43 0.872 0.120 0.308
7342 505 474 2 2 0 2505.43 0.872 0.120 0.308
7343 475 476 2 2 0 1510.51 0.457 0.045 0.148
7344 476 475 2 2 0 1510.51 0.457 0.045 0.148
7345 476 477 2 2 0 1510.51 0.457 0.045 0.148
7346 477 476 2 2 0 1510.51 0.457 0.045 0.148
7347 476 506 2 2 0 2505.67 0.872 0.043 0.250
7348 506 476 2 2 0 2505.67 0.872 0.043 0.250
7349 477 478 2 2 0 1510.51 0.457 0.045 0.148
7350 478 477 2 2 0 1510.51 0.457 0.045 0.148
7351 477 506 2 2 0 1999.03 0.660 0.051 0.203
7352 506 477 2 2 0 1999.03 0.660 0.051 0.203
7353 478 479 2 2 0 1510.51 0.457 0.043 0.146
7354 479 478 2 2 0 1510.51 0.457 0.043 0.146
7355 478 506 2 2 0 2505.67 0.872 0.043 0.250
7356 506 478 2 2 0 2505.67 0.872 0.043 0.250
7357 478 507 2 2 0 1999.03 0.660 0.035 0.191
7358 507 478 2 2 0 1999.03 0.660 0.035 0.191
7359 478 508 2 2 0 2505.67 0.872 0.043 0.250
7360 508 478 2 2 0 2505.67 0.872 0.043 0.250
7361 479 480 2 2 0 1510.51 0.457 0.056 0.156
7362 480 479 2 2 0 1510.51 0.457 0.056 0.156
7363 479 507 2 2 0 2505.67 0.872 0.040 0.248
7364 507 479 2 2 0 2505.67 0.872 0.040 0.248
7365 479 508 2 2 0 1999.03 0.660 0.048 0.201
7366 508 479 2 2 0 1999.03 0.660 0.048 0.201
7367 479 509 2 2 0 2505.67 0.872 0.056 0.260
7368 509 479 2 2 0 2505.67 0.872 0.056 0.260
7369 480 481 2 2 0 1510.51 0.457 0.054 0.154
7370 481 480 2 2 0 1510.51 0.457 0.054 0.154
7371 480 508 2 2 0 2505.67 0.872 0.056 0.260
7372 508 480 2 2 0 2505.67 0.872 0.056 0.260
7373 480 509 2 2 0 1999.03 0.660 0.064 0.213
7374 509 480 2 2 0 1999.03 0.660 0.064 0.213
7375 480 510 2 2 0 2505.67 0.872 0.062 0.264
7376 510 480 2 2 0 2505.67 0.872 0.062 0.264
7377 481 482 2 2 0 1510.51 0.457 0.051 0.152
7378 482 481 2 2 0 1510.51 0.457 0.051 0.152
7379 481 509 2 2 0 2505.67 0.872 0.054 0.258
7380 509 481 2 2 0 2505.67 0.872 0.054 0.258
7381 481 510 2 2 0 1999.03 0.660 0.051 0.203
7382 510 481 2 2 0 1999.03 0.660 0.051 0.203
7383 481 511 2 2 0 2505.67 0.872 0.054 0.258
7384 511 481 2 2 0 2505.67 0.872 0.054 0.258
7385 482 483 2 2 0 1510.51 0.457 0.059 0.158
7386 483 482 2 2 0 1510.51 0.457 0.059 0.158
7387 482 510 2 2 0 2505.67 0.872 0.059 0.262
7388 510 482 2 2 0 2505.67 0.872 0.059 0.262
7389 482 511 2 2 0 1999.03 0.660 0.062 0.211
7390 511 482 2 2 0 1999.03 0.660 0.062 0.211
7391 482 512 2 2 0 2505.67 0.872 0.056 0.260
7392 512 482 2 2 0 2505.67 0.872 0.056 0.260
7393 483 484 2 2 0 1510.51 0.457 0.056 0.156
7394 484 483 2 2 0 1510.51 0.457 0.056 0.156
7395 483 511 2 2 0 2505.67 0.872 0.062 0.264
7396 511 483 2 2 0 2505.67 0.872 0.062 0.264
7397 483 512 2 2 0 1999.03 0.660 0.056 0.207
7398 512 483 2 2 0 1999.03 0.660 0.056 0.207
7399 483 513 2 2 0 2505.67 0.872 0.056 0.260
7400 513 483 2 2 0 2505.67 0.872 0.056 0.260
7401 484 485 2 2 0 1510.51 0.457 0.051 0.152
7402 485 484 2 2 0 1510.51 0.457 0.051 0.152
7403 484 512 2 2 0 2505.67 0.872 0.054 0.258
7404 512 484 2 2 0 2505.67 0.872 0.054 0.258
7405 484 513 2 2 0 1999.03 0.660 0.054 0.205
7406 513 484 2 2 0 1999.03 0.660 0.054 0.205
7407 484 514 2 2 0 2505.67 0.872 0.037 0.246
7408 514 484 2 2 0 2505.67 0.872 0.037 0.246
7409 485 486 2 2 0 1510.51 0.457 0.032 0.138
7410 486 485 2 2 0 1510.51 0.457 0.032 0.138
7411 485 513 2 2 0 2505.67 0.872 0.051 0.256
7412 513 485 2 2 0 2505.67 0.872 0.051 0.256
7413 485 514 2 2 0 1999.03 0.660 0.035 0.191
7414 514 485 2 2 0 1999.03 0.660 0.035 0.191
7415 485 515 2 2 0 2505.67 0.872 0.032 0.242
7416 515 485 2 2 0 2505.67 0.872 0.032 0.242
7417 486 514 2 2 0 2505.67 0.872 0.019 0.232
7418 514 486 2 2 0 2505.67 0.872 0.019 0.232
7419 486 515 2 2 0 1999.03 0.660 0.016 0.177
7420 515 486 2 2 0 1999.03 0.660 0.016 0.177
7421 486 516 2 2 0 2505.67 0.872 0.016 0.230
7422 516 486 2 2 0 2505.67 0.872 0.016 0.230
7423 487 488 2 2 0 1510.51 0.457 0.013 0.124
7424 488 487 2 2 0 1510.51 0.457 0.013 0.124
7425 487 516 2 2 0 1999.03 0.660 0.016 0.177
7426 516 487 2 2 0 1999.03 0.660 0.016 0.177
7427 487 517 2 2 0 2505.67 0.872 0.013 0.228
7428 517 487 2 2 0 2505.67 0.872 0.013 0.228
7429 488 489 2 2 0 1510.51 0.457 0.011 0.122
7430 489 488 2 2 0 1510.51 0.457 0.011 0.122
7431 488 516 2 2 0 2505.67 0.872 0.013 0.228
7432 516 488 2 2 0 2505.67 0.872 0.013 0.228
7433 488 517 2 2 0 1999.03 0.660 0.011 0.173
7434 517 488 2 2 0 1999.03 0.660 0.011 0.173
7435 488 518 2 2 0 2505.67 0.872 0.013 0.228
7436 518 488 2 2 0 2505.67 0.872 0.013 0.228
7437 489 490 2 2 0 1510.51 0.457 0.016 0.126
7438 490 489 2 2 0 1510.51 0.457 0.016 0.126
7439 489 517 2 2 0 2505.67 0.872 0.011 0.226
7440 517 489 2 2 0 2505.67 0.872 0.011 0.226
7441 489 518 2 2 0 1999.03 0.660 0.013 0.175
7442 518 489 2 2 0 1999.03 0.660 0.013 0.175
7443 489 519 2 2 0 2505.67 0.872 0.013 0.228
7444 519 489 2 2 0 2505.67 0.872 0.013 0.228
7445 490 491 2 2 0 1510.51 0.457 0.019 0.128
7446 491 490 2 2 0 1510.51 0.457 0.019 0.128
7447 490 518 2 2 0 2505.67 0.872 0.019 0.232
7448 518 490 2 2 0 2505.67 0.872 0.019 0.232
7449 490 519 2 2 0 1999.03 0.660 0.019 0.179
7450 519 490 2 2 0 1999.03 0.660 0.019 0.179
7451 490 520 2 2 0 2505.67 0.872 0.019 0.232
7452 520 490 2 2 0 2505.67 0.872 0.019 0.232
7453 491 492 2 2 0 1510.51 0.457 0.019 0.128
7454 492 491 2 2 0 1510.51 0.457 0.019 0.128
7455 491 519 2 2 0 2505.67 0.872 0.016 0.230
7456 519 491 2 2 0 2505.67 0.872 0.016 0.230
7457 491 520 2 2 0 1999.03 0.660 0.016 0.177
7458 520 491 2 2 0 1999.03 0.660 0.016 0.177
7459 491 521 2 2 0 2505.67 0.872 0.016 0.230
7460 521 491 2 2 0 2505.67 0.872 0.016 0.230
7461 492 493 2 2 0 1510.51 0.457 0.067 0.164
7462 493 492 2 2 0 1510.51 0.457 0.067 0.164
7463 492 520 2 2 0 2505.67 0.872 0.019 0.232
7464 520 492 2 2 0 2505.67 0.872 0.019 0.232
7465 492 521 2 2 0 1999.03 0.660 0.019 0.179
7466 521 492 2 2 0 1999.03 0.660 0.019 0.179
7467 492 522 2 2 0 2505.67 0.872 0.059 0.262
7468 522 492 2 2 0 2505.67 0.872 0.059 0.262
7469 493 521 2 2 0 2505.67 0.872 0.064 0.266
7470 521 493 2 2 0 2505.67 0.872 0.064 0.266
7471 493 522 2 2 0 1999.03 0.660 0.104 0.243
7472 522 493 2 2 0 1999.03 0.660 0.104 0.243
7473 493 523 2 2 0 2505.67 0.872 0.128 0.314
7474 523 493 2 2 0 2505.67 0.872 0.128 0.314
7475 494 495 2 2 0 1510.51 0.457 0.112 0.198
7476 495 494 2 2 0 1510.51 0.457 0.112 0.198
7477 494 524 2 2 0 1999.03 0.660 0.112 0.249
7478 524 494 2 2 0 1999.03 0.660 0.112 0.249
7479 494 525 2 2 0 2505.67 0.872 0.128 0.314
7480 525 494 2 2 0 2505.67 0.872 0.128 0.314
7481 495 496 2 2 0 1510.51 0.457 0.123 0.206
7482 496 495 2 2 0 1510.51 0.457 0.123 0.206
7483 495 524 2 2 0 2505.67 0.872 0.123 0.310
7484 524 495 2 2 0 2505.67 0.872 0.123 0.310
7485 495 525 2 2 0 1999.03 0.660 0.139 0.269
7486 525 495 2 2 0 1999.03 0.660 0.139 0.269
7487 495 526 2 2 0 2505.67 0.872 0.144 0.326
7488 526 495 2 2 0 2505.67 0.872 0.144 0.326
7489 496 497 2 2 0 1510.51 0.457 0.144 0.222
7490 497 496 2 2 0 1510.51 0.457 0.144 0.222
7491 496 525 2 2 0 2505.67 0.872 0.139 0.322
7492 525 496 2 2 0 2505.67 0.872 0.139 0.322
7493 496 526 2 2 0 1999.03 0.660 0.144 0.273
7494 526 496 2 2 0 1999.03 0.660 0.144 0.273
7495 496 527 2 2 0 2505.67 0.872 0.142 0.324
7496 527 496 2 2 0 2505.67 0.872 0.142 0.324
7497 497 498 2 2 0 1510.51 0.457 0.136 0.216
7498 498 497 2 2 0 1510.51 0.457 0.136 0.216
7499 497 526 2 2 0 2505.67 0.872 0.166 0.342
7500 526 497 2 2 0 2505.67 0.872 0.166 0.342
7501 497 527 2 2 0 1999.03 0.660 0.163 0.287
7502 527 497 2 2 0 1999.03 0.660 0.163 0.287
7503 498 499 2 2 0 1510.51 0.457 0.118 0.202
7504 499 498 2 2 0 1510.51 0.457 0.118 0.202
7505 498 527 2 2 0 2505.67 0.872 0.134 0.318
7506 527 498 2 2 0 2505.67 0.872 0.134 0.318
7507 498 528 2 2 0 2505.67 0.872 0.112 0.302
7508 528 498 2 2 0 2505.67 0.872 0.112 0.302
7509 499 500 2 2 0 1510.51 0.457 0.136 0.216
7510 500 499 2 2 0 1510.51 0.457 0.136 0.216
7511 499 528 2 2 0 1999.03 0.660 0.123 0.257
7512 528 499 2 2 0 1999.03 0.660 0.123 0.257
7513 499 529 2 2 0 2505.67 0.872 0.128 0.314
7514 529 499 2 2 0 2505.67 0.872 0.128 0.314
7515 500 501 2 2 0 1510.51 0.457 0.128 0.210
7516 501 500 2 2 0 1510.51 0.457 0.128 0.210
7517 500 528 2 2 0 2505.67 0.872 0.131 0.316
7518 528 500 2 2 0 2505.67 0.872 0.131 0.316
7519 500 529 2 2 0 1999.03 0.660 0.136 0.267
7520 529 500 2 2 0 1999.03 0.660 0.136 0.267
7521 500 530 2 2 0 2505.67 0.872 0.136 0.320
7522 530 500 2 2 0 2505.67 0.872 0.136 0.320
7523 501 502 2 2 0 1510.51 0.457 0.144 0.222
7524 502 501 2 2 0 1510.51 0.457 0.144 0.222
7525 501 529 2 2 0 2505.67 0.872 0.120 0.308
7526 529 501 2 2 0 2505.67 0.872 0.120 0.308
7527 501 530 2 2 0 1999.03 0.660 0.120 0.255
7528 530 501 2 2 0 1999.03 0.660 0.120 0.255
7529 501 531 2 2 0 2505.67 0.872 0.136 0.320
7530 531 501 2 2 0 2505.67 0.872 0.136 0.320
7531 502 503 2 2 0 1510.51 0.457 0.177 0.247
7532 503 502 2 2 0 1510.51 0.457 0.177 0.247
7533 502 530 2 2 0 2505.67 0.872 0.153 0.332
7534 530 502 2 2 0 2505.67 0.872 0.153 0.332
7535 502 531 2 2 0 1999.03 0.660 0.169 0.291
7536 531 502 2 2 0 1999.03 0.660 0.169 0.291
7537 502 532 2 2 0 2505.67 0.872 0.171 0.346
7538 532 502 2 2 0 2505.67 0.872 0.171 0.346
7539 503 504 2 2 0 1510.51 0.457 0.136 0.216
7540 504 503 2 2 0 1510.51 0.457 0.136 0.216
7541 503 531 2 2 0 2505.67 0.872 0.169 0.344
7542 531 503 2 2 0 2505.67 0.872 0.169 0.344
7543 503 532 2 2 0 1999.03 0.660 0.171 0.294
7544 532 503 2 2 0 1999.03 0.660 0.171 0.294
7545 503 533 2 2 0 2505.67 0.872 0.150 0.330
7546 533 503 2 2 0 2505.67 0.872 0.150 0.330
7547 504 505 2 2 0 1510.51 0.457 0.120 0.204
7548 505 504 2 2 0 1510.51 0.457 0.120 0.204
7549 504 532 2 2 0 2505.67 0.872 0.131 0.316
7550 532 504 2 2 0 2505.67 0.872 0.131 0.316
7551 504 533 2 2 0 1999.03 0.660 0.110 0.247
7552 533 504 2 2 0 1999.03 0.660 0.110 0.247
7553 504 534 2 2 0 2505.67 0.872 0.099 0.292
7554 534 504 2 2 0 2505.67 0.872 0.099 0.292
7555 505 533 2 2 0 2505.67 0.872 0.134 0.318
7556 533 505 2 2 0 2505.67 0.872 0.134 0.318
7557 505 534 2 2 0 1999.03 0.660 0.123 0.257
7558 534 505 2 2 0 1999.03 0.660 0.123 0.257
7559 506 507 2 2 0 1510.93 0.457 0.040 0.144
7560 507 506 2 2 0 1510.93 0.457 0.040 0.144
7561 507 508 2 2 0 1510.93 0.457 0.040 0.144
7562 508 507 2 2 0 1510.93 0.457 0.040 0.144
7563 507 535 2 2 0 2505.91 0.872 0.035 0.244
7564 535 507 2 2 0 2505.91 0.872 0.035 0.244
7565 508 509 2 2 0 1510.93 0.457 0.056 0.156
7566 509 508 2 2 0 1510.93 0.457 0.056 0.156
7567 508 535 2 2 0 1999.02 0.660 0.043 0.197
7568 535 508 2 2 0 1999.02 0.660 0.043 0.197
7569 508 536 2 2 0 2505.91 0.872 0.056 0.260
7570 536 508 2 2 0 2505.91 0.872 0.056 0.260
7571 509 510 2 2 0 1510.93 0.457 0.062 0.160
7572 510 509 2 2 0 1510.93 0.457 0.062 0.160
7573 509 535 2 2 0 2505.91 0.872 0.051 0.256
7574 535 509 2 2 0 2505.91 0.872 0.051 0.256
7575 509 536 2 2 0 1999.02 0.660 0.064 0.213
7576 536 509 2 2 0 1999.02 0.660 0.064 0.213
7577 509 537 2 2 0 2505.91 0.872 0.059 0.262
7578 537 509 2 2 0 2505.91 0.872 0.059 0.262
7579 510 511 2 2 0 1510.93 0.457 0.062 0.160
7580 511 510 2 2 0 1510.93 0.457 0.062 0.160
7581 510 536 2 2 0 2505.91 0.872 0.062 0.264
7582 536 510 2 2 0 2505.91 0.872 0.062 0.264
7583 510 537 2 2 0 1999.02 0.660 0.056 0.207
7584 537 510 2 2 0 1999.02 0.660 0.056 0.207
7585 510 538 2 2 0 2505.91 0.872 0.054 0.258
7586 538 510 2 2 0 2505.91 0.872 0.054 0.258
7587 511 512 2 2 0 1510.93 0.457 0.059 0.158
7588 512 511 2 2 0 1510.93 0.457 0.059 0.158
7589 511 537 2 2 0 2505.91 0.872 0.059 0.262
7590 537 511 2 2 0 2505.91 0.872 0.059 0.262
7591 511 538 2 2 0 1999.02 0.660 0.056 0.207
7592 538 511 2 2 0 1999.02 0.660 0.056 0.207
7593 511 539 2 2 0 2505.91 0.872 0.056 0.260
7594 539 511 2 2 0 2505.91 0.872 0.056 0.260
7595 512 513 2 2 0 1510.93 0.457 0.054 0.154
7596 513 512 2 2 0 1510.93 0.457 0.054 0.154
7597 512 538 2 2 0 2505.91 0.872 0.051 0.256
7598 538 512 2 2 0 2505.91 0.872 0.051 0.256
7599 512 539 2 2 0 1999.02 0.660 0.051 0.203
7600 539 512 2 2 0 1999.02 0.660 0.051 0.203
7601 512 540 2 2 0 2505.91 0.872 0.054 0.258
7602 540 512 2 2 0 2505.91 0.872 0.054 0.258
7603 513 514 2 2 0 1510.93 0.457 0.037 0.142
7604 514 513 2 2 0 1510.93 0.457 0.037 0.142
7605 513 539 2 2 0 2505.91 0.872 0.051 0.256
7606 539 513 2 2 0 2505.91 0.872 0.051 0.256
7607 513 540 2 2 0 1999.02 0.660 0.054 0.205
7608 540 513 2 2 0 1999.02 0.660 0.054 0.205
7609 513 541 2 2 0 2505.91 0.872 0.059 0.262
7610 541 513 2 2 0 2505.91 0.872 0.059 0.262
7611 514 515 2 2 0 1510.93 0.457 0.019 0.128
7612 515 514 2 2 0 1510.93 0.457 0.019 0.128
7613 514 540 2 2 0 2505.91 0.872 0.037 0.246
7614 540 514 2 2 0 2505.91 0.872 0.037 0.246
7615 514 541 2 2 0 1999.02 0.660 0.043 0.197
7616 541 514 2 2 0 1999.02 0.660 0.043 0.197
7617 515 516 2 2 0 1510.93 0.457 0.016 0.126
7618 516 515 2 2 0 1510.93 0.457 0.016 0.126
7619 515 541 2 2 0 2505.91 0.872 0.040 0.248
7620 541 515 2 2 0 2505.91 0.872 0.040 0.248
7621 515 543 2 2 0 2505.91 0.872 0.016 0.230
7622 543 515 2 2 0 2505.91 0.872 0.016 0.230
7623 516 517 2 2 0 1510.93 0.457 0.013 0.124
7624 517 516 2 2 0 1510.93 0.457 0.013 0.124
7625 516 543 2 2 0 1999.02 0.660 0.016 0.177
7626 543 516 2 2 0 1999.02 0.660 0.016 0.177
7627 516 544 2 2 0 2505.91 0.872 0.016 0.230
7628 544 516 2 2 0 2505.91 0.872 0.016 0.230
7629 517 518 2 2 0 1510.93 0.457 0.013 0.124
7630 518 517 2 2 0 1510.93 0.457 0.013 0.124
7631 517 543 2 2 0 2505.91 0.872 0.013 0.228
7632 543 517 2 2 0 2505.91 0.872 0.013 0.228
7633 517 544 2 2 0 1999.02 0.660 0.013 0.175
7634 544 517 2 2 0 1999.02 0.660 0.013 0.175
7635 517 545 2 2 0 2505.91 0.872 0.013 0.228
7636 545 517 2 2 0 2505.91 0.872 0.013 0.228
7637 518 519 2 2 0 1510.93 0.457 0.016 0.126
7638 519 518 2 2 0 1510.93 0.457 0.016 0.126
7639 518 544 2 2 0 2505.91 0.872 0.016 0.230
7640 544 518 2 2 0 2505.91 0.872 0.016 0.230
7641 518 545 2 2 0 1999.02 0.660 0.016 0.177
7642 545 518 2 2 0 1999.02 0.660 0.016 0.177
7643 518 546 2 2 0 2505.91 0.872 0.019 0.232
7644 546 518 2 2 0 2505.91 0.872 0.019 0.232
7645 519 520 2 2 0 1510.93 0.457 0.016 0.126
7646 520 519 2 2 0 1510.93 0.457 0.016 0.126
7647 519 545 2 2 0 2505.91 0.872 0.016 0.230
7648 545 519 2 2 0 2505.91 0.872 0.016 0.230
7649 519 546 2 2 0 1999.02 0.660 0.019 0.179
7650 546 519 2 2 0 1999.02 0.660 0.019 0.179
7651 519 547 2 2 0 2505.91 0.872 0.013 0.228
7652 547 519 2 2 0 2505.91 0.872 0.013 0.228
7653 520 521 2 2 0 1510.93 0.457 0.016 0.126
7654 521 520 2 2 0 1510.93 0.457 0.016 0.126
7655 520 546 2 2 0 2505.91 0.872 0.019 0.232
7656 546 520 2 2 0 2505.91 0.872 0.019 0.232
7657 520 547 2 2 0 1999.02 0.660 0.013 0.175
7658 547 520 2 2 0 1999.02 0.660 0.013 0.175
7659 520 548 2 2 0 2505.91 0.872 0.016 0.230
7660 548 520 2 2 0 2505.91 0.872 0.016 0.230
7661 521 522 2 2 0 1510.93 0.457 0.056 0.156
7662 522 521 2 2 0 1510.93 0.457 0.056 0.156
7663 521 547 2 2 0 2505.91 0.872 0.013 0.228
7664 547 521 2 2 0 2505.91 0.872 0.013 0.228
7665 521 548 2 2 0 1999.02 0.660 0.016 0.177
7666 548 521 2 2 0 1999.02 0.660 0.016 0.177
7667 521 549 2 2 0 2505.91 0.872 0.013 0.228
7668 549 521 2 2 0 2505.91 0.872 0.013 0.228
7669 522 523 2 2 0 1510.93 0.457 0.120 0.204
7670 523 522 2 2 0 1510.93 0.457 0.120 0.204
7671 522 548 2 2 0 2505.91 0.872 0.056 0.260
7672 548 522 2 2 0 2505.91 0.872 0.056 0.260
7673 522 549 2 2 0 1999.02 0.660 0.054 0.205
7674 549 522 2 2 0 1999.02 0.660 0.054 0.205
7675 522 550 2 2 0 2505.91 0.872 0.107 0.298
7676 550 522 2 2 0 2505.91 0.872 0.107 0.298
7677 523 549 2 2 0 2505.91 0.872 0.078 0.276
7678 549 523 2 2 0 2505.91 0.872 0.078 0.276
7679 523 550 2 2 0 1999.02 0.660 0.131 0.263
7680 550 523 2 2 0 1999.02 0.660 0.131 0.263
7681 523 551 2 2 0 2505.91 0.872 0.123 0.310
7682 551 523 2 2 0 2505.91 0.872 0.123 0.310
7683 525 526 2 2 0 1510.93 0.457 0.161 0.235
7684 526 525 2 2 0 1510.93 0.457 0.161 0.235
7685 525 554 2 2 0 2505.91 0.872 0.136 0.320
7686 554 525 2 2 0 2505.91 0.872 0.136 0.320
7687 526 527 2 2 0 1510.93 0.457 0.163 0.237
7688 527 526 2 2 0 1510.93 0.457 0.163 0.237
7689 526 554 2 2 0 1999.02 0.660 0.142 0.271
7690 554 526 2 2 0 1999.02 0.660 0.142 0.271
7691 526 555 2 2 0 2505.91 0.872 0.169 0.344
7692 555 526 2 2 0 2505.91 0.872 0.169 0.344
7693 527 554 2 2 0 2505.91 0.872 0.139 0.322
7694 554 527 2 2 0 2505.91 0.872 0.139 0.322
7695 527 555 2 2 0 1999.02 0.660 0.166 0.289
7696 555 527 2 2 0 1999.02 0.660 0.166 0.289
7697 528 529 2 2 0 1510.93 0.457 0.123 0.206
7698 529 528 2 2 0 1510.93 0.457 0.123 0.206
7699 528 557 2 2 0 2505.91 0.872 0.131 0.316
7700 557 528 2 2 0 2505.91 0.872 0.131 0.316
7701 529 530 2 2 0 1510.93 0.457 0.128 0.210
7702 530 529 2 2 0 1510.93 0.457 0.128 0.210
7703 529 557 2 2 0 1999.02 0.660 0.136 0.267
7704 557 529 2 2 0 1999.02 0.660 0.136 0.267
7705 529 558 2 2 0 2505.91 0.872 0.128 0.314
7706 558 529 2 2 0 2505.91 0.872 0.128 0.314
7707 530 531 2 2 0 1510.93 0.457 0.144 0.223
7708 531 530 2 2 0 1510.93 0.457 0.144 0.223
7709 530 557 2 2 0 2505.91 0.872 0.136 0.320
7710 557 530 2 2 0 2505.91 0.872 0.136 0.320
7711 530 558 2 2 0 1999.02 0.660 0.128 0.261
7712 558 530 2 2 0 1999.02 0.660 0.128 0.261
7713 530 559 2 2 0 2505.91 0.872 0.120 0.308
7714 559 530 2 2 0 2505.91 0.872 0.120 0.308
7715 531 532 2 2 0 1510.93 0.457 0.163 0.237
7716 532 531 2 2 0 1510.93 0.457 0.163 0.237
7717 531 558 2 2 0 2505.91 0.872 0.144 0.326
7718 558 531 2 2 0 2505.91 0.872 0.144 0.326
7719 531 559 2 2 0 1999.02 0.660 0.136 0.267
7720 559 531 2 2 0 1999.02 0.660 0.136 0.267
7721 531 560 2 2 0 2505.91 0.872 0.155 0.334
7722 560 531 2 2 0 2505.91 0.872 0.155 0.334
7723 532 533 2 2 0 1510.93 0.457 0.144 0.223
7724 533 532 2 2 0 1510.93 0.457 0.144 0.223
7725 532 559 2 2 0 2505.91 0.872 0.139 0.322
7726 559 532 2 2 0 2505.91 0.872 0.139 0.322
7727 533 534 2 2 0 1510.93 0.457 0.112 0.198
7728 534 533 2 2 0 1510.93 0.457 0.112 0.198
7729 533 561 2 2 0 1999.02 0.660 0.161 0.285
7730 561 533 2 2 0 1999.02 0.660 0.161 0.285
7731 534 561 2 2 0 2505.91 0.872 0.150 0.330
7732 561 534 2 2 0 2505.91 0.872 0.150 0.330
7733 535 536 2 2 0 1511.34 0.457 0.051 0.152
7734 536 535 2 2 0 1511.34 0.457 0.051 0.152
7735 536 537 2 2 0 1511.34 0.457 0.059 0.158
7736 537 536 2 2 0 1511.34 0.457 0.059 0.158
7737 536 562 2 2 0 2506.16 0.872 0.051 0.256
7738 562 536 2 2 0 2506.16 0.872 0.051 0.256
7739 537 538 2 2 0 1511.34 0.457 0.051 0.152
7740 538 537 2 2 0 1511.34 0.457 0.051 0.152
7741 537 562 2 2 0 1999.01 0.660 0.045 0.199
7742 562 537 2 2 0 1999.01 0.660 0.045 0.199
7743 537 563 2 2 0 2506.16 0.872 0.051 0.256
7744 563 537 2 2 0 2506.16 0.872 0.051 0.256
7745 538 539 2 2 0 1511.34 0.457 0.048 0.150
7746 539 538 2 2 0 1511.34 0.457 0.048 0.150
7747 538 562 2 2 0 2506.16 0.872 0.043 0.250
7748 562 538 2 2 0 2506.16 0.872 0.043 0.250
7749 538 563 2 2 0 1999.01 0.660 0.048 0.201
7750 563 538 2 2 0 1999.01 0.660 0.048 0.201
7751 538 564 2 2 0 2506.16 0.872 0.045 0.252
7752 564 538 2 2 0 2506.16 0.872 0.045 0.252
7753 539 540 2 2 0 1511.34 0.457 0.051 0.152
7754 540 539 2 2 0 1511.34 0.457 0.051 0.152
7755 539 563 2 2 0 2506.16 0.872 0.048 0.254
7756 563 539 2 2 0 2506.16 0.872 0.048 0.254
7757 539 564 2 2 0 1999.01 0.660 0.045 0.199
7758 564 539 2 2 0 1999.01 0.660 0.045 0.199
7759 539 565 2 2 0 2506.16 0.872 0.045 0.252
7760 565 539 2 2 0 2506.16 0.872 0.045 0.252
7761 540 541 2 2 0 1511.34 0.457 0.059 0.158
7762 541 540 2 2 0 1511.34 0.457 0.059 0.158
7763 540 564 2 2 0 2506.16 0.872 0.048 0.254
7764 564 540 2 2 0 2506.16 0.872 0.048 0.254
7765 540 565 2 2 0 1999.01 0.660 0.048 0.201
7766 565 540 2 2 0 1999.01 0.660 0.048 0.201
7767 540 566 2 2 0 2506.16 0.872 0.054 0.258
7768 566 540 2 2 0 2506.16 0.872 0.054 0.258
7769 541 565 2 2 0 2506.16 0.872 0.054 0.258
7770 565 541 2 2 0 2506.16 0.872 0.054 0.258
7771 541 566 2 2 0 1999.01 0.660 0.059 0.209
7772 566 541 2 2 0 1999.01 0.660 0.059 0.209
7773 543 544 2 2 0 1511.34 0.457 0.016 0.126
7774 544 543 2 2 0 1511.34 0.457 0.016 0.126
7775 543 567 2 2 0 2506.16 0.872 0.013 0.228
7776 567 543 2 2 0 2506.16 0.872 0.013 0.228
7777 543 568 2 2 0 1999.01 0.660 0.013 0.175
7778 568 543 2 2 0 1999.01 0.660 0.013 0.175
7779 543 569 2 2 0 2506.16 0.872 0.016 0.230
7780 569 543 2 2 0 2506.16 0.872 0.016 0.230
7781 544 545 2 2 0 1511.34 0.457 0.016 0.126
7782 545 544 2 2 0 1511.34 0.457 0.016 0.126
7783 544 568 2 2 0 2506.16 0.872 0.013 0.228
7784 568 544 2 2 0 2506.16 0.872 0.013 0.228
7785 544 569 2 2 0 1999.01 0.660 0.016 0.177
7786 569 544 2 2 0 1999.01 0.660 0.016 0.177
7787 545 546 2 2 0 1511.34 0.457 0.019 0.128
7788 546 545 2 2 0 1511.34 0.457 0.019 0.128
7789 545 569 2 2 0 2506.16 0.872 0.016 0.230
7790 569 545 2 2 0 2506.16 0.872 0.016 0.230
7791 545 571 2 2 0 2506.16 0.872 0.013 0.228
7792 571 545 2 2 0 2506.16 0.872 0.013 0.228
7793 546 547 2 2 0 1511.34 0.457 0.016 0.126
7794 547 546 2 2 0 1511.34 0.457 0.016 0.126
7795 546 570 2 2 0 2506.16 0.872 0.021 0.234
7796 570 546 2 2 0 2506.16 0.872 0.021 0.234
7797 546 571 2 2 0 1999.01 0.660 0.016 0.177
7798 571 546 2 2 0 1999.01 0.660 0.016 0.177
7799 546 572 2 2 0 2506.16 0.872 0.016 0.230
7800 572 546 2 2 0 2506.16 0.872 0.016 0.230
7801 547 548 2 2 0 1511.34 0.457 0.013 0.124
7802 548 547 2 2 0 1511.34 0.457 0.013 0.124
7803 547 571 2 2 0 2506.16 0.872 0.011 0.226
7804 571 547 2 2 0 2506.16 0.872 0.011 0.226
7805 547 572 2 2 0 1999.01 0.660 0.011 0.173
7806 572 547 2 2 0 1999.01 0.660 0.011 0.173
7807 547 573 2 2 0 2506.16 0.872 0.011 0.226
7808 573 547 2 2 0 2506.16 0.872 0.011 0.226
7809 548 549 2 2 0 1511.34 0.457 0.013 0.124
7810 549 548 2 2 0 1511.34 0.457 0.013 0.124
7811 548 572 2 2 0 2506.16 0.872 0.013 0.228
7812 572 548 2 2 0 2506.16 0.872 0.013 0.228
7813 548 573 2 2 0 1999.01 0.660 0.013 0.175
7814 573 548 2 2 0 1999.01 0.660 0.013 0.175
7815 548 574 2 2 0 2506.16 0.872 0.019 0.232
7816 574 548 2 2 0 2506.16 0.872 0.019 0.232
7817 549 550 2 2 0 1511.34 0.457 0.064 0.162
7818 550 549 2 2 0 1511.34 0.457 0.064 0.162
7819 549 573 2 2 0 2506.16 0.872 0.011 0.226
7820 573 549 2 2 0 2506.16 0.872 0.011 0.226
7821 549 574 2 2 0 1999.01 0.660 0.016 0.177
7822 574 549 2 2 0 1999.01 0.660 0.016 0.177
7823 549 575 2 2 0 2506.16 0.872 0.091 0.286
7824 575 549 2 2 0 2506.16 0.872 0.091 0.286
7825 550 551 2 2 0 1511.34 0.457 0.110 0.196
7826 551 550 2 2 0 1511.34 0.457 0.110 0.196
7827 550 574 2 2 0 2506.16 0.872 0.070 0.270
7828 574 550 2 2 0 2506.16 0.872 0.070 0.270
7829 550 575 2 2 0 1999.01 0.660 0.144 0.273
7830 575 550 2 2 0 1999.01 0.660 0.144 0.273
7831 551 552 2 2 0 1511.34 0.457 0.128 0.211
7832 552 551 2 2 0 1511.34 0.457 0.128 0.211
7833 551 575 2 2 0 2506.16 0.872 0.136 0.320
7834 575 551 2 2 0 2506.16 0.872 0.136 0.320
7835 551 576 2 2 0 1999.01 0.660 0.115 0.251
7836 576 551 2 2 0 1999.01 0.660 0.115 0.251
7837 553 578 2 2 0 1999.01 0.660 0.107 0.245
7838 578 553 2 2 0 1999.01 0.660 0.107 0.245
7839 554 555 2 2 0 1511.34 0.457 0.144 0.223
7840 555 554 2 2 0 1511.34 0.457 0.144 0.223
7841 555 556 2 2 0 1511.34 0.457 0.139 0.219
7842 556 555 2 2 0 1511.34 0.457 0.139 0.219
7843 555 581 2 2 0 2506.16 0.872 0.163 0.340
7844 581 555 2 2 0 2506.16 0.872 0.163 0.340
7845 556 581 2 2 0 1999.01 0.660 0.131 0.263
7846 581 556 2 2 0 1999.01 0.660 0.131 0.263
7847 556 582 2 2 0 2506.16 0.872 0.158 0.336
7848 582 556 2 2 0 2506.16 0.872 0.158 0.336
7849 557 558 2 2 0 1511.34 0.457 0.136 0.217
7850 558 557 2 2 0 1511.34 0.457 0.136 0.217
7851 557 582 2 2 0 2506.16 0.872 0.177 0.350
7852 582 557 2 2 0 2506.16 0.872 0.177 0.350
7853 557 583 2 2 0 1999.01 0.660 0.155 0.281
7854 583 557 2 2 0 1999.01 0.660 0.155 0.281
7855 557 584 2 2 0 2506.16 0.872 0.134 0.318
7856 584 557 2 2 0 2506.16 0.872 0.134 0.318
7857 558 559 2 2 0 1511.34 0.457 0.120 0.205
7858 559 558 2 2 0 1511.34 0.457 0.120 0.205
7859 558 583 2 2 0 2506.16 0.872 0.147 0.328
7860 583 558 2 2 0 2506.16 0.872 0.147 0.328
7861 558 584 2 2 0 1999.01 0.660 0.126 0.259
7862 584 558 2 2 0 1999.01 0.660 0.126 0.259
7863 560 561 2 2 0 1511.34 0.457 0.174 0.245
7864 561 560 2 2 0 1511.34 0.457 0.174 0.245
7865 562 563 2 2 0 1511.75 0.457 0.043 0.146
7866 563 562 2 2 0 1511.75 0.457 0.043 0.146
7867 563 564 2 2 0 1511.75 0.457 0.045 0.148
7868 564 563 2 2 0 1511.75 0.457 0.045 0.148
7869 564 565 2 2 0 1511.75 0.457 0.043 0.146
7870 565 564 2 2 0 1511.75 0.457 0.043 0.146
7871 564 585 2 2 0 2506.40 0.872 0.048 0.254
7872 585 564 2 2 0 2506.40 0.872 0.048 0.254
7873 565 566 2 2 0 1511.75 0.457 0.048 0.150
7874 566 565 2 2 0 1511.75 0.457 0.048 0.150
7875 565 585 2 2 0 1999.01 0.660 0.048 0.201
7876 585 565 2 2 0 1999.01 0.660 0.048 0.201
7877 565 586 2 2 0 2506.40 0.872 0.048 0.254
7878 586 565 2 2 0 2506.40 0.872 0.048 0.254
7879 566 567 2 2 0 1511.75 0.457 0.032 0.138
7880 567 566 2 2 0 1511.75 0.457 0.032 0.138
7881 566 585 2 2 0 2506.40 0.872 0.054 0.258
7882 585 566 2 2 0 2506.40 0.872 0.054 0.258
7883 566 586 2 2 0 1999.01 0.660 0.054 0.205
7884 586 566 2 2 0 1999.01 0.660 0.054 0.205
7885 566 587 2 2 0 2506.40 0.872 0.037 0.246
7886 587 566 2 2 0 2506.40 0.872 0.037 0.246
7887 567 568 2 2 0 1511.75 0.457 0.011 0.122
7888 568 567 2 2 0 1511.75 0.457 0.011 0.122
7889 567 586 2 2 0 2506.40 0.872 0.032 0.242
7890 586 567 2 2 0 2506.40 0.872 0.032 0.242
7891 567 587 2 2 0 1999.01 0.660 0.016 0.177
7892 587 567 2 2 0 1999.01 0.660 0.016 0.177
7893 567 588 2 2 0 2506.40 0.872 0.013 0.228
7894 588 567 2 2 0 2506.40 0.872 0.013 0.228
7895 568 569 2 2 0 1511.75 0.457 0.013 0.124
7896 569 568 2 2 0 1511.75 0.457 0.013 0.124
7897 568 587 2 2 0 2506.40 0.872 0.016 0.230
7898 587 568 2 2 0 2506.40 0.872 0.016 0.230
7899 568 588 2 2 0 1999.01 0.660 0.013 0.175
7900 588 568 2 2 0 1999.01 0.660 0.013 0.175
7901 568 589 2 2 0 2506.40 0.872 0.016 0.230
7902 589 568 2 2 0 2506.40 0.872 0.016 0.230
7903 569 570 2 2 0 1511.75 0.457 0.019 0.128
7904 570 569 2 2 0 1511.75 0.457 0.019 0.128
7905 569 588 2 2 0 2506.40 0.872 0.016 0.230
7906 588 569 2 2 0 2506.40 0.872 0.016 0.230
7907 569 589 2 2 0 1999.01 0.660 0.019 0.179
7908 589 569 2 2 0 1999.01 0.660 0.019 0.179
7909 569 590 2 2 0 2506.40 0.872 0.019 0.232
7910 590 569 2 2 0 2506.40 0.872 0.019 0.232
7911 570 571 2 2 0 1511.75 0.457 0.016 0.126
7912 571 570 2 2 0 1511.75 0.457 0.016 0.126
7913 570 589 2 2 0 2506.40 0.872 0.021 0.234
7914 589 570 2 2 0 2506.40 0.872 0.021 0.234
7915 570 590 2 2 0 1999.01 0.660 0.021 0.181
7916 590 570 2 2 0 1999.01 0.660 0.021 0.181
7917 571 572 2 2 0 1511.75 0.457 0.011 0.122
7918 572 571 2 2 0 1511.75 0.457 0.011 0.122
7919 571 590 2 2 0 2506.40 0.872 0.016 0.230
7920 590 571 2 2 0 2506.40 0.872 0.016 0.230
7921 571 591 2 2 0 1999.01 0.660 0.011 0.173
7922 591 571 2 2 0 1999.01 0.660 0.011 0.173
7923 571 592 2 2 0 2506.40 0.872 0.013 0.228
7924 592 571 2 2 0 2506.40 0.872 0.013 0.228
7925 572 573 2 2 0 1511.75 0.457 0.011 0.122
7926 573 572 2 2 0 1511.75 0.457 0.011 0.122
7927 572 591 2 2 0 2506.40 0.872 0.011 0.226
7928 591 572 2 2 0 2506.40 0.872 0.011 0.226
7929 572 592 2 2 0 1999.01 0.660 0.013 0.175
7930 592 572 2 2 0 1999.01 0.660 0.013 0.175
7931 572 593 2 2 0 2506.40 0.872 0.013 0.228
7932 593 572 2 2 0 2506.40 0.872 0.013 0.228
7933 573 574 2 2 0 1511.75 0.457 0.016 0.126
7934 574 573 2 2 0 1511.75 0.457 0.016 0.126
7935 573 592 2 2 0 2506.40 0.872 0.013 0.228
7936 592 573 2 2 0 2506.40 0.872 0.013 0.228
7937 573 593 2 2 0 1999.01 0.660 0.013 0.175
7938 593 573 2 2 0 1999.01 0.660 0.013 0.175
7939 573 594 2 2 0 2506.40 0.872 0.013 0.228
7940 594 573 2 2 0 2506.40 0.872 0.013 0.228
7941 574 575 2 2 0 1511.75 0.457 0.096 0.187
7942 575 574 2 2 0 1511.75 0.457 0.096 0.187
7943 574 593 2 2 0 2506.40 0.872 0.019 0.232
7944 593 574 2 2 0 2506.40 0.872 0.019 0.232
7945 574 594 2 2 0 1999.01 0.660 0.019 0.179
7946 594 574 2 2 0 1999.01 0.660 0.019 0.179
7947 574 595 2 2 0 2506.40 0.872 0.094 0.288
7948 595 574 2 2 0 2506.40 0.872 0.094 0.288
7949 575 576 2 2 0 1511.75 0.457 0.150 0.227
7950 576 575 2 2 0 1511.75 0.457 0.150 0.227
7951 575 594 2 2 0 2506.40 0.872 0.094 0.288
7952 594 575 2 2 0 2506.40 0.872 0.094 0.288
7953 575 595 2 2 0 1999.01 0.660 0.169 0.291
7954 595 575 2 2 0 1999.01 0.660 0.169 0.291
7955 575 596 2 2 0 2506.40 0.872 0.094 0.288
7956 596 575 2 2 0 2506.40 0.872 0.094 0.288
7957 576 595 2 2 0 2506.40 0.872 0.147 0.328
7958 595 576 2 2 0 2506.40 0.872 0.147 0.328
7959 576 596 2 2 0 1999.01 0.660 0.072 0.219
7960 596 576 2 2 0 1999.01 0.660 0.072 0.219
7961 576 597 2 2 0 2506.40 0.872 0.072 0.272
7962 597 576 2 2 0 2506.40 0.872 0.072 0.272
7963 577 596 2 2 0 2506.40 0.872 0.088 0.284
7964 596 577 2 2 0 2506.40 0.872 0.088 0.284
7965 577 597 2 2 0 1999.01 0.660 0.088 0.231
7966 597 577 2 2 0 1999.01 0.660 0.088 0.231
7967 578 579 2 2 0 1511.75 0.457 0.115 0.201
7968 579 578 2 2 0 1511.75 0.457 0.115 0.201
7969 578 597 2 2 0 2506.40 0.872 0.062 0.264
7970 597 578 2 2 0 2506.40 0.872 0.062 0.264
7971 578 599 2 2 0 2506.40 0.872 0.142 0.324
7972 599 578 2 2 0 2506.40 0.872 0.142 0.324
7973 579 580 2 2 0 1511.75 0.457 0.120 0.205
7974 580 579 2 2 0 1511.75 0.457 0.120 0.205
7975 579 598 2 2 0 2506.40 0.872 0.067 0.268
7976 598 579 2 2 0 2506.40 0.872 0.067 0.268
7977 579 599 2 2 0 1999.01 0.660 0.150 0.277
7978 599 579 2 2 0 1999.01 0.660 0.150 0.277
7979 579 600 2 2 0 2506.40 0.872 0.147 0.328
7980 600 579 2 2 0 2506.40 0.872 0.147 0.328
7981 580 599 2 2 0 2506.40 0.872 0.147 0.328
7982 599 580 2 2 0 2506.40 0.872 0.147 0.328
7983 580 600 2 2 0 1999.01 0.660 0.144 0.273
7984 600 580 2 2 0 1999.01 0.660 0.144 0.273
7985 580 601 2 2 0 2506.40 0.872 0.161 0.338
7986 601 580 2 2 0 2506.40 0.872 0.161 0.338
7987 581 582 2 2 0 1511.75 0.457 0.182 0.251
7988 582 581 2 2 0 1511.75 0.457 0.182 0.251
7989 582 583 2 2 0 1511.75 0.457 0.187 0.255
7990 583 582 2 2 0 1511.75 0.457 0.187 0.255
7991 583 584 2 2 0 1511.75 0.457 0.144 0.223
7992 584 583 2 2 0 1511.75 0.457 0.144 0.223
7993 585 586 2 2 0 1512.17 0.457 0.054 0.154
7994 586 585 2 2 0 1512.17 0.457 0.054 0.154
7995 586 587 2 2 0 1512.17 0.457 0.037 0.142
7996 587 586 2 2 0 1512.17 0.457 0.037 0.142
7997 586 608 2 2 0 2506.65 0.872 0.035 0.244
7998 608 586 2 2 0 2506.65 0.872 0.035 0.244
7999 587 588 2 2 0 1512.17 0.457 0.019 0.128
8000 588 587 2 2 0 1512.17 0.457 0.019 0.128
8001 587 608 2 2 0 1999.00 0.660 0.019 0.179
8002 608 587 2 2 0 1999.00 0.660 0.019 0.179
8003 587 609 2 2 0 2506.65 0.872 0.019 0.232
8004 609 587 2 2 0 2506.65 0.872 0.019 0.232
8005 588 589 2 2 0 1512.17 0.457 0.019 0.128
8006 589 588 2 2 0 1512.17 0.457 0.019 0.128
8007 588 608 2 2 0 2506.65 0.872 0.016 0.230
8008 608 588 2 2 0 2506.65 0.872 0.016 0.230
8009 588 609 2 2 0 1999.00 0.660 0.016 0.177
8010 609 588 2 2 0 1999.00 0.660 0.016 0.177
8011 588 610 2 2 0 2506.65 0.872 0.013 0.228
8012 610 588 2 2 0 2506.65 0.872 0.013 0.228
8013 589 590 2 2 0 1512.17 0.457 0.021 0.130
8014 590 589 2 2 0 1512.17 0.457 0.021 0.130
8015 589 609 2 2 0 2506.65 0.872 0.019 0.232
8016 609 589 2 2 0 2506.65 0.872 0.019 0.232
8017 589 610 2 2 0 1999.00 0.660 0.016 0.177
8018 610 589 2 2 0 1999.00 0.660 0.016 0.177
8019 589 611 2 2 0 2506.65 0.872 0.019 0.232
8020 611 589 2 2 0 2506.65 0.872 0.019 0.232
8021 590 591 2 2 0 1512.17 0.457 0.016 0.126
8022 591 590 2 2 0 1512.17 0.457 0.016 0.126
8023 590 610 2 2 0 2506.65 0.872 0.016 0.230
8024 610 590 2 2 0 2506.65 0.872 0.016 0.230
8025 590 611 2 2 0 1999.00 0.660 0.019 0.179
8026 611 590 2 2 0 1999.00 0.660 0.019 0.179
8027 590 612 2 2 0 2506.65 0.872 0.019 0.232
8028 612 590 2 2 0 2506.65 0.872 0.019 0.232
8029 591 592 2 2 0 1512.17 0.457 0.013 0.124
8030 592 591 2 2 0 1512.17 0.457 0.013 0.124
8031 591 611 2 2 0 2506.65 0.872 0.013 0.228
8032 611 591 2 2 0 2506.65 0.872 0.013 0.228
8033 591 612 2 2 0 1999.00 0.660 0.013 0.175
8034 612 591 2 2 0 1999.00 0.660 0.013 0.175
8035 591 613 2 2 0 2506.65 0.872 0.016 0.230
8036 613 591 2 2 0 2506.65 0.872 0.016 0.230
8037 592 593 2 2 0 1512.17 0.457 0.016 0.126
8038 593 592 2 2 0 1512.17 0.457 0.016 0.126
8039 592 612 2 2 0 2506.65 0.872 0.016 0.230
8040 612 592 2 2 0 2506.65 0.872 0.016 0.230
8041 592 613 2 2 0 1999.00 0.660 0.019 0.179
8042 613 592 2 2 0 1999.00 0.660 0.019 0.179
8043 592 614 2 2 0 2506.65 0.872 0.013 0.228
8044 614 592 2 2 0 2506.65 0.872 0.013 0.228
8045 593 594 2 2 0 1512.17 0.457 0.016 0.126
8046 594 593 2 2 0 1512.17 0.457 0.016 0.126
8047 593 613 2 2 0 2506.65 0.872 0.019 0.232
8048 613 593 2 2 0 2506.65 0.872 0.019 0.232
8049 593 614 2 2 0 1999.00 0.660 0.013 0.175
8050 614 593 2 2 0 1999.00 0.660 0.013 0.175
8051 593 615 2 2 0 2506.65 0.872 0.016 0.230
8052 615 593 2 2 0 2506.65 0.872 0.016 0.230
8053 594 595 2 2 0 1512.17 0.457 0.091 0.183
8054 595 594 2 2 0 1512.17 0.457 0.091 0.183
8055 594 614 2 2 0 2506.65 0.872 0.013 0.228
8056 614 594 2 2 0 2506.65 0.872 0.013 0.228
8057 594 615 2 2 0 1999.00 0.660 0.016 0.177
8058 615 594 2 2 0 1999.00 0.660 0.016 0.177
8059 594 616 2 2 0 2506.65 0.872 0.016 0.230
8060 616 594 2 2 0 2506.65 0.872 0.016 0.230
8061 595 596 2 2 0 1512.17 0.457 0.091 0.183
8062 596 595 2 2 0 1512.17 0.457 0.091 0.183
8063 595 615 2 2 0 2506.65 0.872 0.091 0.286
8064 615 595 2 2 0 2506.65 0.872 0.091 0.286
8065 595 616 2 2 0 1999.00 0.660 0.091 0.233
8066 616 595 2 2 0 1999.00 0.660 0.091 0.233
8067 595 617 2 2 0 2506.65 0.872 0.088 0.284
8068 617 595 2 2 0 2506.65 0.872 0.088 0.284
8069 596 597 2 2 0 1512.17 0.457 0.016 0.126
8070 597 596 2 2 0 1512.17 0.457 0.016 0.126
8071 596 616 2 2 0 2506.65 0.872 0.016 0.230
8072 616 596 2 2 0 2506.65 0.872 0.016 0.230
8073 596 617 2 2 0 1999.00 0.660 0.013 0.175
8074 617 596 2 2 0 1999.00 0.660 0.013 0.175
8075 596 618 2 2 0 2506.65 0.872 0.016 0.230
8076 618 596 2 2 0 2506.65 0.872 0.016 0.230
8077 598 599 2 2 0 1512.17 0.457 0.094 0.185
8078 599 598 2 2 0 1512.17 0.457 0.094 0.185
8079 599 600 2 2 0 1512.17 0.457 0.174 0.245
8080 600 599 2 2 0 1512.17 0.457 0.174 0.245
8081 599 619 2 2 0 1999.00 0.660 0.238 0.344
8082 619 599 2 2 0 1999.00 0.660 0.238 0.344
8083 599 620 2 2 0 2506.65 0.872 0.187 0.358
8084 620 599 2 2 0 2506.65 0.872 0.187 0.358
8085 600 619 2 2 0 2506.65 0.872 0.235 0.395
8086 619 600 2 2 0 2506.65 0.872 0.235 0.395
8087 600 620 2 2 0 1999.00 0.660 0.185 0.304
8088 620 600 2 2 0 1999.00 0.660 0.185 0.304
8089 600 621 2 2 0 2506.65 0.872 0.169 0.344
8090 621 600 2 2 0 2506.65 0.872 0.169 0.344
8091 601 602 2 2 0 1512.17 0.457 0.185 0.253
8092 602 601 2 2 0 1512.17 0.457 0.185 0.253
8093 601 620 2 2 0 2506.65 0.872 0.201 0.369
8094 620 601 2 2 0 2506.65 0.872 0.201 0.369
8095 601 621 2 2 0 1999.00 0.660 0.185 0.304
8096 621 601 2 2 0 1999.00 0.660 0.185 0.304
8097 602 603 2 2 0 1512.17 0.457 0.177 0.247
8098 603 602 2 2 0 1512.17 0.457 0.177 0.247
8099 602 621 2 2 0 2506.65 0.872 0.166 0.342
8100 621 602 2 2 0 2506.65 0.872 0.166 0.342
8101 602 622 2 2 0 2506.65 0.872 0.190 0.360
8102 622 602 2 2 0 2506.65 0.872 0.190 0.360
8103 603 604 2 2 0 1512.17 0.457 0.179 0.249
8104 604 603 2 2 0 1512.17 0.457 0.179 0.249
8105 603 622 2 2 0 1999.00 0.660 0.201 0.316
8106 622 603 2 2 0 1999.00 0.660 0.201 0.316
8107 603 623 2 2 0 2506.65 0.872 0.163 0.340
8108 623 603 2 2 0 2506.65 0.872 0.163 0.340
8109 604 605 2 2 0 1512.17 0.457 0.147 0.225
8110 605 604 2 2 0 1512.17 0.457 0.147 0.225
8111 604 622 2 2 0 2506.65 0.872 0.193 0.362
8112 622 604 2 2 0 2506.65 0.872 0.193 0.362
8113 604 623 2 2 0 1999.00 0.660 0.155 0.281
8114 623 604 2 2 0 1999.00 0.660 0.155 0.281
8115 604 624 2 2 0 2506.65 0.872 0.209 0.375
8116 624 604 2 2 0 2506.65 0.872 0.209 0.375
8117 605 623 2 2 0 2506.65 0.872 0.131 0.316
8118 623 605 2 2 0 2506.65 0.872 0.131 0.316
8119 606 625 2 2 0 1999.00 0.660 0.182 0.302
8120 625 606 2 2 0 1999.00 0.660 0.182 0.302
8121 608 609 2 2 0 1512.58 0.457 0.016 0.126
8122 609 608 2 2 0 1512.58 0.457 0.016 0.126
8123 609 610 2 2 0 1512.58 0.457 0.013 0.124
8124 610 609 2 2 0 1512.58 0.457 0.013 0.124
8125 609 626 2 2 0 2506.89 0.872 0.016 0.230
8126 626 609 2 2 0 2506.89 0.872 0.016 0.230
8127 610 611 2 2 0 1512.58 0.457 0.013 0.124
8128 611 610 2 2 0 1512.58 0.457 0.013 0.124
8129 610 626 2 2 0 1999.00 0.660 0.013 0.175
8130 626 610 2 2 0 1999.00 0.660 0.013 0.175
8131 610 627 2 2 0 2506.89 0.872 0.011 0.226
8132 627 610 2 2 0 2506.89 0.872 0.011 0.226
8133 611 612 2 2 0 1512.58 0.457 0.016 0.126
8134 612 611 2 2 0 1512.58 0.457 0.016 0.126
8135 611 626 2 2 0 2506.89 0.872 0.016 0.230
8136 626 611 2 2 0 2506.89 0.872 0.016 0.230
8137 611 627 2 2 0 1999.00 0.660 0.013 0.175
8138 627 611 2 2 0 1999.00 0.660 0.013 0.175
8139 611 628 2 2 0 2506.89 0.872 0.016 0.230
8140 628 611 2 2 0 2506.89 0.872 0.016 0.230
8141 612 613 2 2 0 1512.58 0.457 0.019 0.128
8142 613 612 2 2 0 1512.58 0.457 0.019 0.128
8143 612 627 2 2 0 2506.89 0.872 0.013 0.228
8144 627 612 2 2 0 2506.89 0.872 0.013 0.228
8145 612 628 2 2 0 1999.00 0.660 0.016 0.177
8146 628 612 2 2 0 1999.00 0.660 0.016 0.177
8147 612 629 2 2 0 2506.89 0.872 0.019 0.232
8148 629 612 2 2 0 2506.89 0.872 0.019 0.232
8149 613 614 2 2 0 1512.58 0.457 0.016 0.126
8150 614 613 2 2 0 1512.58 0.457 0.016 0.126
8151 613 628 2 2 0 2506.89 0.872 0.019 0.232
8152 628 613 2 2 0 2506.89 0.872 0.019 0.232
8153 613 629 2 2 0 1999.00 0.660 0.021 0.181
8154 629 613 2 2 0 1999.00 0.660 0.021 0.181
8155 613 630 2 2 0 2506.89 0.872 0.021 0.234
8156 630 613 2 2 0 2506.89 0.872 0.021 0.234
8157 614 615 2 2 0 1512.58 0.457 0.013 0.124
8158 615 614 2 2 0 1512.58 0.457 0.013 0.124
8159 614 629 2 2 0 2506.89 0.872 0.016 0.230
8160 629 614 2 2 0 2506.89 0.872 0.016 0.230
8161 614 630 2 2 0 1999.00 0.660 0.016 0.177
8162 630 614 2 2 0 1999.00 0.660 0.016 0.177
8163 614 631 2 2 0 2506.89 0.872 0.016 0.230
8164 631 614 2 2 0 2506.89 0.872 0.016 0.230
8165 615 616 2 2 0 1512.58 0.457 0.016 0.126
8166 616 615 2 2 0 1512.58 0.457 0.016 0.126
8167 615 630 2 2 0 2506.89 0.872 0.019 0.232
8168 630 615 2 2 0 2506.89 0.872 0.019 0.232
8169 615 631 2 2 0 1999.00 0.660 0.019 0.179
8170 631 615 2 2 0 1999.00 0.660 0.019 0.179
8171 615 632 2 2 0 2506.89 0.872 0.016 0.230
8172 632 615 2 2 0 2506.89 0.872 0.016 0.230
8173 616 617 2 2 0 1512.58 0.457 0.013 0.124
8174 617 616 2 2 0 1512.58 0.457 0.013 0.124
8175 616 631 2 2 0 2506.89 0.872 0.019 0.232
8176 631 616 2 2 0 2506.89 0.872 0.019 0.232
8177 616 632 2 2 0 1999.00 0.660 0.016 0.177
8178 632 616 2 2 0 1999.00 0.660 0.016 0.177
8179 617 618 2 2 0 1512.58 0.457 0.013 0.124
8180 618 617 2 2 0 1512.58 0.457 0.013 0.124
8181 617 632 2 2 0 2506.89 0.872 0.013 0.228
8182 632 617 2 2 0 2506.89 0.872 0.013 0.228
8183 617 633 2 2 0 1999.00 0.660 0.013 0.175
8184 633 617 2 2 0 1999.00 0.660 0.013 0.175
8185 617 634 2 2 0 2506.89 0.872 0.011 0.226
8186 634 617 2 2 0 2506.89 0.872 0.011 0.226
8187 618 633 2 2 0 2506.89 0.872 0.016 0.230
8188 633 618 2 2 0 2506.89 0.872 0.016 0.230
8189 618 634 2 2 0 1999.00 0.660 0.013 0.175
8190 634 618 2 2 0 1999.00 0.660 0.013 0.175
8191 618 635 2 2 0 2506.89 0.872 0.016 0.230
8192 635 618 2 2 0 2506.89 0.872 0.016 0.230
8193 619 620 2 2 0 1512.58 0.457 0.249 0.301
8194 620 619 2 2 0 1512.58 0.457 0.249 0.301
8195 619 637 2 2 0 2506.89 0.872 0.350 0.481
8196 637 619 2 2 0 2506.89 0.872 0.350 0.481
8197 620 621 2 2 0 1512.58 0.457 0.182 0.251
8198 621 620 2 2 0 1512.58 0.457 0.182 0.251
8199 620 636 2 2 0 2506.89 0.872 0.222 0.385
8200 636 620 2 2 0 2506.89 0.872 0.222 0.385
8201 620 637 2 2 0 1999.00 0.660 0.300 0.390
8202 637 620 2 2 0 1999.00 0.660 0.300 0.390
8203 620 638 2 2 0 2506.89 0.872 0.243 0.401
8204 638 620 2 2 0 2506.89 0.872 0.243 0.401
8205 621 637 2 2 0 2506.89 0.872 0.284 0.431
8206 637 621 2 2 0 2506.89 0.872 0.284 0.431
8207 621 638 2 2 0 1999.00 0.660 0.227 0.336
8208 638 621 2 2 0 1999.00 0.660 0.227 0.336
8209 621 639 2 2 0 2506.89 0.872 0.198 0.367
8210 639 621 2 2 0 2506.89 0.872 0.198 0.367
8211 622 623 2 2 0 1512.58 0.457 0.177 0.247
8212 623 622 2 2 0 1512.58 0.457 0.177 0.247
8213 622 640 2 2 0 1999.00 0.660 0.543 0.572
8214 640 622 2 2 0 1999.00 0.660 0.543 0.572
8215 622 641 2 2 0 2506.89 0.872 0.179 0.352
8216 641 622 2 2 0 2506.89 0.872 0.179 0.352
8217 623 624 2 2 0 1512.58 0.457 0.193 0.259
8218 624 623 2 2 0 1512.58 0.457 0.193 0.259
8219 623 640 2 2 0 2506.89 0.872 0.506 0.597
8220 640 623 2 2 0 2506.89 0.872 0.506 0.597
8221 623 641 2 2 0 1999.00 0.660 0.142 0.271
8222 641 623 2 2 0 1999.00 0.660 0.142 0.271
8223 623 642 2 2 0 2506.89 0.872 0.171 0.346
8224 642 623 2 2 0 2506.89 0.872 0.171 0.346
8225 624 641 2 2 0 2506.89 0.872 0.195 0.365
8226 641 624 2 2 0 2506.89 0.872 0.195 0.365
8227 625 642 2 2 0 2506.89 0.872 0.169 0.344
8228 642 625 2 2 0 2506.89 0.872 0.169 0.344
8229 626 627 2 2 0 1512.99 0.458 0.013 0.124
8230 627 626 2 2 0 1512.99 0.458 0.013 0.124
8231 627 628 2 2 0 1512.99 0.458 0.013 0.124
8232 628 627 2 2 0 1512.99 0.458 0.013 0.124
8233 627 644 2 2 0 2507.13 0.872 0.011 0.226
8234 644 627 2 2 0 2507.13 0.872 0.011 0.226
8235 628 629 2 2 0 1512.99 0.458 0.019 0.128
8236 629 628 2 2 0 1512.99 0.458 0.019 0.128
8237 628 644 2 2 0 1998.99 0.660 0.013 0.175
8238 644 628 2 2 0 1998.99 0.660 0.013 0.175
8239 628 645 2 2 0 2507.13 0.872 0.016 0.230
8240 645 628 2 2 0 2507.13 0.872 0.016 0.230
8241 629 644 2 2 0 2507.13 0.872 0.016 0.230
8242 644 629 2 2 0 2507.13 0.872 0.016 0.230
8243 629 645 2 2 0 1998.99 0.660 0.019 0.179
8244 645 629 2 2 0 1998.99 0.660 0.019 0.179
8245 629 646 2 2 0 2507.13 0.872 0.021 0.234
8246 646 629 2 2 0 2507.13 0.872 0.021 0.234
8247 630 631 2 2 0 1512.99 0.458 0.021 0.130
8248 631 630 2 2 0 1512.99 0.458 0.021 0.130
8249 630 645 2 2 0 2507.13 0.872 0.019 0.232
8250 645 630 2 2 0 2507.13 0.872 0.019 0.232
8251 630 646 2 2 0 1998.99 0.660 0.021 0.181
8252 646 630 2 2 0 1998.99 0.660 0.021 0.181
8253 630 647 2 2 0 2507.13 0.872 0.016 0.230
8254 647 630 2 2 0 2507.13 0.872 0.016 0.230
8255 631 632 2 2 0 1512.99 0.458 0.019 0.128
8256 632 631 2 2 0 1512.99 0.458 0.019 0.128
8257 631 646 2 2 0 2507.13 0.872 0.021 0.234
8258 646 631 2 2 0 2507.13 0.872 0.021 0.234
8259 631 647 2 2 0 1998.99 0.660 0.016 0.177
8260 647 631 2 2 0 1998.99 0.660 0.016 0.177
8261 631 648 2 2 0 2507.13 0.872 0.019 0.232
8262 648 631 2 2 0 2507.13 0.872 0.019 0.232
8263 632 647 2 2 0 2507.13 0.872 0.013 0.228
8264 647 632 2 2 0 2507.13 0.872 0.013 0.228
8265 632 648 2 2 0 1998.99 0.660 0.016 0.177
8266 648 632 2 2 0 1998.99 0.660 0.016 0.177
8267 632 649 2 2 0 2507.13 0.872 0.016 0.230
8268 649 632 2 2 0 2507.13 0.872 0.016 0.230
8269 633 634 2 2 0 1512.99 0.458 0.013 0.124
8270 634 633 2 2 0 1512.99 0.458 0.013 0.124
8271 633 648 2 2 0 2507.13 0.872 0.016 0.230
8272 648 633 2 2 0 2507.13 0.872 0.016 0.230
8273 633 649 2 2 0 1998.99 0.660 0.016 0.177
8274 649 633 2 2 0 1998.99 0.660 0.016 0.177
8275 633 650 2 2 0 2507.13 0.872 0.013 0.228
8276 650 633 2 2 0 2507.13 0.872 0.013 0.228
8277 634 635 2 2 0 1512.99 0.458 0.013 0.124
8278 635 634 2 2 0 1512.99 0.458 0.013 0.124
8279 634 649 2 2 0 2507.13 0.872 0.013 0.228
8280 649 634 2 2 0 2507.13 0.872 0.013 0.228
8281 634 650 2 2 0 1998.99 0.660 0.011 0.173
8282 650 634 2 2 0 1998.99 0.660 0.011 0.173
8283 635 636 2 2 0 1512.99 0.458 0.131 0.213
8284 636 635 2 2 0 1512.99 0.458 0.131 0.213
8285 636 651 2 2 0 2507.13 0.872 0.131 0.316
8286 651 636 2 2 0 2507.13 0.872 0.131 0.316
8287 637 638 2 2 0 1512.99 0.458 0.345 0.373
8288 638 637 2 2 0 1512.99 0.458 0.345 0.373
8289 637 652 2 2 0 2507.13 0.872 0.441 0.549
8290 652 637 2 2 0 2507.13 0.872 0.441 0.549
8291 637 653 2 2 0 1998.99 0.660 0.359 0.434
8292 653 637 2 2 0 1998.99 0.660 0.359 0.434
8293 637 654 2 2 0 2507.13 0.872 0.388 0.509
8294 654 637 2 2 0 2507.13 0.872 0.388 0.509
8295 638 639 2 2 0 1512.99 0.458 0.260 0.309
8296 639 638 2 2 0 1512.99 0.458 0.260 0.309
8297 638 653 2 2 0 2507.13 0.872 0.302 0.445
8298 653 638 2 2 0 2507.13 0.872 0.302 0.445
8299 638 654 2 2 0 1998.99 0.660 0.332 0.414
8300 654 638 2 2 0 1998.99 0.660 0.332 0.414
8301 639 640 2 2 0 1512.99 0.458 0.551 0.528
8302 640 639 2 2 0 1512.99 0.458 0.551 0.528
8303 640 641 2 2 0 1512.99 0.458 0.508 0.496
8304 641 640 2 2 0 1512.99 0.458 0.508 0.496
8305 640 655 2 2 0 1998.99 0.660 0.738 0.719
8306 655 640 2 2 0 1998.99 0.660 0.738 0.719
8307 640 656 2 2 0 2507.13 0.872 0.722 0.760
8308 656 640 2 2 0 2507.13 0.872 0.722 0.760
8309 641 655 2 2 0 2507.13 0.872 0.375 0.499
8310 655 641 2 2 0 2507.13 0.872 0.375 0.499
8311 641 656 2 2 0 1998.99 0.660 0.359 0.434
8312 656 641 2 2 0 1998.99 0.660 0.359 0.434
8313 641 657 2 2 0 2507.13 0.872 0.468 0.569
8314 657 641 2 2 0 2507.13 0.872 0.468 0.569
8315 642 643 2 2 0 1512.99 0.458 0.190 0.257
8316 643 642 2 2 0 1512.99 0.458 0.190 0.257
8317 644 645 2 2 0 1513.40 0.458 0.013 0.124
8318 645 644 2 2 0 1513.40 0.458 0.013 0.124
8319 645 646 2 2 0 1513.40 0.458 0.019 0.128
8320 646 645 2 2 0 1513.40 0.458 0.019 0.128
8321 646 647 2 2 0 1513.40 0.458 0.016 0.126
8322 647 646 2 2 0 1513.40 0.458 0.016 0.126
8323 646 658 2 2 0 2507.38 0.872 0.021 0.234
8324 658 646 2 2 0 2507.38 0.872 0.021 0.234
8325 647 648 2 2 0 1513.40 0.458 0.013 0.124
8326 648 647 2 2 0 1513.40 0.458 0.013 0.124
8327 647 658 2 2 0 1998.98 0.660 0.016 0.177
8328 658 647 2 2 0 1998.98 0.660 0.016 0.177
8329 647 659 2 2 0 2507.38 0.872 0.013 0.228
8330 659 647 2 2 0 2507.38 0.872 0.013 0.228
8331 648 649 2 2 0 1513.40 0.458 0.016 0.126
8332 649 648 2 2 0 1513.40 0.458 0.016 0.126
8333 648 658 2 2 0 2507.38 0.872 0.019 0.232
8334 658 648 2 2 0 2507.38 0.872 0.019 0.232
8335 648 659 2 2 0 1998.98 0.660 0.016 0.177
8336 659 648 2 2 0 1998.98 0.660 0.016 0.177
8337 648 660 2 2 0 2507.38 0.872 0.019 0.232
8338 660 648 2 2 0 2507.38 0.872 0.019 0.232
8339 649 650 2 2 0 1513.40 0.458 0.013 0.124
8340 650 649 2 2 0 1513.40 0.458 0.013 0.124
8341 649 659 2 2 0 2507.38 0.872 0.016 0.230
8342 659 649 2 2 0 2507.38 0.872 0.016 0.230
8343 649 660 2 2 0 1998.98 0.660 0.019 0.179
8344 660 649 2 2 0 1998.98 0.660 0.019 0.179
8345 649 661 2 2 0 2507.38 0.872 0.016 0.230
8346 661 649 2 2 0 2507.38 0.872 0.016 0.230
8347 650 660 2 2 0 2507.38 0.872 0.016 0.230
8348 660 650 2 2 0 2507.38 0.872 0.016 0.230
8349 651 652 2 2 0 1513.40 0.458 0.249 0.301
8350 652 651 2 2 0 1513.40 0.458 0.249 0.301
8351 652 653 2 2 0 1513.40 0.458 0.399 0.413
8352 653 652 2 2 0 1513.40 0.458 0.399 0.413
8353 652 662 2 2 0 2507.38 0.872 0.249 0.405
8354 662 652 2 2 0 2507.38 0.872 0.249 0.405
8355 652 663 2 2 0 1998.98 0.660 0.409 0.472
8356 663 652 2 2 0 1998.98 0.660 0.409 0.472
8357 652 664 2 2 0 2507.38 0.872 0.455 0.559
8358 664 652 2 2 0 2507.38 0.872 0.455 0.559
8359 653 654 2 2 0 1513.40 0.458 0.345 0.373
8360 654 653 2 2 0 1513.40 0.458 0.345 0.373
8361 653 663 2 2 0 2507.38 0.872 0.326 0.463
8362 663 653 2 2 0 2507.38 0.872 0.326 0.463
8363 653 664 2 2 0 1998.98 0.660 0.372 0.444
8364 664 653 2 2 0 1998.98 0.660 0.372 0.444
8365 653 665 2 2 0 2507.38 0.872 0.289 0.435
8366 665 653 2 2 0 2507.38 0.872 0.289 0.435
8367 654 664 2 2 0 2507.38 0.872 0.401 0.519
8368 664 654 2 2 0 2507.38 0.872 0.401 0.519
8369 654 665 2 2 0 1998.98 0.660 0.318 0.404
8370 665 654 2 2 0 1998.98 0.660 0.318 0.404
8371 654 666 2 2 0 2507.38 0.872 0.597 0.666
8372 666 654 2 2 0 2507.38 0.872 0.597 0.666
8373 655 656 2 2 0 1513.40 0.458 0.589 0.556
8374 656 655 2 2 0 1513.40 0.458 0.589 0.556
8375 655 668 2 2 0 2507.38 0.872 0.527 0.613
8376 668 655 2 2 0 2507.38 0.872 0.527 0.613
8377 656 657 2 2 0 1513.40 0.458 0.682 0.626
8378 657 656 2 2 0 1513.40 0.458 0.682 0.626
8379 656 667 2 2 0 2507.38 0.872 0.714 0.754
8380 667 656 2 2 0 2507.38 0.872 0.714 0.754
8381 656 668 2 2 0 1998.98 0.660 0.511 0.548
8382 668 656 2 2 0 1998.98 0.660 0.511 0.548
8383 657 669 2 2 0 1998.98 0.660 0.738 0.719
8384 669 657 2 2 0 1998.98 0.660 0.738 0.719
8385 658 659 2 2 0 1513.82 0.458 0.019 0.129
8386 659 658 2 2 0 1513.82 0.458 0.019 0.129
8387 659 660 2 2 0 1513.82 0.458 0.019 0.129
8388 660 659 2 2 0 1513.82 0.458 0.019 0.129
8389 659 670 2 2 0 2507.62 0.872 0.016 0.230
8390 670 659 2 2 0 2507.62 0.872 0.016 0.230
8391 660 661 2 2 0 1513.82 0.458 0.019 0.129
8392 661 660 2 2 0 1513.82 0.458 0.019 0.129
8393 660 670 2 2 0 1998.98 0.660 0.019 0.179
8394 670 660 2 2 0 1998.98 0.660 0.019 0.179
8395 660 671 2 2 0 2507.62 0.872 0.021 0.234
8396 671 660 2 2 0 2507.62 0.872 0.021 0.234
8397 661 670 2 2 0 2507.62 0.872 0.016 0.230
8398 670 661 2 2 0 2507.62 0.872 0.016 0.230
8399 661 671 2 2 0 1998.98 0.660 0.019 0.179
8400 671 661 2 2 0 1998.98 0.660 0.019 0.179
8401 662 663 2 2 0 1513.82 0.458 0.177 0.247
8402 663 662 2 2 0 1513.82 0.458 0.177 0.247
8403 662 673 2 2 0 2507.62 0.872 0.086 0.282
8404 673 662 2 2 0 2507.62 0.872 0.086 0.282
8405 663 664 2 2 0 1513.82 0.458 0.383 0.401
8406 664 663 2 2 0 1513.82 0.458 0.383 0.401
8407 663 672 2 2 0 2507.62 0.872 0.177 0.351
8408 672 663 2 2 0 2507.62 0.872 0.177 0.351
8409 663 673 2 2 0 1998.98 0.660 0.246 0.350
8410 673 663 2 2 0 1998.98 0.660 0.246 0.350
8411 663 674 2 2 0 2507.62 0.872 0.270 0.421
8412 674 663 2 2 0 2507.62 0.872 0.270 0.421
8413 664 665 2 2 0 1513.82 0.458 0.345 0.373
8414 665 664 2 2 0 1513.82 0.458 0.345 0.373
8415 664 673 2 2 0 2507.62 0.872 0.292 0.437
8416 673 664 2 2 0 2507.62 0.872 0.292 0.437
8417 664 674 2 2 0 1998.98 0.660 0.316 0.402
8418 674 664 2 2 0 1998.98 0.660 0.316 0.402
8419 664 675 2 2 0 2507.62 0.872 0.313 0.453
8420 675 664 2 2 0 2507.62 0.872 0.313 0.453
8421 665 666 2 2 0 1513.82 0.458 0.540 0.520
8422 666 665 2 2 0 1513.82 0.458 0.540 0.520
8423 665 674 2 2 0 2507.62 0.872 0.233 0.393
8424 674 665 2 2 0 2507.62 0.872 0.233 0.393
8425 665 676 2 2 0 2507.62 0.872 0.356 0.485
8426 676 665 2 2 0 2507.62 0.872 0.356 0.485
8427 666 675 2 2 0 2507.62 0.872 0.508 0.599
8428 675 666 2 2 0 2507.62 0.872 0.508 0.599
8429 666 676 2 2 0 1998.98 0.660 0.634 0.641
8430 676 666 2 2 0 1998.98 0.660 0.634 0.641
8431 666 677 2 2 0 2507.62 0.872 0.781 0.804
8432 677 666 2 2 0 2507.62 0.872 0.781 0.804
8433 667 668 2 2 0 1513.82 0.458 0.653 0.604
8434 668 667 2 2 0 1513.82 0.458 0.653 0.604
8435 667 676 2 2 0 2507.62 0.872 0.653 0.708
8436 676 667 2 2 0 2507.62 0.872 0.653 0.708
8437 667 677 2 2 0 1998.98 0.660 0.800 0.765
8438 677 667 2 2 0 1998.98 0.660 0.800 0.765
8439 667 678 2 2 0 2507.62 0.872 0.693 0.738
8440 678 667 2 2 0 2507.62 0.872 0.693 0.738
8441 668 669 2 2 0 1513.82 0.458 0.567 0.540
8442 669 668 2 2 0 1513.82 0.458 0.567 0.540
8443 668 677 2 2 0 2507.62 0.872 0.597 0.666
8444 677 668 2 2 0 2507.62 0.872 0.597 0.666
8445 668 678 2 2 0 1998.98 0.660 0.490 0.532
8446 678 668 2 2 0 1998.98 0.660 0.490 0.532
8447 669 678 2 2 0 2507.62 0.872 0.607 0.674
8448 678 669 2 2 0 2507.62 0.872 0.607 0.674
8449 670 671 2 2 0 1514.23 0.458 0.019 0.129
8450 671 670 2 2 0 1514.23 0.458 0.019 0.129
8451 671 672 2 2 0 1514.23 0.458 0.019 0.129
8452 672 671 2 2 0 1514.23 0.458 0.019 0.129
8453 672 673 2 2 0 1514.23 0.458 0.086 0.179
8454 673 672 2 2 0 1514.23 0.458 0.086 0.179
8455 674 675 2 2 0 1514.23 0.458 0.201 0.265
8456 675 674 2 2 0 1514.23 0.458 0.201 0.265
8457 676 677 2 2 0 1514.23 0.458 0.597 0.562
8458 677 676 2 2 0 1514.23 0.458 0.597 0.562
8459 677 678 2 2 0 1514.23 0.458 0.637 0.592
8460 678 677 2 2 0 1514.23 0.458 0.637 0.592
8461 0 41 3 3 0 2671.80 0.941 0.009 0.242
8462 41 0 3 3 0 2671.80 0.941 0.009 0.242
8463 0 51 3 3 0 721.82 0.128 0.005 0.035
8464 51 0 3 3 0 721.82 0.128 0.005 0.035
8465 0 52 3 3 0 1369.30 0.398 0.007 0.105
8466 52 0 3 3 0 1369.30 0.398 0.007 0.105
8467 0 53 3 3 0 2784.80 0.988 0.005 0.251
8468 53 0 3 3 0 2784.80 0.988 0.005 0.251
8469 0 63 3 3 0 2251.60 0.766 0.005 0.195
8470 63 0 3 3 0 2251.60 0.766 0.005 0.195
8471 0 64 3 3 0 1377.16 0.401 0.007 0.105
8472 64 0 3 3 0 1377.16 0.401 0.007 0.105
8473 0 65 3 3 0 1803.02 0.579 0.009 0.152
8474 65 0 3 3 0 1803.02 0.579 0.009 0.152
8475 1 164 3 3 0 2658.29 0.935 0.101 0.309
8476 164 1 3 3 0 2658.29 0.935 0.101 0.309
8477 1 165 3 3 0 1363.76 0.395 0.087 0.164
8478 165 1 3 3 0 1363.76 0.395 0.087 0.164
8479 1 166 3 3 0 1092.96 0.282 0.105 0.150
8480 166 1 3 3 0 1092.96 0.282 0.105 0.150
8481 1 167 3 3 0 2251.82 0.766 0.091 0.260
8482 167 1 3 3 0 2251.82 0.766 0.091 0.260
8483 1 193 3 3 0 2692.37 0.949 0.073 0.292
8484 193 1 3 3 0 2692.37 0.949 0.073 0.292
8485 1 194 3 3 0 1428.55 0.422 0.066 0.155
8486 194 1 3 3 0 1428.55 0.422 0.066 0.155
8487 1 195 3 3 0 1172.73 0.316 0.094 0.149
8488 195 1 3 3 0 1172.73 0.316 0.094 0.149
8489 1 196 3 3 0 2291.83 0.782 0.070 0.248
8490 196 1 3 3 0 2291.83 0.782 0.070 0.248
8491 2 11 3 3 0 2182.36 0.737 0.000 0.184
8492 11 2 3 3 0 2182.36 0.737 0.000 0.184
8493 2 176 3 3 0 2684.44 0.946 0.007 0.242
8494 176 2 3 3 0 2684.44 0.946 0.007 0.242
8495 2 177 3 3 0 1633.53 0.508 0.007 0.132
8496 177 2 3 3 0 1633.53 0.508 0.007 0.132
8497 2 178 3 3 0 1634.73 0.508 0.007 0.132
8498 178 2 3 3 0 1634.73 0.508 0.007 0.132
8499 2 179 3 3 0 2686.63 0.947 0.007 0.242
8500 179 2 3 3 0 2686.63 0.947 0.007 0.242
8501 2 205 3 3 0 2325.16 0.796 0.007 0.204
8502 205 2 3 3 0 2325.16 0.796 0.007 0.204
8503 2 206 3 3 0 931.31 0.215 0.005 0.057
8504 206 2 3 3 0 931.31 0.215 0.005 0.057
8505 2 207 3 3 0 933.42 0.216 0.007 0.059
8506 207 2 3 3 0 933.42 0.216 0.007 0.059
8507 2 208 3 3 0 2327.70 0.797 0.007 0.205
8508 208 2 3 3 0 2327.70 0.797 0.007 0.205
8509 2 238 3 3 0 2656.86 0.935 0.005 0.237
8510 238 2 3 3 0 2656.86 0.935 0.005 0.237
8511 2 239 3 3 0 2657.60 0.935 0.016 0.246
8512 239 2 3 3 0 2657.60 0.935 0.016 0.246
8513 3 297 3 3 0 2449.74 0.848 0.068 0.263
8514 297 3 3 3 0 2449.74 0.848 0.068 0.263
8515 3 298 3 3 0 1409.14 0.414 0.082 0.165
8516 298 3 3 3 0 1409.14 0.414 0.082 0.165
8517 3 299 3 3 0 1587.99 0.489 0.005 0.126
8518 299 3 3 3 0 1587.99 0.489 0.005 0.126
8519 3 300 3 3 0 2758.50 0.977 0.007 0.250
8520 300 3 3 3 0 2758.50 0.977 0.007 0.250
8521 3 332 3 3 0 2204.10 0.746 0.014 0.197
8522 332 3 3 3 0 2204.10 0.746 0.014 0.197
8523 3 333 3 3 0 917.27 0.209 0.019 0.066
8524 333 3 3 3 0 917.27 0.209 0.019 0.066
8525 3 334 3 3 0 1173.70 0.316 0.007 0.084
8526 334 3 3 3 0 1173.70 0.316 0.007 0.084
8527 3 335 3 3 0 2542.95 0.887 0.021 0.238
8528 335 3 3 3 0 2542.95 0.887 0.021 0.238
8529 3 367 3 3 0 2773.00 0.983 0.026 0.265
8530 367 3 3 3 0 2773.00 0.983 0.026 0.265
8531 4 242 3 3 0 1915.33 0.625 0.007 0.162
8532 242 4 3 3 0 1915.33 0.625 0.007 0.162
8533 4 243 3 3 0 1835.65 0.592 0.007 0.153
8534 243 4 3 3 0 1835.65 0.592 0.007 0.153
8535 4 244 3 3 0 2760.00 0.978 0.007 0.250
8536 244 4 3 3 0 2760.00 0.978 0.007 0.250
8537 4 275 3 3 0 2378.16 0.818 0.005 0.208
8538 275 4 3 3 0 2378.16 0.818 0.005 0.208
8539 4 276 3 3 0 899.21 0.202 0.005 0.054
8540 276 4 3 3 0 899.21 0.202 0.005 0.054
8541 4 277 3 3 0 713.88 0.124 0.005 0.035
8542 277 4 3 3 0 713.88 0.124 0.005 0.035
8543 4 278 3 3 0 2181.47 0.736 0.005 0.188
8544 278 4 3 3 0 2181.47 0.736 0.005 0.188
8545 4 312 3 3 0 2437.46 0.843 0.005 0.214
8546 312 4 3 3 0 2437.46 0.843 0.005 0.214
8547 4 313 3 3 0 2375.32 0.817 0.007 0.210
8548 313 4 3 3 0 2375.32 0.817 0.007 0.210
8549 5 355 3 3 0 2436.31 0.843 0.007 0.216
8550 355 5 3 3 0 2436.31 0.843 0.007 0.216
8551 5 356 3 3 0 1606.94 0.497 0.005 0.128
8552 356 5 3 3 0 1606.94 0.497 0.005 0.128
8553 5 357 3 3 0 1945.05 0.638 0.047 0.195
8554 357 5 3 3 0 1945.05 0.638 0.047 0.195
8555 5 390 3 3 0 1915.25 0.625 0.007 0.162
8556 390 5 3 3 0 1915.25 0.625 0.007 0.162
8557 5 391 3 3 0 560.32 0.060 0.007 0.020
8558 391 5 3 3 0 560.32 0.060 0.007 0.020
8559 5 392 3 3 0 1230.96 0.340 0.009 0.092
8560 392 5 3 3 0 1230.96 0.340 0.009 0.092
8561 5 393 3 3 0 2696.68 0.951 0.070 0.290
8562 393 5 3 3 0 2696.68 0.951 0.070 0.290
8563 5 425 3 3 0 2457.24 0.851 0.007 0.218
8564 425 5 3 3 0 2457.24 0.851 0.007 0.218
8565 5 426 3 3 0 2690.66 0.949 0.007 0.242
8566 426 5 3 3 0 2690.66 0.949 0.007 0.242
8567 6 436 3 3 0 1643.21 0.512 0.040 0.158
8568 436 6 3 3 0 1643.21 0.512 0.040 0.158
8569 6 437 3 3 0 1070.54 0.273 0.059 0.112
8570 437 6 3 3 0 1070.54 0.273 0.059 0.112
8571 6 438 3 3 0 2037.07 0.676 0.063 0.216
8572 438 6 3 3 0 2037.07 0.676 0.063 0.216
8573 7 564 3 3 0 2647.61 0.931 0.019 0.247
8574 564 7 3 3 0 2647.61 0.931 0.019 0.247
8575 7 565 3 3 0 2493.69 0.867 0.019 0.231
8576 565 7 3 3 0 2493.69 0.867 0.019 0.231
8577 7 585 3 3 0 665.30 0.104 0.023 0.044
8578 585 7 3 3 0 665.30 0.104 0.023 0.044
8579 7 586 3 3 0 2055.40 0.684 0.023 0.189
8580 586 7 3 3 0 2055.40 0.684 0.023 0.189
8581 8 55 3 3 0 972.04 0.232 0.023 0.076
8582 55 8 3 3 0 972.04 0.232 0.023 0.076
8583 8 56 3 3 0 2260.93 0.770 0.087 0.257
8584 56 8 3 3 0 2260.93 0.770 0.087 0.257
8585 8 71 3 3 0 1410.39 0.415 0.077 0.162
8586 71 8 3 3 0 1410.39 0.415 0.077 0.162
8587 8 72 3 3 0 2481.39 0.861 0.105 0.294
8588 72 8 3 3 0 2481.39 0.861 0.105 0.294
8589 9 257 3 3 0 1933.87 0.633 0.028 0.179
8590 257 9 3 3 0 1933.87 0.633 0.028 0.179
8591 9 258 3 3 0 1965.88 0.646 0.019 0.176
8592 258 9 3 3 0 1965.88 0.646 0.019 0.176
8593 9 292 3 3 0 2230.35 0.757 0.014 0.200
8594 292 9 3 3 0 2230.35 0.757 0.014 0.200
8595 9 293 3 3 0 740.70 0.135 0.019 0.048
8596 293 9 3 3 0 740.70 0.135 0.019 0.048
8597 9 294 3 3 0 820.68 0.169 0.026 0.062
8598 294 9 3 3 0 820.68 0.169 0.026 0.062
8599 9 295 3 3 0 2312.81 0.791 0.026 0.217
8600 295 9 3 3 0 2312.81 0.791 0.026 0.217
8601 9 329 3 3 0 2339.84 0.802 0.014 0.211
8602 329 9 3 3 0 2339.84 0.802 0.014 0.211
8603 10 171 3 3 0 1213.18 0.333 0.007 0.088
8604 171 10 3 3 0 1213.18 0.333 0.007 0.088
8605 10 172 3 3 0 1389.03 0.406 0.007 0.107
8606 172 10 3 3 0 1389.03 0.406 0.007 0.107
8607 10 173 3 3 0 2632.20 0.924 0.009 0.238
8608 173 10 3 3 0 2632.20 0.924 0.009 0.238
8609 10 199 3 3 0 2311.09 0.790 0.009 0.205
8610 199 10 3 3 0 2311.09 0.790 0.009 0.205
8611 10 200 3 3 0 1120.79 0.294 0.007 0.079
8612 200 10 3 3 0 1120.79 0.294 0.007 0.079
8613 10 201 3 3 0 1309.16 0.373 0.007 0.098
8614 201 10 3 3 0 1309.16 0.373 0.007 0.098
8615 10 202 3 3 0 2591.21 0.907 0.009 0.234
8616 202 10 3 3 0 2591.21 0.907 0.009 0.234
8617 11 149 3 3 0 2655.49 0.934 0.007 0.239
8618 149 11 3 3 0 2655.49 0.934 0.007 0.239
8619 11 150 3 3 0 1513.72 0.458 0.007 0.120
8620 150 11 3 3 0 1513.72 0.458 0.007 0.120
8621 11 151 3 3 0 1438.82 0.427 0.005 0.110
8622 151 11 3 3 0 1438.82 0.427 0.005 0.110
8623 11 152 3 3 0 2527.47 0.881 0.005 0.224
8624 152 11 3 3 0 2527.47 0.881 0.005 0.224
8625 11 176 3 3 0 2445.31 0.846 0.007 0.217
8626 176 11 3 3 0 2445.31 0.846 0.007 0.217
8627 11 177 3 3 0 1103.60 0.287 0.007 0.077
8628 177 11 3 3 0 1103.60 0.287 0.007 0.077
8629 11 178 3 3 0 998.35 0.243 0.007 0.066
8630 178 11 3 3 0 998.35 0.243 0.007 0.066
8631 11 179 3 3 0 2305.61 0.788 0.007 0.202
8632 179 11 3 3 0 2305.61 0.788 0.007 0.202
8633 11 207 3 3 0 2813.52 1.000 0.007 0.255
8634 207 11 3 3 0 2813.52 1.000 0.007 0.255
8635 12 401 3 3 0 2432.02 0.841 0.028 0.231
8636 401 12 3 3 0 2432.02 0.841 0.028 0.231
8637 12 402 3 3 0 1305.24 0.371 0.023 0.110
8638 402 12 3 3 0 1305.24 0.371 0.023 0.110
8639 12 403 3 3 0 1432.34 0.424 0.026 0.125
8640 403 12 3 3 0 1432.34 0.424 0.026 0.125
8641 12 404 3 3 0 2637.91 0.927 0.019 0.246
8642 404 12 3 3 0 2637.91 0.927 0.019 0.246
8643 12 439 3 3 0 1224.40 0.337 0.014 0.095
8644 439 12 3 3 0 1224.40 0.337 0.014 0.095
8645 12 440 3 3 0 2531.30 0.882 0.026 0.240
8646 440 12 3 3 0 2531.30 0.882 0.026 0.240
8647 13 410 3 3 0 2015.47 0.667 0.019 0.181
8648 410 13 3 3 0 2015.47 0.667 0.019 0.181
8649 13 411 3 3 0 1950.08 0.640 0.019 0.174
8650 411 13 3 3 0 1950.08 0.640 0.019 0.174
8651 13 445 3 3 0 2356.95 0.810 0.021 0.218
8652 445 13 3 3 0 2356.95 0.810 0.021 0.218
8653 13 446 3 3 0 857.41 0.184 0.026 0.065
8654 446 13 3 3 0 857.41 0.184 0.026 0.065
8655 13 447 3 3 0 689.76 0.114 0.028 0.050
8656 447 13 3 3 0 689.76 0.114 0.028 0.050
8657 13 448 3 3 0 2185.65 0.738 0.023 0.202
8658 448 13 3 3 0 2185.65 0.738 0.023 0.202
8659 13 479 3 3 0 2323.89 0.796 0.021 0.215
8660 479 13 3 3 0 2323.89 0.796 0.021 0.215
8661 13 480 3 3 0 2267.38 0.772 0.028 0.214
8662 480 13 3 3 0 2267.38 0.772 0.028 0.214
8663 14 314 3 3 0 2182.46 0.737 0.007 0.189
8664 314 14 3 3 0 2182.46 0.737 0.007 0.189
8665 14 315 3 3 0 1583.19 0.487 0.009 0.129
8666 315 14 3 3 0 1583.19 0.487 0.009 0.129
8667 14 316 3 3 0 2191.26 0.740 0.007 0.190
8668 316 14 3 3 0 2191.26 0.740 0.007 0.190
8669 14 349 3 3 0 1558.93 0.477 0.009 0.126
8670 349 14 3 3 0 1558.93 0.477 0.009 0.126
8671 14 350 3 3 0 415.93 0.000 0.007 0.005
8672 350 14 3 3 0 415.93 0.000 0.007 0.005
8673 14 351 3 3 0 1571.23 0.482 0.005 0.124
8674 351 14 3 3 0 1571.23 0.482 0.005 0.124
8675 14 384 3 3 0 2414.95 0.834 0.007 0.214
8676 384 14 3 3 0 2414.95 0.834 0.007 0.214
8677 15 328 3 3 0 2736.32 0.968 0.052 0.281
8678 328 15 3 3 0 2736.32 0.968 0.052 0.281
8679 15 361 3 3 0 2197.19 0.743 0.052 0.224
8680 361 15 3 3 0 2197.19 0.743 0.052 0.224
8681 15 362 3 3 0 891.07 0.198 0.066 0.099
8682 362 15 3 3 0 891.07 0.198 0.066 0.099
8683 15 363 3 3 0 1146.34 0.305 0.070 0.129
8684 363 15 3 3 0 1146.34 0.305 0.070 0.129
8685 15 364 3 3 0 2527.43 0.881 0.070 0.273
8686 364 15 3 3 0 2527.43 0.881 0.070 0.273
8687 15 395 3 3 0 2475.44 0.859 0.075 0.271
8688 395 15 3 3 0 2475.44 0.859 0.075 0.271
8689 15 396 3 3 0 1446.73 0.430 0.059 0.151
8690 396 15 3 3 0 1446.73 0.430 0.059 0.151
8691 15 397 3 3 0 1616.56 0.501 0.066 0.174
8692 397 15 3 3 0 1616.56 0.501 0.066 0.174
8693 15 398 3 3 0 2772.81 0.983 0.047 0.281
8694 398 15 3 3 0 2772.81 0.983 0.047 0.281
8695 16 471 3 3 0 2635.72 0.926 0.054 0.272
8696 471 16 3 3 0 2635.72 0.926 0.054 0.272
8697 16 501 3 3 0 2712.77 0.958 0.049 0.276
8698 501 16 3 3 0 2712.77 0.958 0.049 0.276
8699 16 502 3 3 0 1286.39 0.363 0.077 0.149
8700 502 16 3 3 0 1286.39 0.363 0.077 0.149
8701 16 503 3 3 0 717.05 0.126 0.077 0.089
8702 503 16 3 3 0 717.05 0.126 0.077 0.089
8703 16 504 3 3 0 1984.23 0.654 0.042 0.195
8704 504 16 3 3 0 1984.23 0.654 0.042 0.195
8705 16 531 3 3 0 1792.91 0.574 0.070 0.196
8706 531 16 3 3 0 1792.91 0.574 0.070 0.196
8707 16 532 3 3 0 1439.98 0.427 0.073 0.161
8708 532 16 3 3 0 1439.98 0.427 0.073 0.161
8709 16 533 3 3 0 2344.68 0.804 0.054 0.241
8710 533 16 3 3 0 2344.68 0.804 0.054 0.241
8711 17 438 3 3 0 2577.58 0.902 0.063 0.273
8712 438 17 3 3 0 2577.58 0.902 0.063 0.273
8713 17 473 3 3 0 2027.44 0.672 0.068 0.219
8714 473 17 3 3 0 2027.44 0.672 0.068 0.219
8715 17 474 3 3 0 606.68 0.080 0.042 0.051
8716 474 17 3 3 0 606.68 0.080 0.042 0.051
8717 18 478 3 3 0 2168.48 0.731 0.016 0.195
8718 478 18 3 3 0 2168.48 0.731 0.016 0.195
8719 18 479 3 3 0 2304.56 0.788 0.021 0.213
8720 479 18 3 3 0 2304.56 0.788 0.021 0.213
8721 18 506 3 3 0 2067.22 0.689 0.021 0.188
8722 506 18 3 3 0 2067.22 0.689 0.021 0.188
8723 18 507 3 3 0 562.50 0.061 0.014 0.026
8724 507 18 3 3 0 562.50 0.061 0.014 0.026
8725 18 508 3 3 0 961.91 0.228 0.021 0.073
8726 508 18 3 3 0 961.91 0.228 0.021 0.073
8727 18 509 3 3 0 2469.81 0.857 0.028 0.235
8728 509 18 3 3 0 2469.81 0.857 0.028 0.235
8729 18 535 3 3 0 2128.79 0.714 0.016 0.191
8730 535 18 3 3 0 2128.79 0.714 0.016 0.191
8731 19 68 3 3 0 2442.73 0.845 0.007 0.217
8732 68 19 3 3 0 2442.73 0.845 0.007 0.217
8733 19 69 3 3 0 978.13 0.234 0.005 0.062
8734 69 19 3 3 0 978.13 0.234 0.005 0.062
8735 19 70 3 3 0 688.95 0.114 0.007 0.034
8736 70 19 3 3 0 688.95 0.114 0.007 0.034
8737 19 85 3 3 0 2522.20 0.878 0.009 0.227
8738 85 19 3 3 0 2522.20 0.878 0.009 0.227
8739 19 86 3 3 0 2424.72 0.838 0.007 0.215
8740 86 19 3 3 0 2424.72 0.838 0.007 0.215
8741 20 21 3 3 0 1502.63 0.453 0.044 0.147
8742 21 20 3 3 0 1502.63 0.453 0.044 0.147
8743 20 22 3 3 0 1999.15 0.660 0.037 0.193
8744 22 20 3 3 0 1999.15 0.660 0.037 0.193
8745 20 23 3 3 0 2501.02 0.870 0.049 0.254
8746 23 20 3 3 0 2501.02 0.870 0.049 0.254
8747 21 22 3 3 0 2501.02 0.870 0.040 0.247
8748 22 21 3 3 0 2501.02 0.870 0.040 0.247
8749 21 23 3 3 0 1999.15 0.660 0.052 0.204
8750 23 21 3 3 0 1999.15 0.660 0.052 0.204
8751 21 24 3 3 0 2501.02 0.870 0.049 0.254
8752 24 21 3 3 0 2501.02 0.870 0.049 0.254
8753 22 23 3 3 0 1503.05 0.453 0.044 0.147
8754 23 22 3 3 0 1503.05 0.453 0.044 0.147
8755 22 26 3 3 0 1999.14 0.660 0.035 0.191
8756 26 22 3 3 0 1999.14 0.660 0.035 0.191
8757 22 27 3 3 0 2501.27 0.870 0.035 0.244
8758 27 22 3 3 0 2501.27 0.870 0.035 0.244
8759 23 24 3 3 0 1503.05 0.453 0.054 0.154
8760 24 23 3 3 0 1503.05 0.453 0.054 0.154
8761 23 26 3 3 0 2501.27 0.870 0.047 0.253
8762 26 23 3 3 0 2501.27 0.870 0.047 0.253
8763 23 27 3 3 0 1999.14 0.660 0.047 0.200
8764 27 23 3 3 0 1999.14 0.660 0.047 0.200
8765 23 28 3 3 0 2501.27 0.870 0.098 0.291
8766 28 23 3 3 0 2501.27 0.870 0.098 0.291
8767 24 25 3 3 0 1503.05 0.453 0.047 0.148
8768 25 24 3 3 0 1503.05 0.453 0.047 0.148
8769 24 27 3 3 0 2501.27 0.870 0.044 0.251
8770 27 24 3 3 0 2501.27 0.870 0.044 0.251
8771 24 28 3 3 0 1999.14 0.660 0.096 0.237
8772 28 24 3 3 0 1999.14 0.660 0.096 0.237
8773 24 29 3 3 0 2501.27 0.870 0.108 0.298
8774 29 24 3 3 0 2501.27 0.870 0.108 0.298
8775 25 28 3 3 0 2501.27 0.870 0.091 0.286
8776 28 25 3 3 0 2501.27 0.870 0.091 0.286
8777 25 29 3 3 0 1999.14 0.660 0.103 0.242
8778 29 25 3 3 0 1999.14 0.660 0.103 0.242
8779 25 30 3 3 0 2501.27 0.870 0.044 0.251
8780 30 25 3 3 0 2501.27 0.870 0.044 0.251
8781 26 27 3 3 0 1503.46 0.454 0.037 0.141
8782 27 26 3 3 0 1503.46 0.454 0.037 0.141
8783 26 33 3 3 0 2501.51 0.870 0.040 0.247
8784 33 26 3 3 0 2501.51 0.870 0.040 0.247
8785 26 34 3 3 0 1999.13 0.660 0.040 0.195
8786 34 26 3 3 0 1999.13 0.660 0.040 0.195
8787 26 35 3 3 0 2501.51 0.870 0.047 0.253
8788 35 26 3 3 0 2501.51 0.870 0.047 0.253
8789 27 28 3 3 0 1503.46 0.454 0.089 0.180
8790 28 27 3 3 0 1503.46 0.454 0.089 0.180
8791 27 34 3 3 0 2501.51 0.870 0.040 0.247
8792 34 27 3 3 0 2501.51 0.870 0.040 0.247
8793 27 35 3 3 0 1999.13 0.660 0.047 0.200
8794 35 27 3 3 0 1999.13 0.660 0.047 0.200
8795 27 36 3 3 0 2501.51 0.870 0.075 0.274
8796 36 27 3 3 0 2501.51 0.870 0.075 0.274
8797 28 29 3 3 0 1503.46 0.454 0.152 0.228
8798 29 28 3 3 0 1503.46 0.454 0.152 0.228
8799 28 35 3 3 0 2501.51 0.870 0.098 0.291
8800 35 28 3 3 0 2501.51 0.870 0.098 0.291
8801 28 36 3 3 0 1999.13 0.660 0.126 0.260
8802 36 28 3 3 0 1999.13 0.660 0.126 0.260
8803 28 37 3 3 0 2501.51 0.870 0.150 0.330
8804 37 28 3 3 0 2501.51 0.870 0.150 0.330
8805 29 30 3 3 0 1503.46 0.454 0.105 0.192
8806 30 29 3 3 0 1503.46 0.454 0.105 0.192
8807 29 36 3 3 0 2501.51 0.870 0.138 0.321
8808 36 29 3 3 0 2501.51 0.870 0.138 0.321
8809 29 37 3 3 0 1999.13 0.660 0.162 0.286
8810 37 29 3 3 0 1999.13 0.660 0.162 0.286
8811 29 38 3 3 0 2501.51 0.870 0.147 0.328
8812 38 29 3 3 0 2501.51 0.870 0.147 0.328
8813 30 31 3 3 0 1503.46 0.454 0.040 0.143
8814 31 30 3 3 0 1503.46 0.454 0.040 0.143
8815 30 37 3 3 0 2501.51 0.870 0.103 0.295
8816 37 30 3 3 0 2501.51 0.870 0.103 0.295
8817 30 38 3 3 0 1999.13 0.660 0.089 0.232
8818 38 30 3 3 0 1999.13 0.660 0.089 0.232
8819 30 39 3 3 0 2501.51 0.870 0.049 0.254
8820 39 30 3 3 0 2501.51 0.870 0.049 0.254
8821 31 32 3 3 0 1503.46 0.454 0.040 0.143
8822 32 31 3 3 0 1503.46 0.454 0.040 0.143
8823 31 38 3 3 0 2501.51 0.870 0.082 0.279
8824 38 31 3 3 0 2501.51 0.870 0.082 0.279
8825 31 39 3 3 0 1999.13 0.660 0.042 0.197
8826 39 31 3 3 0 1999.13 0.660 0.042 0.197
8827 31 40 3 3 0 2501.51 0.870 0.023 0.235
8828 40 31 3 3 0 2501.51 0.870 0.023 0.235
8829 32 39 3 3 0 2501.51 0.870 0.049 0.254
8830 39 32 3 3 0 2501.51 0.870 0.049 0.254
8831 32 40 3 3 0 1999.13 0.660 0.030 0.188
8832 40 32 3 3 0 1999.13 0.660 0.030 0.188
8833 32 41 3 3 0 2501.51 0.870 0.033 0.242
8834 41 32 3 3 0 2501.51 0.870 0.033 0.242
8835 33 34 3 3 0 1503.88 0.454 0.042 0.145
8836 34 33 3 3 0 1503.88 0.454 0.042 0.145
8837 33 43 3 3 0 1999.13 0.660 0.047 0.200
8838 43 33 3 3 0 1999.13 0.660 0.047 0.200
8839 33 44 3 3 0 2501.76 0.870 0.035 0.244
8840 44 33 3 3 0 2501.76 0.870 0.035 0.244
8841 34 35 3 3 0 1503.88 0.454 0.049 0.150
8842 35 34 3 3 0 1503.88 0.454 0.049 0.150
8843 34 43 3 3 0 2501.76 0.870 0.047 0.253
8844 43 34 3 3 0 2501.76 0.870 0.047 0.253
8845 34 44 3 3 0 1999.13 0.660 0.035 0.191
8846 44 34 3 3 0 1999.13 0.660 0.035 0.191
8847 34 45 3 3 0 2501.76 0.870 0.096 0.289
8848 45 34 3 3 0 2501.76 0.870 0.096 0.289
8849 35 36 3 3 0 1503.88 0.454 0.084 0.177
8850 36 35 3 3 0 1503.88 0.454 0.084 0.177
8851 35 44 3 3 0 2501.76 0.870 0.042 0.249
8852 44 35 3 3 0 2501.76 0.870 0.042 0.249
8853 35 45 3 3 0 1999.13 0.660 0.103 0.242
8854 45 35 3 3 0 1999.13 0.660 0.103 0.242
8855 35 46 3 3 0 2501.76 0.870 0.094 0.288
8856 46 35 3 3 0 2501.76 0.870 0.094 0.288
8857 36 37 3 3 0 1503.88 0.454 0.136 0.215
8858 37 36 3 3 0 1503.88 0.454 0.136 0.215
8859 36 45 3 3 0 2501.76 0.870 0.131 0.316
8860 45 36 3 3 0 2501.76 0.870 0.131 0.316
8861 36 46 3 3 0 1999.13 0.660 0.122 0.256
8862 46 36 3 3 0 1999.13 0.660 0.122 0.256
8863 36 47 3 3 0 2501.76 0.870 0.147 0.328
8864 47 36 3 3 0 2501.76 0.870 0.147 0.328
8865 37 38 3 3 0 1503.88 0.454 0.145 0.222
8866 38 37 3 3 0 1503.88 0.454 0.145 0.222
8867 37 46 3 3 0 2501.76 0.870 0.145 0.326
8868 46 37 3 3 0 2501.76 0.870 0.145 0.326
8869 37 47 3 3 0 1999.13 0.660 0.171 0.293
8870 47 37 3 3 0 1999.13 0.660 0.171 0.293
8871 37 48 3 3 0 2501.76 0.870 0.136 0.319
8872 48 37 3 3 0 2501.76 0.870 0.136 0.319
8873 38 39 3 3 0 1503.88 0.454 0.091 0.182
8874 39 38 3 3 0 1503.88 0.454 0.091 0.182
8875 38 47 3 3 0 2501.76 0.870 0.157 0.335
8876 47 38 3 3 0 2501.76 0.870 0.157 0.335
8877 38 48 3 3 0 1999.13 0.660 0.122 0.256
8878 48 38 3 3 0 1999.13 0.660 0.122 0.256
8879 38 49 3 3 0 2501.76 0.870 0.122 0.309
8880 49 38 3 3 0 2501.76 0.870 0.122 0.309
8881 39 40 3 3 0 1503.88 0.454 0.033 0.138
8882 40 39 3 3 0 1503.88 0.454 0.033 0.138
8883 39 48 3 3 0 2501.76 0.870 0.082 0.279
8884 48 39 3 3 0 2501.76 0.870 0.082 0.279
8885 39 49 3 3 0 1999.13 0.660 0.082 0.227
8886 49 39 3 3 0 1999.13 0.660 0.082 0.227
8887 40 41 3 3 0 1503.88 0.454 0.016 0.126
8888 41 40 3 3 0 1503.88 0.454 0.016 0.126
8889 40 49 3 3 0 2501.76 0.870 0.063 0.265
8890 49 40 3 3 0 2501.76 0.870 0.063 0.265
8891 40 51 3 3 0 2501.76 0.870 0.012 0.226
8892 51 40 3 3 0 2501.76 0.870 0.012 0.226
8893 41 42 3 3 0 1503.88 0.454 0.016 0.126
8894 42 41 3 3 0 1503.88 0.454 0.016 0.126
8895 41 51 3 3 0 1999.13 0.660 0.014 0.176
8896 51 41 3 3 0 1999.13 0.660 0.014 0.176
8897 41 52 3 3 0 2501.76 0.870 0.016 0.230
8898 52 41 3 3 0 2501.76 0.870 0.016 0.230
8899 42 51 3 3 0 2501.76 0.870 0.012 0.226
8900 51 42 3 3 0 2501.76 0.870 0.012 0.226
8901 42 52 3 3 0 1999.13 0.660 0.014 0.176
8902 52 42 3 3 0 1999.13 0.660 0.014 0.176
8903 42 53 3 3 0 2501.76 0.870 0.012 0.226
8904 53 42 3 3 0 2501.76 0.870 0.012 0.226
8905 43 44 3 3 0 1504.29 0.454 0.040 0.143
8906 44 43 3 3 0 1504.29 0.454 0.040 0.143
8907 43 55 3 3 0 2502.00 0.870 0.049 0.254
8908 55 43 3 3 0 2502.00 0.870 0.049 0.254
8909 43 56 3 3 0 1999.12 0.660 0.112 0.249
8910 56 43 3 3 0 1999.12 0.660 0.112 0.249
8911 43 57 3 3 0 2502.00 0.870 0.089 0.284
8912 57 43 3 3 0 2502.00 0.870 0.089 0.284
8913 44 45 3 3 0 1504.29 0.454 0.089 0.180
8914 45 44 3 3 0 1504.29 0.454 0.089 0.180
8915 44 56 3 3 0 2502.00 0.870 0.101 0.293
8916 56 44 3 3 0 2502.00 0.870 0.101 0.293
8917 44 57 3 3 0 1999.12 0.660 0.077 0.223
8918 57 44 3 3 0 1999.12 0.660 0.077 0.223
8919 44 58 3 3 0 2502.00 0.870 0.087 0.282
8920 58 44 3 3 0 2502.00 0.870 0.087 0.282
8921 45 46 3 3 0 1504.29 0.454 0.140 0.219
8922 46 45 3 3 0 1504.29 0.454 0.140 0.219
8923 45 57 3 3 0 2502.00 0.870 0.138 0.321
8924 57 45 3 3 0 2502.00 0.870 0.138 0.321
8925 45 58 3 3 0 1999.12 0.660 0.147 0.276
8926 58 45 3 3 0 1999.12 0.660 0.147 0.276
8927 45 59 3 3 0 2502.00 0.870 0.164 0.340
8928 59 45 3 3 0 2502.00 0.870 0.164 0.340
8929 46 47 3 3 0 1504.29 0.454 0.157 0.231
8930 47 46 3 3 0 1504.29 0.454 0.157 0.231
8931 46 58 3 3 0 2502.00 0.870 0.138 0.321
8932 58 46 3 3 0 2502.00 0.870 0.138 0.321
8933 46 59 3 3 0 1999.12 0.660 0.155 0.281
8934 59 46 3 3 0 1999.12 0.660 0.155 0.281
8935 46 60 3 3 0 2502.00 0.870 0.152 0.332
8936 60 46 3 3 0 2502.00 0.870 0.152 0.332
8937 47 48 3 3 0 1504.29 0.454 0.147 0.224
8938 48 47 3 3 0 1504.29 0.454 0.147 0.224
8939 47 59 3 3 0 2502.00 0.870 0.180 0.353
8940 59 47 3 3 0 2502.00 0.870 0.180 0.353
8941 47 60 3 3 0 1999.12 0.660 0.178 0.299
8942 60 47 3 3 0 1999.12 0.660 0.178 0.299
8943 47 61 3 3 0 2502.00 0.870 0.180 0.353
8944 61 47 3 3 0 2502.00 0.870 0.180 0.353
8945 48 49 3 3 0 1504.29 0.454 0.112 0.198
8946 49 48 3 3 0 1504.29 0.454 0.112 0.198
8947 48 60 3 3 0 2502.00 0.870 0.143 0.325
8948 60 48 3 3 0 2502.00 0.870 0.143 0.325
8949 48 61 3 3 0 1999.12 0.660 0.145 0.274
8950 61 48 3 3 0 1999.12 0.660 0.145 0.274
8951 48 62 3 3 0 2502.00 0.870 0.147 0.328
8952 62 48 3 3 0 2502.00 0.870 0.147 0.328
8953 49 61 3 3 0 2502.00 0.870 0.145 0.326
8954 61 49 3 3 0 2502.00 0.870 0.145 0.326
8955 49 62 3 3 0 1999.12 0.660 0.147 0.276
8956 62 49 3 3 0 1999.12 0.660 0.147 0.276
8957 49 63 3 3 0 2502.00 0.870 0.061 0.263
8958 63 49 3 3 0 2502.00 0.870 0.061 0.263
8959 51 52 3 3 0 1504.29 0.454 0.012 0.122
8960 52 51 3 3 0 1504.29 0.454 0.012 0.122
8961 51 63 3 3 0 2502.00 0.870 0.009 0.225
8962 63 51 3 3 0 2502.00 0.870 0.009 0.225
8963 51 64 3 3 0 1999.12 0.660 0.012 0.174
8964 64 51 3 3 0 1999.12 0.660 0.012 0.174
8965 51 65 3 3 0 2502.00 0.870 0.014 0.228
8966 65 51 3 3 0 2502.00 0.870 0.014 0.228
8967 52 53 3 3 0 1504.29 0.454 0.012 0.122
8968 53 52 3 3 0 1504.29 0.454 0.012 0.122
8969 52 64 3 3 0 2502.00 0.870 0.014 0.228
8970 64 52 3 3 0 2502.00 0.870 0.014 0.228
8971 52 65 3 3 0 1999.12 0.660 0.016 0.177
8972 65 52 3 3 0 1999.12 0.660 0.016 0.177
8973 52 66 3 3 0 2502.00 0.870 0.014 0.228
8974 66 52 3 3 0 2502.00 0.870 0.014 0.228
8975 53 54 3 3 0 1504.29 0.454 0.009 0.121
8976 54 53 3 3 0 1504.29 0.454 0.009 0.121
8977 53 65 3 3 0 2502.00 0.870 0.014 0.228
8978 65 53 3 3 0 2502.00 0.870 0.014 0.228
8979 53 67 3 3 0 2502.00 0.870 0.012 0.226
8980 67 53 3 3 0 2502.00 0.870 0.012 0.226
8981 54 66 3 3 0 2502.00 0.870 0.012 0.226
8982 66 54 3 3 0 2502.00 0.870 0.012 0.226
8983 54 67 3 3 0 1999.12 0.660 0.012 0.174
8984 67 54 3 3 0 1999.12 0.660 0.012 0.174
8985 54 68 3 3 0 2502.00 0.870 0.012 0.226
8986 68 54 3 3 0 2502.00 0.870 0.012 0.226
8987 55 56 3 3 0 1504.71 0.454 0.110 0.196
8988 56 55 3 3 0 1504.71 0.454 0.110 0.196
8989 55 71 3 3 0 1999.11 0.660 0.101 0.241
8990 71 55 3 3 0 1999.11 0.660 0.101 0.241
8991 55 72 3 3 0 2502.25 0.870 0.129 0.314
8992 72 55 3 3 0 2502.25 0.870 0.129 0.314
8993 56 57 3 3 0 1504.71 0.454 0.150 0.226
8994 57 56 3 3 0 1504.71 0.454 0.150 0.226
8995 56 71 3 3 0 2502.25 0.870 0.164 0.340
8996 71 56 3 3 0 2502.25 0.870 0.164 0.340
8997 56 72 3 3 0 1999.11 0.660 0.192 0.309
8998 72 56 3 3 0 1999.11 0.660 0.192 0.309
8999 56 73 3 3 0 2502.25 0.870 0.150 0.330
9000 73 56 3 3 0 2502.25 0.870 0.150 0.330
9001 57 58 3 3 0 1504.71 0.454 0.136 0.215
9002 58 57 3 3 0 1504.71 0.454 0.136 0.215
9003 57 72 3 3 0 2502.25 0.870 0.169 0.344
9004 72 57 3 3 0 2502.25 0.870 0.169 0.344
9005 57 73 3 3 0 1999.11 0.660 0.126 0.260
9006 73 57 3 3 0 1999.11 0.660 0.126 0.260
9007 57 74 3 3 0 2502.25 0.870 0.122 0.309
9008 74 57 3 3 0 2502.25 0.870 0.122 0.309
9009 58 59 3 3 0 1504.71 0.454 0.162 0.235
9010 59 58 3 3 0 1504.71 0.454 0.162 0.235
9011 58 73 3 3 0 2502.25 0.870 0.136 0.319
9012 73 58 3 3 0 2502.25 0.870 0.136 0.319
9013 58 74 3 3 0 1999.11 0.660 0.131 0.263
9014 74 58 3 3 0 1999.11 0.660 0.131 0.263
9015 58 75 3 3 0 2502.25 0.870 0.131 0.316
9016 75 58 3 3 0 2502.25 0.870 0.131 0.316
9017 59 60 3 3 0 1504.71 0.454 0.176 0.245
9018 60 59 3 3 0 1504.71 0.454 0.176 0.245
9019 59 74 3 3 0 2502.25 0.870 0.147 0.328
9020 74 59 3 3 0 2502.25 0.870 0.147 0.328
9021 59 75 3 3 0 1999.11 0.660 0.147 0.276
9022 75 59 3 3 0 1999.11 0.660 0.147 0.276
9023 59 76 3 3 0 2502.25 0.870 0.166 0.342
9024 76 59 3 3 0 2502.25 0.870 0.166 0.342
9025 60 61 3 3 0 1504.71 0.454 0.176 0.245
9026 61 60 3 3 0 1504.71 0.454 0.176 0.245
9027 60 75 3 3 0 2502.25 0.870 0.145 0.326
9028 75 60 3 3 0 2502.25 0.870 0.145 0.326
9029 60 76 3 3 0 1999.11 0.660 0.164 0.288
9030 76 60 3 3 0 1999.11 0.660 0.164 0.288
9031 60 77 3 3 0 2502.25 0.870 0.183 0.355
9032 77 60 3 3 0 2502.25 0.870 0.183 0.355
9033 61 62 3 3 0 1504.71 0.454 0.180 0.249
9034 62 61 3 3 0 1504.71 0.454 0.180 0.249
9035 61 76 3 3 0 2502.25 0.870 0.166 0.342
9036 76 61 3 3 0 2502.25 0.870 0.166 0.342
9037 61 77 3 3 0 1999.11 0.660 0.185 0.304
9038 77 61 3 3 0 1999.11 0.660 0.185 0.304
9039 61 78 3 3 0 2502.25 0.870 0.159 0.337
9040 78 61 3 3 0 2502.25 0.870 0.159 0.337
9041 62 63 3 3 0 1504.71 0.454 0.096 0.186
9042 63 62 3 3 0 1504.71 0.454 0.096 0.186
9043 62 77 3 3 0 2502.25 0.870 0.187 0.358
9044 77 62 3 3 0 2502.25 0.870 0.187 0.358
9045 62 78 3 3 0 1999.11 0.660 0.162 0.286
9046 78 62 3 3 0 1999.11 0.660 0.162 0.286
9047 62 79 3 3 0 2502.25 0.870 0.101 0.293
9048 79 62 3 3 0 2502.25 0.870 0.101 0.293
9049 63 64 3 3 0 1504.71 0.454 0.012 0.122
9050 64 63 3 3 0 1504.71 0.454 0.012 0.122
9051 63 78 3 3 0 2502.25 0.870 0.075 0.274
9052 78 63 3 3 0 2502.25 0.870 0.075 0.274
9053 63 79 3 3 0 1999.11 0.660 0.014 0.176
9054 79 63 3 3 0 1999.11 0.660 0.014 0.176
9055 63 80 3 3 0 2502.25 0.870 0.009 0.225
9056 80 63 3 3 0 2502.25 0.870 0.009 0.225
9057 64 65 3 3 0 1504.71 0.454 0.016 0.126
9058 65 64 3 3 0 1504.71 0.454 0.016 0.126
9059 64 79 3 3 0 2502.25 0.870 0.016 0.230
9060 79 64 3 3 0 2502.25 0.870 0.016 0.230
9061 64 80 3 3 0 1999.11 0.660 0.012 0.174
9062 80 64 3 3 0 1999.11 0.660 0.012 0.174
9063 64 81 3 3 0 2502.25 0.870 0.014 0.228
9064 81 64 3 3 0 2502.25 0.870 0.014 0.228
9065 65 66 3 3 0 1504.71 0.454 0.016 0.126
9066 66 65 3 3 0 1504.71 0.454 0.016 0.126
9067 65 80 3 3 0 2502.25 0.870 0.014 0.228
9068 80 65 3 3 0 2502.25 0.870 0.014 0.228
9069 65 81 3 3 0 1999.11 0.660 0.016 0.177
9070 81 65 3 3 0 1999.11 0.660 0.016 0.177
9071 65 82 3 3 0 2502.25 0.870 0.014 0.228
9072 82 65 3 3 0 2502.25 0.870 0.014 0.228
9073 66 67 3 3 0 1504.71 0.454 0.014 0.124
9074 67 66 3 3 0 1504.71 0.454 0.014 0.124
9075 66 81 3 3 0 2502.25 0.870 0.014 0.228
9076 81 66 3 3 0 2502.25 0.870 0.014 0.228
9077 66 82 3 3 0 1999.11 0.660 0.012 0.174
9078 82 66 3 3 0 1999.11 0.660 0.012 0.174
9079 66 83 3 3 0 2502.25 0.870 0.014 0.228
9080 83 66 3 3 0 2502.25 0.870 0.014 0.228
9081 67 68 3 3 0 1504.71 0.454 0.014 0.124
9082 68 67 3 3 0 1504.71 0.454 0.014 0.124
9083 67 82 3 3 0 2502.25 0.870 0.012 0.226
9084 82 67 3 3 0 2502.25 0.870 0.012 0.226
9085 67 83 3 3 0 1999.11 0.660 0.014 0.176
9086 83 67 3 3 0 1999.11 0.660 0.014 0.176
9087 67 84 3 3 0 2502.25 0.870 0.012 0.226
9088 84 67 3 3 0 2502.25 0.870 0.012 0.226
9089 68 69 3 3 0 1504.71 0.454 0.012 0.122
9090 69 68 3 3 0 1504.71 0.454 0.012 0.122
9091 68 83 3 3 0 2502.25 0.870 0.014 0.228
9092 83 68 3 3 0 2502.25 0.870 0.014 0.228
9093 68 84 3 3 0 1999.11 0.660 0.012 0.174
9094 84 68 3 3 0 1999.11 0.660 0.012 0.174
9095 68 85 3 3 0 2502.25 0.870 0.016 0.230
9096 85 68 3 3 0 2502.25 0.870 0.016 0.230
9097 69 70 3 3 0 1504.71 0.454 0.012 0.122
9098 70 69 3 3 0 1504.71 0.454 0.012 0.122
9099 69 84 3 3 0 2502.25 0.870 0.009 0.225
9100 84 69 3 3 0 2502.25 0.870 0.009 0.225
9101 69 85 3 3 0 1999.11 0.660 0.014 0.176
9102 85 69 3 3 0 1999.11 0.660 0.014 0.176
9103 69 86 3 3 0 2502.25 0.870 0.012 0.226
9104 86 69 3 3 0 2502.25 0.870 0.012 0.226
9105 70 85 3 3 0 2502.25 0.870 0.016 0.230
9106 85 70 3 3 0 2502.25 0.870 0.016 0.230
9107 70 86 3 3 0 1999.11 0.660 0.014 0.176
9108 86 70 3 3 0 1999.11 0.660 0.014 0.176
9109 70 87 3 3 0 2502.25 0.870 0.014 0.228
9110 87 70 3 3 0 2502.25 0.870 0.014 0.228
9111 71 72 3 3 0 1505.13 0.454 0.183 0.251
9112 72 71 3 3 0 1505.13 0.454 0.183 0.251
9113 71 89 3 3 0 2502.49 0.870 0.171 0.346
9114 89 71 3 3 0 2502.49 0.870 0.171 0.346
9115 71 90 3 3 0 1999.11 0.660 0.183 0.302
9116 90 71 3 3 0 1999.11 0.660 0.183 0.302
9117 71 91 3 3 0 2502.49 0.870 0.152 0.332
9118 91 71 3 3 0 2502.49 0.870 0.152 0.332
9119 72 73 3 3 0 1505.13 0.454 0.169 0.240
9120 73 72 3 3 0 1505.13 0.454 0.169 0.240
9121 72 90 3 3 0 2502.49 0.870 0.211 0.376
9122 90 72 3 3 0 2502.49 0.870 0.211 0.376
9123 72 91 3 3 0 1999.11 0.660 0.180 0.300
9124 91 72 3 3 0 1999.11 0.660 0.180 0.300
9125 72 92 3 3 0 2502.49 0.870 0.190 0.360
9126 92 72 3 3 0 2502.49 0.870 0.190 0.360
9127 73 74 3 3 0 1505.13 0.454 0.122 0.205
9128 74 73 3 3 0 1505.13 0.454 0.122 0.205
9129 73 91 3 3 0 2502.49 0.870 0.138 0.321
9130 91 73 3 3 0 2502.49 0.870 0.138 0.321
9131 73 92 3 3 0 1999.11 0.660 0.147 0.276
9132 92 73 3 3 0 1999.11 0.660 0.147 0.276
9133 73 93 3 3 0 2502.49 0.870 0.119 0.307
9134 93 73 3 3 0 2502.49 0.870 0.119 0.307
9135 74 75 3 3 0 1505.13 0.454 0.117 0.201
9136 75 74 3 3 0 1505.13 0.454 0.117 0.201
9137 74 92 3 3 0 2502.49 0.870 0.143 0.325
9138 92 74 3 3 0 2502.49 0.870 0.143 0.325
9139 74 93 3 3 0 1999.11 0.660 0.115 0.251
9140 93 74 3 3 0 1999.11 0.660 0.115 0.251
9141 74 94 3 3 0 2502.49 0.870 0.150 0.330
9142 94 74 3 3 0 2502.49 0.870 0.150 0.330
9143 75 76 3 3 0 1505.13 0.454 0.136 0.215
9144 76 75 3 3 0 1505.13 0.454 0.136 0.215
9145 75 93 3 3 0 2502.49 0.870 0.115 0.304
9146 93 75 3 3 0 2502.49 0.870 0.115 0.304
9147 75 94 3 3 0 1999.11 0.660 0.150 0.277
9148 94 75 3 3 0 1999.11 0.660 0.150 0.277
9149 75 95 3 3 0 2502.49 0.870 0.143 0.325
9150 95 75 3 3 0 2502.49 0.870 0.143 0.325
9151 76 77 3 3 0 1505.13 0.454 0.173 0.244
9152 77 76 3 3 0 1505.13 0.454 0.173 0.244
9153 76 94 3 3 0 2502.49 0.870 0.169 0.344
9154 94 76 3 3 0 2502.49 0.870 0.169 0.344
9155 76 95 3 3 0 1999.11 0.660 0.162 0.286
9156 95 76 3 3 0 1999.11 0.660 0.162 0.286
9157 76 96 3 3 0 2502.49 0.870 0.152 0.332
9158 96 76 3 3 0 2502.49 0.870 0.152 0.332
9159 77 78 3 3 0 1505.13 0.454 0.166 0.238
9160 78 77 3 3 0 1505.13 0.454 0.166 0.238
9161 77 95 3 3 0 2502.49 0.870 0.180 0.353
9162 95 77 3 3 0 2502.49 0.870 0.180 0.353
9163 77 96 3 3 0 1999.11 0.660 0.171 0.293
9164 96 77 3 3 0 1999.11 0.660 0.171 0.293
9165 77 97 3 3 0 2502.49 0.870 0.159 0.337
9166 97 77 3 3 0 2502.49 0.870 0.159 0.337
9167 78 79 3 3 0 1505.13 0.454 0.080 0.173
9168 79 78 3 3 0 1505.13 0.454 0.080 0.173
9169 78 96 3 3 0 2502.49 0.870 0.145 0.326
9170 96 78 3 3 0 2502.49 0.870 0.145 0.326
9171 78 97 3 3 0 1999.11 0.660 0.133 0.265
9172 97 78 3 3 0 1999.11 0.660 0.133 0.265
9173 78 98 3 3 0 2502.49 0.870 0.077 0.276
9174 98 78 3 3 0 2502.49 0.870 0.077 0.276
9175 79 80 3 3 0 1505.13 0.454 0.014 0.124
9176 80 79 3 3 0 1505.13 0.454 0.014 0.124
9177 79 97 3 3 0 2502.49 0.870 0.073 0.272
9178 97 79 3 3 0 2502.49 0.870 0.073 0.272
9179 79 98 3 3 0 1999.11 0.660 0.016 0.177
9180 98 79 3 3 0 1999.11 0.660 0.016 0.177
9181 79 99 3 3 0 2502.49 0.870 0.014 0.228
9182 99 79 3 3 0 2502.49 0.870 0.014 0.228
9183 80 81 3 3 0 1505.13 0.454 0.012 0.122
9184 81 80 3 3 0 1505.13 0.454 0.012 0.122
9185 80 98 3 3 0 2502.49 0.870 0.012 0.226
9186 98 80 3 3 0 2502.49 0.870 0.012 0.226
9187 80 99 3 3 0 1999.11 0.660 0.009 0.172
9188 99 80 3 3 0 1999.11 0.660 0.009 0.172
9189 80 100 3 3 0 2502.49 0.870 0.012 0.226
9190 100 80 3 3 0 2502.49 0.870 0.012 0.226
9191 81 82 3 3 0 1505.13 0.454 0.012 0.122
9192 82 81 3 3 0 1505.13 0.454 0.012 0.122
9193 81 99 3 3 0 2502.49 0.870 0.012 0.226
9194 99 81 3 3 0 2502.49 0.870 0.012 0.226
9195 81 100 3 3 0 1999.11 0.660 0.014 0.176
9196 100 81 3 3 0 1999.11 0.660 0.014 0.176
9197 81 101 3 3 0 2502.49 0.870 0.016 0.230
9198 101 81 3 3 0 2502.49 0.870 0.016 0.230
9199 82 83 3 3 0 1505.13 0.454 0.012 0.122
9200 83 82 3 3 0 1505.13 0.454 0.012 0.122
9201 82 100 3 3 0 2502.49 0.870 0.012 0.226
9202 100 82 3 3 0 2502.49 0.870 0.012 0.226
9203 82 101 3 3 0 1999.11 0.660 0.014 0.176
9204 101 82 3 3 0 1999.11 0.660 0.014 0.176
9205 82 102 3 3 0 2502.49 0.870 0.012 0.226
9206 102 82 3 3 0 2502.49 0.870 0.012 0.226
9207 83 84 3 3 0 1505.13 0.454 0.012 0.122
9208 84 83 3 3 0 1505.13 0.454 0.012 0.122
9209 83 101 3 3 0 2502.49 0.870 0.016 0.230
9210 101 83 3 3 0 2502.49 0.870 0.016 0.230
9211 83 102 3 3 0 1999.11 0.660 0.014 0.176
9212 102 83 3 3 0 1999.11 0.660 0.014 0.176
9213 83 103 3 3 0 2502.49 0.870 0.014 0.228
9214 103 83 3 3 0 2502.49 0.870 0.014 0.228
9215 84 85 3 3 0 1505.13 0.454 0.014 0.124
9216 85 84 3 3 0 1505.13 0.454 0.014 0.124
9217 84 102 3 3 0 2502.49 0.870 0.012 0.226
9218 102 84 3 3 0 2502.49 0.870 0.012 0.226
9219 84 103 3 3 0 1999.11 0.660 0.012 0.174
9220 103 84 3 3 0 1999.11 0.660 0.012 0.174
9221 84 104 3 3 0 2502.49 0.870 0.009 0.225
9222 104 84 3 3 0 2502.49 0.870 0.009 0.225
9223 85 86 3 3 0 1505.13 0.454 0.016 0.126
9224 86 85 3 3 0 1505.13 0.454 0.016 0.126
9225 85 103 3 3 0 2502.49 0.870 0.016 0.230
9226 103 85 3 3 0 2502.49 0.870 0.016 0.230
9227 85 104 3 3 0 1999.11 0.660 0.014 0.176
9228 104 85 3 3 0 1999.11 0.660 0.014 0.176
9229 85 105 3 3 0 2502.49 0.870 0.016 0.230
9230 105 85 3 3 0 2502.49 0.870 0.016 0.230
9231 86 87 3 3 0 1505.13 0.454 0.014 0.124
9232 87 86 3 3 0 1505.13 0.454 0.014 0.124
9233 86 104 3 3 0 2502.49 0.870 0.012 0.226
9234 104 86 3 3 0 2502.49 0.870 0.012 0.226
9235 86 105 3 3 0 1999.11 0.660 0.014 0.176
9236 105 86 3 3 0 1999.11 0.660 0.014 0.176
9237 86 106 3 3 0 2502.49 0.870 0.016 0.230
9238 106 86 3 3 0 2502.49 0.870 0.016 0.230
9239 87 88 3 3 0 1505.13 0.454 0.012 0.122
9240 88 87 3 3 0 1505.13 0.454 0.012 0.122
9241 87 105 3 3 0 2502.49 0.870 0.014 0.228
9242 105 87 3 3 0 2502.49 0.870 0.014 0.228
9243 87 106 3 3 0 1999.11 0.660 0.016 0.177
9244 106 87 3 3 0 1999.11 0.660 0.016 0.177
9245 87 107 3 3 0 2502.49 0.870 0.014 0.228
9246 107 87 3 3 0 2502.49 0.870 0.014 0.228
9247 88 106 3 3 0 2502.49 0.870 0.014 0.228
9248 106 88 3 3 0 2502.49 0.870 0.014 0.228
9249 88 107 3 3 0 1999.11 0.660 0.012 0.174
9250 107 88 3 3 0 1999.11 0.660 0.012 0.174
9251 89 90 3 3 0 1505.54 0.454 0.199 0.263
9252 90 89 3 3 0 1505.54 0.454 0.199 0.263
9253 89 110 3 3 0 1999.10 0.660 0.178 0.299
9254 110 89 3 3 0 1999.10 0.660 0.178 0.299
9255 89 111 3 3 0 2502.74 0.870 0.171 0.346
9256 111 89 3 3 0 2502.74 0.870 0.171 0.346
9257 90 91 3 3 0 1505.54 0.454 0.180 0.249
9258 91 90 3 3 0 1505.54 0.454 0.180 0.249
9259 90 110 3 3 0 2502.74 0.870 0.190 0.360
9260 110 90 3 3 0 2502.74 0.870 0.190 0.360
9261 90 111 3 3 0 1999.10 0.660 0.183 0.302
9262 111 90 3 3 0 1999.10 0.660 0.183 0.302
9263 90 112 3 3 0 2502.74 0.870 0.199 0.367
9264 112 90 3 3 0 2502.74 0.870 0.199 0.367
9265 91 92 3 3 0 1505.54 0.454 0.159 0.233
9266 92 91 3 3 0 1505.54 0.454 0.159 0.233
9267 91 111 3 3 0 2502.74 0.870 0.152 0.332
9268 111 91 3 3 0 2502.74 0.870 0.152 0.332
9269 91 112 3 3 0 1999.10 0.660 0.169 0.291
9270 112 91 3 3 0 1999.10 0.660 0.169 0.291
9271 91 113 3 3 0 2502.74 0.870 0.155 0.333
9272 113 91 3 3 0 2502.74 0.870 0.155 0.333
9273 92 93 3 3 0 1505.54 0.454 0.140 0.219
9274 93 92 3 3 0 1505.54 0.454 0.140 0.219
9275 92 112 3 3 0 2502.74 0.870 0.178 0.351
9276 112 92 3 3 0 2502.74 0.870 0.178 0.351
9277 92 113 3 3 0 1999.10 0.660 0.164 0.288
9278 113 92 3 3 0 1999.10 0.660 0.164 0.288
9279 92 114 3 3 0 2502.74 0.870 0.152 0.332
9280 114 92 3 3 0 2502.74 0.870 0.152 0.332
9281 93 94 3 3 0 1505.54 0.454 0.147 0.224
9282 94 93 3 3 0 1505.54 0.454 0.147 0.224
9283 93 113 3 3 0 2502.74 0.870 0.136 0.319
9284 113 93 3 3 0 2502.74 0.870 0.136 0.319
9285 93 114 3 3 0 1999.10 0.660 0.124 0.258
9286 114 93 3 3 0 1999.10 0.660 0.124 0.258
9287 93 115 3 3 0 2502.74 0.870 0.110 0.300
9288 115 93 3 3 0 2502.74 0.870 0.110 0.300
9289 94 95 3 3 0 1505.54 0.454 0.176 0.245
9290 95 94 3 3 0 1505.54 0.454 0.176 0.245
9291 94 115 3 3 0 1999.10 0.660 0.145 0.274
9292 115 94 3 3 0 1999.10 0.660 0.145 0.274
9293 94 116 3 3 0 2502.74 0.870 0.155 0.333
9294 116 94 3 3 0 2502.74 0.870 0.155 0.333
9295 95 96 3 3 0 1505.54 0.454 0.159 0.233
9296 96 95 3 3 0 1505.54 0.454 0.159 0.233
9297 95 115 3 3 0 2502.74 0.870 0.138 0.321
9298 115 95 3 3 0 2502.74 0.870 0.138 0.321
9299 95 116 3 3 0 1999.10 0.660 0.147 0.276
9300 116 95 3 3 0 1999.10 0.660 0.147 0.276
9301 95 117 3 3 0 2502.74 0.870 0.147 0.328
9302 117 95 3 3 0 2502.74 0.870 0.147 0.328
9303 96 97 3 3 0 1505.54 0.454 0.138 0.217
9304 97 96 3 3 0 1505.54 0.454 0.138 0.217
9305 96 116 3 3 0 2502.74 0.870 0.138 0.321
9306 116 96 3 3 0 2502.74 0.870 0.138 0.321
9307 96 117 3 3 0 1999.10 0.660 0.138 0.269
9308 117 96 3 3 0 1999.10 0.660 0.138 0.269
9309 96 118 3 3 0 2502.74 0.870 0.166 0.342
9310 118 96 3 3 0 2502.74 0.870 0.166 0.342
9311 97 98 3 3 0 1505.54 0.454 0.070 0.166
9312 98 97 3 3 0 1505.54 0.454 0.070 0.166
9313 97 117 3 3 0 2502.74 0.870 0.126 0.312
9314 117 97 3 3 0 2502.74 0.870 0.126 0.312
9315 97 118 3 3 0 1999.10 0.660 0.155 0.281
9316 118 97 3 3 0 1999.10 0.660 0.155 0.281
9317 97 119 3 3 0 2502.74 0.870 0.073 0.272
9318 119 97 3 3 0 2502.74 0.870 0.073 0.272
9319 98 99 3 3 0 1505.54 0.454 0.012 0.122
9320 99 98 3 3 0 1505.54 0.454 0.012 0.122
9321 98 118 3 3 0 2502.74 0.870 0.098 0.291
9322 118 98 3 3 0 2502.74 0.870 0.098 0.291
9323 98 119 3 3 0 1999.10 0.660 0.016 0.177
9324 119 98 3 3 0 1999.10 0.660 0.016 0.177
9325 98 120 3 3 0 2502.74 0.870 0.012 0.226
9326 120 98 3 3 0 2502.74 0.870 0.012 0.226
9327 99 100 3 3 0 1505.54 0.454 0.012 0.122
9328 100 99 3 3 0 1505.54 0.454 0.012 0.122
9329 99 119 3 3 0 2502.74 0.870 0.014 0.228
9330 119 99 3 3 0 2502.74 0.870 0.014 0.228
9331 99 120 3 3 0 1999.10 0.660 0.009 0.172
9332 120 99 3 3 0 1999.10 0.660 0.009 0.172
9333 99 121 3 3 0 2502.74 0.870 0.012 0.226
9334 121 99 3 3 0 2502.74 0.870 0.012 0.226
9335 100 101 3 3 0 1505.54 0.454 0.016 0.126
9336 101 100 3 3 0 1505.54 0.454 0.016 0.126
9337 100 120 3 3 0 2502.74 0.870 0.012 0.226
9338 120 100 3 3 0 2502.74 0.870 0.012 0.226
9339 100 121 3 3 0 1999.10 0.660 0.014 0.176
9340 121 100 3 3 0 1999.10 0.660 0.014 0.176
9341 100 122 3 3 0 2502.74 0.870 0.012 0.226
9342 122 100 3 3 0 2502.74 0.870 0.012 0.226
9343 101 102 3 3 0 1505.54 0.454 0.016 0.126
9344 102 101 3 3 0 1505.54 0.454 0.016 0.126
9345 101 121 3 3 0 2502.74 0.870 0.016 0.230
9346 121 101 3 3 0 2502.74 0.870 0.016 0.230
9347 101 122 3 3 0 1999.10 0.660 0.014 0.176
9348 122 101 3 3 0 1999.10 0.660 0.014 0.176
9349 101 123 3 3 0 2502.74 0.870 0.014 0.228
9350 123 101 3 3 0 2502.74 0.870 0.014 0.228
9351 102 103 3 3 0 1505.54 0.454 0.014 0.124
9352 103 102 3 3 0 1505.54 0.454 0.014 0.124
9353 102 122 3 3 0 2502.74 0.870 0.012 0.226
9354 122 102 3 3 0 2502.74 0.870 0.012 0.226
9355 102 123 3 3 0 1999.10 0.660 0.012 0.174
9356 123 102 3 3 0 1999.10 0.660 0.012 0.174
9357 102 124 3 3 0 2502.74 0.870 0.014 0.228
9358 124 102 3 3 0 2502.74 0.870 0.014 0.228
9359 103 104 3 3 0 1505.54 0.454 0.012 0.122
9360 104 103 3 3 0 1505.54 0.454 0.012 0.122
9361 103 123 3 3 0 2502.74 0.870 0.012 0.226
9362 123 103 3 3 0 2502.74 0.870 0.012 0.226
9363 103 124 3 3 0 1999.10 0.660 0.014 0.176
9364 124 103 3 3 0 1999.10 0.660 0.014 0.176
9365 103 125 3 3 0 2502.74 0.870 0.014 0.228
9366 125 103 3 3 0 2502.74 0.870 0.014 0.228
9367 104 105 3 3 0 1505.54 0.454 0.012 0.122
9368 105 104 3 3 0 1505.54 0.454 0.012 0.122
9369 104 124 3 3 0 2502.74 0.870 0.012 0.226
9370 124 104 3 3 0 2502.74 0.870 0.012 0.226
9371 104 125 3 3 0 1999.10 0.660 0.012 0.174
9372 125 104 3 3 0 1999.10 0.660 0.012 0.174
9373 104 126 3 3 0 2502.74 0.870 0.012 0.226
9374 126 104 3 3 0 2502.74 0.870 0.012 0.226
9375 105 106 3 3 0 1505.54 0.454 0.016 0.126
9376 106 105 3 3 0 1505.54 0.454 0.016 0.126
9377 105 125 3 3 0 2502.74 0.870 0.014 0.228
9378 125 105 3 3 0 2502.74 0.870 0.014 0.228
9379 105 126 3 3 0 1999.10 0.660 0.014 0.176
9380 126 105 3 3 0 1999.10 0.660 0.014 0.176
9381 105 127 3 3 0 2502.74 0.870 0.012 0.226
9382 127 105 3 3 0 2502.74 0.870 0.012 0.226
9383 106 107 3 3 0 1505.54 0.454 0.016 0.126
9384 107 106 3 3 0 1505.54 0.454 0.016 0.126
9385 106 126 3 3 0 2502.74 0.870 0.016 0.230
9386 126 106 3 3 0 2502.74 0.870 0.016 0.230
9387 106 127 3 3 0 1999.10 0.660 0.014 0.176
9388 127 106 3 3 0 1999.10 0.660 0.014 0.176
9389 106 128 3 3 0 2502.74 0.870 0.016 0.230
9390 128 106 3 3 0 2502.74 0.870 0.016 0.230
9391 107 108 3 3 0 1505.54 0.454 0.016 0.126
9392 108 107 3 3 0 1505.54 0.454 0.016 0.126
9393 107 127 3 3 0 2502.74 0.870 0.012 0.226
9394 127 107 3 3 0 2502.74 0.870 0.012 0.226
9395 107 128 3 3 0 1999.10 0.660 0.014 0.176
9396 128 107 3 3 0 1999.10 0.660 0.014 0.176
9397 107 129 3 3 0 2502.74 0.870 0.014 0.228
9398 129 107 3 3 0 2502.74 0.870 0.014 0.228
9399 108 109 3 3 0 1505.54 0.454 0.016 0.126
9400 109 108 3 3 0 1505.54 0.454 0.016 0.126
9401 108 129 3 3 0 1999.10 0.660 0.016 0.177
9402 129 108 3 3 0 1999.10 0.660 0.016 0.177
9403 108 130 3 3 0 2502.74 0.870 0.014 0.228
9404 130 108 3 3 0 2502.74 0.870 0.014 0.228
9405 109 129 3 3 0 2502.74 0.870 0.014 0.228
9406 129 109 3 3 0 2502.74 0.870 0.014 0.228
9407 109 130 3 3 0 1999.10 0.660 0.012 0.174
9408 130 109 3 3 0 1999.10 0.660 0.012 0.174
9409 109 131 3 3 0 2502.74 0.870 0.014 0.228
9410 131 109 3 3 0 2502.74 0.870 0.014 0.228
9411 110 111 3 3 0 1505.96 0.455 0.162 0.235
9412 111 110 3 3 0 1505.96 0.455 0.162 0.235
9413 110 133 3 3 0 2502.98 0.870 0.140 0.323
9414 133 110 3 3 0 2502.98 0.870 0.140 0.323
9415 110 134 3 3 0 1999.10 0.660 0.155 0.281
9416 134 110 3 3 0 1999.10 0.660 0.155 0.281
9417 110 135 3 3 0 2502.98 0.870 0.159 0.337
9418 135 110 3 3 0 2502.98 0.870 0.159 0.337
9419 111 112 3 3 0 1505.96 0.455 0.171 0.242
9420 112 111 3 3 0 1505.96 0.455 0.171 0.242
9421 111 134 3 3 0 2502.98 0.870 0.147 0.328
9422 134 111 3 3 0 2502.98 0.870 0.147 0.328
9423 111 135 3 3 0 1999.10 0.660 0.152 0.279
9424 135 111 3 3 0 1999.10 0.660 0.152 0.279
9425 111 136 3 3 0 2502.98 0.870 0.150 0.330
9426 136 111 3 3 0 2502.98 0.870 0.150 0.330
9427 112 113 3 3 0 1505.96 0.455 0.173 0.244
9428 113 112 3 3 0 1505.96 0.455 0.173 0.244
9429 112 135 3 3 0 2502.98 0.870 0.169 0.344
9430 135 112 3 3 0 2502.98 0.870 0.169 0.344
9431 112 136 3 3 0 1999.10 0.660 0.166 0.290
9432 136 112 3 3 0 1999.10 0.660 0.166 0.290
9433 112 137 3 3 0 2502.98 0.870 0.166 0.342
9434 137 112 3 3 0 2502.98 0.870 0.166 0.342
9435 113 114 3 3 0 1505.96 0.455 0.147 0.224
9436 114 113 3 3 0 1505.96 0.455 0.147 0.224
9437 113 136 3 3 0 2502.98 0.870 0.152 0.332
9438 136 113 3 3 0 2502.98 0.870 0.152 0.332
9439 113 137 3 3 0 1999.10 0.660 0.152 0.279
9440 137 113 3 3 0 1999.10 0.660 0.152 0.279
9441 113 138 3 3 0 2502.98 0.870 0.143 0.325
9442 138 113 3 3 0 2502.98 0.870 0.143 0.325
9443 114 115 3 3 0 1505.96 0.455 0.122 0.205
9444 115 114 3 3 0 1505.96 0.455 0.122 0.205
9445 114 137 3 3 0 2502.98 0.870 0.140 0.323
9446 137 114 3 3 0 2502.98 0.870 0.140 0.323
9447 114 138 3 3 0 1999.10 0.660 0.131 0.263
9448 138 114 3 3 0 1999.10 0.660 0.131 0.263
9449 114 139 3 3 0 2502.98 0.870 0.162 0.339
9450 139 114 3 3 0 2502.98 0.870 0.162 0.339
9451 115 116 3 3 0 1505.96 0.455 0.117 0.201
9452 116 115 3 3 0 1505.96 0.455 0.117 0.201
9453 115 138 3 3 0 2502.98 0.870 0.117 0.305
9454 138 115 3 3 0 2502.98 0.870 0.117 0.305
9455 115 139 3 3 0 1999.10 0.660 0.147 0.276
9456 139 115 3 3 0 1999.10 0.660 0.147 0.276
9457 115 140 3 3 0 2502.98 0.870 0.136 0.319
9458 140 115 3 3 0 2502.98 0.870 0.136 0.319
9459 116 117 3 3 0 1505.96 0.455 0.126 0.208
9460 117 116 3 3 0 1505.96 0.455 0.126 0.208
9461 116 140 3 3 0 1999.10 0.660 0.145 0.274
9462 140 116 3 3 0 1999.10 0.660 0.145 0.274
9463 116 141 3 3 0 2502.98 0.870 0.122 0.309
9464 141 116 3 3 0 2502.98 0.870 0.122 0.309
9465 117 118 3 3 0 1505.96 0.455 0.155 0.230
9466 118 117 3 3 0 1505.96 0.455 0.155 0.230
9467 117 140 3 3 0 2502.98 0.870 0.145 0.326
9468 140 117 3 3 0 2502.98 0.870 0.145 0.326
9469 117 141 3 3 0 1999.10 0.660 0.122 0.256
9470 141 117 3 3 0 1999.10 0.660 0.122 0.256
9471 117 142 3 3 0 2502.98 0.870 0.073 0.272
9472 142 117 3 3 0 2502.98 0.870 0.073 0.272
9473 118 119 3 3 0 1505.96 0.455 0.101 0.189
9474 119 118 3 3 0 1505.96 0.455 0.101 0.189
9475 118 141 3 3 0 2502.98 0.870 0.150 0.330
9476 141 118 3 3 0 2502.98 0.870 0.150 0.330
9477 118 142 3 3 0 1999.10 0.660 0.101 0.241
9478 142 118 3 3 0 1999.10 0.660 0.101 0.241
9479 118 143 3 3 0 2502.98 0.870 0.101 0.293
9480 143 118 3 3 0 2502.98 0.870 0.101 0.293
9481 119 120 3 3 0 1505.96 0.455 0.014 0.124
9482 120 119 3 3 0 1505.96 0.455 0.014 0.124
9483 119 142 3 3 0 2502.98 0.870 0.019 0.232
9484 142 119 3 3 0 2502.98 0.870 0.019 0.232
9485 119 143 3 3 0 1999.10 0.660 0.019 0.179
9486 143 119 3 3 0 1999.10 0.660 0.019 0.179
9487 119 144 3 3 0 2502.98 0.870 0.016 0.230
9488 144 119 3 3 0 2502.98 0.870 0.016 0.230
9489 120 121 3 3 0 1505.96 0.455 0.012 0.122
9490 121 120 3 3 0 1505.96 0.455 0.012 0.122
9491 120 143 3 3 0 2502.98 0.870 0.014 0.228
9492 143 120 3 3 0 2502.98 0.870 0.014 0.228
9493 120 144 3 3 0 1999.10 0.660 0.012 0.174
9494 144 120 3 3 0 1999.10 0.660 0.012 0.174
9495 120 145 3 3 0 2502.98 0.870 0.012 0.226
9496 145 120 3 3 0 2502.98 0.870 0.012 0.226
9497 121 122 3 3 0 1505.96 0.455 0.012 0.122
9498 122 121 3 3 0 1505.96 0.455 0.012 0.122
9499 121 144 3 3 0 2502.98 0.870 0.014 0.228
9500 144 121 3 3 0 2502.98 0.870 0.014 0.228
9501 121 145 3 3 0 1999.10 0.660 0.014 0.176
9502 145 121 3 3 0 1999.10 0.660 0.014 0.176
9503 121 146 3 3 0 2502.98 0.870 0.016 0.230
9504 146 121 3 3 0 2502.98 0.870 0.016 0.230
9505 122 123 3 3 0 1505.96 0.455 0.009 0.121
9506 123 122 3 3 0 1505.96 0.455 0.009 0.121
9507 122 145 3 3 0 2502.98 0.870 0.012 0.226
9508 145 122 3 3 0 2502.98 0.870 0.012 0.226
9509 122 146 3 3 0 1999.10 0.660 0.014 0.176
9510 146 122 3 3 0 1999.10 0.660 0.014 0.176
9511 122 147 3 3 0 2502.98 0.870 0.014 0.228
9512 147 122 3 3 0 2502.98 0.870 0.014 0.228
9513 123 124 3 3 0 1505.96 0.455 0.012 0.122
9514 124 123 3 3 0 1505.96 0.455 0.012 0.122
9515 123 146 3 3 0 2502.98 0.870 0.014 0.228
9516 146 123 3 3 0 2502.98 0.870 0.014 0.228
9517 123 147 3 3 0 1999.10 0.660 0.014 0.176
9518 147 123 3 3 0 1999.10 0.660 0.014 0.176
9519 123 148 3 3 0 2502.98 0.870 0.012 0.226
9520 148 123 3 3 0 2502.98 0.870 0.012 0.226
9521 124 125 3 3 0 1505.96 0.455 0.014 0.124
9522 125 124 3 3 0 1505.96 0.455 0.014 0.124
9523 124 147 3 3 0 2502.98 0.870 0.016 0.230
9524 147 124 3 3 0 2502.98 0.870 0.016 0.230
9525 124 148 3 3 0 1999.10 0.660 0.014 0.176
9526 148 124 3 3 0 1999.10 0.660 0.014 0.176
9527 124 149 3 3 0 2502.98 0.870 0.014 0.228
9528 149 124 3 3 0 2502.98 0.870 0.014 0.228
9529 125 126 3 3 0 1505.96 0.455 0.014 0.124
9530 126 125 3 3 0 1505.96 0.455 0.014 0.124
9531 125 148 3 3 0 2502.98 0.870 0.014 0.228
9532 148 125 3 3 0 2502.98 0.870 0.014 0.228
9533 125 149 3 3 0 1999.10 0.660 0.014 0.176
9534 149 125 3 3 0 1999.10 0.660 0.014 0.176
9535 125 150 3 3 0 2502.98 0.870 0.014 0.228
9536 150 125 3 3 0 2502.98 0.870 0.014 0.228
9537 126 127 3 3 0 1505.96 0.455 0.012 0.122
9538 127 126 3 3 0 1505.96 0.455 0.012 0.122
9539 126 149 3 3 0 2502.98 0.870 0.014 0.228
9540 149 126 3 3 0 2502.98 0.870 0.014 0.228
9541 126 150 3 3 0 1999.10 0.660 0.014 0.176
9542 150 126 3 3 0 1999.10 0.660 0.014 0.176
9543 126 151 3 3 0 2502.98 0.870 0.012 0.226
9544 151 126 3 3 0 2502.98 0.870 0.012 0.226
9545 127 128 3 3 0 1505.96 0.455 0.012 0.122
9546 128 127 3 3 0 1505.96 0.455 0.012 0.122
9547 127 150 3 3 0 2502.98 0.870 0.012 0.226
9548 150 127 3 3 0 2502.98 0.870 0.012 0.226
9549 127 151 3 3 0 1999.10 0.660 0.009 0.172
9550 151 127 3 3 0 1999.10 0.660 0.009 0.172
9551 127 152 3 3 0 2502.98 0.870 0.009 0.225
9552 152 127 3 3 0 2502.98 0.870 0.009 0.225
9553 128 129 3 3 0 1505.96 0.455 0.014 0.124
9554 129 128 3 3 0 1505.96 0.455 0.014 0.124
9555 128 151 3 3 0 2502.98 0.870 0.012 0.226
9556 151 128 3 3 0 2502.98 0.870 0.012 0.226
9557 128 152 3 3 0 1999.10 0.660 0.012 0.174
9558 152 128 3 3 0 1999.10 0.660 0.012 0.174
9559 128 153 3 3 0 2502.98 0.870 0.014 0.228
9560 153 128 3 3 0 2502.98 0.870 0.014 0.228
9561 129 130 3 3 0 1505.96 0.455 0.012 0.122
9562 130 129 3 3 0 1505.96 0.455 0.012 0.122
9563 129 152 3 3 0 2502.98 0.870 0.012 0.226
9564 152 129 3 3 0 2502.98 0.870 0.012 0.226
9565 129 153 3 3 0 1999.10 0.660 0.014 0.176
9566 153 129 3 3 0 1999.10 0.660 0.014 0.176
9567 129 154 3 3 0 2502.98 0.870 0.012 0.226
9568 154 129 3 3 0 2502.98 0.870 0.012 0.226
9569 130 131 3 3 0 1505.96 0.455 0.012 0.122
9570 131 130 3 3 0 1505.96 0.455 0.012 0.122
9571 130 153 3 3 0 2502.98 0.870 0.012 0.226
9572 153 130 3 3 0 2502.98 0.870 0.012 0.226
9573 130 154 3 3 0 1999.10 0.660 0.009 0.172
9574 154 130 3 3 0 1999.10 0.660 0.009 0.172
9575 130 155 3 3 0 2502.98 0.870 0.014 0.228
9576 155 130 3 3 0 2502.98 0.870 0.014 0.228
9577 131 132 3 3 0 1505.96 0.455 0.014 0.124
9578 132 131 3 3 0 1505.96 0.455 0.014 0.124
9579 131 154 3 3 0 2502.98 0.870 0.012 0.226
9580 154 131 3 3 0 2502.98 0.870 0.012 0.226
9581 131 155 3 3 0 1999.10 0.660 0.016 0.177
9582 155 131 3 3 0 1999.10 0.660 0.016 0.177
9583 131 156 3 3 0 2502.98 0.870 0.016 0.230
9584 156 131 3 3 0 2502.98 0.870 0.016 0.230
9585 132 155 3 3 0 2502.98 0.870 0.016 0.230
9586 155 132 3 3 0 2502.98 0.870 0.016 0.230
9587 132 156 3 3 0 1999.10 0.660 0.016 0.177
9588 156 132 3 3 0 1999.10 0.660 0.016 0.177
9589 132 157 3 3 0 2502.98 0.870 0.016 0.230
9590 157 132 3 3 0 2502.98 0.870 0.016 0.230
9591 133 134 3 3 0 1506.37 0.455 0.126 0.209
9592 134 133 3 3 0 1506.37 0.455 0.126 0.209
9593 133 160 3 3 0 1999.09 0.660 0.150 0.277
9594 160 133 3 3 0 1999.09 0.660 0.150 0.277
9595 133 161 3 3 0 2503.23 0.871 0.129 0.314
9596 161 133 3 3 0 2503.23 0.871 0.129 0.314
9597 134 135 3 3 0 1506.37 0.455 0.145 0.223
9598 135 134 3 3 0 1506.37 0.455 0.145 0.223
9599 134 160 3 3 0 2503.23 0.871 0.164 0.341
9600 160 134 3 3 0 2503.23 0.871 0.164 0.341
9601 134 161 3 3 0 1999.09 0.660 0.143 0.272
9602 161 134 3 3 0 1999.09 0.660 0.143 0.272
9603 134 162 3 3 0 2503.23 0.871 0.176 0.349
9604 162 134 3 3 0 2503.23 0.871 0.176 0.349
9605 135 136 3 3 0 1506.37 0.455 0.147 0.224
9606 136 135 3 3 0 1506.37 0.455 0.147 0.224
9607 135 161 3 3 0 2503.23 0.871 0.147 0.328
9608 161 135 3 3 0 2503.23 0.871 0.147 0.328
9609 135 162 3 3 0 1999.09 0.660 0.180 0.300
9610 162 135 3 3 0 1999.09 0.660 0.180 0.300
9611 135 163 3 3 0 2503.23 0.871 0.138 0.321
9612 163 135 3 3 0 2503.23 0.871 0.138 0.321
9613 136 137 3 3 0 1506.37 0.455 0.145 0.223
9614 137 136 3 3 0 1506.37 0.455 0.145 0.223
9615 136 162 3 3 0 2503.23 0.871 0.178 0.351
9616 162 136 3 3 0 2503.23 0.871 0.178 0.351
9617 136 163 3 3 0 1999.09 0.660 0.136 0.267
9618 163 136 3 3 0 1999.09 0.660 0.136 0.267
9619 136 164 3 3 0 2503.23 0.871 0.173 0.348
9620 164 136 3 3 0 2503.23 0.871 0.173 0.348
9621 137 138 3 3 0 1506.37 0.455 0.136 0.216
9622 138 137 3 3 0 1506.37 0.455 0.136 0.216
9623 137 163 3 3 0 2503.23 0.871 0.136 0.319
9624 163 137 3 3 0 2503.23 0.871 0.136 0.319
9625 137 164 3 3 0 1999.09 0.660 0.173 0.295
9626 164 137 3 3 0 1999.09 0.660 0.173 0.295
9627 137 165 3 3 0 2503.23 0.871 0.159 0.337
9628 165 137 3 3 0 2503.23 0.871 0.159 0.337
9629 138 139 3 3 0 1506.37 0.455 0.157 0.231
9630 139 138 3 3 0 1506.37 0.455 0.157 0.231
9631 138 164 3 3 0 2503.23 0.871 0.164 0.341
9632 164 138 3 3 0 2503.23 0.871 0.164 0.341
9633 138 165 3 3 0 1999.09 0.660 0.150 0.277
9634 165 138 3 3 0 1999.09 0.660 0.150 0.277
9635 138 166 3 3 0 2503.23 0.871 0.169 0.344
9636 166 138 3 3 0 2503.23 0.871 0.169 0.344
9637 139 140 3 3 0 1506.37 0.455 0.176 0.245
9638 140 139 3 3 0 1506.37 0.455 0.176 0.245
9639 139 165 3 3 0 2503.23 0.871 0.180 0.353
9640 165 139 3 3 0 2503.23 0.871 0.180 0.353
9641 139 166 3 3 0 1999.09 0.660 0.199 0.314
9642 166 139 3 3 0 1999.09 0.660 0.199 0.314
9643 139 167 3 3 0 2503.23 0.871 0.185 0.356
9644 167 139 3 3 0 2503.23 0.871 0.185 0.356
9645 140 141 3 3 0 1506.37 0.455 0.140 0.219
9646 141 140 3 3 0 1506.37 0.455 0.140 0.219
9647 140 166 3 3 0 2503.23 0.871 0.187 0.358
9648 166 140 3 3 0 2503.23 0.871 0.187 0.358
9649 140 167 3 3 0 1999.09 0.660 0.173 0.295
9650 167 140 3 3 0 1999.09 0.660 0.173 0.295
9651 140 168 3 3 0 2503.23 0.871 0.152 0.332
9652 168 140 3 3 0 2503.23 0.871 0.152 0.332
9653 141 142 3 3 0 1506.37 0.455 0.068 0.165
9654 142 141 3 3 0 1506.37 0.455 0.068 0.165
9655 141 167 3 3 0 2503.23 0.871 0.150 0.330
9656 167 141 3 3 0 2503.23 0.871 0.150 0.330
9657 141 168 3 3 0 1999.09 0.660 0.129 0.262
9658 168 141 3 3 0 1999.09 0.660 0.129 0.262
9659 141 169 3 3 0 2503.23 0.871 0.068 0.269
9660 169 141 3 3 0 2503.23 0.871 0.068 0.269
9661 142 143 3 3 0 1506.37 0.455 0.019 0.128
9662 143 142 3 3 0 1506.37 0.455 0.019 0.128
9663 142 168 3 3 0 2503.23 0.871 0.080 0.277
9664 168 142 3 3 0 2503.23 0.871 0.080 0.277
9665 142 169 3 3 0 1999.09 0.660 0.019 0.179
9666 169 142 3 3 0 1999.09 0.660 0.019 0.179
9667 142 170 3 3 0 2503.23 0.871 0.019 0.232
9668 170 142 3 3 0 2503.23 0.871 0.019 0.232
9669 143 144 3 3 0 1506.37 0.455 0.016 0.126
9670 144 143 3 3 0 1506.37 0.455 0.016 0.126
9671 143 169 3 3 0 2503.23 0.871 0.019 0.232
9672 169 143 3 3 0 2503.23 0.871 0.019 0.232
9673 143 170 3 3 0 1999.09 0.660 0.019 0.179
9674 170 143 3 3 0 1999.09 0.660 0.019 0.179
9675 143 171 3 3 0 2503.23 0.871 0.016 0.230
9676 171 143 3 3 0 2503.23 0.871 0.016 0.230
9677 144 145 3 3 0 1506.37 0.455 0.014 0.124
9678 145 144 3 3 0 1506.37 0.455 0.014 0.124
9679 144 170 3 3 0 2503.23 0.871 0.016 0.230
9680 170 144 3 3 0 2503.23 0.871 0.016 0.230
9681 144 171 3 3 0 1999.09 0.660 0.014 0.176
9682 171 144 3 3 0 1999.09 0.660 0.014 0.176
9683 144 172 3 3 0 2503.23 0.871 0.014 0.228
9684 172 144 3 3 0 2503.23 0.871 0.014 0.228
9685 145 146 3 3 0 1506.37 0.455 0.016 0.126
9686 146 145 3 3 0 1506.37 0.455 0.016 0.126
9687 145 171 3 3 0 2503.23 0.871 0.014 0.228
9688 171 145 3 3 0 2503.23 0.871 0.014 0.228
9689 145 172 3 3 0 1999.09 0.660 0.014 0.176
9690 172 145 3 3 0 1999.09 0.660 0.014 0.176
9691 145 173 3 3 0 2503.23 0.871 0.016 0.230
9692 173 145 3 3 0 2503.23 0.871 0.016 0.230
9693 146 147 3 3 0 1506.37 0.455 0.019 0.128
9694 147 146 3 3 0 1506.37 0.455 0.019 0.128
9695 146 172 3 3 0 2503.23 0.871 0.016 0.230
9696 172 146 3 3 0 2503.23 0.871 0.016 0.230
9697 146 173 3 3 0 1999.09 0.660 0.019 0.179
9698 173 146 3 3 0 1999.09 0.660 0.019 0.179
9699 146 174 3 3 0 2503.23 0.871 0.014 0.228
9700 174 146 3 3 0 2503.23 0.871 0.014 0.228
9701 147 148 3 3 0 1506.37 0.455 0.016 0.126
9702 148 147 3 3 0 1506.37 0.455 0.016 0.126
9703 147 173 3 3 0 2503.23 0.871 0.019 0.232
9704 173 147 3 3 0 2503.23 0.871 0.019 0.232
9705 147 174 3 3 0 1999.09 0.660 0.014 0.176
9706 174 147 3 3 0 1999.09 0.660 0.014 0.176
9707 147 175 3 3 0 2503.23 0.871 0.016 0.230
9708 175 147 3 3 0 2503.23 0.871 0.016 0.230
9709 148 149 3 3 0 1506.37 0.455 0.014 0.124
9710 149 148 3 3 0 1506.37 0.455 0.014 0.124
9711 148 174 3 3 0 2503.23 0.871 0.012 0.226
9712 174 148 3 3 0 2503.23 0.871 0.012 0.226
9713 148 175 3 3 0 1999.09 0.660 0.014 0.176
9714 175 148 3 3 0 1999.09 0.660 0.014 0.176
9715 148 176 3 3 0 2503.23 0.871 0.014 0.228
9716 176 148 3 3 0 2503.23 0.871 0.014 0.228
9717 149 150 3 3 0 1506.37 0.455 0.014 0.124
9718 150 149 3 3 0 1506.37 0.455 0.014 0.124
9719 149 175 3 3 0 2503.23 0.871 0.014 0.228
9720 175 149 3 3 0 2503.23 0.871 0.014 0.228
9721 149 176 3 3 0 1999.09 0.660 0.014 0.176
9722 176 149 3 3 0 1999.09 0.660 0.014 0.176
9723 149 177 3 3 0 2503.23 0.871 0.014 0.228
9724 177 149 3 3 0 2503.23 0.871 0.014 0.228
9725 150 151 3 3 0 1506.37 0.455 0.012 0.122
9726 151 150 3 3 0 1506.37 0.455 0.012 0.122
9727 150 176 3 3 0 2503.23 0.871 0.014 0.228
9728 176 150 3 3 0 2503.23 0.871 0.014 0.228
9729 150 177 3 3 0 1999.09 0.660 0.014 0.176
9730 177 150 3 3 0 1999.09 0.660 0.014 0.176
9731 150 178 3 3 0 2503.23 0.871 0.014 0.228
9732 178 150 3 3 0 2503.23 0.871 0.014 0.228
9733 151 152 3 3 0 1506.37 0.455 0.009 0.121
9734 152 151 3 3 0 1506.37 0.455 0.009 0.121
9735 151 177 3 3 0 2503.23 0.871 0.012 0.226
9736 177 151 3 3 0 2503.23 0.871 0.012 0.226
9737 151 178 3 3 0 1999.09 0.660 0.012 0.174
9738 178 151 3 3 0 1999.09 0.660 0.012 0.174
9739 151 179 3 3 0 2503.23 0.871 0.012 0.226
9740 179 151 3 3 0 2503.23 0.871 0.012 0.226
9741 152 153 3 3 0 1506.37 0.455 0.012 0.122
9742 153 152 3 3 0 1506.37 0.455 0.012 0.122
9743 152 178 3 3 0 2503.23 0.871 0.012 0.226
9744 178 152 3 3 0 2503.23 0.871 0.012 0.226
9745 152 179 3 3 0 1999.09 0.660 0.012 0.174
9746 179 152 3 3 0 1999.09 0.660 0.012 0.174
9747 152 180 3 3 0 2503.23 0.871 0.012 0.226
9748 180 152 3 3 0 2503.23 0.871 0.012 0.226
9749 153 154 3 3 0 1506.37 0.455 0.012 0.122
9750 154 153 3 3 0 1506.37 0.455 0.012 0.122
9751 153 179 3 3 0 2503.23 0.871 0.014 0.228
9752 179 153 3 3 0 2503.23 0.871 0.014 0.228
9753 153 180 3 3 0 1999.09 0.660 0.014 0.176
9754 180 153 3 3 0 1999.09 0.660 0.014 0.176
9755 153 181 3 3 0 2503.23 0.871 0.012 0.226
9756 181 153 3 3 0 2503.23 0.871 0.012 0.226
9757 154 155 3 3 0 1506.37 0.455 0.014 0.124
9758 155 154 3 3 0 1506.37 0.455 0.014 0.124
9759 154 180 3 3 0 2503.23 0.871 0.012 0.226
9760 180 154 3 3 0 2503.23 0.871 0.012 0.226
9761 154 181 3 3 0 1999.09 0.660 0.009 0.172
9762 181 154 3 3 0 1999.09 0.660 0.009 0.172
9763 154 182 3 3 0 2503.23 0.871 0.012 0.226
9764 182 154 3 3 0 2503.23 0.871 0.012 0.226
9765 155 156 3 3 0 1506.37 0.455 0.019 0.128
9766 156 155 3 3 0 1506.37 0.455 0.019 0.128
9767 155 181 3 3 0 2503.23 0.871 0.014 0.228
9768 181 155 3 3 0 2503.23 0.871 0.014 0.228
9769 155 182 3 3 0 1999.09 0.660 0.016 0.177
9770 182 155 3 3 0 1999.09 0.660 0.016 0.177
9771 155 183 3 3 0 2503.23 0.871 0.019 0.232
9772 183 155 3 3 0 2503.23 0.871 0.019 0.232
9773 156 157 3 3 0 1506.37 0.455 0.019 0.128
9774 157 156 3 3 0 1506.37 0.455 0.019 0.128
9775 156 182 3 3 0 2503.23 0.871 0.016 0.230
9776 182 156 3 3 0 2503.23 0.871 0.016 0.230
9777 156 183 3 3 0 1999.09 0.660 0.019 0.179
9778 183 156 3 3 0 1999.09 0.660 0.019 0.179
9779 156 184 3 3 0 2503.23 0.871 0.016 0.230
9780 184 156 3 3 0 2503.23 0.871 0.016 0.230
9781 157 158 3 3 0 1506.37 0.455 0.016 0.126
9782 158 157 3 3 0 1506.37 0.455 0.016 0.126
9783 157 183 3 3 0 2503.23 0.871 0.019 0.232
9784 183 157 3 3 0 2503.23 0.871 0.019 0.232
9785 157 184 3 3 0 1999.09 0.660 0.016 0.177
9786 184 157 3 3 0 1999.09 0.660 0.016 0.177
9787 157 185 3 3 0 2503.23 0.871 0.014 0.228
9788 185 157 3 3 0 2503.23 0.871 0.014 0.228
9789 158 159 3 3 0 1506.37 0.455 0.016 0.126
9790 159 158 3 3 0 1506.37 0.455 0.016 0.126
9791 158 184 3 3 0 2503.23 0.871 0.014 0.228
9792 184 158 3 3 0 2503.23 0.871 0.014 0.228
9793 158 185 3 3 0 1999.09 0.660 0.012 0.174
9794 185 158 3 3 0 1999.09 0.660 0.012 0.174
9795 158 186 3 3 0 2503.23 0.871 0.016 0.230
9796 186 158 3 3 0 2503.23 0.871 0.016 0.230
9797 159 185 3 3 0 2503.23 0.871 0.014 0.228
9798 185 159 3 3 0 2503.23 0.871 0.014 0.228
9799 159 186 3 3 0 1999.09 0.660 0.019 0.179
9800 186 159 3 3 0 1999.09 0.660 0.019 0.179
9801 159 187 3 3 0 2503.23 0.871 0.016 0.230
9802 187 159 3 3 0 2503.23 0.871 0.016 0.230
9803 160 161 3 3 0 1506.79 0.455 0.166 0.238
9804 161 160 3 3 0 1506.79 0.455 0.166 0.238
9805 160 189 3 3 0 1999.08 0.660 0.171 0.293
9806 189 160 3 3 0 1999.08 0.660 0.171 0.293
9807 160 190 3 3 0 2503.47 0.871 0.150 0.330
9808 190 160 3 3 0 2503.47 0.871 0.150 0.330
9809 161 162 3 3 0 1506.79 0.455 0.178 0.247
9810 162 161 3 3 0 1506.79 0.455 0.178 0.247
9811 161 189 3 3 0 2503.47 0.871 0.150 0.330
9812 189 161 3 3 0 2503.47 0.871 0.150 0.330
9813 161 190 3 3 0 1999.08 0.660 0.129 0.262
9814 190 161 3 3 0 1999.08 0.660 0.129 0.262
9815 161 191 3 3 0 2503.47 0.871 0.157 0.335
9816 191 161 3 3 0 2503.47 0.871 0.157 0.335
9817 162 163 3 3 0 1506.79 0.455 0.169 0.240
9818 163 162 3 3 0 1506.79 0.455 0.169 0.240
9819 162 190 3 3 0 2503.47 0.871 0.162 0.339
9820 190 162 3 3 0 2503.47 0.871 0.162 0.339
9821 162 191 3 3 0 1999.08 0.660 0.190 0.307
9822 191 162 3 3 0 1999.08 0.660 0.190 0.307
9823 162 192 3 3 0 2503.47 0.871 0.173 0.348
9824 192 162 3 3 0 2503.47 0.871 0.173 0.348
9825 163 164 3 3 0 1506.79 0.455 0.164 0.237
9826 164 163 3 3 0 1506.79 0.455 0.164 0.237
9827 163 191 3 3 0 2503.47 0.871 0.147 0.328
9828 191 163 3 3 0 2503.47 0.871 0.147 0.328
9829 163 192 3 3 0 1999.08 0.660 0.131 0.263
9830 192 163 3 3 0 1999.08 0.660 0.131 0.263
9831 163 193 3 3 0 2503.47 0.871 0.136 0.320
9832 193 163 3 3 0 2503.47 0.871 0.136 0.320
9833 164 165 3 3 0 1506.79 0.455 0.187 0.254
9834 165 164 3 3 0 1506.79 0.455 0.187 0.254
9835 164 192 3 3 0 2503.47 0.871 0.169 0.344
9836 192 164 3 3 0 2503.47 0.871 0.169 0.344
9837 164 193 3 3 0 1999.08 0.660 0.173 0.295
9838 193 164 3 3 0 1999.08 0.660 0.173 0.295
9839 164 194 3 3 0 2503.47 0.871 0.166 0.342
9840 194 164 3 3 0 2503.47 0.871 0.166 0.342
9841 165 166 3 3 0 1506.79 0.455 0.192 0.258
9842 166 165 3 3 0 1506.79 0.455 0.192 0.258
9843 165 193 3 3 0 2503.47 0.871 0.159 0.337
9844 193 165 3 3 0 2503.47 0.871 0.159 0.337
9845 165 194 3 3 0 1999.08 0.660 0.152 0.279
9846 194 165 3 3 0 1999.08 0.660 0.152 0.279
9847 165 195 3 3 0 2503.47 0.871 0.180 0.353
9848 195 165 3 3 0 2503.47 0.871 0.180 0.353
9849 166 167 3 3 0 1506.79 0.455 0.197 0.261
9850 167 166 3 3 0 1506.79 0.455 0.197 0.261
9851 166 194 3 3 0 2503.47 0.871 0.171 0.346
9852 194 166 3 3 0 2503.47 0.871 0.171 0.346
9853 166 195 3 3 0 1999.08 0.660 0.199 0.314
9854 195 166 3 3 0 1999.08 0.660 0.199 0.314
9855 166 196 3 3 0 2503.47 0.871 0.176 0.349
9856 196 166 3 3 0 2503.47 0.871 0.176 0.349
9857 167 168 3 3 0 1506.79 0.455 0.162 0.235
9858 168 167 3 3 0 1506.79 0.455 0.162 0.235
9859 167 195 3 3 0 2503.47 0.871 0.185 0.356
9860 195 167 3 3 0 2503.47 0.871 0.185 0.356
9861 167 196 3 3 0 1999.08 0.660 0.162 0.286
9862 196 167 3 3 0 1999.08 0.660 0.162 0.286
9863 167 197 3 3 0 2503.47 0.871 0.178 0.351
9864 197 167 3 3 0 2503.47 0.871 0.178 0.351
9865 168 169 3 3 0 1506.79 0.455 0.080 0.173
9866 169 168 3 3 0 1506.79 0.455 0.080 0.173
9867 168 196 3 3 0 2503.47 0.871 0.140 0.323
9868 196 168 3 3 0 2503.47 0.871 0.140 0.323
9869 168 197 3 3 0 1999.08 0.660 0.157 0.283
9870 197 168 3 3 0 1999.08 0.660 0.157 0.283
9871 168 198 3 3 0 2503.47 0.871 0.077 0.276
9872 198 168 3 3 0 2503.47 0.871 0.077 0.276
9873 169 170 3 3 0 1506.79 0.455 0.019 0.128
9874 170 169 3 3 0 1506.79 0.455 0.019 0.128
9875 169 197 3 3 0 2503.47 0.871 0.096 0.290
9876 197 169 3 3 0 2503.47 0.871 0.096 0.290
9877 169 198 3 3 0 1999.08 0.660 0.016 0.177
9878 198 169 3 3 0 1999.08 0.660 0.016 0.177
9879 169 199 3 3 0 2503.47 0.871 0.019 0.232
9880 199 169 3 3 0 2503.47 0.871 0.019 0.232
9881 170 171 3 3 0 1506.79 0.455 0.016 0.126
9882 171 170 3 3 0 1506.79 0.455 0.016 0.126
9883 170 198 3 3 0 2503.47 0.871 0.016 0.230
9884 198 170 3 3 0 2503.47 0.871 0.016 0.230
9885 170 199 3 3 0 1999.08 0.660 0.019 0.179
9886 199 170 3 3 0 1999.08 0.660 0.019 0.179
9887 170 200 3 3 0 2503.47 0.871 0.016 0.230
9888 200 170 3 3 0 2503.47 0.871 0.016 0.230
9889 171 172 3 3 0 1506.79 0.455 0.014 0.124
9890 172 171 3 3 0 1506.79 0.455 0.014 0.124
9891 171 199 3 3 0 2503.47 0.871 0.016 0.230
9892 199 171 3 3 0 2503.47 0.871 0.016 0.230
9893 171 200 3 3 0 1999.08 0.660 0.014 0.176
9894 200 171 3 3 0 1999.08 0.660 0.014 0.176
9895 171 201 3 3 0 2503.47 0.871 0.014 0.228
9896 201 171 3 3 0 2503.47 0.871 0.014 0.228
9897 172 173 3 3 0 1506.79 0.455 0.016 0.126
9898 173 172 3 3 0 1506.79 0.455 0.016 0.126
9899 172 200 3 3 0 2503.47 0.871 0.014 0.228
9900 200 172 3 3 0 2503.47 0.871 0.014 0.228
9901 172 201 3 3 0 1999.08 0.660 0.014 0.176
9902 201 172 3 3 0 1999.08 0.660 0.014 0.176
9903 172 202 3 3 0 2503.47 0.871 0.016 0.230
9904 202 172 3 3 0 2503.47 0.871 0.016 0.230
9905 173 174 3 3 0 1506.79 0.455 0.014 0.124
9906 174 173 3 3 0 1506.79 0.455 0.014 0.124
9907 173 201 3 3 0 2503.47 0.871 0.016 0.230
9908 201 173 3 3 0 2503.47 0.871 0.016 0.230
9909 173 202 3 3 0 1999.08 0.660 0.019 0.179
9910 202 173 3 3 0 1999.08 0.660 0.019 0.179
9911 173 203 3 3 0 2503.47 0.871 0.014 0.228
9912 203 173 3 3 0 2503.47 0.871 0.014 0.228
9913 174 175 3 3 0 1506.79 0.455 0.012 0.123
9914 175 174 3 3 0 1506.79 0.455 0.012 0.123
9915 174 202 3 3 0 2503.47 0.871 0.014 0.228
9916 202 174 3 3 0 2503.47 0.871 0.014 0.228
9917 174 203 3 3 0 1999.08 0.660 0.009 0.172
9918 203 174 3 3 0 1999.08 0.660 0.009 0.172
9919 174 204 3 3 0 2503.47 0.871 0.014 0.228
9920 204 174 3 3 0 2503.47 0.871 0.014 0.228
9921 175 176 3 3 0 1506.79 0.455 0.014 0.124
9922 176 175 3 3 0 1506.79 0.455 0.014 0.124
9923 175 203 3 3 0 2503.47 0.871 0.012 0.226
9924 203 175 3 3 0 2503.47 0.871 0.012 0.226
9925 175 204 3 3 0 1999.08 0.660 0.016 0.177
9926 204 175 3 3 0 1999.08 0.660 0.016 0.177
9927 175 205 3 3 0 2503.47 0.871 0.014 0.228
9928 205 175 3 3 0 2503.47 0.871 0.014 0.228
9929 176 177 3 3 0 1506.79 0.455 0.014 0.124
9930 177 176 3 3 0 1506.79 0.455 0.014 0.124
9931 176 204 3 3 0 2503.47 0.871 0.016 0.230
9932 204 176 3 3 0 2503.47 0.871 0.016 0.230
9933 176 205 3 3 0 1999.08 0.660 0.014 0.176
9934 205 176 3 3 0 1999.08 0.660 0.014 0.176
9935 177 178 3 3 0 1506.79 0.455 0.014 0.124
9936 178 177 3 3 0 1506.79 0.455 0.014 0.124
9937 177 205 3 3 0 2503.47 0.871 0.014 0.228
9938 205 177 3 3 0 2503.47 0.871 0.014 0.228
9939 177 206 3 3 0 1999.08 0.660 0.012 0.174
9940 206 177 3 3 0 1999.08 0.660 0.012 0.174
9941 177 207 3 3 0 2503.47 0.871 0.014 0.228
9942 207 177 3 3 0 2503.47 0.871 0.014 0.228
9943 178 179 3 3 0 1506.79 0.455 0.014 0.124
9944 179 178 3 3 0 1506.79 0.455 0.014 0.124
9945 178 206 3 3 0 2503.47 0.871 0.012 0.226
9946 206 178 3 3 0 2503.47 0.871 0.012 0.226
9947 178 207 3 3 0 1999.08 0.660 0.014 0.176
9948 207 178 3 3 0 1999.08 0.660 0.014 0.176
9949 178 208 3 3 0 2503.47 0.871 0.014 0.228
9950 208 178 3 3 0 2503.47 0.871 0.014 0.228
9951 179 180 3 3 0 1506.79 0.455 0.014 0.124
9952 180 179 3 3 0 1506.79 0.455 0.014 0.124
9953 179 207 3 3 0 2503.47 0.871 0.014 0.228
9954 207 179 3 3 0 2503.47 0.871 0.014 0.228
9955 179 208 3 3 0 1999.08 0.660 0.014 0.176
9956 208 179 3 3 0 1999.08 0.660 0.014 0.176
9957 179 209 3 3 0 2503.47 0.871 0.012 0.226
9958 209 179 3 3 0 2503.47 0.871 0.012 0.226
9959 180 181 3 3 0 1506.79 0.455 0.012 0.123
9960 181 180 3 3 0 1506.79 0.455 0.012 0.123
9961 180 208 3 3 0 2503.47 0.871 0.014 0.228
9962 208 180 3 3 0 2503.47 0.871 0.014 0.228
9963 180 209 3 3 0 1999.08 0.660 0.012 0.174
9964 209 180 3 3 0 1999.08 0.660 0.012 0.174
9965 180 210 3 3 0 2503.47 0.871 0.016 0.230
9966 210 180 3 3 0 2503.47 0.871 0.016 0.230
9967 181 182 3 3 0 1506.79 0.455 0.012 0.123
9968 182 181 3 3 0 1506.79 0.455 0.012 0.123
9969 181 209 3 3 0 2503.47 0.871 0.009 0.225
9970 209 181 3 3 0 2503.47 0.871 0.009 0.225
9971 181 210 3 3 0 1999.08 0.660 0.014 0.176
9972 210 181 3 3 0 1999.08 0.660 0.014 0.176
9973 181 211 3 3 0 2503.47 0.871 0.014 0.228
9974 211 181 3 3 0 2503.47 0.871 0.014 0.228
9975 182 183 3 3 0 1506.79 0.455 0.016 0.126
9976 183 182 3 3 0 1506.79 0.455 0.016 0.126
9977 182 210 3 3 0 2503.47 0.871 0.016 0.230
9978 210 182 3 3 0 2503.47 0.871 0.016 0.230
9979 182 211 3 3 0 1999.08 0.660 0.016 0.177
9980 211 182 3 3 0 1999.08 0.660 0.016 0.177
9981 182 212 3 3 0 2503.47 0.871 0.014 0.228
9982 212 182 3 3 0 2503.47 0.871 0.014 0.228
9983 183 184 3 3 0 1506.79 0.455 0.016 0.126
9984 184 183 3 3 0 1506.79 0.455 0.016 0.126
9985 183 211 3 3 0 2503.47 0.871 0.019 0.232
9986 211 183 3 3 0 2503.47 0.871 0.019 0.232
9987 183 212 3 3 0 1999.08 0.660 0.016 0.177
9988 212 183 3 3 0 1999.08 0.660 0.016 0.177
9989 183 213 3 3 0 2503.47 0.871 0.014 0.228
9990 213 183 3 3 0 2503.47 0.871 0.014 0.228
9991 184 185 3 3 0 1506.79 0.455 0.012 0.123
9992 185 184 3 3 0 1506.79 0.455 0.012 0.123
9993 184 212 3 3 0 2503.47 0.871 0.014 0.228
9994 212 184 3 3 0 2503.47 0.871 0.014 0.228
9995 184 213 3 3 0 1999.08 0.660 0.012 0.174
9996 213 184 3 3 0 1999.08 0.660 0.012 0.174
9997 184 214 3 3 0 2503.47 0.871 0.016 0.230
9998 214 184 3 3 0 2503.47 0.871 0.016 0.230
9999 185 186 3 3 0 1506.79 0.455 0.014 0.124
10000 186 185 3 3 0 1506.79 0.455 0.014 0.124
10001 185 213 3 3 0 2503.47 0.871 0.009 0.225
10002 213 185 3 3 0 2503.47 0.871 0.009 0.225
10003 185 214 3 3 0 1999.08 0.660 0.014 0.176
10004 214 185 3 3 0 1999.08 0.660 0.014 0.176
10005 185 215 3 3 0 2503.47 0.871 0.009 0.225
10006 215 185 3 3 0 2503.47 0.871 0.009 0.225
10007 186 187 3 3 0 1506.79 0.455 0.016 0.126
10008 187 186 3 3 0 1506.79 0.455 0.016 0.126
10009 186 214 3 3 0 2503.47 0.871 0.019 0.232
10010 214 186 3 3 0 2503.47 0.871 0.019 0.232
10011 186 215 3 3 0 1999.08 0.660 0.014 0.176
10012 215 186 3 3 0 1999.08 0.660 0.014 0.176
10013 186 216 3 3 0 2503.47 0.871 0.014 0.228
10014 216 186 3 3 0 2503.47 0.871 0.014 0.228
10015 187 188 3 3 0 1506.79 0.455 0.014 0.124
10016 188 187 3 3 0 1506.79 0.455 0.014 0.124
10017 187 215 3 3 0 2503.47 0.871 0.012 0.226
10018 215 187 3 3 0 2503.47 0.871 0.012 0.226
10019 187 216 3 3 0 1999.08 0.660 0.012 0.174
10020 216 187 3 3 0 1999.08 0.660 0.012 0.174
10021 187 217 3 3 0 2503.47 0.871 0.014 0.228
10022 217 187 3 3 0 2503.47 0.871 0.014 0.228
10023 188 216 3 3 0 2503.47 0.871 0.012 0.226
10024 216 188 3 3 0 2503.47 0.871 0.012 0.226
10025 188 217 3 3 0 1999.08 0.660 0.014 0.176
10026 217 188 3 3 0 1999.08 0.660 0.014 0.176
10027 188 218 3 3 0 2503.47 0.871 0.012 0.226
10028 218 188 3 3 0 2503.47 0.871 0.012 0.226
10029 189 190 3 3 0 1507.20 0.455 0.133 0.214
10030 190 189 3 3 0 1507.20 0.455 0.133 0.214
10031 189 220 3 3 0 2503.71 0.871 0.166 0.342
10032 220 189 3 3 0 2503.71 0.871 0.166 0.342
10033 189 221 3 3 0 1999.08 0.660 0.162 0.286
10034 221 189 3 3 0 1999.08 0.660 0.162 0.286
10035 189 222 3 3 0 2503.71 0.871 0.131 0.316
10036 222 189 3 3 0 2503.71 0.871 0.131 0.316
10037 190 191 3 3 0 1507.20 0.455 0.140 0.219
10038 191 190 3 3 0 1507.20 0.455 0.140 0.219
10039 190 221 3 3 0 2503.71 0.871 0.140 0.323
10040 221 190 3 3 0 2503.71 0.871 0.140 0.323
10041 190 222 3 3 0 1999.08 0.660 0.110 0.248
10042 222 190 3 3 0 1999.08 0.660 0.110 0.248
10043 190 223 3 3 0 2503.71 0.871 0.147 0.328
10044 223 190 3 3 0 2503.71 0.871 0.147 0.328
10045 191 192 3 3 0 1507.20 0.455 0.152 0.228
10046 192 191 3 3 0 1507.20 0.455 0.152 0.228
10047 191 222 3 3 0 2503.71 0.871 0.138 0.321
10048 222 191 3 3 0 2503.71 0.871 0.138 0.321
10049 191 223 3 3 0 1999.08 0.660 0.176 0.297
10050 223 191 3 3 0 1999.08 0.660 0.176 0.297
10051 191 224 3 3 0 2503.71 0.871 0.152 0.332
10052 224 191 3 3 0 2503.71 0.871 0.152 0.332
10053 192 193 3 3 0 1507.20 0.455 0.140 0.219
10054 193 192 3 3 0 1507.20 0.455 0.140 0.219
10055 192 223 3 3 0 2503.71 0.871 0.159 0.337
10056 223 192 3 3 0 2503.71 0.871 0.159 0.337
10057 192 224 3 3 0 1999.08 0.660 0.136 0.267
10058 224 192 3 3 0 1999.08 0.660 0.136 0.267
10059 192 225 3 3 0 2503.71 0.871 0.164 0.341
10060 225 192 3 3 0 2503.71 0.871 0.164 0.341
10061 193 194 3 3 0 1507.20 0.455 0.138 0.217
10062 194 193 3 3 0 1507.20 0.455 0.138 0.217
10063 193 224 3 3 0 2503.71 0.871 0.140 0.323
10064 224 193 3 3 0 2503.71 0.871 0.140 0.323
10065 193 225 3 3 0 1999.08 0.660 0.169 0.291
10066 225 193 3 3 0 1999.08 0.660 0.169 0.291
10067 193 226 3 3 0 2503.71 0.871 0.150 0.330
10068 226 193 3 3 0 2503.71 0.871 0.150 0.330
10069 194 195 3 3 0 1507.20 0.455 0.159 0.233
10070 195 194 3 3 0 1507.20 0.455 0.159 0.233
10071 194 225 3 3 0 2503.71 0.871 0.162 0.339
10072 225 194 3 3 0 2503.71 0.871 0.162 0.339
10073 194 226 3 3 0 1999.08 0.660 0.143 0.272
10074 226 194 3 3 0 1999.08 0.660 0.143 0.272
10075 194 227 3 3 0 2503.71 0.871 0.131 0.316
10076 227 194 3 3 0 2503.71 0.871 0.131 0.316
10077 195 196 3 3 0 1507.20 0.455 0.164 0.237
10078 196 195 3 3 0 1507.20 0.455 0.164 0.237
10079 195 226 3 3 0 2503.71 0.871 0.171 0.346
10080 226 195 3 3 0 2503.71 0.871 0.171 0.346
10081 195 227 3 3 0 1999.08 0.660 0.159 0.284
10082 227 195 3 3 0 1999.08 0.660 0.159 0.284
10083 195 228 3 3 0 2503.71 0.871 0.190 0.360
10084 228 195 3 3 0 2503.71 0.871 0.190 0.360
10085 196 197 3 3 0 1507.20 0.455 0.157 0.231
10086 197 196 3 3 0 1507.20 0.455 0.157 0.231
10087 196 227 3 3 0 2503.71 0.871 0.136 0.320
10088 227 196 3 3 0 2503.71 0.871 0.136 0.320
10089 196 228 3 3 0 1999.08 0.660 0.166 0.290
10090 228 196 3 3 0 1999.08 0.660 0.166 0.290
10091 196 229 3 3 0 2503.71 0.871 0.124 0.311
10092 229 196 3 3 0 2503.71 0.871 0.124 0.311
10093 197 198 3 3 0 1507.20 0.455 0.094 0.184
10094 198 197 3 3 0 1507.20 0.455 0.094 0.184
10095 197 228 3 3 0 2503.71 0.871 0.183 0.355
10096 228 197 3 3 0 2503.71 0.871 0.183 0.355
10097 197 229 3 3 0 1999.08 0.660 0.140 0.270
10098 229 197 3 3 0 1999.08 0.660 0.140 0.270
10099 197 230 3 3 0 2503.71 0.871 0.091 0.286
10100 230 197 3 3 0 2503.71 0.871 0.091 0.286
10101 198 199 3 3 0 1507.20 0.455 0.016 0.126
10102 199 198 3 3 0 1507.20 0.455 0.016 0.126
10103 198 229 3 3 0 2503.71 0.871 0.061 0.263
10104 229 198 3 3 0 2503.71 0.871 0.061 0.263
10105 198 230 3 3 0 1999.08 0.660 0.012 0.174
10106 230 198 3 3 0 1999.08 0.660 0.012 0.174
10107 198 231 3 3 0 2503.71 0.871 0.016 0.230
10108 231 198 3 3 0 2503.71 0.871 0.016 0.230
10109 199 200 3 3 0 1507.20 0.455 0.016 0.126
10110 200 199 3 3 0 1507.20 0.455 0.016 0.126
10111 199 230 3 3 0 2503.71 0.871 0.014 0.228
10112 230 199 3 3 0 2503.71 0.871 0.014 0.228
10113 199 231 3 3 0 1999.08 0.660 0.019 0.179
10114 231 199 3 3 0 1999.08 0.660 0.019 0.179
10115 199 232 3 3 0 2503.71 0.871 0.016 0.230
10116 232 199 3 3 0 2503.71 0.871 0.016 0.230
10117 200 201 3 3 0 1507.20 0.455 0.014 0.124
10118 201 200 3 3 0 1507.20 0.455 0.014 0.124
10119 200 231 3 3 0 2503.71 0.871 0.016 0.230
10120 231 200 3 3 0 2503.71 0.871 0.016 0.230
10121 200 232 3 3 0 1999.08 0.660 0.014 0.176
10122 232 200 3 3 0 1999.08 0.660 0.014 0.176
10123 200 233 3 3 0 2503.71 0.871 0.028 0.239
10124 233 200 3 3 0 2503.71 0.871 0.028 0.239
10125 201 202 3 3 0 1507.20 0.455 0.016 0.126
10126 202 201 3 3 0 1507.20 0.455 0.016 0.126
10127 201 232 3 3 0 2503.71 0.871 0.014 0.228
10128 232 201 3 3 0 2503.71 0.871 0.014 0.228
10129 201 233 3 3 0 1999.08 0.660 0.028 0.186
10130 233 201 3 3 0 1999.08 0.660 0.028 0.186
10131 201 234 3 3 0 2503.71 0.871 0.014 0.228
10132 234 201 3 3 0 2503.71 0.871 0.014 0.228
10133 202 203 3 3 0 1507.20 0.455 0.014 0.124
10134 203 202 3 3 0 1507.20 0.455 0.014 0.124
10135 202 233 3 3 0 2503.71 0.871 0.030 0.241
10136 233 202 3 3 0 2503.71 0.871 0.030 0.241
10137 202 234 3 3 0 1999.08 0.660 0.016 0.177
10138 234 202 3 3 0 1999.08 0.660 0.016 0.177
10139 202 235 3 3 0 2503.71 0.871 0.014 0.228
10140 235 202 3 3 0 2503.71 0.871 0.014 0.228
10141 203 204 3 3 0 1507.20 0.455 0.014 0.124
10142 204 203 3 3 0 1507.20 0.455 0.014 0.124
10143 203 234 3 3 0 2503.71 0.871 0.012 0.226
10144 234 203 3 3 0 2503.71 0.871 0.012 0.226
10145 203 235 3 3 0 1999.08 0.660 0.009 0.172
10146 235 203 3 3 0 1999.08 0.660 0.009 0.172
10147 203 236 3 3 0 2503.71 0.871 0.012 0.226
10148 236 203 3 3 0 2503.71 0.871 0.012 0.226
10149 204 205 3 3 0 1507.20 0.455 0.016 0.126
10150 205 204 3 3 0 1507.20 0.455 0.016 0.126
10151 204 235 3 3 0 2503.71 0.871 0.014 0.228
10152 235 204 3 3 0 2503.71 0.871 0.014 0.228
10153 204 236 3 3 0 1999.08 0.660 0.016 0.177
10154 236 204 3 3 0 1999.08 0.660 0.016 0.177
10155 204 237 3 3 0 2503.71 0.871 0.014 0.228
10156 237 204 3 3 0 2503.71 0.871 0.014 0.228
10157 205 206 3 3 0 1507.20 0.455 0.012 0.123
10158 206 205 3 3 0 1507.20 0.455 0.012 0.123
10159 205 236 3 3 0 2503.71 0.871 0.014 0.228
10160 236 205 3 3 0 2503.71 0.871 0.014 0.228
10161 205 237 3 3 0 1999.08 0.660 0.012 0.174
10162 237 205 3 3 0 1999.08 0.660 0.012 0.174
10163 205 238 3 3 0 2503.71 0.871 0.012 0.226
10164 238 205 3 3 0 2503.71 0.871 0.012 0.226
10165 206 207 3 3 0 1507.20 0.455 0.012 0.123
10166 207 206 3 3 0 1507.20 0.455 0.012 0.123
10167 206 237 3 3 0 2503.71 0.871 0.009 0.225
10168 237 206 3 3 0 2503.71 0.871 0.009 0.225
10169 206 238 3 3 0 1999.08 0.660 0.009 0.172
10170 238 206 3 3 0 1999.08 0.660 0.009 0.172
10171 206 239 3 3 0 2503.71 0.871 0.021 0.233
10172 239 206 3 3 0 2503.71 0.871 0.021 0.233
10173 207 208 3 3 0 1507.20 0.455 0.014 0.124
10174 208 207 3 3 0 1507.20 0.455 0.014 0.124
10175 207 238 3 3 0 2503.71 0.871 0.012 0.226
10176 238 207 3 3 0 2503.71 0.871 0.012 0.226
10177 207 239 3 3 0 1999.08 0.660 0.023 0.183
10178 239 207 3 3 0 1999.08 0.660 0.023 0.183
10179 207 240 3 3 0 2503.71 0.871 0.023 0.235
10180 240 207 3 3 0 2503.71 0.871 0.023 0.235
10181 208 209 3 3 0 1507.20 0.455 0.012 0.123
10182 209 208 3 3 0 1507.20 0.455 0.012 0.123
10183 208 239 3 3 0 2503.71 0.871 0.023 0.235
10184 239 208 3 3 0 2503.71 0.871 0.023 0.235
10185 208 240 3 3 0 1999.08 0.660 0.023 0.183
10186 240 208 3 3 0 1999.08 0.660 0.023 0.183
10187 208 241 3 3 0 2503.71 0.871 0.016 0.230
10188 241 208 3 3 0 2503.71 0.871 0.016 0.230
10189 209 210 3 3 0 1507.20 0.455 0.014 0.124
10190 210 209 3 3 0 1507.20 0.455 0.014 0.124
10191 209 240 3 3 0 2503.71 0.871 0.021 0.233
10192 240 209 3 3 0 2503.71 0.871 0.021 0.233
10193 209 241 3 3 0 1999.08 0.660 0.014 0.176
10194 241 209 3 3 0 1999.08 0.660 0.014 0.176
10195 209 242 3 3 0 2503.71 0.871 0.012 0.226
10196 242 209 3 3 0 2503.71 0.871 0.012 0.226
10197 210 211 3 3 0 1507.20 0.455 0.019 0.128
10198 211 210 3 3 0 1507.20 0.455 0.019 0.128
10199 210 241 3 3 0 2503.71 0.871 0.019 0.232
10200 241 210 3 3 0 2503.71 0.871 0.019 0.232
10201 210 242 3 3 0 1999.08 0.660 0.016 0.177
10202 242 210 3 3 0 1999.08 0.660 0.016 0.177
10203 210 243 3 3 0 2503.71 0.871 0.016 0.230
10204 243 210 3 3 0 2503.71 0.871 0.016 0.230
10205 211 212 3 3 0 1507.20 0.455 0.016 0.126
10206 212 211 3 3 0 1507.20 0.455 0.016 0.126
10207 211 242 3 3 0 2503.71 0.871 0.016 0.230
10208 242 211 3 3 0 2503.71 0.871 0.016 0.230
10209 211 243 3 3 0 1999.08 0.660 0.016 0.177
10210 243 211 3 3 0 1999.08 0.660 0.016 0.177
10211 211 244 3 3 0 2503.71 0.871 0.016 0.230
10212 244 211 3 3 0 2503.71 0.871 0.016 0.230
10213 212 213 3 3 0 1507.20 0.455 0.012 0.123
10214 213 212 3 3 0 1507.20 0.455 0.012 0.123
10215 212 243 3 3 0 2503.71 0.871 0.014 0.228
10216 243 212 3 3 0 2503.71 0.871 0.014 0.228
10217 212 244 3 3 0 1999.08 0.660 0.014 0.176
10218 244 212 3 3 0 1999.08 0.660 0.014 0.176
10219 212 245 3 3 0 2503.71 0.871 0.014 0.228
10220 245 212 3 3 0 2503.71 0.871 0.014 0.228
10221 213 214 3 3 0 1507.20 0.455 0.014 0.124
10222 214 213 3 3 0 1507.20 0.455 0.014 0.124
10223 213 244 3 3 0 2503.71 0.871 0.012 0.226
10224 244 213 3 3 0 2503.71 0.871 0.012 0.226
10225 213 245 3 3 0 1999.08 0.660 0.012 0.174
10226 245 213 3 3 0 1999.08 0.660 0.012 0.174
10227 213 246 3 3 0 2503.71 0.871 0.012 0.226
10228 246 213 3 3 0 2503.71 0.871 0.012 0.226
10229 214 215 3 3 0 1507.20 0.455 0.014 0.124
10230 215 214 3 3 0 1507.20 0.455 0.014 0.124
10231 214 245 3 3 0 2503.71 0.871 0.016 0.230
10232 245 214 3 3 0 2503.71 0.871 0.016 0.230
10233 214 246 3 3 0 1999.08 0.660 0.016 0.177
10234 246 214 3 3 0 1999.08 0.660 0.016 0.177
10235 214 247 3 3 0 2503.71 0.871 0.016 0.230
10236 247 214 3 3 0 2503.71 0.871 0.016 0.230
10237 215 216 3 3 0 1507.20 0.455 0.009 0.121
10238 216 215 3 3 0 1507.20 0.455 0.009 0.121
10239 215 246 3 3 0 2503.71 0.871 0.012 0.226
10240 246 215 3 3 0 2503.71 0.871 0.012 0.226
10241 215 247 3 3 0 1999.08 0.660 0.012 0.174
10242 247 215 3 3 0 1999.08 0.660 0.012 0.174
10243 216 217 3 3 0 1507.20 0.455 0.012 0.123
10244 217 216 3 3 0 1507.20 0.455 0.012 0.123
10245 216 247 3 3 0 2503.71 0.871 0.012 0.226
10246 247 216 3 3 0 2503.71 0.871 0.012 0.226
10247 216 248 3 3 0 1999.08 0.660 0.012 0.174
10248 248 216 3 3 0 1999.08 0.660 0.012 0.174
10249 216 249 3 3 0 2503.71 0.871 0.012 0.226
10250 249 216 3 3 0 2503.71 0.871 0.012 0.226
10251 217 218 3 3 0 1507.20 0.455 0.012 0.123
10252 218 217 3 3 0 1507.20 0.455 0.012 0.123
10253 217 248 3 3 0 2503.71 0.871 0.014 0.228
10254 248 217 3 3 0 2503.71 0.871 0.014 0.228
10255 217 249 3 3 0 1999.08 0.660 0.014 0.176
10256 249 217 3 3 0 1999.08 0.660 0.014 0.176
10257 217 250 3 3 0 2503.71 0.871 0.016 0.230
10258 250 217 3 3 0 2503.71 0.871 0.016 0.230
10259 218 219 3 3 0 1507.20 0.455 0.012 0.123
10260 219 218 3 3 0 1507.20 0.455 0.012 0.123
10261 218 249 3 3 0 2503.71 0.871 0.012 0.226
10262 249 218 3 3 0 2503.71 0.871 0.012 0.226
10263 218 250 3 3 0 1999.08 0.660 0.014 0.176
10264 250 218 3 3 0 1999.08 0.660 0.014 0.176
10265 218 251 3 3 0 2503.71 0.871 0.012 0.226
10266 251 218 3 3 0 2503.71 0.871 0.012 0.226
10267 219 250 3 3 0 2503.71 0.871 0.016 0.230
10268 250 219 3 3 0 2503.71 0.871 0.016 0.230
10269 219 251 3 3 0 1999.08 0.660 0.014 0.176
10270 251 219 3 3 0 1999.08 0.660 0.014 0.176
10271 219 252 3 3 0 2503.71 0.871 0.012 0.226
10272 252 219 3 3 0 2503.71 0.871 0.012 0.226
10273 220 221 3 3 0 1507.61 0.455 0.173 0.244
10274 221 220 3 3 0 1507.61 0.455 0.173 0.244
10275 220 254 3 3 0 1999.07 0.660 0.105 0.244
10276 254 220 3 3 0 1999.07 0.660 0.105 0.244
10277 220 255 3 3 0 2503.96 0.871 0.112 0.302
10278 255 220 3 3 0 2503.96 0.871 0.112 0.302
10279 221 222 3 3 0 1507.61 0.455 0.138 0.217
10280 222 221 3 3 0 1507.61 0.455 0.138 0.217
10281 221 254 3 3 0 2503.96 0.871 0.101 0.293
10282 254 221 3 3 0 2503.96 0.871 0.101 0.293
10283 221 255 3 3 0 1999.07 0.660 0.108 0.246
10284 255 221 3 3 0 1999.07 0.660 0.108 0.246
10285 221 256 3 3 0 2503.96 0.871 0.103 0.295
10286 256 221 3 3 0 2503.96 0.871 0.103 0.295
10287 222 223 3 3 0 1507.61 0.455 0.145 0.223
10288 223 222 3 3 0 1507.61 0.455 0.145 0.223
10289 222 255 3 3 0 2503.96 0.871 0.077 0.276
10290 255 222 3 3 0 2503.96 0.871 0.077 0.276
10291 222 256 3 3 0 1999.07 0.660 0.073 0.220
10292 256 222 3 3 0 1999.07 0.660 0.073 0.220
10293 222 257 3 3 0 2503.96 0.871 0.082 0.279
10294 257 222 3 3 0 2503.96 0.871 0.082 0.279
10295 223 224 3 3 0 1507.61 0.455 0.159 0.233
10296 224 223 3 3 0 1507.61 0.455 0.159 0.233
10297 223 256 3 3 0 2503.96 0.871 0.110 0.300
10298 256 223 3 3 0 2503.96 0.871 0.110 0.300
10299 223 257 3 3 0 1999.07 0.660 0.119 0.255
10300 257 223 3 3 0 1999.07 0.660 0.119 0.255
10301 223 258 3 3 0 2503.96 0.871 0.110 0.300
10302 258 223 3 3 0 2503.96 0.871 0.110 0.300
10303 224 225 3 3 0 1507.61 0.455 0.164 0.237
10304 225 224 3 3 0 1507.61 0.455 0.164 0.237
10305 224 257 3 3 0 2503.96 0.871 0.096 0.290
10306 257 224 3 3 0 2503.96 0.871 0.096 0.290
10307 224 258 3 3 0 1999.07 0.660 0.087 0.230
10308 258 224 3 3 0 1999.07 0.660 0.087 0.230
10309 224 259 3 3 0 2503.96 0.871 0.084 0.281
10310 259 224 3 3 0 2503.96 0.871 0.084 0.281
10311 225 226 3 3 0 1507.61 0.455 0.173 0.244
10312 226 225 3 3 0 1507.61 0.455 0.173 0.244
10313 225 258 3 3 0 2503.96 0.871 0.115 0.304
10314 258 225 3 3 0 2503.96 0.871 0.115 0.304
10315 225 259 3 3 0 1999.07 0.660 0.112 0.249
10316 259 225 3 3 0 1999.07 0.660 0.112 0.249
10317 225 260 3 3 0 2503.96 0.871 0.171 0.346
10318 260 225 3 3 0 2503.96 0.871 0.171 0.346
10319 226 227 3 3 0 1507.61 0.455 0.143 0.221
10320 227 226 3 3 0 1507.61 0.455 0.143 0.221
10321 226 259 3 3 0 2503.96 0.871 0.094 0.288
10322 259 226 3 3 0 2503.96 0.871 0.094 0.288
10323 226 260 3 3 0 1999.07 0.660 0.152 0.279
10324 260 226 3 3 0 1999.07 0.660 0.152 0.279
10325 226 261 3 3 0 2503.96 0.871 0.176 0.349
10326 261 226 3 3 0 2503.96 0.871 0.176 0.349
10327 227 228 3 3 0 1507.61 0.455 0.162 0.235
10328 228 227 3 3 0 1507.61 0.455 0.162 0.235
10329 227 260 3 3 0 2503.96 0.871 0.140 0.323
10330 260 227 3 3 0 2503.96 0.871 0.140 0.323
10331 227 261 3 3 0 1999.07 0.660 0.164 0.288
10332 261 227 3 3 0 1999.07 0.660 0.164 0.288
10333 227 262 3 3 0 2503.96 0.871 0.124 0.311
10334 262 227 3 3 0 2503.96 0.871 0.124 0.311
10335 228 229 3 3 0 1507.61 0.455 0.150 0.226
10336 229 228 3 3 0 1507.61 0.455 0.150 0.226
10337 228 261 3 3 0 2503.96 0.871 0.194 0.363
10338 261 228 3 3 0 2503.96 0.871 0.194 0.363
10339 228 262 3 3 0 1999.07 0.660 0.155 0.281
10340 262 228 3 3 0 1999.07 0.660 0.155 0.281
10341 228 263 3 3 0 2503.96 0.871 0.105 0.297
10342 263 228 3 3 0 2503.96 0.871 0.105 0.297
10343 229 230 3 3 0 1507.61 0.455 0.059 0.158
10344 230 229 3 3 0 1507.61 0.455 0.059 0.158
10345 229 262 3 3 0 2503.96 0.871 0.112 0.302
10346 262 229 3 3 0 2503.96 0.871 0.112 0.302
10347 229 263 3 3 0 1999.07 0.660 0.063 0.212
10348 263 229 3 3 0 1999.07 0.660 0.063 0.212
10349 229 264 3 3 0 2503.96 0.871 0.061 0.263
10350 264 229 3 3 0 2503.96 0.871 0.061 0.263
10351 230 231 3 3 0 1507.61 0.455 0.014 0.124
10352 231 230 3 3 0 1507.61 0.455 0.014 0.124
10353 230 263 3 3 0 2503.96 0.871 0.014 0.228
10354 263 230 3 3 0 2503.96 0.871 0.014 0.228
10355 230 264 3 3 0 1999.07 0.660 0.012 0.174
10356 264 230 3 3 0 1999.07 0.660 0.012 0.174
10357 230 265 3 3 0 2503.96 0.871 0.012 0.227
10358 265 230 3 3 0 2503.96 0.871 0.012 0.227
10359 231 232 3 3 0 1507.61 0.455 0.016 0.126
10360 232 231 3 3 0 1507.61 0.455 0.016 0.126
10361 231 264 3 3 0 2503.96 0.871 0.016 0.230
10362 264 231 3 3 0 2503.96 0.871 0.016 0.230
10363 231 265 3 3 0 1999.07 0.660 0.016 0.177
10364 265 231 3 3 0 1999.07 0.660 0.016 0.177
10365 231 266 3 3 0 2503.96 0.871 0.033 0.242
10366 266 231 3 3 0 2503.96 0.871 0.033 0.242
10367 232 233 3 3 0 1507.61 0.455 0.028 0.135
10368 233 232 3 3 0 1507.61 0.455 0.028 0.135
10369 232 265 3 3 0 2503.96 0.871 0.014 0.228
10370 265 232 3 3 0 2503.96 0.871 0.014 0.228
10371 232 266 3 3 0 1999.07 0.660 0.030 0.188
10372 266 232 3 3 0 1999.07 0.660 0.030 0.188
10373 232 267 3 3 0 2503.96 0.871 0.023 0.235
10374 267 232 3 3 0 2503.96 0.871 0.023 0.235
10375 233 234 3 3 0 1507.61 0.455 0.028 0.135
10376 234 233 3 3 0 1507.61 0.455 0.028 0.135
10377 233 266 3 3 0 2503.96 0.871 0.044 0.251
10378 266 233 3 3 0 2503.96 0.871 0.044 0.251
10379 233 267 3 3 0 1999.07 0.660 0.037 0.193
10380 267 233 3 3 0 1999.07 0.660 0.037 0.193
10381 233 268 3 3 0 2503.96 0.871 0.047 0.253
10382 268 233 3 3 0 2503.96 0.871 0.047 0.253
10383 234 235 3 3 0 1507.61 0.455 0.012 0.123
10384 235 234 3 3 0 1507.61 0.455 0.012 0.123
10385 234 267 3 3 0 2503.96 0.871 0.023 0.235
10386 267 234 3 3 0 2503.96 0.871 0.023 0.235
10387 234 268 3 3 0 1999.07 0.660 0.033 0.190
10388 268 234 3 3 0 1999.07 0.660 0.033 0.190
10389 234 269 3 3 0 2503.96 0.871 0.026 0.237
10390 269 234 3 3 0 2503.96 0.871 0.026 0.237
10391 235 236 3 3 0 1507.61 0.455 0.012 0.123
10392 236 235 3 3 0 1507.61 0.455 0.012 0.123
10393 235 268 3 3 0 2503.96 0.871 0.030 0.241
10394 268 235 3 3 0 2503.96 0.871 0.030 0.241
10395 235 269 3 3 0 1999.07 0.660 0.023 0.183
10396 269 235 3 3 0 1999.07 0.660 0.023 0.183
10397 235 270 3 3 0 2503.96 0.871 0.028 0.239
10398 270 235 3 3 0 2503.96 0.871 0.028 0.239
10399 236 237 3 3 0 1507.61 0.455 0.012 0.123
10400 237 236 3 3 0 1507.61 0.455 0.012 0.123
10401 236 269 3 3 0 2503.96 0.871 0.026 0.237
10402 269 236 3 3 0 2503.96 0.871 0.026 0.237
10403 236 270 3 3 0 1999.07 0.660 0.030 0.188
10404 270 236 3 3 0 1999.07 0.660 0.030 0.188
10405 236 271 3 3 0 2503.96 0.871 0.030 0.241
10406 271 236 3 3 0 2503.96 0.871 0.030 0.241
10407 237 238 3 3 0 1507.61 0.455 0.009 0.121
10408 238 237 3 3 0 1507.61 0.455 0.009 0.121
10409 237 270 3 3 0 2503.96 0.871 0.028 0.239
10410 270 237 3 3 0 2503.96 0.871 0.028 0.239
10411 237 271 3 3 0 1999.07 0.660 0.028 0.186
10412 271 237 3 3 0 1999.07 0.660 0.028 0.186
10413 237 272 3 3 0 2503.96 0.871 0.033 0.242
10414 272 237 3 3 0 2503.96 0.871 0.033 0.242
10415 238 239 3 3 0 1507.61 0.455 0.021 0.130
10416 239 238 3 3 0 1507.61 0.455 0.021 0.130
10417 238 271 3 3 0 2503.96 0.871 0.028 0.239
10418 271 238 3 3 0 2503.96 0.871 0.028 0.239
10419 238 272 3 3 0 1999.07 0.660 0.033 0.190
10420 272 238 3 3 0 1999.07 0.660 0.033 0.190
10421 238 273 3 3 0 2503.96 0.871 0.009 0.225
10422 273 238 3 3 0 2503.96 0.871 0.009 0.225
10423 239 240 3 3 0 1507.61 0.455 0.033 0.138
10424 240 239 3 3 0 1507.61 0.455 0.033 0.138
10425 239 272 3 3 0 2503.96 0.871 0.044 0.251
10426 272 239 3 3 0 2503.96 0.871 0.044 0.251
10427 239 273 3 3 0 1999.07 0.660 0.021 0.181
10428 273 239 3 3 0 1999.07 0.660 0.021 0.181
10429 239 274 3 3 0 2503.96 0.871 0.023 0.235
10430 274 239 3 3 0 2503.96 0.871 0.023 0.235
10431 240 241 3 3 0 1507.61 0.455 0.026 0.133
10432 241 240 3 3 0 1507.61 0.455 0.026 0.133
10433 240 273 3 3 0 2503.96 0.871 0.021 0.234
10434 273 240 3 3 0 2503.96 0.871 0.021 0.234
10435 240 274 3 3 0 1999.07 0.660 0.023 0.183
10436 274 240 3 3 0 1999.07 0.660 0.023 0.183
10437 240 275 3 3 0 2503.96 0.871 0.021 0.234
10438 275 240 3 3 0 2503.96 0.871 0.021 0.234
10439 241 242 3 3 0 1507.61 0.455 0.016 0.126
10440 242 241 3 3 0 1507.61 0.455 0.016 0.126
10441 241 274 3 3 0 2503.96 0.871 0.016 0.230
10442 274 241 3 3 0 2503.96 0.871 0.016 0.230
10443 241 275 3 3 0 1999.07 0.660 0.014 0.176
10444 275 241 3 3 0 1999.07 0.660 0.014 0.176
10445 241 276 3 3 0 2503.96 0.871 0.014 0.228
10446 276 241 3 3 0 2503.96 0.871 0.014 0.228
10447 242 243 3 3 0 1507.61 0.455 0.014 0.124
10448 243 242 3 3 0 1507.61 0.455 0.014 0.124
10449 242 275 3 3 0 2503.96 0.871 0.012 0.227
10450 275 242 3 3 0 2503.96 0.871 0.012 0.227
10451 242 276 3 3 0 1999.07 0.660 0.012 0.174
10452 276 242 3 3 0 1999.07 0.660 0.012 0.174
10453 242 277 3 3 0 2503.96 0.871 0.012 0.227
10454 277 242 3 3 0 2503.96 0.871 0.012 0.227
10455 243 244 3 3 0 1507.61 0.455 0.014 0.124
10456 244 243 3 3 0 1507.61 0.455 0.014 0.124
10457 243 276 3 3 0 2503.96 0.871 0.012 0.227
10458 276 243 3 3 0 2503.96 0.871 0.012 0.227
10459 243 277 3 3 0 1999.07 0.660 0.012 0.174
10460 277 243 3 3 0 1999.07 0.660 0.012 0.174
10461 243 278 3 3 0 2503.96 0.871 0.012 0.227
10462 278 243 3 3 0 2503.96 0.871 0.012 0.227
10463 244 245 3 3 0 1507.61 0.455 0.014 0.124
10464 245 244 3 3 0 1507.61 0.455 0.014 0.124
10465 244 277 3 3 0 2503.96 0.871 0.012 0.227
10466 277 244 3 3 0 2503.96 0.871 0.012 0.227
10467 244 278 3 3 0 1999.07 0.660 0.012 0.174
10468 278 244 3 3 0 1999.07 0.660 0.012 0.174
10469 244 279 3 3 0 2503.96 0.871 0.016 0.230
10470 279 244 3 3 0 2503.96 0.871 0.016 0.230
10471 245 246 3 3 0 1507.61 0.455 0.014 0.124
10472 246 245 3 3 0 1507.61 0.455 0.014 0.124
10473 245 278 3 3 0 2503.96 0.871 0.012 0.227
10474 278 245 3 3 0 2503.96 0.871 0.012 0.227
10475 245 279 3 3 0 1999.07 0.660 0.016 0.177
10476 279 245 3 3 0 1999.07 0.660 0.016 0.177
10477 245 280 3 3 0 2503.96 0.871 0.016 0.230
10478 280 245 3 3 0 2503.96 0.871 0.016 0.230
10479 246 247 3 3 0 1507.61 0.455 0.014 0.124
10480 247 246 3 3 0 1507.61 0.455 0.014 0.124
10481 246 279 3 3 0 2503.96 0.871 0.016 0.230
10482 279 246 3 3 0 2503.96 0.871 0.016 0.230
10483 246 280 3 3 0 1999.07 0.660 0.016 0.177
10484 280 246 3 3 0 1999.07 0.660 0.016 0.177
10485 246 281 3 3 0 2503.96 0.871 0.014 0.228
10486 281 246 3 3 0 2503.96 0.871 0.014 0.228
10487 247 248 3 3 0 1507.61 0.455 0.014 0.124
10488 248 247 3 3 0 1507.61 0.455 0.014 0.124
10489 247 280 3 3 0 2503.96 0.871 0.016 0.230
10490 280 247 3 3 0 2503.96 0.871 0.016 0.230
10491 247 281 3 3 0 1999.07 0.660 0.014 0.176
10492 281 247 3 3 0 1999.07 0.660 0.014 0.176
10493 248 249 3 3 0 1507.61 0.455 0.014 0.124
10494 249 248 3 3 0 1507.61 0.455 0.014 0.124
10495 248 281 3 3 0 2503.96 0.871 0.014 0.228
10496 281 248 3 3 0 2503.96 0.871 0.014 0.228
10497 248 282 3 3 0 1999.07 0.660 0.012 0.174
10498 282 248 3 3 0 1999.07 0.660 0.012 0.174
10499 248 283 3 3 0 2503.96 0.871 0.012 0.227
10500 283 248 3 3 0 2503.96 0.871 0.012 0.227
10501 249 250 3 3 0 1507.61 0.455 0.016 0.126
10502 250 249 3 3 0 1507.61 0.455 0.016 0.126
10503 249 282 3 3 0 2503.96 0.871 0.012 0.227
10504 282 249 3 3 0 2503.96 0.871 0.012 0.227
10505 249 283 3 3 0 1999.07 0.660 0.012 0.174
10506 283 249 3 3 0 1999.07 0.660 0.012 0.174
10507 249 284 3 3 0 2503.96 0.871 0.014 0.228
10508 284 249 3 3 0 2503.96 0.871 0.014 0.228
10509 250 251 3 3 0 1507.61 0.455 0.016 0.126
10510 251 250 3 3 0 1507.61 0.455 0.016 0.126
10511 250 283 3 3 0 2503.96 0.871 0.014 0.228
10512 283 250 3 3 0 2503.96 0.871 0.014 0.228
10513 250 284 3 3 0 1999.07 0.660 0.016 0.177
10514 284 250 3 3 0 1999.07 0.660 0.016 0.177
10515 250 285 3 3 0 2503.96 0.871 0.016 0.230
10516 285 250 3 3 0 2503.96 0.871 0.016 0.230
10517 251 252 3 3 0 1507.61 0.455 0.012 0.123
10518 252 251 3 3 0 1507.61 0.455 0.012 0.123
10519 251 284 3 3 0 2503.96 0.871 0.014 0.228
10520 284 251 3 3 0 2503.96 0.871 0.014 0.228
10521 251 285 3 3 0 1999.07 0.660 0.014 0.176
10522 285 251 3 3 0 1999.07 0.660 0.014 0.176
10523 251 286 3 3 0 2503.96 0.871 0.016 0.230
10524 286 251 3 3 0 2503.96 0.871 0.016 0.230
10525 252 253 3 3 0 1507.61 0.455 0.014 0.124
10526 253 252 3 3 0 1507.61 0.455 0.014 0.124
10527 252 285 3 3 0 2503.96 0.871 0.012 0.227
10528 285 252 3 3 0 2503.96 0.871 0.012 0.227
10529 252 286 3 3 0 1999.07 0.660 0.014 0.176
10530 286 252 3 3 0 1999.07 0.660 0.014 0.176
10531 252 287 3 3 0 2503.96 0.871 0.012 0.227
10532 287 252 3 3 0 2503.96 0.871 0.012 0.227
10533 253 286 3 3 0 2503.96 0.871 0.019 0.232
10534 286 253 3 3 0 2503.96 0.871 0.019 0.232
10535 253 287 3 3 0 1999.07 0.660 0.016 0.177
10536 287 253 3 3 0 1999.07 0.660 0.016 0.177
10537 253 288 3 3 0 2503.96 0.871 0.080 0.277
10538 288 253 3 3 0 2503.96 0.871 0.080 0.277
10539 254 255 3 3 0 1508.03 0.456 0.040 0.144
10540 255 254 3 3 0 1508.03 0.456 0.040 0.144
10541 254 291 3 3 0 2504.20 0.871 0.044 0.251
10542 291 254 3 3 0 2504.20 0.871 0.044 0.251
10543 255 256 3 3 0 1508.03 0.456 0.042 0.145
10544 256 255 3 3 0 1508.03 0.456 0.042 0.145
10545 255 291 3 3 0 1999.06 0.660 0.052 0.204
10546 291 255 3 3 0 1999.06 0.660 0.052 0.204
10547 255 292 3 3 0 2504.20 0.871 0.037 0.246
10548 292 255 3 3 0 2504.20 0.871 0.037 0.246
10549 256 257 3 3 0 1508.03 0.456 0.047 0.149
10550 257 256 3 3 0 1508.03 0.456 0.047 0.149
10551 256 291 3 3 0 2504.20 0.871 0.047 0.253
10552 291 256 3 3 0 2504.20 0.871 0.047 0.253
10553 256 292 3 3 0 1999.06 0.660 0.033 0.190
10554 292 256 3 3 0 1999.06 0.660 0.033 0.190
10555 256 293 3 3 0 2504.20 0.871 0.037 0.246
10556 293 256 3 3 0 2504.20 0.871 0.037 0.246
10557 257 258 3 3 0 1508.03 0.456 0.047 0.149
10558 258 257 3 3 0 1508.03 0.456 0.047 0.149
10559 257 292 3 3 0 2504.20 0.871 0.042 0.249
10560 292 257 3 3 0 2504.20 0.871 0.042 0.249
10561 257 293 3 3 0 1999.06 0.660 0.047 0.200
10562 293 257 3 3 0 1999.06 0.660 0.047 0.200
10563 257 294 3 3 0 2504.20 0.871 0.054 0.258
10564 294 257 3 3 0 2504.20 0.871 0.054 0.258
10565 258 259 3 3 0 1508.03 0.456 0.035 0.140
10566 259 258 3 3 0 1508.03 0.456 0.035 0.140
10567 258 293 3 3 0 2504.20 0.871 0.037 0.246
10568 293 258 3 3 0 2504.20 0.871 0.037 0.246
10569 258 294 3 3 0 1999.06 0.660 0.044 0.198
10570 294 258 3 3 0 1999.06 0.660 0.044 0.198
10571 258 295 3 3 0 2504.20 0.871 0.044 0.251
10572 295 258 3 3 0 2504.20 0.871 0.044 0.251
10573 259 260 3 3 0 1508.03 0.456 0.091 0.182
10574 260 259 3 3 0 1508.03 0.456 0.091 0.182
10575 259 294 3 3 0 2504.20 0.871 0.042 0.249
10576 294 259 3 3 0 2504.20 0.871 0.042 0.249
10577 259 295 3 3 0 1999.06 0.660 0.042 0.197
10578 295 259 3 3 0 1999.06 0.660 0.042 0.197
10579 259 296 3 3 0 2504.20 0.871 0.044 0.251
10580 296 259 3 3 0 2504.20 0.871 0.044 0.251
10581 260 261 3 3 0 1508.03 0.456 0.173 0.244
10582 261 260 3 3 0 1508.03 0.456 0.173 0.244
10583 260 295 3 3 0 2504.20 0.871 0.101 0.293
10584 295 260 3 3 0 2504.20 0.871 0.101 0.293
10585 260 296 3 3 0 1999.06 0.660 0.103 0.242
10586 296 260 3 3 0 1999.06 0.660 0.103 0.242
10587 260 297 3 3 0 2504.20 0.871 0.143 0.325
10588 297 260 3 3 0 2504.20 0.871 0.143 0.325
10589 261 262 3 3 0 1508.03 0.456 0.157 0.232
10590 262 261 3 3 0 1508.03 0.456 0.157 0.232
10591 261 296 3 3 0 2504.20 0.871 0.126 0.313
10592 296 261 3 3 0 2504.20 0.871 0.126 0.313
10593 261 297 3 3 0 1999.06 0.660 0.166 0.290
10594 297 261 3 3 0 1999.06 0.660 0.166 0.290
10595 261 298 3 3 0 2504.20 0.871 0.180 0.353
10596 298 261 3 3 0 2504.20 0.871 0.180 0.353
10597 262 263 3 3 0 1508.03 0.456 0.068 0.165
10598 263 262 3 3 0 1508.03 0.456 0.068 0.165
10599 262 297 3 3 0 2504.20 0.871 0.126 0.313
10600 297 262 3 3 0 2504.20 0.871 0.126 0.313
10601 262 298 3 3 0 1999.06 0.660 0.140 0.270
10602 298 262 3 3 0 1999.06 0.660 0.140 0.270
10603 262 299 3 3 0 2504.20 0.871 0.063 0.265
10604 299 262 3 3 0 2504.20 0.871 0.063 0.265
10605 263 264 3 3 0 1508.03 0.456 0.016 0.126
10606 264 263 3 3 0 1508.03 0.456 0.016 0.126
10607 263 298 3 3 0 2504.20 0.871 0.091 0.286
10608 298 263 3 3 0 2504.20 0.871 0.091 0.286
10609 263 299 3 3 0 1999.06 0.660 0.014 0.176
10610 299 263 3 3 0 1999.06 0.660 0.014 0.176
10611 263 300 3 3 0 2504.20 0.871 0.016 0.230
10612 300 263 3 3 0 2504.20 0.871 0.016 0.230
10613 264 265 3 3 0 1508.03 0.456 0.014 0.124
10614 265 264 3 3 0 1508.03 0.456 0.014 0.124
10615 264 299 3 3 0 2504.20 0.871 0.012 0.227
10616 299 264 3 3 0 2504.20 0.871 0.012 0.227
10617 264 300 3 3 0 1999.06 0.660 0.014 0.176
10618 300 264 3 3 0 1999.06 0.660 0.014 0.176
10619 264 301 3 3 0 2504.20 0.871 0.023 0.235
10620 301 264 3 3 0 2504.20 0.871 0.023 0.235
10621 265 266 3 3 0 1508.03 0.456 0.030 0.137
10622 266 265 3 3 0 1508.03 0.456 0.030 0.137
10623 265 300 3 3 0 2504.20 0.871 0.014 0.228
10624 300 265 3 3 0 2504.20 0.871 0.014 0.228
10625 265 301 3 3 0 1999.06 0.660 0.023 0.183
10626 301 265 3 3 0 1999.06 0.660 0.023 0.183
10627 265 302 3 3 0 2504.20 0.871 0.026 0.237
10628 302 265 3 3 0 2504.20 0.871 0.026 0.237
10629 266 267 3 3 0 1508.03 0.456 0.040 0.144
10630 267 266 3 3 0 1508.03 0.456 0.040 0.144
10631 266 301 3 3 0 2504.20 0.871 0.040 0.248
10632 301 266 3 3 0 2504.20 0.871 0.040 0.248
10633 266 302 3 3 0 1999.06 0.660 0.042 0.197
10634 302 266 3 3 0 1999.06 0.660 0.042 0.197
10635 266 303 3 3 0 2504.20 0.871 0.040 0.248
10636 303 266 3 3 0 2504.20 0.871 0.040 0.248
10637 267 268 3 3 0 1508.03 0.456 0.042 0.145
10638 268 267 3 3 0 1508.03 0.456 0.042 0.145
10639 267 302 3 3 0 2504.20 0.871 0.035 0.244
10640 302 267 3 3 0 2504.20 0.871 0.035 0.244
10641 267 303 3 3 0 1999.06 0.660 0.033 0.190
10642 303 267 3 3 0 1999.06 0.660 0.033 0.190
10643 267 304 3 3 0 2504.20 0.871 0.044 0.251
10644 304 267 3 3 0 2504.20 0.871 0.044 0.251
10645 268 269 3 3 0 1508.03 0.456 0.044 0.147
10646 269 268 3 3 0 1508.03 0.456 0.044 0.147
10647 268 303 3 3 0 2504.20 0.871 0.042 0.249
10648 303 268 3 3 0 2504.20 0.871 0.042 0.249
10649 268 304 3 3 0 1999.06 0.660 0.054 0.205
10650 304 268 3 3 0 1999.06 0.660 0.054 0.205
10651 268 305 3 3 0 2504.20 0.871 0.042 0.249
10652 305 268 3 3 0 2504.20 0.871 0.042 0.249
10653 269 270 3 3 0 1508.03 0.456 0.042 0.145
10654 270 269 3 3 0 1508.03 0.456 0.042 0.145
10655 269 304 3 3 0 2504.20 0.871 0.047 0.253
10656 304 269 3 3 0 2504.20 0.871 0.047 0.253
10657 269 305 3 3 0 1999.06 0.660 0.035 0.191
10658 305 269 3 3 0 1999.06 0.660 0.035 0.191
10659 269 306 3 3 0 2504.20 0.871 0.037 0.246
10660 306 269 3 3 0 2504.20 0.871 0.037 0.246
10661 270 271 3 3 0 1508.03 0.456 0.047 0.149
10662 271 270 3 3 0 1508.03 0.456 0.047 0.149
10663 270 305 3 3 0 2504.20 0.871 0.040 0.248
10664 305 270 3 3 0 2504.20 0.871 0.040 0.248
10665 270 306 3 3 0 1999.06 0.660 0.042 0.197
10666 306 270 3 3 0 1999.06 0.660 0.042 0.197
10667 270 307 3 3 0 2504.20 0.871 0.042 0.249
10668 307 270 3 3 0 2504.20 0.871 0.042 0.249
10669 271 272 3 3 0 1508.03 0.456 0.052 0.153
10670 272 271 3 3 0 1508.03 0.456 0.052 0.153
10671 271 306 3 3 0 2504.20 0.871 0.042 0.249
10672 306 271 3 3 0 2504.20 0.871 0.042 0.249
10673 271 307 3 3 0 1999.06 0.660 0.042 0.197
10674 307 271 3 3 0 1999.06 0.660 0.042 0.197
10675 271 308 3 3 0 2504.20 0.871 0.040 0.248
10676 308 271 3 3 0 2504.20 0.871 0.040 0.248
10677 272 273 3 3 0 1508.03 0.456 0.033 0.138
10678 273 272 3 3 0 1508.03 0.456 0.033 0.138
10679 272 307 3 3 0 2504.20 0.871 0.047 0.253
10680 307 272 3 3 0 2504.20 0.871 0.047 0.253
10681 272 308 3 3 0 1999.06 0.660 0.044 0.198
10682 308 272 3 3 0 1999.06 0.660 0.044 0.198
10683 272 309 3 3 0 2504.20 0.871 0.049 0.255
10684 309 272 3 3 0 2504.20 0.871 0.049 0.255
10685 273 274 3 3 0 1508.03 0.456 0.012 0.123
10686 274 273 3 3 0 1508.03 0.456 0.012 0.123
10687 273 308 3 3 0 2504.20 0.871 0.021 0.234
10688 308 273 3 3 0 2504.20 0.871 0.021 0.234
10689 273 309 3 3 0 1999.06 0.660 0.026 0.184
10690 309 273 3 3 0 1999.06 0.660 0.026 0.184
10691 273 310 3 3 0 2504.20 0.871 0.030 0.241
10692 310 273 3 3 0 2504.20 0.871 0.030 0.241
10693 274 275 3 3 0 1508.03 0.456 0.012 0.123
10694 275 274 3 3 0 1508.03 0.456 0.012 0.123
10695 274 309 3 3 0 2504.20 0.871 0.028 0.239
10696 309 274 3 3 0 2504.20 0.871 0.028 0.239
10697 274 310 3 3 0 1999.06 0.660 0.033 0.190
10698 310 274 3 3 0 1999.06 0.660 0.033 0.190
10699 274 311 3 3 0 2504.20 0.871 0.030 0.241
10700 311 274 3 3 0 2504.20 0.871 0.030 0.241
10701 275 276 3 3 0 1508.03 0.456 0.009 0.121
10702 276 275 3 3 0 1508.03 0.456 0.009 0.121
10703 275 310 3 3 0 2504.20 0.871 0.030 0.241
10704 310 275 3 3 0 2504.20 0.871 0.030 0.241
10705 275 311 3 3 0 1999.06 0.660 0.028 0.186
10706 311 275 3 3 0 1999.06 0.660 0.028 0.186
10707 275 312 3 3 0 2504.20 0.871 0.009 0.225
10708 312 275 3 3 0 2504.20 0.871 0.009 0.225
10709 276 277 3 3 0 1508.03 0.456 0.009 0.121
10710 277 276 3 3 0 1508.03 0.456 0.009 0.121
10711 276 311 3 3 0 2504.20 0.871 0.028 0.239
10712 311 276 3 3 0 2504.20 0.871 0.028 0.239
10713 276 312 3 3 0 1999.06 0.660 0.009 0.172
10714 312 276 3 3 0 1999.06 0.660 0.009 0.172
10715 276 313 3 3 0 2504.20 0.871 0.012 0.227
10716 313 276 3 3 0 2504.20 0.871 0.012 0.227
10717 277 278 3 3 0 1508.03 0.456 0.009 0.121
10718 278 277 3 3 0 1508.03 0.456 0.009 0.121
10719 277 312 3 3 0 2504.20 0.871 0.009 0.225
10720 312 277 3 3 0 2504.20 0.871 0.009 0.225
10721 277 313 3 3 0 1999.06 0.660 0.012 0.174
10722 313 277 3 3 0 1999.06 0.660 0.012 0.174
10723 277 314 3 3 0 2504.20 0.871 0.012 0.227
10724 314 277 3 3 0 2504.20 0.871 0.012 0.227
10725 278 279 3 3 0 1508.03 0.456 0.014 0.124
10726 279 278 3 3 0 1508.03 0.456 0.014 0.124
10727 278 313 3 3 0 2504.20 0.871 0.012 0.227
10728 313 278 3 3 0 2504.20 0.871 0.012 0.227
10729 278 314 3 3 0 1999.06 0.660 0.012 0.174
10730 314 278 3 3 0 1999.06 0.660 0.012 0.174
10731 278 315 3 3 0 2504.20 0.871 0.014 0.228
10732 315 278 3 3 0 2504.20 0.871 0.014 0.228
10733 279 280 3 3 0 1508.03 0.456 0.019 0.128
10734 280 279 3 3 0 1508.03 0.456 0.019 0.128
10735 279 314 3 3 0 2504.20 0.871 0.016 0.230
10736 314 279 3 3 0 2504.20 0.871 0.016 0.230
10737 279 315 3 3 0 1999.06 0.660 0.019 0.179
10738 315 279 3 3 0 1999.06 0.660 0.019 0.179
10739 279 316 3 3 0 2504.20 0.871 0.016 0.230
10740 316 279 3 3 0 2504.20 0.871 0.016 0.230
10741 280 281 3 3 0 1508.03 0.456 0.016 0.126
10742 281 280 3 3 0 1508.03 0.456 0.016 0.126
10743 280 315 3 3 0 2504.20 0.871 0.019 0.232
10744 315 280 3 3 0 2504.20 0.871 0.019 0.232
10745 280 316 3 3 0 1999.06 0.660 0.016 0.177
10746 316 280 3 3 0 1999.06 0.660 0.016 0.177
10747 280 317 3 3 0 2504.20 0.871 0.014 0.228
10748 317 280 3 3 0 2504.20 0.871 0.014 0.228
10749 281 282 3 3 0 1508.03 0.456 0.012 0.123
10750 282 281 3 3 0 1508.03 0.456 0.012 0.123
10751 281 316 3 3 0 2504.20 0.871 0.014 0.228
10752 316 281 3 3 0 2504.20 0.871 0.014 0.228
10753 281 317 3 3 0 1999.06 0.660 0.012 0.174
10754 317 281 3 3 0 1999.06 0.660 0.012 0.174
10755 281 318 3 3 0 2504.20 0.871 0.012 0.227
10756 318 281 3 3 0 2504.20 0.871 0.012 0.227
10757 282 283 3 3 0 1508.03 0.456 0.009 0.121
10758 283 282 3 3 0 1508.03 0.456 0.009 0.121
10759 282 317 3 3 0 2504.20 0.871 0.009 0.225
10760 317 282 3 3 0 2504.20 0.871 0.009 0.225
10761 282 318 3 3 0 1999.06 0.660 0.009 0.172
10762 318 282 3 3 0 1999.06 0.660 0.009 0.172
10763 282 319 3 3 0 2504.20 0.871 0.012 0.227
10764 319 282 3 3 0 2504.20 0.871 0.012 0.227
10765 283 284 3 3 0 1508.03 0.456 0.012 0.123
10766 284 283 3 3 0 1508.03 0.456 0.012 0.123
10767 283 318 3 3 0 2504.20 0.871 0.009 0.225
10768 318 283 3 3 0 2504.20 0.871 0.009 0.225
10769 283 319 3 3 0 1999.06 0.660 0.012 0.174
10770 319 283 3 3 0 1999.06 0.660 0.012 0.174
10771 284 285 3 3 0 1508.03 0.456 0.014 0.124
10772 285 284 3 3 0 1508.03 0.456 0.014 0.124
10773 284 319 3 3 0 2504.20 0.871 0.014 0.228
10774 319 284 3 3 0 2504.20 0.871 0.014 0.228
10775 284 320 3 3 0 1999.06 0.660 0.012 0.174
10776 320 284 3 3 0 1999.06 0.660 0.012 0.174
10777 284 321 3 3 0 2504.20 0.871 0.016 0.230
10778 321 284 3 3 0 2504.20 0.871 0.016 0.230
10779 285 286 3 3 0 1508.03 0.456 0.016 0.126
10780 286 285 3 3 0 1508.03 0.456 0.016 0.126
10781 285 320 3 3 0 2504.20 0.871 0.012 0.227
10782 320 285 3 3 0 2504.20 0.871 0.012 0.227
10783 285 321 3 3 0 1999.06 0.660 0.016 0.177
10784 321 285 3 3 0 1999.06 0.660 0.016 0.177
10785 285 322 3 3 0 2504.20 0.871 0.012 0.227
10786 322 285 3 3 0 2504.20 0.871 0.012 0.227
10787 286 287 3 3 0 1508.03 0.456 0.016 0.126
10788 287 286 3 3 0 1508.03 0.456 0.016 0.126
10789 286 321 3 3 0 2504.20 0.871 0.019 0.232
10790 321 286 3 3 0 2504.20 0.871 0.019 0.232
10791 286 322 3 3 0 1999.06 0.660 0.014 0.176
10792 322 286 3 3 0 1999.06 0.660 0.014 0.176
10793 286 323 3 3 0 2504.20 0.871 0.061 0.263
10794 323 286 3 3 0 2504.20 0.871 0.061 0.263
10795 287 288 3 3 0 1508.03 0.456 0.077 0.172
10796 288 287 3 3 0 1508.03 0.456 0.077 0.172
10797 287 322 3 3 0 2504.20 0.871 0.012 0.227
10798 322 287 3 3 0 2504.20 0.871 0.012 0.227
10799 287 323 3 3 0 1999.06 0.660 0.059 0.209
10800 323 287 3 3 0 1999.06 0.660 0.059 0.209
10801 287 324 3 3 0 2504.20 0.871 0.061 0.263
10802 324 287 3 3 0 2504.20 0.871 0.061 0.263
10803 288 289 3 3 0 1508.03 0.456 0.108 0.195
10804 289 288 3 3 0 1508.03 0.456 0.108 0.195
10805 288 323 3 3 0 2504.20 0.871 0.122 0.309
10806 323 288 3 3 0 2504.20 0.871 0.122 0.309
10807 288 324 3 3 0 1999.06 0.660 0.124 0.258
10808 324 288 3 3 0 1999.06 0.660 0.124 0.258
10809 288 325 3 3 0 2504.20 0.871 0.119 0.307
10810 325 288 3 3 0 2504.20 0.871 0.119 0.307
10811 289 290 3 3 0 1508.03 0.456 0.087 0.179
10812 290 289 3 3 0 1508.03 0.456 0.087 0.179
10813 289 324 3 3 0 2504.20 0.871 0.091 0.286
10814 324 289 3 3 0 2504.20 0.871 0.091 0.286
10815 289 325 3 3 0 1999.06 0.660 0.087 0.230
10816 325 289 3 3 0 1999.06 0.660 0.087 0.230
10817 289 326 3 3 0 2504.20 0.871 0.089 0.284
10818 326 289 3 3 0 2504.20 0.871 0.089 0.284
10819 290 325 3 3 0 2504.20 0.871 0.098 0.291
10820 325 290 3 3 0 2504.20 0.871 0.098 0.291
10821 290 326 3 3 0 1999.06 0.660 0.101 0.241
10822 326 290 3 3 0 1999.06 0.660 0.101 0.241
10823 290 327 3 3 0 2504.20 0.871 0.101 0.293
10824 327 290 3 3 0 2504.20 0.871 0.101 0.293
10825 291 292 3 3 0 1508.44 0.456 0.042 0.146
10826 292 291 3 3 0 1508.44 0.456 0.042 0.146
10827 292 293 3 3 0 1508.44 0.456 0.033 0.139
10828 293 292 3 3 0 1508.44 0.456 0.033 0.139
10829 293 294 3 3 0 1508.44 0.456 0.044 0.147
10830 294 293 3 3 0 1508.44 0.456 0.044 0.147
10831 293 329 3 3 0 2504.45 0.871 0.033 0.242
10832 329 293 3 3 0 2504.45 0.871 0.033 0.242
10833 294 295 3 3 0 1508.44 0.456 0.052 0.153
10834 295 294 3 3 0 1508.44 0.456 0.052 0.153
10835 294 329 3 3 0 1999.06 0.660 0.040 0.195
10836 329 294 3 3 0 1999.06 0.660 0.040 0.195
10837 294 330 3 3 0 2504.45 0.871 0.040 0.248
10838 330 294 3 3 0 2504.45 0.871 0.040 0.248
10839 295 296 3 3 0 1508.44 0.456 0.054 0.154
10840 296 295 3 3 0 1508.44 0.456 0.054 0.154
10841 295 329 3 3 0 2504.45 0.871 0.040 0.248
10842 329 295 3 3 0 2504.45 0.871 0.040 0.248
10843 295 330 3 3 0 1999.06 0.660 0.040 0.195
10844 330 295 3 3 0 1999.06 0.660 0.040 0.195
10845 295 331 3 3 0 2504.45 0.871 0.052 0.256
10846 331 295 3 3 0 2504.45 0.871 0.052 0.256
10847 296 297 3 3 0 1508.44 0.456 0.096 0.186
10848 297 296 3 3 0 1508.44 0.456 0.096 0.186
10849 296 330 3 3 0 2504.45 0.871 0.042 0.249
10850 330 296 3 3 0 2504.45 0.871 0.042 0.249
10851 296 331 3 3 0 1999.06 0.660 0.054 0.205
10852 331 296 3 3 0 1999.06 0.660 0.054 0.205
10853 296 332 3 3 0 2504.45 0.871 0.042 0.249
10854 332 296 3 3 0 2504.45 0.871 0.042 0.249
10855 297 298 3 3 0 1508.44 0.456 0.150 0.226
10856 298 297 3 3 0 1508.44 0.456 0.150 0.226
10857 297 331 3 3 0 2504.45 0.871 0.094 0.288
10858 331 297 3 3 0 2504.45 0.871 0.094 0.288
10859 297 332 3 3 0 1999.06 0.660 0.082 0.227
10860 332 297 3 3 0 1999.06 0.660 0.082 0.227
10861 297 333 3 3 0 2504.45 0.871 0.087 0.283
10862 333 297 3 3 0 2504.45 0.871 0.087 0.283
10863 298 299 3 3 0 1508.44 0.456 0.087 0.179
10864 299 298 3 3 0 1508.44 0.456 0.087 0.179
10865 298 332 3 3 0 2504.45 0.871 0.096 0.290
10866 332 298 3 3 0 2504.45 0.871 0.096 0.290
10867 298 333 3 3 0 1999.06 0.660 0.101 0.241
10868 333 298 3 3 0 1999.06 0.660 0.101 0.241
10869 298 334 3 3 0 2504.45 0.871 0.089 0.284
10870 334 298 3 3 0 2504.45 0.871 0.089 0.284
10871 299 300 3 3 0 1508.44 0.456 0.012 0.123
10872 300 299 3 3 0 1508.44 0.456 0.012 0.123
10873 299 333 3 3 0 2504.45 0.871 0.023 0.235
10874 333 299 3 3 0 2504.45 0.871 0.023 0.235
10875 299 334 3 3 0 1999.06 0.660 0.012 0.174
10876 334 299 3 3 0 1999.06 0.660 0.012 0.174
10877 299 335 3 3 0 2504.45 0.871 0.026 0.237
10878 335 299 3 3 0 2504.45 0.871 0.026 0.237
10879 300 301 3 3 0 1508.44 0.456 0.023 0.131
10880 301 300 3 3 0 1508.44 0.456 0.023 0.131
10881 300 334 3 3 0 2504.45 0.871 0.014 0.228
10882 334 300 3 3 0 2504.45 0.871 0.014 0.228
10883 300 335 3 3 0 1999.06 0.660 0.028 0.186
10884 335 300 3 3 0 1999.06 0.660 0.028 0.186
10885 300 336 3 3 0 2504.45 0.871 0.030 0.241
10886 336 300 3 3 0 2504.45 0.871 0.030 0.241
10887 301 302 3 3 0 1508.44 0.456 0.035 0.140
10888 302 301 3 3 0 1508.44 0.456 0.035 0.140
10889 301 335 3 3 0 2504.45 0.871 0.037 0.246
10890 335 301 3 3 0 2504.45 0.871 0.037 0.246
10891 301 336 3 3 0 1999.06 0.660 0.040 0.195
10892 336 301 3 3 0 1999.06 0.660 0.040 0.195
10893 301 337 3 3 0 2504.45 0.871 0.037 0.246
10894 337 301 3 3 0 2504.45 0.871 0.037 0.246
10895 302 303 3 3 0 1508.44 0.456 0.035 0.140
10896 303 302 3 3 0 1508.44 0.456 0.035 0.140
10897 302 336 3 3 0 2504.45 0.871 0.042 0.249
10898 336 302 3 3 0 2504.45 0.871 0.042 0.249
10899 302 337 3 3 0 1999.06 0.660 0.040 0.195
10900 337 302 3 3 0 1999.06 0.660 0.040 0.195
10901 302 338 3 3 0 2504.45 0.871 0.044 0.251
10902 338 302 3 3 0 2504.45 0.871 0.044 0.251
10903 303 304 3 3 0 1508.44 0.456 0.044 0.147
10904 304 303 3 3 0 1508.44 0.456 0.044 0.147
10905 303 337 3 3 0 2504.45 0.871 0.037 0.246
10906 337 303 3 3 0 2504.45 0.871 0.037 0.246
10907 303 338 3 3 0 1999.06 0.660 0.042 0.197
10908 338 303 3 3 0 1999.06 0.660 0.042 0.197
10909 303 339 3 3 0 2504.45 0.871 0.040 0.248
10910 339 303 3 3 0 2504.45 0.871 0.040 0.248
10911 304 305 3 3 0 1508.44 0.456 0.044 0.147
10912 305 304 3 3 0 1508.44 0.456 0.044 0.147
10913 304 338 3 3 0 2504.45 0.871 0.054 0.258
10914 338 304 3 3 0 2504.45 0.871 0.054 0.258
10915 304 339 3 3 0 1999.06 0.660 0.052 0.204
10916 339 304 3 3 0 1999.06 0.660 0.052 0.204
10917 304 340 3 3 0 2504.45 0.871 0.044 0.251
10918 340 304 3 3 0 2504.45 0.871 0.044 0.251
10919 305 306 3 3 0 1508.44 0.456 0.035 0.140
10920 306 305 3 3 0 1508.44 0.456 0.035 0.140
10921 305 339 3 3 0 2504.45 0.871 0.040 0.248
10922 339 305 3 3 0 2504.45 0.871 0.040 0.248
10923 305 340 3 3 0 1999.06 0.660 0.033 0.190
10924 340 305 3 3 0 1999.06 0.660 0.033 0.190
10925 305 341 3 3 0 2504.45 0.871 0.033 0.242
10926 341 305 3 3 0 2504.45 0.871 0.033 0.242
10927 306 307 3 3 0 1508.44 0.456 0.037 0.142
10928 307 306 3 3 0 1508.44 0.456 0.037 0.142
10929 306 340 3 3 0 2504.45 0.871 0.035 0.244
10930 340 306 3 3 0 2504.45 0.871 0.035 0.244
10931 306 341 3 3 0 1999.06 0.660 0.035 0.191
10932 341 306 3 3 0 1999.06 0.660 0.035 0.191
10933 306 342 3 3 0 2504.45 0.871 0.042 0.249
10934 342 306 3 3 0 2504.45 0.871 0.042 0.249
10935 307 308 3 3 0 1508.44 0.456 0.035 0.140
10936 308 307 3 3 0 1508.44 0.456 0.035 0.140
10937 307 341 3 3 0 2504.45 0.871 0.035 0.244
10938 341 307 3 3 0 2504.45 0.871 0.035 0.244
10939 307 342 3 3 0 1999.06 0.660 0.042 0.197
10940 342 307 3 3 0 1999.06 0.660 0.042 0.197
10941 307 343 3 3 0 2504.45 0.871 0.044 0.251
10942 343 307 3 3 0 2504.45 0.871 0.044 0.251
10943 308 309 3 3 0 1508.44 0.456 0.037 0.142
10944 309 308 3 3 0 1508.44 0.456 0.037 0.142
10945 308 342 3 3 0 2504.45 0.871 0.040 0.248
10946 342 308 3 3 0 2504.45 0.871 0.040 0.248
10947 308 343 3 3 0 1999.06 0.660 0.042 0.197
10948 343 308 3 3 0 1999.06 0.660 0.042 0.197
10949 308 344 3 3 0 2504.45 0.871 0.040 0.248
10950 344 308 3 3 0 2504.45 0.871 0.040 0.248
10951 309 310 3 3 0 1508.44 0.456 0.047 0.149
10952 310 309 3 3 0 1508.44 0.456 0.047 0.149
10953 309 343 3 3 0 2504.45 0.871 0.047 0.253
10954 343 309 3 3 0 2504.45 0.871 0.047 0.253
10955 309 344 3 3 0 1999.06 0.660 0.044 0.198
10956 344 309 3 3 0 1999.06 0.660 0.044 0.198
10957 309 345 3 3 0 2504.45 0.871 0.049 0.255
10958 345 309 3 3 0 2504.45 0.871 0.049 0.255
10959 310 311 3 3 0 1508.44 0.456 0.049 0.151
10960 311 310 3 3 0 1508.44 0.456 0.049 0.151
10961 310 344 3 3 0 2504.45 0.871 0.049 0.255
10962 344 310 3 3 0 2504.45 0.871 0.049 0.255
10963 310 345 3 3 0 1999.06 0.660 0.054 0.205
10964 345 310 3 3 0 1999.06 0.660 0.054 0.205
10965 310 346 3 3 0 2504.45 0.871 0.033 0.242
10966 346 310 3 3 0 2504.45 0.871 0.033 0.242
10967 311 312 3 3 0 1508.44 0.456 0.028 0.135
10968 312 311 3 3 0 1508.44 0.456 0.028 0.135
10969 311 345 3 3 0 2504.45 0.871 0.052 0.256
10970 345 311 3 3 0 2504.45 0.871 0.052 0.256
10971 311 346 3 3 0 1999.06 0.660 0.030 0.188
10972 346 311 3 3 0 1999.06 0.660 0.030 0.188
10973 311 347 3 3 0 2504.45 0.871 0.033 0.242
10974 347 311 3 3 0 2504.45 0.871 0.033 0.242
10975 312 313 3 3 0 1508.44 0.456 0.012 0.123
10976 313 312 3 3 0 1508.44 0.456 0.012 0.123
10977 312 346 3 3 0 2504.45 0.871 0.012 0.227
10978 346 312 3 3 0 2504.45 0.871 0.012 0.227
10979 312 347 3 3 0 1999.06 0.660 0.014 0.176
10980 347 312 3 3 0 1999.06 0.660 0.014 0.176
10981 312 348 3 3 0 2504.45 0.871 0.014 0.228
10982 348 312 3 3 0 2504.45 0.871 0.014 0.228
10983 313 314 3 3 0 1508.44 0.456 0.014 0.124
10984 314 313 3 3 0 1508.44 0.456 0.014 0.124
10985 313 347 3 3 0 2504.45 0.871 0.016 0.230
10986 347 313 3 3 0 2504.45 0.871 0.016 0.230
10987 313 348 3 3 0 1999.06 0.660 0.016 0.177
10988 348 313 3 3 0 1999.06 0.660 0.016 0.177
10989 313 349 3 3 0 2504.45 0.871 0.016 0.230
10990 349 313 3 3 0 2504.45 0.871 0.016 0.230
10991 314 315 3 3 0 1508.44 0.456 0.016 0.126
10992 315 314 3 3 0 1508.44 0.456 0.016 0.126
10993 314 348 3 3 0 2504.45 0.871 0.016 0.230
10994 348 314 3 3 0 2504.45 0.871 0.016 0.230
10995 314 349 3 3 0 1999.06 0.660 0.016 0.177
10996 349 314 3 3 0 1999.06 0.660 0.016 0.177
10997 314 350 3 3 0 2504.45 0.871 0.014 0.228
10998 350 314 3 3 0 2504.45 0.871 0.014 0.228
10999 315 316 3 3 0 1508.44 0.456 0.016 0.126
11000 316 315 3 3 0 1508.44 0.456 0.016 0.126
11001 315 349 3 3 0 2504.45 0.871 0.019 0.232
11002 349 315 3 3 0 2504.45 0.871 0.019 0.232
11003 315 350 3 3 0 1999.06 0.660 0.016 0.177
11004 350 315 3 3 0 1999.06 0.660 0.016 0.177
11005 315 351 3 3 0 2504.45 0.871 0.014 0.228
11006 351 315 3 3 0 2504.45 0.871 0.014 0.228
11007 316 317 3 3 0 1508.44 0.456 0.012 0.123
11008 317 316 3 3 0 1508.44 0.456 0.012 0.123
11009 316 350 3 3 0 2504.45 0.871 0.014 0.228
11010 350 316 3 3 0 2504.45 0.871 0.014 0.228
11011 316 351 3 3 0 1999.06 0.660 0.012 0.174
11012 351 316 3 3 0 1999.06 0.660 0.012 0.174
11013 316 352 3 3 0 2504.45 0.871 0.016 0.230
11014 352 316 3 3 0 2504.45 0.871 0.016 0.230
11015 317 318 3 3 0 1508.44 0.456 0.009 0.121
11016 318 317 3 3 0 1508.44 0.456 0.009 0.121
11017 317 351 3 3 0 2504.45 0.871 0.009 0.225
11018 351 317 3 3 0 2504.45 0.871 0.009 0.225
11019 317 352 3 3 0 1999.06 0.660 0.014 0.176
11020 352 317 3 3 0 1999.06 0.660 0.014 0.176
11021 317 353 3 3 0 2504.45 0.871 0.012 0.227
11022 353 317 3 3 0 2504.45 0.871 0.012 0.227
11023 318 319 3 3 0 1508.44 0.456 0.012 0.123
11024 319 318 3 3 0 1508.44 0.456 0.012 0.123
11025 318 352 3 3 0 2504.45 0.871 0.014 0.228
11026 352 318 3 3 0 2504.45 0.871 0.014 0.228
11027 319 353 3 3 0 2504.45 0.871 0.014 0.228
11028 353 319 3 3 0 2504.45 0.871 0.014 0.228
11029 320 321 3 3 0 1508.44 0.456 0.014 0.124
11030 321 320 3 3 0 1508.44 0.456 0.014 0.124
11031 320 354 3 3 0 1999.06 0.660 0.014 0.176
11032 354 320 3 3 0 1999.06 0.660 0.014 0.176
11033 320 355 3 3 0 2504.45 0.871 0.012 0.227
11034 355 320 3 3 0 2504.45 0.871 0.012 0.227
11035 321 322 3 3 0 1508.44 0.456 0.014 0.124
11036 322 321 3 3 0 1508.44 0.456 0.014 0.124
11037 321 354 3 3 0 2504.45 0.871 0.019 0.232
11038 354 321 3 3 0 2504.45 0.871 0.019 0.232
11039 321 355 3 3 0 1999.06 0.660 0.016 0.177
11040 355 321 3 3 0 1999.06 0.660 0.016 0.177
11041 321 356 3 3 0 2504.45 0.871 0.014 0.228
11042 356 321 3 3 0 2504.45 0.871 0.014 0.228
11043 322 323 3 3 0 1508.44 0.456 0.056 0.156
11044 323 322 3 3 0 1508.44 0.456 0.056 0.156
11045 322 355 3 3 0 2504.45 0.871 0.012 0.227
11046 355 322 3 3 0 2504.45 0.871 0.012 0.227
11047 322 356 3 3 0 1999.06 0.660 0.009 0.172
11048 356 322 3 3 0 1999.06 0.660 0.009 0.172
11049 322 357 3 3 0 2504.45 0.871 0.052 0.256
11050 357 322 3 3 0 2504.45 0.871 0.052 0.256
11051 323 324 3 3 0 1508.44 0.456 0.105 0.193
11052 324 323 3 3 0 1508.44 0.456 0.105 0.193
11053 323 357 3 3 0 1999.06 0.660 0.098 0.239
11054 357 323 3 3 0 1999.06 0.660 0.098 0.239
11055 323 358 3 3 0 2504.45 0.871 0.103 0.295
11056 358 323 3 3 0 2504.45 0.871 0.103 0.295
11057 324 325 3 3 0 1508.44 0.456 0.103 0.191
11058 325 324 3 3 0 1508.44 0.456 0.103 0.191
11059 324 357 3 3 0 2504.45 0.871 0.101 0.293
11060 357 324 3 3 0 2504.45 0.871 0.101 0.293
11061 324 358 3 3 0 1999.06 0.660 0.105 0.244
11062 358 324 3 3 0 1999.06 0.660 0.105 0.244
11063 324 359 3 3 0 2504.45 0.871 0.094 0.288
11064 359 324 3 3 0 2504.45 0.871 0.094 0.288
11065 325 326 3 3 0 1508.44 0.456 0.101 0.189
11066 326 325 3 3 0 1508.44 0.456 0.101 0.189
11067 325 358 3 3 0 2504.45 0.871 0.101 0.293
11068 358 325 3 3 0 2504.45 0.871 0.101 0.293
11069 325 359 3 3 0 1999.06 0.660 0.089 0.232
11070 359 325 3 3 0 1999.06 0.660 0.089 0.232
11071 326 327 3 3 0 1508.44 0.456 0.103 0.191
11072 327 326 3 3 0 1508.44 0.456 0.103 0.191
11073 326 360 3 3 0 1999.06 0.660 0.091 0.234
11074 360 326 3 3 0 1999.06 0.660 0.091 0.234
11075 326 361 3 3 0 2504.45 0.871 0.103 0.295
11076 361 326 3 3 0 2504.45 0.871 0.103 0.295
11077 327 328 3 3 0 1508.44 0.456 0.103 0.191
11078 328 327 3 3 0 1508.44 0.456 0.103 0.191
11079 327 360 3 3 0 2504.45 0.871 0.091 0.286
11080 360 327 3 3 0 2504.45 0.871 0.091 0.286
11081 327 361 3 3 0 1999.06 0.660 0.103 0.242
11082 361 327 3 3 0 1999.06 0.660 0.103 0.242
11083 327 362 3 3 0 2504.45 0.871 0.117 0.306
11084 362 327 3 3 0 2504.45 0.871 0.117 0.306
11085 328 361 3 3 0 2504.45 0.871 0.103 0.295
11086 361 328 3 3 0 2504.45 0.871 0.103 0.295
11087 328 362 3 3 0 1999.06 0.660 0.117 0.253
11088 362 328 3 3 0 1999.06 0.660 0.117 0.253
11089 328 363 3 3 0 2504.45 0.871 0.122 0.309
11090 363 328 3 3 0 2504.45 0.871 0.122 0.309
11091 329 330 3 3 0 1508.86 0.456 0.028 0.135
11092 330 329 3 3 0 1508.86 0.456 0.028 0.135
11093 330 331 3 3 0 1508.86 0.456 0.040 0.144
11094 331 330 3 3 0 1508.86 0.456 0.040 0.144
11095 330 365 3 3 0 2504.69 0.871 0.035 0.244
11096 365 330 3 3 0 2504.69 0.871 0.035 0.244
11097 331 332 3 3 0 1508.86 0.456 0.040 0.144
11098 332 331 3 3 0 1508.86 0.456 0.040 0.144
11099 331 365 3 3 0 1999.05 0.660 0.047 0.200
11100 365 331 3 3 0 1999.05 0.660 0.047 0.200
11101 331 366 3 3 0 2504.69 0.871 0.042 0.249
11102 366 331 3 3 0 2504.69 0.871 0.042 0.249
11103 332 333 3 3 0 1508.86 0.456 0.033 0.139
11104 333 332 3 3 0 1508.86 0.456 0.033 0.139
11105 332 365 3 3 0 2504.69 0.871 0.035 0.244
11106 365 332 3 3 0 2504.69 0.871 0.035 0.244
11107 332 366 3 3 0 1999.05 0.660 0.030 0.188
11108 366 332 3 3 0 1999.05 0.660 0.030 0.188
11109 332 367 3 3 0 2504.69 0.871 0.040 0.248
11110 367 332 3 3 0 2504.69 0.871 0.040 0.248
11111 333 334 3 3 0 1508.86 0.456 0.026 0.133
11112 334 333 3 3 0 1508.86 0.456 0.026 0.133
11113 333 366 3 3 0 2504.69 0.871 0.035 0.244
11114 366 333 3 3 0 2504.69 0.871 0.035 0.244
11115 333 367 3 3 0 1999.05 0.660 0.044 0.198
11116 367 333 3 3 0 1999.05 0.660 0.044 0.198
11117 333 368 3 3 0 2504.69 0.871 0.044 0.251
11118 368 333 3 3 0 2504.69 0.871 0.044 0.251
11119 334 335 3 3 0 1508.86 0.456 0.028 0.135
11120 335 334 3 3 0 1508.86 0.456 0.028 0.135
11121 334 367 3 3 0 2504.69 0.871 0.033 0.242
11122 367 334 3 3 0 2504.69 0.871 0.033 0.242
11123 334 368 3 3 0 1999.05 0.660 0.033 0.190
11124 368 334 3 3 0 1999.05 0.660 0.033 0.190
11125 334 369 3 3 0 2504.69 0.871 0.035 0.244
11126 369 334 3 3 0 2504.69 0.871 0.035 0.244
11127 335 336 3 3 0 1508.86 0.456 0.044 0.147
11128 336 335 3 3 0 1508.86 0.456 0.044 0.147
11129 335 368 3 3 0 2504.69 0.871 0.047 0.253
11130 368 335 3 3 0 2504.69 0.871 0.047 0.253
11131 335 369 3 3 0 1999.05 0.660 0.049 0.202
11132 369 335 3 3 0 1999.05 0.660 0.049 0.202
11133 335 370 3 3 0 2504.69 0.871 0.040 0.248
11134 370 335 3 3 0 2504.69 0.871 0.040 0.248
11135 336 337 3 3 0 1508.86 0.456 0.044 0.147
11136 337 336 3 3 0 1508.86 0.456 0.044 0.147
11137 336 369 3 3 0 2504.69 0.871 0.052 0.256
11138 369 336 3 3 0 2504.69 0.871 0.052 0.256
11139 336 370 3 3 0 1999.05 0.660 0.042 0.197
11140 370 336 3 3 0 1999.05 0.660 0.042 0.197
11141 336 371 3 3 0 2504.69 0.871 0.042 0.249
11142 371 336 3 3 0 2504.69 0.871 0.042 0.249
11143 337 338 3 3 0 1508.86 0.456 0.047 0.149
11144 338 337 3 3 0 1508.86 0.456 0.047 0.149
11145 337 370 3 3 0 2504.69 0.871 0.040 0.248
11146 370 337 3 3 0 2504.69 0.871 0.040 0.248
11147 337 371 3 3 0 1999.05 0.660 0.040 0.195
11148 371 337 3 3 0 1999.05 0.660 0.040 0.195
11149 337 372 3 3 0 2504.69 0.871 0.047 0.253
11150 372 337 3 3 0 2504.69 0.871 0.047 0.253
11151 338 339 3 3 0 1508.86 0.456 0.049 0.151
11152 339 338 3 3 0 1508.86 0.456 0.049 0.151
11153 338 371 3 3 0 2504.69 0.871 0.044 0.251
11154 371 338 3 3 0 2504.69 0.871 0.044 0.251
11155 338 372 3 3 0 1999.05 0.660 0.052 0.204
11156 372 338 3 3 0 1999.05 0.660 0.052 0.204
11157 338 373 3 3 0 2504.69 0.871 0.040 0.248
11158 373 338 3 3 0 2504.69 0.871 0.040 0.248
11159 339 340 3 3 0 1508.86 0.456 0.040 0.144
11160 340 339 3 3 0 1508.86 0.456 0.040 0.144
11161 339 372 3 3 0 2504.69 0.871 0.049 0.255
11162 372 339 3 3 0 2504.69 0.871 0.049 0.255
11163 339 373 3 3 0 1999.05 0.660 0.037 0.193
11164 373 339 3 3 0 1999.05 0.660 0.037 0.193
11165 339 374 3 3 0 2504.69 0.871 0.042 0.249
11166 374 339 3 3 0 2504.69 0.871 0.042 0.249
11167 340 341 3 3 0 1508.86 0.456 0.033 0.139
11168 341 340 3 3 0 1508.86 0.456 0.033 0.139
11169 340 373 3 3 0 2504.69 0.871 0.030 0.241
11170 373 340 3 3 0 2504.69 0.871 0.030 0.241
11171 340 374 3 3 0 1999.05 0.660 0.035 0.191
11172 374 340 3 3 0 1999.05 0.660 0.035 0.191
11173 340 375 3 3 0 2504.69 0.871 0.033 0.242
11174 375 340 3 3 0 2504.69 0.871 0.033 0.242
11175 341 342 3 3 0 1508.86 0.456 0.040 0.144
11176 342 341 3 3 0 1508.86 0.456 0.040 0.144
11177 341 374 3 3 0 2504.69 0.871 0.035 0.244
11178 374 341 3 3 0 2504.69 0.871 0.035 0.244
11179 341 375 3 3 0 1999.05 0.660 0.033 0.190
11180 375 341 3 3 0 1999.05 0.660 0.033 0.190
11181 341 376 3 3 0 2504.69 0.871 0.033 0.242
11182 376 341 3 3 0 2504.69 0.871 0.033 0.242
11183 342 343 3 3 0 1508.86 0.456 0.049 0.151
11184 343 342 3 3 0 1508.86 0.456 0.049 0.151
11185 342 375 3 3 0 2504.69 0.871 0.040 0.248
11186 375 342 3 3 0 2504.69 0.871 0.040 0.248
11187 342 376 3 3 0 1999.05 0.660 0.040 0.195
11188 376 342 3 3 0 1999.05 0.660 0.040 0.195
11189 342 377 3 3 0 2504.69 0.871 0.044 0.251
11190 377 342 3 3 0 2504.69 0.871 0.044 0.251
11191 343 344 3 3 0 1508.86 0.456 0.049 0.151
11192 344 343 3 3 0 1508.86 0.456 0.049 0.151
11193 343 376 3 3 0 2504.69 0.871 0.042 0.249
11194 376 343 3 3 0 2504.69 0.871 0.042 0.249
11195 343 377 3 3 0 1999.05 0.660 0.047 0.200
11196 377 343 3 3 0 1999.05 0.660 0.047 0.200
11197 343 378 3 3 0 2504.69 0.871 0.042 0.249
11198 378 343 3 3 0 2504.69 0.871 0.042 0.249
11199 344 345 3 3 0 1508.86 0.456 0.052 0.153
11200 345 344 3 3 0 1508.86 0.456 0.052 0.153
11201 344 377 3 3 0 2504.69 0.871 0.044 0.251
11202 377 344 3 3 0 2504.69 0.871 0.044 0.251
11203 344 378 3 3 0 1999.05 0.660 0.040 0.195
11204 378 344 3 3 0 1999.05 0.660 0.040 0.195
11205 344 379 3 3 0 2504.69 0.871 0.047 0.253
11206 379 344 3 3 0 2504.69 0.871 0.047 0.253
11207 345 346 3 3 0 1508.86 0.456 0.035 0.140
11208 346 345 3 3 0 1508.86 0.456 0.035 0.140
11209 345 378 3 3 0 2504.69 0.871 0.044 0.251
11210 378 345 3 3 0 2504.69 0.871 0.044 0.251
11211 345 379 3 3 0 1999.05 0.660 0.052 0.204
11212 379 345 3 3 0 1999.05 0.660 0.052 0.204
11213 345 380 3 3 0 2504.69 0.871 0.035 0.244
11214 380 345 3 3 0 2504.69 0.871 0.035 0.244
11215 346 347 3 3 0 1508.86 0.456 0.016 0.126
11216 347 346 3 3 0 1508.86 0.456 0.016 0.126
11217 346 379 3 3 0 2504.69 0.871 0.030 0.241
11218 379 346 3 3 0 2504.69 0.871 0.030 0.241
11219 346 380 3 3 0 1999.05 0.660 0.014 0.176
11220 380 346 3 3 0 1999.05 0.660 0.014 0.176
11221 346 381 3 3 0 2504.69 0.871 0.016 0.230
11222 381 346 3 3 0 2504.69 0.871 0.016 0.230
11223 347 348 3 3 0 1508.86 0.456 0.019 0.128
11224 348 347 3 3 0 1508.86 0.456 0.019 0.128
11225 347 380 3 3 0 2504.69 0.871 0.016 0.230
11226 380 347 3 3 0 2504.69 0.871 0.016 0.230
11227 347 381 3 3 0 1999.05 0.660 0.019 0.179
11228 381 347 3 3 0 1999.05 0.660 0.019 0.179
11229 347 382 3 3 0 2504.69 0.871 0.016 0.230
11230 382 347 3 3 0 2504.69 0.871 0.016 0.230
11231 348 349 3 3 0 1508.86 0.456 0.019 0.128
11232 349 348 3 3 0 1508.86 0.456 0.019 0.128
11233 348 381 3 3 0 2504.69 0.871 0.019 0.232
11234 381 348 3 3 0 2504.69 0.871 0.019 0.232
11235 348 382 3 3 0 1999.05 0.660 0.016 0.177
11236 382 348 3 3 0 1999.05 0.660 0.016 0.177
11237 348 383 3 3 0 2504.69 0.871 0.019 0.232
11238 383 348 3 3 0 2504.69 0.871 0.019 0.232
11239 349 350 3 3 0 1508.86 0.456 0.016 0.126
11240 350 349 3 3 0 1508.86 0.456 0.016 0.126
11241 349 382 3 3 0 2504.69 0.871 0.016 0.230
11242 382 349 3 3 0 2504.69 0.871 0.016 0.230
11243 349 383 3 3 0 1999.05 0.660 0.019 0.179
11244 383 349 3 3 0 1999.05 0.660 0.019 0.179
11245 349 384 3 3 0 2504.69 0.871 0.016 0.230
11246 384 349 3 3 0 2504.69 0.871 0.016 0.230
11247 350 351 3 3 0 1508.86 0.456 0.012 0.123
11248 351 350 3 3 0 1508.86 0.456 0.012 0.123
11249 350 383 3 3 0 2504.69 0.871 0.016 0.230
11250 383 350 3 3 0 2504.69 0.871 0.016 0.230
11251 350 384 3 3 0 1999.05 0.660 0.014 0.176
11252 384 350 3 3 0 1999.05 0.660 0.014 0.176
11253 350 385 3 3 0 2504.69 0.871 0.014 0.228
11254 385 350 3 3 0 2504.69 0.871 0.014 0.228
11255 351 352 3 3 0 1508.86 0.456 0.014 0.124
11256 352 351 3 3 0 1508.86 0.456 0.014 0.124
11257 351 384 3 3 0 2504.69 0.871 0.012 0.227
11258 384 351 3 3 0 2504.69 0.871 0.012 0.227
11259 351 385 3 3 0 1999.05 0.660 0.012 0.174
11260 385 351 3 3 0 1999.05 0.660 0.012 0.174
11261 351 386 3 3 0 2504.69 0.871 0.012 0.227
11262 386 351 3 3 0 2504.69 0.871 0.012 0.227
11263 352 353 3 3 0 1508.86 0.456 0.016 0.126
11264 353 352 3 3 0 1508.86 0.456 0.016 0.126
11265 352 385 3 3 0 2504.69 0.871 0.016 0.230
11266 385 352 3 3 0 2504.69 0.871 0.016 0.230
11267 352 386 3 3 0 1999.05 0.660 0.016 0.177
11268 386 352 3 3 0 1999.05 0.660 0.016 0.177
11269 352 387 3 3 0 2504.69 0.871 0.016 0.230
11270 387 352 3 3 0 2504.69 0.871 0.016 0.230
11271 353 386 3 3 0 2504.69 0.871 0.014 0.228
11272 386 353 3 3 0 2504.69 0.871 0.014 0.228
11273 353 387 3 3 0 1999.05 0.660 0.014 0.176
11274 387 353 3 3 0 1999.05 0.660 0.014 0.176
11275 354 355 3 3 0 1508.86 0.456 0.016 0.126
11276 355 354 3 3 0 1508.86 0.456 0.016 0.126
11277 354 389 3 3 0 1999.05 0.660 0.014 0.176
11278 389 354 3 3 0 1999.05 0.660 0.014 0.176
11279 354 390 3 3 0 2504.69 0.871 0.016 0.230
11280 390 354 3 3 0 2504.69 0.871 0.016 0.230
11281 355 356 3 3 0 1508.86 0.456 0.012 0.123
11282 356 355 3 3 0 1508.86 0.456 0.012 0.123
11283 355 389 3 3 0 2504.69 0.871 0.012 0.227
11284 389 355 3 3 0 2504.69 0.871 0.012 0.227
11285 355 390 3 3 0 1999.05 0.660 0.014 0.176
11286 390 355 3 3 0 1999.05 0.660 0.014 0.176
11287 355 391 3 3 0 2504.69 0.871 0.014 0.228
11288 391 355 3 3 0 2504.69 0.871 0.014 0.228
11289 356 390 3 3 0 2504.69 0.871 0.012 0.227
11290 390 356 3 3 0 2504.69 0.871 0.012 0.227
11291 356 391 3 3 0 1999.05 0.660 0.012 0.174
11292 391 356 3 3 0 1999.05 0.660 0.012 0.174
11293 356 392 3 3 0 2504.69 0.871 0.014 0.228
11294 392 356 3 3 0 2504.69 0.871 0.014 0.228
11295 357 358 3 3 0 1508.86 0.456 0.098 0.188
11296 358 357 3 3 0 1508.86 0.456 0.098 0.188
11297 357 391 3 3 0 2504.69 0.871 0.054 0.258
11298 391 357 3 3 0 2504.69 0.871 0.054 0.258
11299 357 392 3 3 0 1999.05 0.660 0.056 0.207
11300 392 357 3 3 0 1999.05 0.660 0.056 0.207
11301 357 393 3 3 0 2504.69 0.871 0.117 0.306
11302 393 357 3 3 0 2504.69 0.871 0.117 0.306
11303 358 359 3 3 0 1508.86 0.456 0.091 0.182
11304 359 358 3 3 0 1508.86 0.456 0.091 0.182
11305 358 392 3 3 0 2504.69 0.871 0.061 0.263
11306 392 358 3 3 0 2504.69 0.871 0.061 0.263
11307 358 393 3 3 0 1999.05 0.660 0.122 0.256
11308 393 358 3 3 0 1999.05 0.660 0.122 0.256
11309 358 394 3 3 0 2504.69 0.871 0.108 0.299
11310 394 358 3 3 0 2504.69 0.871 0.108 0.299
11311 359 360 3 3 0 1508.86 0.456 0.080 0.174
11312 360 359 3 3 0 1508.86 0.456 0.080 0.174
11313 359 393 3 3 0 2504.69 0.871 0.110 0.300
11314 393 359 3 3 0 2504.69 0.871 0.110 0.300
11315 359 394 3 3 0 1999.05 0.660 0.096 0.237
11316 394 359 3 3 0 1999.05 0.660 0.096 0.237
11317 360 361 3 3 0 1508.86 0.456 0.091 0.182
11318 361 360 3 3 0 1508.86 0.456 0.091 0.182
11319 360 394 3 3 0 2504.69 0.871 0.096 0.290
11320 394 360 3 3 0 2504.69 0.871 0.096 0.290
11321 360 395 3 3 0 2504.69 0.871 0.115 0.304
11322 395 360 3 3 0 2504.69 0.871 0.115 0.304
11323 361 362 3 3 0 1508.86 0.456 0.117 0.202
11324 362 361 3 3 0 1508.86 0.456 0.117 0.202
11325 361 395 3 3 0 1999.05 0.660 0.126 0.260
11326 395 361 3 3 0 1999.05 0.660 0.126 0.260
11327 361 396 3 3 0 2504.69 0.871 0.110 0.300
11328 396 361 3 3 0 2504.69 0.871 0.110 0.300
11329 362 363 3 3 0 1508.86 0.456 0.136 0.216
11330 363 362 3 3 0 1508.86 0.456 0.136 0.216
11331 362 395 3 3 0 2504.69 0.871 0.140 0.323
11332 395 362 3 3 0 2504.69 0.871 0.140 0.323
11333 362 396 3 3 0 1999.05 0.660 0.124 0.258
11334 396 362 3 3 0 1999.05 0.660 0.124 0.258
11335 362 397 3 3 0 2504.69 0.871 0.131 0.316
11336 397 362 3 3 0 2504.69 0.871 0.131 0.316
11337 363 364 3 3 0 1508.86 0.456 0.140 0.219
11338 364 363 3 3 0 1508.86 0.456 0.140 0.219
11339 363 396 3 3 0 2504.69 0.871 0.129 0.314
11340 396 363 3 3 0 2504.69 0.871 0.129 0.314
11341 363 397 3 3 0 1999.05 0.660 0.136 0.267
11342 397 363 3 3 0 1999.05 0.660 0.136 0.267
11343 363 398 3 3 0 2504.69 0.871 0.117 0.306
11344 398 363 3 3 0 2504.69 0.871 0.117 0.306
11345 364 397 3 3 0 2504.69 0.871 0.136 0.320
11346 397 364 3 3 0 2504.69 0.871 0.136 0.320
11347 364 398 3 3 0 1999.05 0.660 0.117 0.253
11348 398 364 3 3 0 1999.05 0.660 0.117 0.253
11349 364 399 3 3 0 2504.69 0.871 0.110 0.300
11350 399 364 3 3 0 2504.69 0.871 0.110 0.300
11351 365 366 3 3 0 1509.27 0.456 0.037 0.142
11352 366 365 3 3 0 1509.27 0.456 0.037 0.142
11353 366 367 3 3 0 1509.27 0.456 0.042 0.146
11354 367 366 3 3 0 1509.27 0.456 0.042 0.146
11355 366 401 3 3 0 2504.94 0.871 0.044 0.251
11356 401 366 3 3 0 2504.94 0.871 0.044 0.251
11357 367 368 3 3 0 1509.27 0.456 0.052 0.153
11358 368 367 3 3 0 1509.27 0.456 0.052 0.153
11359 367 401 3 3 0 1999.05 0.660 0.054 0.205
11360 401 367 3 3 0 1999.05 0.660 0.054 0.205
11361 368 369 3 3 0 1509.27 0.456 0.054 0.154
11362 369 368 3 3 0 1509.27 0.456 0.054 0.154
11363 368 401 3 3 0 2504.94 0.871 0.054 0.258
11364 401 368 3 3 0 2504.94 0.871 0.054 0.258
11365 368 402 3 3 0 1999.05 0.660 0.049 0.202
11366 402 368 3 3 0 1999.05 0.660 0.049 0.202
11367 368 403 3 3 0 2504.94 0.871 0.052 0.256
11368 403 368 3 3 0 2504.94 0.871 0.052 0.256
11369 369 370 3 3 0 1509.27 0.456 0.047 0.149
11370 370 369 3 3 0 1509.27 0.456 0.047 0.149
11371 369 402 3 3 0 2504.94 0.871 0.052 0.256
11372 402 369 3 3 0 2504.94 0.871 0.052 0.256
11373 369 403 3 3 0 1999.05 0.660 0.054 0.205
11374 403 369 3 3 0 1999.05 0.660 0.054 0.205
11375 369 404 3 3 0 2504.94 0.871 0.047 0.253
11376 404 369 3 3 0 2504.94 0.871 0.047 0.253
11377 370 371 3 3 0 1509.27 0.456 0.037 0.142
11378 371 370 3 3 0 1509.27 0.456 0.037 0.142
11379 370 403 3 3 0 2504.94 0.871 0.044 0.251
11380 403 370 3 3 0 2504.94 0.871 0.044 0.251
11381 370 404 3 3 0 1999.05 0.660 0.037 0.193
11382 404 370 3 3 0 1999.05 0.660 0.037 0.193
11383 370 405 3 3 0 2504.94 0.871 0.040 0.248
11384 405 370 3 3 0 2504.94 0.871 0.040 0.248
11385 371 372 3 3 0 1509.27 0.456 0.044 0.147
11386 372 371 3 3 0 1509.27 0.456 0.044 0.147
11387 371 404 3 3 0 2504.94 0.871 0.037 0.246
11388 404 371 3 3 0 2504.94 0.871 0.037 0.246
11389 371 405 3 3 0 1999.05 0.660 0.040 0.195
11390 405 371 3 3 0 1999.05 0.660 0.040 0.195
11391 371 406 3 3 0 2504.94 0.871 0.040 0.248
11392 406 371 3 3 0 2504.94 0.871 0.040 0.248
11393 372 373 3 3 0 1509.27 0.456 0.040 0.144
11394 373 372 3 3 0 1509.27 0.456 0.040 0.144
11395 372 405 3 3 0 2504.94 0.871 0.047 0.253
11396 405 372 3 3 0 2504.94 0.871 0.047 0.253
11397 372 406 3 3 0 1999.05 0.660 0.047 0.200
11398 406 372 3 3 0 1999.05 0.660 0.047 0.200
11399 372 407 3 3 0 2504.94 0.871 0.049 0.255
11400 407 372 3 3 0 2504.94 0.871 0.049 0.255
11401 373 374 3 3 0 1509.27 0.456 0.033 0.139
11402 374 373 3 3 0 1509.27 0.456 0.033 0.139
11403 373 406 3 3 0 2504.94 0.871 0.035 0.244
11404 406 373 3 3 0 2504.94 0.871 0.035 0.244
11405 373 407 3 3 0 1999.05 0.660 0.037 0.193
11406 407 373 3 3 0 1999.05 0.660 0.037 0.193
11407 373 408 3 3 0 2504.94 0.871 0.030 0.241
11408 408 373 3 3 0 2504.94 0.871 0.030 0.241
11409 374 375 3 3 0 1509.27 0.456 0.035 0.140
11410 375 374 3 3 0 1509.27 0.456 0.035 0.140
11411 374 407 3 3 0 2504.94 0.871 0.042 0.249
11412 407 374 3 3 0 2504.94 0.871 0.042 0.249
11413 374 408 3 3 0 1999.05 0.660 0.035 0.191
11414 408 374 3 3 0 1999.05 0.660 0.035 0.191
11415 374 409 3 3 0 2504.94 0.871 0.040 0.248
11416 409 374 3 3 0 2504.94 0.871 0.040 0.248
11417 375 376 3 3 0 1509.27 0.456 0.033 0.139
11418 376 375 3 3 0 1509.27 0.456 0.033 0.139
11419 375 408 3 3 0 2504.94 0.871 0.033 0.242
11420 408 375 3 3 0 2504.94 0.871 0.033 0.242
11421 375 409 3 3 0 1999.05 0.660 0.037 0.193
11422 409 375 3 3 0 1999.05 0.660 0.037 0.193
11423 375 410 3 3 0 2504.94 0.871 0.035 0.244
11424 410 375 3 3 0 2504.94 0.871 0.035 0.244
11425 376 377 3 3 0 1509.27 0.456 0.037 0.142
11426 377 376 3 3 0 1509.27 0.456 0.037 0.142
11427 376 409 3 3 0 2504.94 0.871 0.037 0.246
11428 409 376 3 3 0 2504.94 0.871 0.037 0.246
11429 376 410 3 3 0 1999.05 0.660 0.035 0.191
11430 410 376 3 3 0 1999.05 0.660 0.035 0.191
11431 376 411 3 3 0 2504.94 0.871 0.035 0.244
11432 411 376 3 3 0 2504.94 0.871 0.035 0.244
11433 377 378 3 3 0 1509.27 0.456 0.037 0.142
11434 378 377 3 3 0 1509.27 0.456 0.037 0.142
11435 377 410 3 3 0 2504.94 0.871 0.040 0.248
11436 410 377 3 3 0 2504.94 0.871 0.040 0.248
11437 377 411 3 3 0 1999.05 0.660 0.040 0.195
11438 411 377 3 3 0 1999.05 0.660 0.040 0.195
11439 377 412 3 3 0 2504.94 0.871 0.035 0.244
11440 412 377 3 3 0 2504.94 0.871 0.035 0.244
11441 378 379 3 3 0 1509.27 0.456 0.040 0.144
11442 379 378 3 3 0 1509.27 0.456 0.040 0.144
11443 378 411 3 3 0 2504.94 0.871 0.035 0.244
11444 411 378 3 3 0 2504.94 0.871 0.035 0.244
11445 378 412 3 3 0 1999.05 0.660 0.030 0.188
11446 412 378 3 3 0 1999.05 0.660 0.030 0.188
11447 378 413 3 3 0 2504.94 0.871 0.035 0.244
11448 413 378 3 3 0 2504.94 0.871 0.035 0.244
11449 379 380 3 3 0 1509.27 0.456 0.030 0.137
11450 380 379 3 3 0 1509.27 0.456 0.030 0.137
11451 379 412 3 3 0 2504.94 0.871 0.037 0.246
11452 412 379 3 3 0 2504.94 0.871 0.037 0.246
11453 379 413 3 3 0 1999.05 0.660 0.042 0.197
11454 413 379 3 3 0 1999.05 0.660 0.042 0.197
11455 379 414 3 3 0 2504.94 0.871 0.028 0.239
11456 414 379 3 3 0 2504.94 0.871 0.028 0.239
11457 380 381 3 3 0 1509.27 0.456 0.016 0.126
11458 381 380 3 3 0 1509.27 0.456 0.016 0.126
11459 380 413 3 3 0 2504.94 0.871 0.026 0.237
11460 413 380 3 3 0 2504.94 0.871 0.026 0.237
11461 380 414 3 3 0 1999.05 0.660 0.012 0.174
11462 414 380 3 3 0 1999.05 0.660 0.012 0.174
11463 380 415 3 3 0 2504.94 0.871 0.023 0.235
11464 415 380 3 3 0 2504.94 0.871 0.023 0.235
11465 381 382 3 3 0 1509.27 0.456 0.016 0.126
11466 382 381 3 3 0 1509.27 0.456 0.016 0.126
11467 381 414 3 3 0 2504.94 0.871 0.014 0.228
11468 414 381 3 3 0 2504.94 0.871 0.014 0.228
11469 381 415 3 3 0 1999.05 0.660 0.026 0.184
11470 415 381 3 3 0 1999.05 0.660 0.026 0.184
11471 381 416 3 3 0 2504.94 0.871 0.019 0.232
11472 416 381 3 3 0 2504.94 0.871 0.019 0.232
11473 382 383 3 3 0 1509.27 0.456 0.016 0.126
11474 383 382 3 3 0 1509.27 0.456 0.016 0.126
11475 382 415 3 3 0 2504.94 0.871 0.023 0.235
11476 415 382 3 3 0 2504.94 0.871 0.023 0.235
11477 382 416 3 3 0 1999.05 0.660 0.016 0.177
11478 416 382 3 3 0 1999.05 0.660 0.016 0.177
11479 382 417 3 3 0 2504.94 0.871 0.012 0.227
11480 417 382 3 3 0 2504.94 0.871 0.012 0.227
11481 383 384 3 3 0 1509.27 0.456 0.016 0.126
11482 384 383 3 3 0 1509.27 0.456 0.016 0.126
11483 383 416 3 3 0 2504.94 0.871 0.019 0.232
11484 416 383 3 3 0 2504.94 0.871 0.019 0.232
11485 383 417 3 3 0 1999.05 0.660 0.014 0.176
11486 417 383 3 3 0 1999.05 0.660 0.014 0.176
11487 383 418 3 3 0 2504.94 0.871 0.016 0.230
11488 418 383 3 3 0 2504.94 0.871 0.016 0.230
11489 384 385 3 3 0 1509.27 0.456 0.014 0.125
11490 385 384 3 3 0 1509.27 0.456 0.014 0.125
11491 384 417 3 3 0 2504.94 0.871 0.012 0.227
11492 417 384 3 3 0 2504.94 0.871 0.012 0.227
11493 384 418 3 3 0 1999.05 0.660 0.014 0.176
11494 418 384 3 3 0 1999.05 0.660 0.014 0.176
11495 384 419 3 3 0 2504.94 0.871 0.014 0.228
11496 419 384 3 3 0 2504.94 0.871 0.014 0.228
11497 385 386 3 3 0 1509.27 0.456 0.014 0.125
11498 386 385 3 3 0 1509.27 0.456 0.014 0.125
11499 385 418 3 3 0 2504.94 0.871 0.014 0.228
11500 418 385 3 3 0 2504.94 0.871 0.014 0.228
11501 385 419 3 3 0 1999.05 0.660 0.014 0.176
11502 419 385 3 3 0 1999.05 0.660 0.014 0.176
11503 385 420 3 3 0 2504.94 0.871 0.012 0.227
11504 420 385 3 3 0 2504.94 0.871 0.012 0.227
11505 386 387 3 3 0 1509.27 0.456 0.014 0.125
11506 387 386 3 3 0 1509.27 0.456 0.014 0.125
11507 386 419 3 3 0 2504.94 0.871 0.014 0.228
11508 419 386 3 3 0 2504.94 0.871 0.014 0.228
11509 386 420 3 3 0 1999.05 0.660 0.012 0.174
11510 420 386 3 3 0 1999.05 0.660 0.012 0.174
11511 386 421 3 3 0 2504.94 0.871 0.016 0.230
11512 421 386 3 3 0 2504.94 0.871 0.016 0.230
11513 387 388 3 3 0 1509.27 0.456 0.014 0.125
11514 388 387 3 3 0 1509.27 0.456 0.014 0.125
11515 387 420 3 3 0 2504.94 0.871 0.012 0.227
11516 420 387 3 3 0 2504.94 0.871 0.012 0.227
11517 387 421 3 3 0 1999.05 0.660 0.016 0.177
11518 421 387 3 3 0 1999.05 0.660 0.016 0.177
11519 387 422 3 3 0 2504.94 0.871 0.016 0.230
11520 422 387 3 3 0 2504.94 0.871 0.016 0.230
11521 388 389 3 3 0 1509.27 0.456 0.012 0.123
11522 389 388 3 3 0 1509.27 0.456 0.012 0.123
11523 388 421 3 3 0 2504.94 0.871 0.016 0.230
11524 421 388 3 3 0 2504.94 0.871 0.016 0.230
11525 388 422 3 3 0 1999.05 0.660 0.016 0.177
11526 422 388 3 3 0 1999.05 0.660 0.016 0.177
11527 388 423 3 3 0 2504.94 0.871 0.016 0.230
11528 423 388 3 3 0 2504.94 0.871 0.016 0.230
11529 389 390 3 3 0 1509.27 0.456 0.012 0.123
11530 390 389 3 3 0 1509.27 0.456 0.012 0.123
11531 389 422 3 3 0 2504.94 0.871 0.014 0.228
11532 422 389 3 3 0 2504.94 0.871 0.014 0.228
11533 389 423 3 3 0 1999.05 0.660 0.014 0.176
11534 423 389 3 3 0 1999.05 0.660 0.014 0.176
11535 389 424 3 3 0 2504.94 0.871 0.012 0.227
11536 424 389 3 3 0 2504.94 0.871 0.012 0.227
11537 390 391 3 3 0 1509.27 0.456 0.014 0.125
11538 391 390 3 3 0 1509.27 0.456 0.014 0.125
11539 390 423 3 3 0 2504.94 0.871 0.016 0.230
11540 423 390 3 3 0 2504.94 0.871 0.016 0.230
11541 390 424 3 3 0 1999.05 0.660 0.014 0.176
11542 424 390 3 3 0 1999.05 0.660 0.014 0.176
11543 390 425 3 3 0 2504.94 0.871 0.014 0.228
11544 425 390 3 3 0 2504.94 0.871 0.014 0.228
11545 391 392 3 3 0 1509.27 0.456 0.016 0.126
11546 392 391 3 3 0 1509.27 0.456 0.016 0.126
11547 391 424 3 3 0 2504.94 0.871 0.014 0.228
11548 424 391 3 3 0 2504.94 0.871 0.014 0.228
11549 391 425 3 3 0 1999.05 0.660 0.014 0.176
11550 425 391 3 3 0 1999.05 0.660 0.014 0.176
11551 391 426 3 3 0 2504.94 0.871 0.014 0.228
11552 426 391 3 3 0 2504.94 0.871 0.014 0.228
11553 392 393 3 3 0 1509.27 0.456 0.080 0.174
11554 393 392 3 3 0 1509.27 0.456 0.080 0.174
11555 392 425 3 3 0 2504.94 0.871 0.016 0.230
11556 425 392 3 3 0 2504.94 0.871 0.016 0.230
11557 392 426 3 3 0 1999.05 0.660 0.016 0.177
11558 426 392 3 3 0 1999.05 0.660 0.016 0.177
11559 392 427 3 3 0 2504.94 0.871 0.056 0.260
11560 427 392 3 3 0 2504.94 0.871 0.056 0.260
11561 393 394 3 3 0 1509.27 0.456 0.126 0.209
11562 394 393 3 3 0 1509.27 0.456 0.126 0.209
11563 393 426 3 3 0 2504.94 0.871 0.077 0.276
11564 426 393 3 3 0 2504.94 0.871 0.077 0.276
11565 393 427 3 3 0 1999.05 0.660 0.117 0.253
11566 427 393 3 3 0 1999.05 0.660 0.117 0.253
11567 393 428 3 3 0 2504.94 0.871 0.138 0.321
11568 428 393 3 3 0 2504.94 0.871 0.138 0.321
11569 394 427 3 3 0 2504.94 0.871 0.103 0.295
11570 427 394 3 3 0 2504.94 0.871 0.103 0.295
11571 394 428 3 3 0 1999.05 0.660 0.124 0.258
11572 428 394 3 3 0 1999.05 0.660 0.124 0.258
11573 394 429 3 3 0 2504.94 0.871 0.096 0.290
11574 429 394 3 3 0 2504.94 0.871 0.096 0.290
11575 395 396 3 3 0 1509.27 0.456 0.133 0.214
11576 396 395 3 3 0 1509.27 0.456 0.133 0.214
11577 395 430 3 3 0 1999.05 0.660 0.147 0.276
11578 430 395 3 3 0 1999.05 0.660 0.147 0.276
11579 395 431 3 3 0 2504.94 0.871 0.124 0.311
11580 431 395 3 3 0 2504.94 0.871 0.124 0.311
11581 396 430 3 3 0 2504.94 0.871 0.131 0.316
11582 430 396 3 3 0 2504.94 0.871 0.131 0.316
11583 396 431 3 3 0 1999.05 0.660 0.108 0.246
11584 431 396 3 3 0 1999.05 0.660 0.108 0.246
11585 396 432 3 3 0 2504.94 0.871 0.124 0.311
11586 432 396 3 3 0 2504.94 0.871 0.124 0.311
11587 397 398 3 3 0 1509.27 0.456 0.112 0.198
11588 398 397 3 3 0 1509.27 0.456 0.112 0.198
11589 397 431 3 3 0 2504.94 0.871 0.115 0.304
11590 431 397 3 3 0 2504.94 0.871 0.115 0.304
11591 398 399 3 3 0 1509.27 0.456 0.087 0.179
11592 399 398 3 3 0 1509.27 0.456 0.087 0.179
11593 398 432 3 3 0 2504.94 0.871 0.112 0.302
11594 432 398 3 3 0 2504.94 0.871 0.112 0.302
11595 398 433 3 3 0 1999.05 0.660 0.117 0.253
11596 433 398 3 3 0 1999.05 0.660 0.117 0.253
11597 398 434 3 3 0 2504.94 0.871 0.124 0.311
11598 434 398 3 3 0 2504.94 0.871 0.124 0.311
11599 399 400 3 3 0 1509.27 0.456 0.105 0.193
11600 400 399 3 3 0 1509.27 0.456 0.105 0.193
11601 399 433 3 3 0 2504.94 0.871 0.110 0.300
11602 433 399 3 3 0 2504.94 0.871 0.110 0.300
11603 399 434 3 3 0 1999.05 0.660 0.117 0.253
11604 434 399 3 3 0 1999.05 0.660 0.117 0.253
11605 399 435 3 3 0 2504.94 0.871 0.084 0.281
11606 435 399 3 3 0 2504.94 0.871 0.084 0.281
11607 400 434 3 3 0 2504.94 0.871 0.143 0.325
11608 434 400 3 3 0 2504.94 0.871 0.143 0.325
11609 400 435 3 3 0 1999.05 0.660 0.110 0.248
11610 435 400 3 3 0 1999.05 0.660 0.110 0.248
11611 400 436 3 3 0 2504.94 0.871 0.105 0.297
11612 436 400 3 3 0 2504.94 0.871 0.105 0.297
11613 401 402 3 3 0 1509.69 0.456 0.052 0.153
11614 402 401 3 3 0 1509.69 0.456 0.052 0.153
11615 402 403 3 3 0 1509.69 0.456 0.049 0.151
11616 403 402 3 3 0 1509.69 0.456 0.049 0.151
11617 402 439 3 3 0 2505.18 0.871 0.037 0.246
11618 439 402 3 3 0 2505.18 0.871 0.037 0.246
11619 403 404 3 3 0 1509.69 0.456 0.044 0.147
11620 404 403 3 3 0 1509.69 0.456 0.044 0.147
11621 403 439 3 3 0 1999.04 0.660 0.040 0.195
11622 439 403 3 3 0 1999.04 0.660 0.040 0.195
11623 403 440 3 3 0 2505.18 0.871 0.052 0.256
11624 440 403 3 3 0 2505.18 0.871 0.052 0.256
11625 404 405 3 3 0 1509.69 0.456 0.040 0.144
11626 405 404 3 3 0 1509.69 0.456 0.040 0.144
11627 404 439 3 3 0 2505.18 0.871 0.033 0.242
11628 439 404 3 3 0 2505.18 0.871 0.033 0.242
11629 404 440 3 3 0 1999.04 0.660 0.044 0.198
11630 440 404 3 3 0 1999.04 0.660 0.044 0.198
11631 404 441 3 3 0 2505.18 0.871 0.042 0.249
11632 441 404 3 3 0 2505.18 0.871 0.042 0.249
11633 405 406 3 3 0 1509.69 0.456 0.042 0.146
11634 406 405 3 3 0 1509.69 0.456 0.042 0.146
11635 405 440 3 3 0 2505.18 0.871 0.047 0.253
11636 440 405 3 3 0 2505.18 0.871 0.047 0.253
11637 405 441 3 3 0 1999.04 0.660 0.044 0.198
11638 441 405 3 3 0 1999.04 0.660 0.044 0.198
11639 405 442 3 3 0 2505.18 0.871 0.044 0.251
11640 442 405 3 3 0 2505.18 0.871 0.044 0.251
11641 406 407 3 3 0 1509.69 0.456 0.044 0.147
11642 407 406 3 3 0 1509.69 0.456 0.044 0.147
11643 406 441 3 3 0 2505.18 0.871 0.044 0.251
11644 441 406 3 3 0 2505.18 0.871 0.044 0.251
11645 406 442 3 3 0 1999.04 0.660 0.044 0.198
11646 442 406 3 3 0 1999.04 0.660 0.044 0.198
11647 406 443 3 3 0 2505.18 0.871 0.037 0.246
11648 443 406 3 3 0 2505.18 0.871 0.037 0.246
11649 407 408 3 3 0 1509.69 0.456 0.040 0.144
11650 408 407 3 3 0 1509.69 0.456 0.040 0.144
11651 407 442 3 3 0 2505.18 0.871 0.047 0.253
11652 442 407 3 3 0 2505.18 0.871 0.047 0.253
11653 407 443 3 3 0 1999.04 0.660 0.040 0.195
11654 443 407 3 3 0 1999.04 0.660 0.040 0.195
11655 407 444 3 3 0 2505.18 0.871 0.040 0.248
11656 444 407 3 3 0 2505.18 0.871 0.040 0.248
11657 408 409 3 3 0 1509.69 0.456 0.037 0.142
11658 409 408 3 3 0 1509.69 0.456 0.037 0.142
11659 408 443 3 3 0 2505.18 0.871 0.033 0.242
11660 443 408 3 3 0 2505.18 0.871 0.033 0.242
11661 408 444 3 3 0 1999.04 0.660 0.033 0.190
11662 444 408 3 3 0 1999.04 0.660 0.033 0.190
11663 408 445 3 3 0 2505.18 0.871 0.037 0.246
11664 445 408 3 3 0 2505.18 0.871 0.037 0.246
11665 409 410 3 3 0 1509.69 0.456 0.040 0.144
11666 410 409 3 3 0 1509.69 0.456 0.040 0.144
11667 409 444 3 3 0 2505.18 0.871 0.037 0.246
11668 444 409 3 3 0 2505.18 0.871 0.037 0.246
11669 409 445 3 3 0 1999.04 0.660 0.042 0.197
11670 445 409 3 3 0 1999.04 0.660 0.042 0.197
11671 409 446 3 3 0 2505.18 0.871 0.047 0.253
11672 446 409 3 3 0 2505.18 0.871 0.047 0.253
11673 410 411 3 3 0 1509.69 0.456 0.037 0.142
11674 411 410 3 3 0 1509.69 0.456 0.037 0.142
11675 410 445 3 3 0 2505.18 0.871 0.040 0.248
11676 445 410 3 3 0 2505.18 0.871 0.040 0.248
11677 410 446 3 3 0 1999.04 0.660 0.044 0.198
11678 446 410 3 3 0 1999.04 0.660 0.044 0.198
11679 410 447 3 3 0 2505.18 0.871 0.047 0.253
11680 447 410 3 3 0 2505.18 0.871 0.047 0.253
11681 411 412 3 3 0 1509.69 0.456 0.033 0.139
11682 412 411 3 3 0 1509.69 0.456 0.033 0.139
11683 411 446 3 3 0 2505.18 0.871 0.044 0.251
11684 446 411 3 3 0 2505.18 0.871 0.044 0.251
11685 411 447 3 3 0 1999.04 0.660 0.047 0.200
11686 447 411 3 3 0 1999.04 0.660 0.047 0.200
11687 411 448 3 3 0 2505.18 0.871 0.042 0.249
11688 448 411 3 3 0 2505.18 0.871 0.042 0.249
11689 412 413 3 3 0 1509.69 0.456 0.033 0.139
11690 413 412 3 3 0 1509.69 0.456 0.033 0.139
11691 412 447 3 3 0 2505.18 0.871 0.042 0.249
11692 447 412 3 3 0 2505.18 0.871 0.042 0.249
11693 412 448 3 3 0 1999.04 0.660 0.037 0.193
11694 448 412 3 3 0 1999.04 0.660 0.037 0.193
11695 412 449 3 3 0 2505.18 0.871 0.033 0.242
11696 449 412 3 3 0 2505.18 0.871 0.033 0.242
11697 413 414 3 3 0 1509.69 0.456 0.023 0.132
11698 414 413 3 3 0 1509.69 0.456 0.023 0.132
11699 413 448 3 3 0 2505.18 0.871 0.042 0.249
11700 448 413 3 3 0 2505.18 0.871 0.042 0.249
11701 413 449 3 3 0 1999.04 0.660 0.037 0.193
11702 449 413 3 3 0 1999.04 0.660 0.037 0.193
11703 413 450 3 3 0 2505.18 0.871 0.040 0.248
11704 450 413 3 3 0 2505.18 0.871 0.040 0.248
11705 414 415 3 3 0 1509.69 0.456 0.021 0.130
11706 415 414 3 3 0 1509.69 0.456 0.021 0.130
11707 414 449 3 3 0 2505.18 0.871 0.023 0.235
11708 449 414 3 3 0 2505.18 0.871 0.023 0.235
11709 414 450 3 3 0 1999.04 0.660 0.026 0.184
11710 450 414 3 3 0 1999.04 0.660 0.026 0.184
11711 414 451 3 3 0 2505.18 0.871 0.021 0.234
11712 451 414 3 3 0 2505.18 0.871 0.021 0.234
11713 415 416 3 3 0 1509.69 0.456 0.026 0.133
11714 416 415 3 3 0 1509.69 0.456 0.026 0.133
11715 415 450 3 3 0 2505.18 0.871 0.037 0.246
11716 450 415 3 3 0 2505.18 0.871 0.037 0.246
11717 415 451 3 3 0 1999.04 0.660 0.033 0.190
11718 451 415 3 3 0 1999.04 0.660 0.033 0.190
11719 415 452 3 3 0 2505.18 0.871 0.023 0.235
11720 452 415 3 3 0 2505.18 0.871 0.023 0.235
11721 416 417 3 3 0 1509.69 0.456 0.014 0.125
11722 417 416 3 3 0 1509.69 0.456 0.014 0.125
11723 416 451 3 3 0 2505.18 0.871 0.026 0.237
11724 451 416 3 3 0 2505.18 0.871 0.026 0.237
11725 416 452 3 3 0 1999.04 0.660 0.016 0.177
11726 452 416 3 3 0 1999.04 0.660 0.016 0.177
11727 416 453 3 3 0 2505.18 0.871 0.019 0.232
11728 453 416 3 3 0 2505.18 0.871 0.019 0.232
11729 417 452 3 3 0 2505.18 0.871 0.012 0.227
11730 452 417 3 3 0 2505.18 0.871 0.012 0.227
11731 417 453 3 3 0 1999.04 0.660 0.014 0.176
11732 453 417 3 3 0 1999.04 0.660 0.014 0.176
11733 417 454 3 3 0 2505.18 0.871 0.009 0.225
11734 454 417 3 3 0 2505.18 0.871 0.009 0.225
11735 418 419 3 3 0 1509.69 0.456 0.014 0.125
11736 419 418 3 3 0 1509.69 0.456 0.014 0.125
11737 418 454 3 3 0 1999.04 0.660 0.012 0.174
11738 454 418 3 3 0 1999.04 0.660 0.012 0.174
11739 418 455 3 3 0 2505.18 0.871 0.016 0.230
11740 455 418 3 3 0 2505.18 0.871 0.016 0.230
11741 419 420 3 3 0 1509.69 0.456 0.012 0.123
11742 420 419 3 3 0 1509.69 0.456 0.012 0.123
11743 419 454 3 3 0 2505.18 0.871 0.012 0.227
11744 454 419 3 3 0 2505.18 0.871 0.012 0.227
11745 419 455 3 3 0 1999.04 0.660 0.016 0.177
11746 455 419 3 3 0 1999.04 0.660 0.016 0.177
11747 419 456 3 3 0 2505.18 0.871 0.012 0.227
11748 456 419 3 3 0 2505.18 0.871 0.012 0.227
11749 420 421 3 3 0 1509.69 0.456 0.014 0.125
11750 421 420 3 3 0 1509.69 0.456 0.014 0.125
11751 420 455 3 3 0 2505.18 0.871 0.014 0.228
11752 455 420 3 3 0 2505.18 0.871 0.014 0.228
11753 420 456 3 3 0 1999.04 0.660 0.009 0.172
11754 456 420 3 3 0 1999.04 0.660 0.009 0.172
11755 421 422 3 3 0 1509.69 0.456 0.019 0.128
11756 422 421 3 3 0 1509.69 0.456 0.019 0.128
11757 421 456 3 3 0 2505.18 0.871 0.014 0.228
11758 456 421 3 3 0 2505.18 0.871 0.014 0.228
11759 421 457 3 3 0 1999.04 0.660 0.014 0.176
11760 457 421 3 3 0 1999.04 0.660 0.014 0.176
11761 421 458 3 3 0 2505.18 0.871 0.014 0.228
11762 458 421 3 3 0 2505.18 0.871 0.014 0.228
11763 422 423 3 3 0 1509.69 0.456 0.019 0.128
11764 423 422 3 3 0 1509.69 0.456 0.019 0.128
11765 422 457 3 3 0 2505.18 0.871 0.014 0.228
11766 457 422 3 3 0 2505.18 0.871 0.014 0.228
11767 422 458 3 3 0 1999.04 0.660 0.014 0.176
11768 458 422 3 3 0 1999.04 0.660 0.014 0.176
11769 422 459 3 3 0 2505.18 0.871 0.014 0.228
11770 459 422 3 3 0 2505.18 0.871 0.014 0.228
11771 423 424 3 3 0 1509.69 0.456 0.016 0.126
11772 424 423 3 3 0 1509.69 0.456 0.016 0.126
11773 423 458 3 3 0 2505.18 0.871 0.014 0.228
11774 458 423 3 3 0 2505.18 0.871 0.014 0.228
11775 423 459 3 3 0 1999.04 0.660 0.014 0.176
11776 459 423 3 3 0 1999.04 0.660 0.014 0.176
11777 423 460 3 3 0 2505.18 0.871 0.019 0.232
11778 460 423 3 3 0 2505.18 0.871 0.019 0.232
11779 424 425 3 3 0 1509.69 0.456 0.014 0.125
11780 425 424 3 3 0 1509.69 0.456 0.014 0.125
11781 424 459 3 3 0 2505.18 0.871 0.012 0.227
11782 459 424 3 3 0 2505.18 0.871 0.012 0.227
11783 424 460 3 3 0 1999.04 0.660 0.016 0.177
11784 460 424 3 3 0 1999.04 0.660 0.016 0.177
11785 425 426 3 3 0 1509.69 0.456 0.014 0.125
11786 426 425 3 3 0 1509.69 0.456 0.014 0.125
11787 425 460 3 3 0 2505.18 0.871 0.016 0.230
11788 460 425 3 3 0 2505.18 0.871 0.016 0.230
11789 426 427 3 3 0 1509.69 0.456 0.054 0.154
11790 427 426 3 3 0 1509.69 0.456 0.054 0.154
11791 426 462 3 3 0 2505.18 0.871 0.066 0.267
11792 462 426 3 3 0 2505.18 0.871 0.066 0.267
11793 427 428 3 3 0 1509.69 0.456 0.115 0.200
11794 428 427 3 3 0 1509.69 0.456 0.115 0.200
11795 427 462 3 3 0 1999.04 0.660 0.105 0.244
11796 462 427 3 3 0 1999.04 0.660 0.105 0.244
11797 427 463 3 3 0 2505.18 0.871 0.117 0.306
11798 463 427 3 3 0 2505.18 0.871 0.117 0.306
11799 428 429 3 3 0 1509.69 0.456 0.108 0.195
11800 429 428 3 3 0 1509.69 0.456 0.108 0.195
11801 428 462 3 3 0 2505.18 0.871 0.126 0.313
11802 462 428 3 3 0 2505.18 0.871 0.126 0.313
11803 428 463 3 3 0 1999.04 0.660 0.138 0.269
11804 463 428 3 3 0 1999.04 0.660 0.138 0.269
11805 428 464 3 3 0 2505.18 0.871 0.131 0.316
11806 464 428 3 3 0 2505.18 0.871 0.131 0.316
11807 429 430 3 3 0 1509.69 0.456 0.112 0.198
11808 430 429 3 3 0 1509.69 0.456 0.112 0.198
11809 429 463 3 3 0 2505.18 0.871 0.110 0.300
11810 463 429 3 3 0 2505.18 0.871 0.110 0.300
11811 429 464 3 3 0 1999.04 0.660 0.103 0.242
11812 464 429 3 3 0 1999.04 0.660 0.103 0.242
11813 429 465 3 3 0 2505.18 0.871 0.108 0.299
11814 465 429 3 3 0 2505.18 0.871 0.108 0.299
11815 430 431 3 3 0 1509.69 0.456 0.122 0.205
11816 431 430 3 3 0 1509.69 0.456 0.122 0.205
11817 430 464 3 3 0 2505.18 0.871 0.136 0.320
11818 464 430 3 3 0 2505.18 0.871 0.136 0.320
11819 430 465 3 3 0 1999.04 0.660 0.140 0.270
11820 465 430 3 3 0 1999.04 0.660 0.140 0.270
11821 430 466 3 3 0 2505.18 0.871 0.129 0.314
11822 466 430 3 3 0 2505.18 0.871 0.129 0.314
11823 431 432 3 3 0 1509.69 0.456 0.115 0.200
11824 432 431 3 3 0 1509.69 0.456 0.115 0.200
11825 431 465 3 3 0 2505.18 0.871 0.117 0.306
11826 465 431 3 3 0 2505.18 0.871 0.117 0.306
11827 431 466 3 3 0 1999.04 0.660 0.105 0.244
11828 466 431 3 3 0 1999.04 0.660 0.105 0.244
11829 431 467 3 3 0 2505.18 0.871 0.098 0.292
11830 467 431 3 3 0 2505.18 0.871 0.098 0.292
11831 432 433 3 3 0 1509.69 0.456 0.136 0.216
11832 433 432 3 3 0 1509.69 0.456 0.136 0.216
11833 432 466 3 3 0 2505.18 0.871 0.122 0.309
11834 466 432 3 3 0 2505.18 0.871 0.122 0.309
11835 432 467 3 3 0 1999.04 0.660 0.115 0.251
11836 467 432 3 3 0 1999.04 0.660 0.115 0.251
11837 433 434 3 3 0 1509.69 0.456 0.147 0.225
11838 434 433 3 3 0 1509.69 0.456 0.147 0.225
11839 433 467 3 3 0 2505.18 0.871 0.119 0.307
11840 467 433 3 3 0 2505.18 0.871 0.119 0.307
11841 433 468 3 3 0 1999.04 0.660 0.117 0.253
11842 468 433 3 3 0 1999.04 0.660 0.117 0.253
11843 433 469 3 3 0 2505.18 0.871 0.133 0.318
11844 469 433 3 3 0 2505.18 0.871 0.133 0.318
11845 434 435 3 3 0 1509.69 0.456 0.122 0.205
11846 435 434 3 3 0 1509.69 0.456 0.122 0.205
11847 434 468 3 3 0 2505.18 0.871 0.124 0.311
11848 468 434 3 3 0 2505.18 0.871 0.124 0.311
11849 434 469 3 3 0 1999.04 0.660 0.140 0.270
11850 469 434 3 3 0 1999.04 0.660 0.140 0.270
11851 434 470 3 3 0 2505.18 0.871 0.133 0.318
11852 470 434 3 3 0 2505.18 0.871 0.133 0.318
11853 435 436 3 3 0 1509.69 0.456 0.084 0.177
11854 436 435 3 3 0 1509.69 0.456 0.084 0.177
11855 435 469 3 3 0 2505.18 0.871 0.108 0.299
11856 469 435 3 3 0 2505.18 0.871 0.108 0.299
11857 435 470 3 3 0 1999.04 0.660 0.101 0.241
11858 470 435 3 3 0 1999.04 0.660 0.101 0.241
11859 435 471 3 3 0 2505.18 0.871 0.098 0.292
11860 471 435 3 3 0 2505.18 0.871 0.098 0.292
11861 436 437 3 3 0 1509.69 0.456 0.098 0.188
11862 437 436 3 3 0 1509.69 0.456 0.098 0.188
11863 436 470 3 3 0 2505.18 0.871 0.096 0.290
11864 470 436 3 3 0 2505.18 0.871 0.096 0.290
11865 436 471 3 3 0 1999.04 0.660 0.094 0.235
11866 471 436 3 3 0 1999.04 0.660 0.094 0.235
11867 436 472 3 3 0 2505.18 0.871 0.108 0.299
11868 472 436 3 3 0 2505.18 0.871 0.108 0.299
11869 437 438 3 3 0 1509.69 0.456 0.122 0.205
11870 438 437 3 3 0 1509.69 0.456 0.122 0.205
11871 437 471 3 3 0 2505.18 0.871 0.112 0.302
11872 471 437 3 3 0 2505.18 0.871 0.112 0.302
11873 437 472 3 3 0 1999.04 0.660 0.126 0.260
11874 472 437 3 3 0 1999.04 0.660 0.126 0.260
11875 437 473 3 3 0 2505.18 0.871 0.126 0.313
11876 473 437 3 3 0 2505.18 0.871 0.126 0.313
11877 438 472 3 3 0 2505.18 0.871 0.131 0.316
11878 472 438 3 3 0 2505.18 0.871 0.131 0.316
11879 438 473 3 3 0 1999.04 0.660 0.131 0.263
11880 473 438 3 3 0 1999.04 0.660 0.131 0.263
11881 438 474 3 3 0 2505.18 0.871 0.105 0.297
11882 474 438 3 3 0 2505.18 0.871 0.105 0.297
11883 439 440 3 3 0 1510.10 0.456 0.040 0.144
11884 440 439 3 3 0 1510.10 0.456 0.040 0.144
11885 440 441 3 3 0 1510.10 0.456 0.049 0.151
11886 441 440 3 3 0 1510.10 0.456 0.049 0.151
11887 441 442 3 3 0 1510.10 0.456 0.047 0.149
11888 442 441 3 3 0 1510.10 0.456 0.047 0.149
11889 441 475 3 3 0 2505.43 0.872 0.047 0.253
11890 475 441 3 3 0 2505.43 0.872 0.047 0.253
11891 442 443 3 3 0 1510.10 0.456 0.040 0.144
11892 443 442 3 3 0 1510.10 0.456 0.040 0.144
11893 442 475 3 3 0 1999.03 0.660 0.047 0.200
11894 475 442 3 3 0 1999.03 0.660 0.047 0.200
11895 442 476 3 3 0 2505.43 0.872 0.040 0.248
11896 476 442 3 3 0 2505.43 0.872 0.040 0.248
11897 443 444 3 3 0 1510.10 0.456 0.033 0.139
11898 444 443 3 3 0 1510.10 0.456 0.033 0.139
11899 443 475 3 3 0 2505.43 0.872 0.040 0.248
11900 475 443 3 3 0 2505.43 0.872 0.040 0.248
11901 443 476 3 3 0 1999.03 0.660 0.033 0.190
11902 476 443 3 3 0 1999.03 0.660 0.033 0.190
11903 443 477 3 3 0 2505.43 0.872 0.040 0.248
11904 477 443 3 3 0 2505.43 0.872 0.040 0.248
11905 444 445 3 3 0 1510.10 0.456 0.037 0.142
11906 445 444 3 3 0 1510.10 0.456 0.037 0.142
11907 444 476 3 3 0 2505.43 0.872 0.033 0.242
11908 476 444 3 3 0 2505.43 0.872 0.033 0.242
11909 444 477 3 3 0 1999.03 0.660 0.040 0.195
11910 477 444 3 3 0 1999.03 0.660 0.040 0.195
11911 444 478 3 3 0 2505.43 0.872 0.033 0.242
11912 478 444 3 3 0 2505.43 0.872 0.033 0.242
11913 445 446 3 3 0 1510.10 0.456 0.047 0.149
11914 446 445 3 3 0 1510.10 0.456 0.047 0.149
11915 445 477 3 3 0 2505.43 0.872 0.044 0.251
11916 477 445 3 3 0 2505.43 0.872 0.044 0.251
11917 445 478 3 3 0 1999.03 0.660 0.037 0.193
11918 478 445 3 3 0 1999.03 0.660 0.037 0.193
11919 445 479 3 3 0 2505.43 0.872 0.042 0.249
11920 479 445 3 3 0 2505.43 0.872 0.042 0.249
11921 446 447 3 3 0 1510.10 0.456 0.054 0.154
11922 447 446 3 3 0 1510.10 0.456 0.054 0.154
11923 446 478 3 3 0 2505.43 0.872 0.042 0.249
11924 478 446 3 3 0 2505.43 0.872 0.042 0.249
11925 446 479 3 3 0 1999.03 0.660 0.047 0.200
11926 479 446 3 3 0 1999.03 0.660 0.047 0.200
11927 446 480 3 3 0 2505.43 0.872 0.054 0.258
11928 480 446 3 3 0 2505.43 0.872 0.054 0.258
11929 447 448 3 3 0 1510.10 0.456 0.052 0.153
11930 448 447 3 3 0 1510.10 0.456 0.052 0.153
11931 447 479 3 3 0 2505.43 0.872 0.049 0.255
11932 479 447 3 3 0 2505.43 0.872 0.049 0.255
11933 447 480 3 3 0 1999.03 0.660 0.056 0.207
11934 480 447 3 3 0 1999.03 0.660 0.056 0.207
11935 447 481 3 3 0 2505.43 0.872 0.047 0.253
11936 481 447 3 3 0 2505.43 0.872 0.047 0.253
11937 448 449 3 3 0 1510.10 0.456 0.042 0.146
11938 449 448 3 3 0 1510.10 0.456 0.042 0.146
11939 448 480 3 3 0 2505.43 0.872 0.052 0.257
11940 480 448 3 3 0 2505.43 0.872 0.052 0.257
11941 448 481 3 3 0 1999.03 0.660 0.042 0.197
11942 481 448 3 3 0 1999.03 0.660 0.042 0.197
11943 448 482 3 3 0 2505.43 0.872 0.049 0.255
11944 482 448 3 3 0 2505.43 0.872 0.049 0.255
11945 449 450 3 3 0 1510.10 0.456 0.040 0.144
11946 450 449 3 3 0 1510.10 0.456 0.040 0.144
11947 449 481 3 3 0 2505.43 0.872 0.037 0.246
11948 481 449 3 3 0 2505.43 0.872 0.037 0.246
11949 449 482 3 3 0 1999.03 0.660 0.044 0.198
11950 482 449 3 3 0 1999.03 0.660 0.044 0.198
11951 449 483 3 3 0 2505.43 0.872 0.044 0.251
11952 483 449 3 3 0 2505.43 0.872 0.044 0.251
11953 450 451 3 3 0 1510.10 0.456 0.037 0.142
11954 451 450 3 3 0 1510.10 0.456 0.037 0.142
11955 450 482 3 3 0 2505.43 0.872 0.047 0.253
11956 482 450 3 3 0 2505.43 0.872 0.047 0.253
11957 450 483 3 3 0 1999.03 0.660 0.047 0.200
11958 483 450 3 3 0 1999.03 0.660 0.047 0.200
11959 450 484 3 3 0 2505.43 0.872 0.044 0.251
11960 484 450 3 3 0 2505.43 0.872 0.044 0.251
11961 451 452 3 3 0 1510.10 0.456 0.023 0.132
11962 452 451 3 3 0 1510.10 0.456 0.023 0.132
11963 451 483 3 3 0 2505.43 0.872 0.042 0.249
11964 483 451 3 3 0 2505.43 0.872 0.042 0.249
11965 451 484 3 3 0 1999.03 0.660 0.040 0.195
11966 484 451 3 3 0 1999.03 0.660 0.040 0.195
11967 451 485 3 3 0 2505.43 0.872 0.037 0.246
11968 485 451 3 3 0 2505.43 0.872 0.037 0.246
11969 452 453 3 3 0 1510.10 0.456 0.016 0.126
11970 453 452 3 3 0 1510.10 0.456 0.016 0.126
11971 452 484 3 3 0 2505.43 0.872 0.030 0.241
11972 484 452 3 3 0 2505.43 0.872 0.030 0.241
11973 452 485 3 3 0 1999.03 0.660 0.028 0.186
11974 485 452 3 3 0 1999.03 0.660 0.028 0.186
11975 453 454 3 3 0 1510.10 0.456 0.014 0.125
11976 454 453 3 3 0 1510.10 0.456 0.014 0.125
11977 453 485 3 3 0 2505.43 0.872 0.030 0.241
11978 485 453 3 3 0 2505.43 0.872 0.030 0.241
11979 453 487 3 3 0 2505.43 0.872 0.016 0.230
11980 487 453 3 3 0 2505.43 0.872 0.016 0.230
11981 454 455 3 3 0 1510.10 0.456 0.014 0.125
11982 455 454 3 3 0 1510.10 0.456 0.014 0.125
11983 454 487 3 3 0 1999.03 0.660 0.012 0.174
11984 487 454 3 3 0 1999.03 0.660 0.012 0.174
11985 454 488 3 3 0 2505.43 0.872 0.009 0.225
11986 488 454 3 3 0 2505.43 0.872 0.009 0.225
11987 455 456 3 3 0 1510.10 0.456 0.014 0.125
11988 456 455 3 3 0 1510.10 0.456 0.014 0.125
11989 455 487 3 3 0 2505.43 0.872 0.016 0.230
11990 487 455 3 3 0 2505.43 0.872 0.016 0.230
11991 455 488 3 3 0 1999.03 0.660 0.014 0.176
11992 488 455 3 3 0 1999.03 0.660 0.014 0.176
11993 455 489 3 3 0 2505.43 0.872 0.014 0.228
11994 489 455 3 3 0 2505.43 0.872 0.014 0.228
11995 456 457 3 3 0 1510.10 0.456 0.009 0.121
11996 457 456 3 3 0 1510.10 0.456 0.009 0.121
11997 456 488 3 3 0 2505.43 0.872 0.009 0.225
11998 488 456 3 3 0 2505.43 0.872 0.009 0.225
11999 456 489 3 3 0 1999.03 0.660 0.009 0.172
12000 489 456 3 3 0 1999.03 0.660 0.009 0.172
12001 456 490 3 3 0 2505.43 0.872 0.014 0.228
12002 490 456 3 3 0 2505.43 0.872 0.014 0.228
12003 457 458 3 3 0 1510.10 0.456 0.009 0.121
12004 458 457 3 3 0 1510.10 0.456 0.009 0.121
12005 457 489 3 3 0 2505.43 0.872 0.009 0.225
12006 489 457 3 3 0 2505.43 0.872 0.009 0.225
12007 457 490 3 3 0 1999.03 0.660 0.014 0.176
12008 490 457 3 3 0 1999.03 0.660 0.014 0.176
12009 457 491 3 3 0 2505.43 0.872 0.012 0.227
12010 491 457 3 3 0 2505.43 0.872 0.012 0.227
12011 458 459 3 3 0 1510.10 0.456 0.009 0.121
12012 459 458 3 3 0 1510.10 0.456 0.009 0.121
12013 458 490 3 3 0 2505.43 0.872 0.014 0.228
12014 490 458 3 3 0 2505.43 0.872 0.014 0.228
12015 458 491 3 3 0 1999.03 0.660 0.012 0.174
12016 491 458 3 3 0 1999.03 0.660 0.012 0.174
12017 458 492 3 3 0 2505.43 0.872 0.014 0.228
12018 492 458 3 3 0 2505.43 0.872 0.014 0.228
12019 459 460 3 3 0 1510.10 0.456 0.014 0.125
12020 460 459 3 3 0 1510.10 0.456 0.014 0.125
12021 459 491 3 3 0 2505.43 0.872 0.012 0.227
12022 491 459 3 3 0 2505.43 0.872 0.012 0.227
12023 459 492 3 3 0 1999.03 0.660 0.014 0.176
12024 492 459 3 3 0 1999.03 0.660 0.014 0.176
12025 459 493 3 3 0 2505.43 0.872 0.054 0.258
12026 493 459 3 3 0 2505.43 0.872 0.054 0.258
12027 460 492 3 3 0 2505.43 0.872 0.019 0.232
12028 492 460 3 3 0 2505.43 0.872 0.019 0.232
12029 460 493 3 3 0 1999.03 0.660 0.059 0.209
12030 493 460 3 3 0 1999.03 0.660 0.059 0.209
12031 461 494 3 3 0 2505.43 0.872 0.105 0.297
12032 494 461 3 3 0 2505.43 0.872 0.105 0.297
12033 462 463 3 3 0 1510.10 0.456 0.129 0.211
12034 463 462 3 3 0 1510.10 0.456 0.129 0.211
12035 462 494 3 3 0 1999.03 0.660 0.103 0.242
12036 494 462 3 3 0 1999.03 0.660 0.103 0.242
12037 462 495 3 3 0 2505.43 0.872 0.112 0.302
12038 495 462 3 3 0 2505.43 0.872 0.112 0.302
12039 463 464 3 3 0 1510.10 0.456 0.133 0.214
12040 464 463 3 3 0 1510.10 0.456 0.133 0.214
12041 463 494 3 3 0 2505.43 0.872 0.115 0.304
12042 494 463 3 3 0 2505.43 0.872 0.115 0.304
12043 463 495 3 3 0 1999.03 0.660 0.124 0.258
12044 495 463 3 3 0 1999.03 0.660 0.124 0.258
12045 463 496 3 3 0 2505.43 0.872 0.124 0.311
12046 496 463 3 3 0 2505.43 0.872 0.124 0.311
12047 464 465 3 3 0 1510.10 0.456 0.131 0.212
12048 465 464 3 3 0 1510.10 0.456 0.131 0.212
12049 464 495 3 3 0 2505.43 0.872 0.117 0.306
12050 495 464 3 3 0 2505.43 0.872 0.117 0.306
12051 464 496 3 3 0 1999.03 0.660 0.117 0.253
12052 496 464 3 3 0 1999.03 0.660 0.117 0.253
12053 464 497 3 3 0 2505.43 0.872 0.136 0.320
12054 497 464 3 3 0 2505.43 0.872 0.136 0.320
12055 465 466 3 3 0 1510.10 0.456 0.124 0.207
12056 466 465 3 3 0 1510.10 0.456 0.124 0.207
12057 465 496 3 3 0 2505.43 0.872 0.122 0.309
12058 496 465 3 3 0 2505.43 0.872 0.122 0.309
12059 465 497 3 3 0 1999.03 0.660 0.140 0.270
12060 497 465 3 3 0 1999.03 0.660 0.140 0.270
12061 465 498 3 3 0 2505.43 0.872 0.115 0.304
12062 498 465 3 3 0 2505.43 0.872 0.115 0.304
12063 466 467 3 3 0 1510.10 0.456 0.105 0.193
12064 467 466 3 3 0 1510.10 0.456 0.105 0.193
12065 466 497 3 3 0 2505.43 0.872 0.129 0.314
12066 497 466 3 3 0 2505.43 0.872 0.129 0.314
12067 466 498 3 3 0 1999.03 0.660 0.103 0.242
12068 498 466 3 3 0 1999.03 0.660 0.103 0.242
12069 467 468 3 3 0 1510.10 0.456 0.096 0.186
12070 468 467 3 3 0 1510.10 0.456 0.096 0.186
12071 467 499 3 3 0 1999.03 0.660 0.105 0.244
12072 499 467 3 3 0 1999.03 0.660 0.105 0.244
12073 467 500 3 3 0 2505.43 0.872 0.112 0.302
12074 500 467 3 3 0 2505.43 0.872 0.112 0.302
12075 468 469 3 3 0 1510.10 0.456 0.110 0.197
12076 469 468 3 3 0 1510.10 0.456 0.110 0.197
12077 468 499 3 3 0 2505.43 0.872 0.103 0.295
12078 499 468 3 3 0 2505.43 0.872 0.103 0.295
12079 468 500 3 3 0 1999.03 0.660 0.110 0.248
12080 500 468 3 3 0 1999.03 0.660 0.110 0.248
12081 468 501 3 3 0 2505.43 0.872 0.096 0.290
12082 501 468 3 3 0 2505.43 0.872 0.096 0.290
12083 469 470 3 3 0 1510.10 0.456 0.119 0.204
12084 470 469 3 3 0 1510.10 0.456 0.119 0.204
12085 469 500 3 3 0 2505.43 0.872 0.126 0.313
12086 500 469 3 3 0 2505.43 0.872 0.126 0.313
12087 469 501 3 3 0 1999.03 0.660 0.112 0.249
12088 501 469 3 3 0 1999.03 0.660 0.112 0.249
12089 469 502 3 3 0 2505.43 0.872 0.140 0.323
12090 502 469 3 3 0 2505.43 0.872 0.140 0.323
12091 470 471 3 3 0 1510.10 0.456 0.110 0.197
12092 471 470 3 3 0 1510.10 0.456 0.110 0.197
12093 470 501 3 3 0 2505.43 0.872 0.105 0.297
12094 501 470 3 3 0 2505.43 0.872 0.105 0.297
12095 470 502 3 3 0 1999.03 0.660 0.133 0.265
12096 502 470 3 3 0 1999.03 0.660 0.133 0.265
12097 470 503 3 3 0 2505.43 0.872 0.133 0.318
12098 503 470 3 3 0 2505.43 0.872 0.133 0.318
12099 471 472 3 3 0 1510.10 0.456 0.122 0.205
12100 472 471 3 3 0 1510.10 0.456 0.122 0.205
12101 471 502 3 3 0 2505.43 0.872 0.131 0.316
12102 502 471 3 3 0 2505.43 0.872 0.131 0.316
12103 471 503 3 3 0 1999.03 0.660 0.131 0.263
12104 503 471 3 3 0 1999.03 0.660 0.131 0.263
12105 471 504 3 3 0 2505.43 0.872 0.096 0.290
12106 504 471 3 3 0 2505.43 0.872 0.096 0.290
12107 472 473 3 3 0 1510.10 0.456 0.136 0.216
12108 473 472 3 3 0 1510.10 0.456 0.136 0.216
12109 472 503 3 3 0 2505.43 0.872 0.145 0.327
12110 503 472 3 3 0 2505.43 0.872 0.145 0.327
12111 472 504 3 3 0 1999.03 0.660 0.110 0.248
12112 504 472 3 3 0 1999.03 0.660 0.110 0.248
12113 472 505 3 3 0 2505.43 0.872 0.131 0.316
12114 505 472 3 3 0 2505.43 0.872 0.131 0.316
12115 473 474 3 3 0 1510.10 0.456 0.110 0.197
12116 474 473 3 3 0 1510.10 0.456 0.110 0.197
12117 473 504 3 3 0 2505.43 0.872 0.110 0.300
12118 504 473 3 3 0 2505.43 0.872 0.110 0.300
12119 473 505 3 3 0 1999.03 0.660 0.131 0.263
12120 505 473 3 3 0 1999.03 0.660 0.131 0.263
12121 474 505 3 3 0 2505.43 0.872 0.105 0.297
12122 505 474 3 3 0 2505.43 0.872 0.105 0.297
12123 475 476 3 3 0 1510.51 0.457 0.040 0.144
12124 476 475 3 3 0 1510.51 0.457 0.040 0.144
12125 476 477 3 3 0 1510.51 0.457 0.040 0.144
12126 477 476 3 3 0 1510.51 0.457 0.040 0.144
12127 476 506 3 3 0 2505.67 0.872 0.037 0.246
12128 506 476 3 3 0 2505.67 0.872 0.037 0.246
12129 477 478 3 3 0 1510.51 0.457 0.040 0.144
12130 478 477 3 3 0 1510.51 0.457 0.040 0.144
12131 477 506 3 3 0 1999.03 0.660 0.044 0.198
12132 506 477 3 3 0 1999.03 0.660 0.044 0.198
12133 478 479 3 3 0 1510.51 0.457 0.037 0.142
12134 479 478 3 3 0 1510.51 0.457 0.037 0.142
12135 478 506 3 3 0 2505.67 0.872 0.037 0.246
12136 506 478 3 3 0 2505.67 0.872 0.037 0.246
12137 478 507 3 3 0 1999.03 0.660 0.030 0.188
12138 507 478 3 3 0 1999.03 0.660 0.030 0.188
12139 478 508 3 3 0 2505.67 0.872 0.037 0.246
12140 508 478 3 3 0 2505.67 0.872 0.037 0.246
12141 479 480 3 3 0 1510.51 0.457 0.049 0.151
12142 480 479 3 3 0 1510.51 0.457 0.049 0.151
12143 479 507 3 3 0 2505.67 0.872 0.035 0.244
12144 507 479 3 3 0 2505.67 0.872 0.035 0.244
12145 479 508 3 3 0 1999.03 0.660 0.042 0.197
12146 508 479 3 3 0 1999.03 0.660 0.042 0.197
12147 479 509 3 3 0 2505.67 0.872 0.049 0.255
12148 509 479 3 3 0 2505.67 0.872 0.049 0.255
12149 480 481 3 3 0 1510.51 0.457 0.047 0.149
12150 481 480 3 3 0 1510.51 0.457 0.047 0.149
12151 480 508 3 3 0 2505.67 0.872 0.049 0.255
12152 508 480 3 3 0 2505.67 0.872 0.049 0.255
12153 480 509 3 3 0 1999.03 0.660 0.056 0.207
12154 509 480 3 3 0 1999.03 0.660 0.056 0.207
12155 480 510 3 3 0 2505.67 0.872 0.054 0.258
12156 510 480 3 3 0 2505.67 0.872 0.054 0.258
12157 481 482 3 3 0 1510.51 0.457 0.044 0.147
12158 482 481 3 3 0 1510.51 0.457 0.044 0.147
12159 481 509 3 3 0 2505.67 0.872 0.047 0.253
12160 509 481 3 3 0 2505.67 0.872 0.047 0.253
12161 481 510 3 3 0 1999.03 0.660 0.044 0.198
12162 510 481 3 3 0 1999.03 0.660 0.044 0.198
12163 481 511 3 3 0 2505.67 0.872 0.047 0.253
12164 511 481 3 3 0 2505.67 0.872 0.047 0.253
12165 482 483 3 3 0 1510.51 0.457 0.052 0.153
12166 483 482 3 3 0 1510.51 0.457 0.052 0.153
12167 482 510 3 3 0 2505.67 0.872 0.052 0.257
12168 510 482 3 3 0 2505.67 0.872 0.052 0.257
12169 482 511 3 3 0 1999.03 0.660 0.054 0.205
12170 511 482 3 3 0 1999.03 0.660 0.054 0.205
12171 482 512 3 3 0 2505.67 0.872 0.049 0.255
12172 512 482 3 3 0 2505.67 0.872 0.049 0.255
12173 483 484 3 3 0 1510.51 0.457 0.049 0.151
12174 484 483 3 3 0 1510.51 0.457 0.049 0.151
12175 483 511 3 3 0 2505.67 0.872 0.054 0.258
12176 511 483 3 3 0 2505.67 0.872 0.054 0.258
12177 483 512 3 3 0 1999.03 0.660 0.049 0.202
12178 512 483 3 3 0 1999.03 0.660 0.049 0.202
12179 483 513 3 3 0 2505.67 0.872 0.049 0.255
12180 513 483 3 3 0 2505.67 0.872 0.049 0.255
12181 484 485 3 3 0 1510.51 0.457 0.044 0.147
12182 485 484 3 3 0 1510.51 0.457 0.044 0.147
12183 484 512 3 3 0 2505.67 0.872 0.047 0.253
12184 512 484 3 3 0 2505.67 0.872 0.047 0.253
12185 484 513 3 3 0 1999.03 0.660 0.047 0.200
12186 513 484 3 3 0 1999.03 0.660 0.047 0.200
12187 484 514 3 3 0 2505.67 0.872 0.033 0.242
12188 514 484 3 3 0 2505.67 0.872 0.033 0.242
12189 485 486 3 3 0 1510.51 0.457 0.028 0.135
12190 486 485 3 3 0 1510.51 0.457 0.028 0.135
12191 485 513 3 3 0 2505.67 0.872 0.044 0.251
12192 513 485 3 3 0 2505.67 0.872 0.044 0.251
12193 485 514 3 3 0 1999.03 0.660 0.030 0.188
12194 514 485 3 3 0 1999.03 0.660 0.030 0.188
12195 485 515 3 3 0 2505.67 0.872 0.028 0.239
12196 515 485 3 3 0 2505.67 0.872 0.028 0.239
12197 486 514 3 3 0 2505.67 0.872 0.016 0.230
12198 514 486 3 3 0 2505.67 0.872 0.016 0.230
12199 486 515 3 3 0 1999.03 0.660 0.014 0.176
12200 515 486 3 3 0 1999.03 0.660 0.014 0.176
12201 486 516 3 3 0 2505.67 0.872 0.014 0.228
12202 516 486 3 3 0 2505.67 0.872 0.014 0.228
12203 487 488 3 3 0 1510.51 0.457 0.012 0.123
12204 488 487 3 3 0 1510.51 0.457 0.012 0.123
12205 487 516 3 3 0 1999.03 0.660 0.014 0.176
12206 516 487 3 3 0 1999.03 0.660 0.014 0.176
12207 487 517 3 3 0 2505.67 0.872 0.012 0.227
12208 517 487 3 3 0 2505.67 0.872 0.012 0.227
12209 488 489 3 3 0 1510.51 0.457 0.009 0.121
12210 489 488 3 3 0 1510.51 0.457 0.009 0.121
12211 488 516 3 3 0 2505.67 0.872 0.012 0.227
12212 516 488 3 3 0 2505.67 0.872 0.012 0.227
12213 488 517 3 3 0 1999.03 0.660 0.009 0.172
12214 517 488 3 3 0 1999.03 0.660 0.009 0.172
12215 488 518 3 3 0 2505.67 0.872 0.012 0.227
12216 518 488 3 3 0 2505.67 0.872 0.012 0.227
12217 489 490 3 3 0 1510.51 0.457 0.014 0.125
12218 490 489 3 3 0 1510.51 0.457 0.014 0.125
12219 489 517 3 3 0 2505.67 0.872 0.009 0.225
12220 517 489 3 3 0 2505.67 0.872 0.009 0.225
12221 489 518 3 3 0 1999.03 0.660 0.012 0.174
12222 518 489 3 3 0 1999.03 0.660 0.012 0.174
12223 489 519 3 3 0 2505.67 0.872 0.012 0.227
12224 519 489 3 3 0 2505.67 0.872 0.012 0.227
12225 490 491 3 3 0 1510.51 0.457 0.016 0.126
12226 491 490 3 3 0 1510.51 0.457 0.016 0.126
12227 490 518 3 3 0 2505.67 0.872 0.016 0.230
12228 518 490 3 3 0 2505.67 0.872 0.016 0.230
12229 490 519 3 3 0 1999.03 0.660 0.016 0.177
12230 519 490 3 3 0 1999.03 0.660 0.016 0.177
12231 490 520 3 3 0 2505.67 0.872 0.016 0.230
12232 520 490 3 3 0 2505.67 0.872 0.016 0.230
12233 491 492 3 3 0 1510.51 0.457 0.016 0.126
12234 492 491 3 3 0 1510.51 0.457 0.016 0.126
12235 491 519 3 3 0 2505.67 0.872 0.014 0.228
12236 519 491 3 3 0 2505.67 0.872 0.014 0.228
12237 491 520 3 3 0 1999.03 0.660 0.014 0.176
12238 520 491 3 3 0 1999.03 0.660 0.014 0.176
12239 491 521 3 3 0 2505.67 0.872 0.014 0.228
12240 521 491 3 3 0 2505.67 0.872 0.014 0.228
12241 492 493 3 3 0 1510.51 0.457 0.059 0.158
12242 493 492 3 3 0 1510.51 0.457 0.059 0.158
12243 492 520 3 3 0 2505.67 0.872 0.016 0.230
12244 520 492 3 3 0 2505.67 0.872 0.016 0.230
12245 492 521 3 3 0 1999.03 0.660 0.016 0.177
12246 521 492 3 3 0 1999.03 0.660 0.016 0.177
12247 492 522 3 3 0 2505.67 0.872 0.052 0.257
12248 522 492 3 3 0 2505.67 0.872 0.052 0.257
12249 493 521 3 3 0 2505.67 0.872 0.056 0.260
12250 521 493 3 3 0 2505.67 0.872 0.056 0.260
12251 493 522 3 3 0 1999.03 0.660 0.091 0.234
12252 522 493 3 3 0 1999.03 0.660 0.091 0.234
12253 493 523 3 3 0 2505.67 0.872 0.112 0.302
12254 523 493 3 3 0 2505.67 0.872 0.112 0.302
12255 494 495 3 3 0 1510.51 0.457 0.098 0.188
12256 495 494 3 3 0 1510.51 0.457 0.098 0.188
12257 494 524 3 3 0 1999.03 0.660 0.098 0.239
12258 524 494 3 3 0 1999.03 0.660 0.098 0.239
12259 494 525 3 3 0 2505.67 0.872 0.112 0.302
12260 525 494 3 3 0 2505.67 0.872 0.112 0.302
12261 495 496 3 3 0 1510.51 0.457 0.108 0.195
12262 496 495 3 3 0 1510.51 0.457 0.108 0.195
12263 495 524 3 3 0 2505.67 0.872 0.108 0.299
12264 524 495 3 3 0 2505.67 0.872 0.108 0.299
12265 495 525 3 3 0 1999.03 0.660 0.122 0.256
12266 525 495 3 3 0 1999.03 0.660 0.122 0.256
12267 495 526 3 3 0 2505.67 0.872 0.126 0.313
12268 526 495 3 3 0 2505.67 0.872 0.126 0.313
12269 496 497 3 3 0 1510.51 0.457 0.126 0.209
12270 497 496 3 3 0 1510.51 0.457 0.126 0.209
12271 496 525 3 3 0 2505.67 0.872 0.122 0.309
12272 525 496 3 3 0 2505.67 0.872 0.122 0.309
12273 496 526 3 3 0 1999.03 0.660 0.126 0.260
12274 526 496 3 3 0 1999.03 0.660 0.126 0.260
12275 496 527 3 3 0 2505.67 0.872 0.124 0.311
12276 527 496 3 3 0 2505.67 0.872 0.124 0.311
12277 497 498 3 3 0 1510.51 0.457 0.119 0.204
12278 498 497 3 3 0 1510.51 0.457 0.119 0.204
12279 497 526 3 3 0 2505.67 0.872 0.145 0.327
12280 526 497 3 3 0 2505.67 0.872 0.145 0.327
12281 497 527 3 3 0 1999.03 0.660 0.143 0.272
12282 527 497 3 3 0 1999.03 0.660 0.143 0.272
12283 498 499 3 3 0 1510.51 0.457 0.103 0.191
12284 499 498 3 3 0 1510.51 0.457 0.103 0.191
12285 498 527 3 3 0 2505.67 0.872 0.117 0.306
12286 527 498 3 3 0 2505.67 0.872 0.117 0.306
12287 498 528 3 3 0 2505.67 0.872 0.098 0.292
12288 528 498 3 3 0 2505.67 0.872 0.098 0.292
12289 499 500 3 3 0 1510.51 0.457 0.119 0.204
12290 500 499 3 3 0 1510.51 0.457 0.119 0.204
12291 499 528 3 3 0 1999.03 0.660 0.108 0.246
12292 528 499 3 3 0 1999.03 0.660 0.108 0.246
12293 499 529 3 3 0 2505.67 0.872 0.112 0.302
12294 529 499 3 3 0 2505.67 0.872 0.112 0.302
12295 500 501 3 3 0 1510.51 0.457 0.112 0.198
12296 501 500 3 3 0 1510.51 0.457 0.112 0.198
12297 500 528 3 3 0 2505.67 0.872 0.115 0.304
12298 528 500 3 3 0 2505.67 0.872 0.115 0.304
12299 500 529 3 3 0 1999.03 0.660 0.119 0.255
12300 529 500 3 3 0 1999.03 0.660 0.119 0.255
12301 500 530 3 3 0 2505.67 0.872 0.119 0.307
12302 530 500 3 3 0 2505.67 0.872 0.119 0.307
12303 501 502 3 3 0 1510.51 0.457 0.126 0.209
12304 502 501 3 3 0 1510.51 0.457 0.126 0.209
12305 501 529 3 3 0 2505.67 0.872 0.105 0.297
12306 529 501 3 3 0 2505.67 0.872 0.105 0.297
12307 501 530 3 3 0 1999.03 0.660 0.105 0.244
12308 530 501 3 3 0 1999.03 0.660 0.105 0.244
12309 501 531 3 3 0 2505.67 0.872 0.119 0.307
12310 531 501 3 3 0 2505.67 0.872 0.119 0.307
12311 502 503 3 3 0 1510.51 0.457 0.155 0.230
12312 503 502 3 3 0 1510.51 0.457 0.155 0.230
12313 502 530 3 3 0 2505.67 0.872 0.133 0.318
12314 530 502 3 3 0 2505.67 0.872 0.133 0.318
12315 502 531 3 3 0 1999.03 0.660 0.147 0.276
12316 531 502 3 3 0 1999.03 0.660 0.147 0.276
12317 502 532 3 3 0 2505.67 0.872 0.150 0.330
12318 532 502 3 3 0 2505.67 0.872 0.150 0.330
12319 503 504 3 3 0 1510.51 0.457 0.119 0.204
12320 504 503 3 3 0 1510.51 0.457 0.119 0.204
12321 503 531 3 3 0 2505.67 0.872 0.147 0.329
12322 531 503 3 3 0 2505.67 0.872 0.147 0.329
12323 503 532 3 3 0 1999.03 0.660 0.150 0.277
12324 532 503 3 3 0 1999.03 0.660 0.150 0.277
12325 503 533 3 3 0 2505.67 0.872 0.131 0.316
12326 533 503 3 3 0 2505.67 0.872 0.131 0.316
12327 504 505 3 3 0 1510.51 0.457 0.105 0.193
12328 505 504 3 3 0 1510.51 0.457 0.105 0.193
12329 504 532 3 3 0 2505.67 0.872 0.115 0.304
12330 532 504 3 3 0 2505.67 0.872 0.115 0.304
12331 504 533 3 3 0 1999.03 0.660 0.096 0.237
12332 533 504 3 3 0 1999.03 0.660 0.096 0.237
12333 504 534 3 3 0 2505.67 0.872 0.087 0.283
12334 534 504 3 3 0 2505.67 0.872 0.087 0.283
12335 505 533 3 3 0 2505.67 0.872 0.117 0.306
12336 533 505 3 3 0 2505.67 0.872 0.117 0.306
12337 505 534 3 3 0 1999.03 0.660 0.108 0.246
12338 534 505 3 3 0 1999.03 0.660 0.108 0.246
12339 506 507 3 3 0 1510.93 0.457 0.035 0.141
12340 507 506 3 3 0 1510.93 0.457 0.035 0.141
12341 507 508 3 3 0 1510.93 0.457 0.035 0.141
12342 508 507 3 3 0 1510.93 0.457 0.035 0.141
12343 507 535 3 3 0 2505.91 0.872 0.030 0.241
12344 535 507 3 3 0 2505.91 0.872 0.030 0.241
12345 508 509 3 3 0 1510.93 0.457 0.049 0.151
12346 509 508 3 3 0 1510.93 0.457 0.049 0.151
12347 508 535 3 3 0 1999.02 0.660 0.037 0.193
12348 535 508 3 3 0 1999.02 0.660 0.037 0.193
12349 508 536 3 3 0 2505.91 0.872 0.049 0.255
12350 536 508 3 3 0 2505.91 0.872 0.049 0.255
12351 509 510 3 3 0 1510.93 0.457 0.054 0.155
12352 510 509 3 3 0 1510.93 0.457 0.054 0.155
12353 509 535 3 3 0 2505.91 0.872 0.044 0.251
12354 535 509 3 3 0 2505.91 0.872 0.044 0.251
12355 509 536 3 3 0 1999.02 0.660 0.056 0.207
12356 536 509 3 3 0 1999.02 0.660 0.056 0.207
12357 509 537 3 3 0 2505.91 0.872 0.052 0.257
12358 537 509 3 3 0 2505.91 0.872 0.052 0.257
12359 510 511 3 3 0 1510.93 0.457 0.054 0.155
12360 511 510 3 3 0 1510.93 0.457 0.054 0.155
12361 510 536 3 3 0 2505.91 0.872 0.054 0.258
12362 536 510 3 3 0 2505.91 0.872 0.054 0.258
12363 510 537 3 3 0 1999.02 0.660 0.049 0.202
12364 537 510 3 3 0 1999.02 0.660 0.049 0.202
12365 510 538 3 3 0 2505.91 0.872 0.047 0.253
12366 538 510 3 3 0 2505.91 0.872 0.047 0.253
12367 511 512 3 3 0 1510.93 0.457 0.052 0.153
12368 512 511 3 3 0 1510.93 0.457 0.052 0.153
12369 511 537 3 3 0 2505.91 0.872 0.052 0.257
12370 537 511 3 3 0 2505.91 0.872 0.052 0.257
12371 511 538 3 3 0 1999.02 0.660 0.049 0.202
12372 538 511 3 3 0 1999.02 0.660 0.049 0.202
12373 511 539 3 3 0 2505.91 0.872 0.049 0.255
12374 539 511 3 3 0 2505.91 0.872 0.049 0.255
12375 512 513 3 3 0 1510.93 0.457 0.047 0.149
12376 513 512 3 3 0 1510.93 0.457 0.047 0.149
12377 512 538 3 3 0 2505.91 0.872 0.044 0.251
12378 538 512 3 3 0 2505.91 0.872 0.044 0.251
12379 512 539 3 3 0 1999.02 0.660 0.044 0.198
12380 539 512 3 3 0 1999.02 0.660 0.044 0.198
12381 512 540 3 3 0 2505.91 0.872 0.047 0.253
12382 540 512 3 3 0 2505.91 0.872 0.047 0.253
12383 513 514 3 3 0 1510.93 0.457 0.033 0.139
12384 514 513 3 3 0 1510.93 0.457 0.033 0.139
12385 513 539 3 3 0 2505.91 0.872 0.044 0.251
12386 539 513 3 3 0 2505.91 0.872 0.044 0.251
12387 513 540 3 3 0 1999.02 0.660 0.047 0.200
12388 540 513 3 3 0 1999.02 0.660 0.047 0.200
12389 513 541 3 3 0 2505.91 0.872 0.052 0.257
12390 541 513 3 3 0 2505.91 0.872 0.052 0.257
12391 514 515 3 3 0 1510.93 0.457 0.016 0.126
12392 515 514 3 3 0 1510.93 0.457 0.016 0.126
12393 514 540 3 3 0 2505.91 0.872 0.033 0.243
12394 540 514 3 3 0 2505.91 0.872 0.033 0.243
12395 514 541 3 3 0 1999.02 0.660 0.037 0.193
12396 541 514 3 3 0 1999.02 0.660 0.037 0.193
12397 514 542 3 3 0 2505.91 0.872 0.016 0.230
12398 542 514 3 3 0 2505.91 0.872 0.016 0.230
12399 515 516 3 3 0 1510.93 0.457 0.014 0.125
12400 516 515 3 3 0 1510.93 0.457 0.014 0.125
12401 515 541 3 3 0 2505.91 0.872 0.035 0.244
12402 541 515 3 3 0 2505.91 0.872 0.035 0.244
12403 515 542 3 3 0 1999.02 0.660 0.014 0.176
12404 542 515 3 3 0 1999.02 0.660 0.014 0.176
12405 515 543 3 3 0 2505.91 0.872 0.014 0.228
12406 543 515 3 3 0 2505.91 0.872 0.014 0.228
12407 516 517 3 3 0 1510.93 0.457 0.012 0.123
12408 517 516 3 3 0 1510.93 0.457 0.012 0.123
12409 516 542 3 3 0 2505.91 0.872 0.014 0.228
12410 542 516 3 3 0 2505.91 0.872 0.014 0.228
12411 516 543 3 3 0 1999.02 0.660 0.014 0.176
12412 543 516 3 3 0 1999.02 0.660 0.014 0.176
12413 516 544 3 3 0 2505.91 0.872 0.014 0.228
12414 544 516 3 3 0 2505.91 0.872 0.014 0.228
12415 517 518 3 3 0 1510.93 0.457 0.012 0.123
12416 518 517 3 3 0 1510.93 0.457 0.012 0.123
12417 517 543 3 3 0 2505.91 0.872 0.012 0.227
12418 543 517 3 3 0 2505.91 0.872 0.012 0.227
12419 517 544 3 3 0 1999.02 0.660 0.012 0.174
12420 544 517 3 3 0 1999.02 0.660 0.012 0.174
12421 517 545 3 3 0 2505.91 0.872 0.012 0.227
12422 545 517 3 3 0 2505.91 0.872 0.012 0.227
12423 518 519 3 3 0 1510.93 0.457 0.014 0.125
12424 519 518 3 3 0 1510.93 0.457 0.014 0.125
12425 518 544 3 3 0 2505.91 0.872 0.014 0.228
12426 544 518 3 3 0 2505.91 0.872 0.014 0.228
12427 518 545 3 3 0 1999.02 0.660 0.014 0.176
12428 545 518 3 3 0 1999.02 0.660 0.014 0.176
12429 518 546 3 3 0 2505.91 0.872 0.016 0.230
12430 546 518 3 3 0 2505.91 0.872 0.016 0.230
12431 519 520 3 3 0 1510.93 0.457 0.014 0.125
12432 520 519 3 3 0 1510.93 0.457 0.014 0.125
12433 519 545 3 3 0 2505.91 0.872 0.014 0.228
12434 545 519 3 3 0 2505.91 0.872 0.014 0.228
12435 519 546 3 3 0 1999.02 0.660 0.016 0.177
12436 546 519 3 3 0 1999.02 0.660 0.016 0.177
12437 519 547 3 3 0 2505.91 0.872 0.012 0.227
12438 547 519 3 3 0 2505.91 0.872 0.012 0.227
12439 520 521 3 3 0 1510.93 0.457 0.014 0.125
12440 521 520 3 3 0 1510.93 0.457 0.014 0.125
12441 520 546 3 3 0 2505.91 0.872 0.016 0.230
12442 546 520 3 3 0 2505.91 0.872 0.016 0.230
12443 520 547 3 3 0 1999.02 0.660 0.012 0.174
12444 547 520 3 3 0 1999.02 0.660 0.012 0.174
12445 520 548 3 3 0 2505.91 0.872 0.014 0.228
12446 548 520 3 3 0 2505.91 0.872 0.014 0.228
12447 521 522 3 3 0 1510.93 0.457 0.049 0.151
12448 522 521 3 3 0 1510.93 0.457 0.049 0.151
12449 521 547 3 3 0 2505.91 0.872 0.012 0.227
12450 547 521 3 3 0 2505.91 0.872 0.012 0.227
12451 521 548 3 3 0 1999.02 0.660 0.014 0.176
12452 548 521 3 3 0 1999.02 0.660 0.014 0.176
12453 521 549 3 3 0 2505.91 0.872 0.012 0.227
12454 549 521 3 3 0 2505.91 0.872 0.012 0.227
12455 522 523 3 3 0 1510.93 0.457 0.105 0.193
12456 523 522 3 3 0 1510.93 0.457 0.105 0.193
12457 522 548 3 3 0 2505.91 0.872 0.049 0.255
12458 548 522 3 3 0 2505.91 0.872 0.049 0.255
12459 522 549 3 3 0 1999.02 0.660 0.047 0.200
12460 549 522 3 3 0 1999.02 0.660 0.047 0.200
12461 522 550 3 3 0 2505.91 0.872 0.094 0.288
12462 550 522 3 3 0 2505.91 0.872 0.094 0.288
12463 523 549 3 3 0 2505.91 0.872 0.068 0.269
12464 549 523 3 3 0 2505.91 0.872 0.068 0.269
12465 523 550 3 3 0 1999.02 0.660 0.115 0.251
12466 550 523 3 3 0 1999.02 0.660 0.115 0.251
12467 523 551 3 3 0 2505.91 0.872 0.108 0.299
12468 551 523 3 3 0 2505.91 0.872 0.108 0.299
12469 525 526 3 3 0 1510.93 0.457 0.140 0.220
12470 526 525 3 3 0 1510.93 0.457 0.140 0.220
12471 525 554 3 3 0 2505.91 0.872 0.119 0.307
12472 554 525 3 3 0 2505.91 0.872 0.119 0.307
12473 526 527 3 3 0 1510.93 0.457 0.143 0.221
12474 527 526 3 3 0 1510.93 0.457 0.143 0.221
12475 526 554 3 3 0 1999.02 0.660 0.124 0.258
12476 554 526 3 3 0 1999.02 0.660 0.124 0.258
12477 526 555 3 3 0 2505.91 0.872 0.147 0.329
12478 555 526 3 3 0 2505.91 0.872 0.147 0.329
12479 527 554 3 3 0 2505.91 0.872 0.122 0.309
12480 554 527 3 3 0 2505.91 0.872 0.122 0.309
12481 527 555 3 3 0 1999.02 0.660 0.145 0.274
12482 555 527 3 3 0 1999.02 0.660 0.145 0.274
12483 528 529 3 3 0 1510.93 0.457 0.108 0.195
12484 529 528 3 3 0 1510.93 0.457 0.108 0.195
12485 528 557 3 3 0 2505.91 0.872 0.115 0.304
12486 557 528 3 3 0 2505.91 0.872 0.115 0.304
12487 529 530 3 3 0 1510.93 0.457 0.112 0.198
12488 530 529 3 3 0 1510.93 0.457 0.112 0.198
12489 529 557 3 3 0 1999.02 0.660 0.119 0.255
12490 557 529 3 3 0 1999.02 0.660 0.119 0.255
12491 529 558 3 3 0 2505.91 0.872 0.112 0.302
12492 558 529 3 3 0 2505.91 0.872 0.112 0.302
12493 530 531 3 3 0 1510.93 0.457 0.126 0.209
12494 531 530 3 3 0 1510.93 0.457 0.126 0.209
12495 530 557 3 3 0 2505.91 0.872 0.119 0.307
12496 557 530 3 3 0 2505.91 0.872 0.119 0.307
12497 530 558 3 3 0 1999.02 0.660 0.112 0.249
12498 558 530 3 3 0 1999.02 0.660 0.112 0.249
12499 530 559 3 3 0 2505.91 0.872 0.105 0.297
12500 559 530 3 3 0 2505.91 0.872 0.105 0.297
12501 531 532 3 3 0 1510.93 0.457 0.143 0.221
12502 532 531 3 3 0 1510.93 0.457 0.143 0.221
12503 531 558 3 3 0 2505.91 0.872 0.126 0.313
12504 558 531 3 3 0 2505.91 0.872 0.126 0.313
12505 531 559 3 3 0 1999.02 0.660 0.119 0.255
12506 559 531 3 3 0 1999.02 0.660 0.119 0.255
12507 531 560 3 3 0 2505.91 0.872 0.136 0.320
12508 560 531 3 3 0 2505.91 0.872 0.136 0.320
12509 532 533 3 3 0 1510.93 0.457 0.126 0.209
12510 533 532 3 3 0 1510.93 0.457 0.126 0.209
12511 532 559 3 3 0 2505.91 0.872 0.122 0.309
12512 559 532 3 3 0 2505.91 0.872 0.122 0.309
12513 533 534 3 3 0 1510.93 0.457 0.098 0.188
12514 534 533 3 3 0 1510.93 0.457 0.098 0.188
12515 533 561 3 3 0 1999.02 0.660 0.140 0.270
12516 561 533 3 3 0 1999.02 0.660 0.140 0.270
12517 534 561 3 3 0 2505.91 0.872 0.131 0.316
12518 561 534 3 3 0 2505.91 0.872 0.131 0.316
12519 535 536 3 3 0 1511.34 0.457 0.044 0.148
12520 536 535 3 3 0 1511.34 0.457 0.044 0.148
12521 536 537 3 3 0 1511.34 0.457 0.052 0.153
12522 537 536 3 3 0 1511.34 0.457 0.052 0.153
12523 536 562 3 3 0 2506.16 0.872 0.044 0.251
12524 562 536 3 3 0 2506.16 0.872 0.044 0.251
12525 537 538 3 3 0 1511.34 0.457 0.044 0.148
12526 538 537 3 3 0 1511.34 0.457 0.044 0.148
12527 537 562 3 3 0 1999.01 0.660 0.040 0.195
12528 562 537 3 3 0 1999.01 0.660 0.040 0.195
12529 537 563 3 3 0 2506.16 0.872 0.044 0.251
12530 563 537 3 3 0 2506.16 0.872 0.044 0.251
12531 538 539 3 3 0 1511.34 0.457 0.042 0.146
12532 539 538 3 3 0 1511.34 0.457 0.042 0.146
12533 538 562 3 3 0 2506.16 0.872 0.037 0.246
12534 562 538 3 3 0 2506.16 0.872 0.037 0.246
12535 538 563 3 3 0 1999.01 0.660 0.042 0.197
12536 563 538 3 3 0 1999.01 0.660 0.042 0.197
12537 538 564 3 3 0 2506.16 0.872 0.040 0.248
12538 564 538 3 3 0 2506.16 0.872 0.040 0.248
12539 539 540 3 3 0 1511.34 0.457 0.044 0.148
12540 540 539 3 3 0 1511.34 0.457 0.044 0.148
12541 539 563 3 3 0 2506.16 0.872 0.042 0.250
12542 563 539 3 3 0 2506.16 0.872 0.042 0.250
12543 539 564 3 3 0 1999.01 0.660 0.040 0.195
12544 564 539 3 3 0 1999.01 0.660 0.040 0.195
12545 539 565 3 3 0 2506.16 0.872 0.040 0.248
12546 565 539 3 3 0 2506.16 0.872 0.040 0.248
12547 540 541 3 3 0 1511.34 0.457 0.052 0.153
12548 541 540 3 3 0 1511.34 0.457 0.052 0.153
12549 540 564 3 3 0 2506.16 0.872 0.042 0.250
12550 564 540 3 3 0 2506.16 0.872 0.042 0.250
12551 540 565 3 3 0 1999.01 0.660 0.042 0.197
12552 565 540 3 3 0 1999.01 0.660 0.042 0.197
12553 540 566 3 3 0 2506.16 0.872 0.047 0.253
12554 566 540 3 3 0 2506.16 0.872 0.047 0.253
12555 541 542 3 3 0 1511.34 0.457 0.035 0.141
12556 542 541 3 3 0 1511.34 0.457 0.035 0.141
12557 541 565 3 3 0 2506.16 0.872 0.047 0.253
12558 565 541 3 3 0 2506.16 0.872 0.047 0.253
12559 541 566 3 3 0 1999.01 0.660 0.052 0.204
12560 566 541 3 3 0 1999.01 0.660 0.052 0.204
12561 542 543 3 3 0 1511.34 0.457 0.014 0.125
12562 543 542 3 3 0 1511.34 0.457 0.014 0.125
12563 542 567 3 3 0 1999.01 0.660 0.012 0.174
12564 567 542 3 3 0 1999.01 0.660 0.012 0.174
12565 542 568 3 3 0 2506.16 0.872 0.012 0.227
12566 568 542 3 3 0 2506.16 0.872 0.012 0.227
12567 543 544 3 3 0 1511.34 0.457 0.014 0.125
12568 544 543 3 3 0 1511.34 0.457 0.014 0.125
12569 543 567 3 3 0 2506.16 0.872 0.012 0.227
12570 567 543 3 3 0 2506.16 0.872 0.012 0.227
12571 543 568 3 3 0 1999.01 0.660 0.012 0.174
12572 568 543 3 3 0 1999.01 0.660 0.012 0.174
12573 543 569 3 3 0 2506.16 0.872 0.014 0.228
12574 569 543 3 3 0 2506.16 0.872 0.014 0.228
12575 544 545 3 3 0 1511.34 0.457 0.014 0.125
12576 545 544 3 3 0 1511.34 0.457 0.014 0.125
12577 544 568 3 3 0 2506.16 0.872 0.012 0.227
12578 568 544 3 3 0 2506.16 0.872 0.012 0.227
12579 544 569 3 3 0 1999.01 0.660 0.014 0.176
12580 569 544 3 3 0 1999.01 0.660 0.014 0.176
12581 545 546 3 3 0 1511.34 0.457 0.016 0.127
12582 546 545 3 3 0 1511.34 0.457 0.016 0.127
12583 545 569 3 3 0 2506.16 0.872 0.014 0.228
12584 569 545 3 3 0 2506.16 0.872 0.014 0.228
12585 545 571 3 3 0 2506.16 0.872 0.012 0.227
12586 571 545 3 3 0 2506.16 0.872 0.012 0.227
12587 546 547 3 3 0 1511.34 0.457 0.014 0.125
12588 547 546 3 3 0 1511.34 0.457 0.014 0.125
12589 546 570 3 3 0 2506.16 0.872 0.019 0.232
12590 570 546 3 3 0 2506.16 0.872 0.019 0.232
12591 546 571 3 3 0 1999.01 0.660 0.014 0.176
12592 571 546 3 3 0 1999.01 0.660 0.014 0.176
12593 546 572 3 3 0 2506.16 0.872 0.014 0.228
12594 572 546 3 3 0 2506.16 0.872 0.014 0.228
12595 547 548 3 3 0 1511.34 0.457 0.012 0.123
12596 548 547 3 3 0 1511.34 0.457 0.012 0.123
12597 547 571 3 3 0 2506.16 0.872 0.009 0.225
12598 571 547 3 3 0 2506.16 0.872 0.009 0.225
12599 547 572 3 3 0 1999.01 0.660 0.009 0.172
12600 572 547 3 3 0 1999.01 0.660 0.009 0.172
12601 547 573 3 3 0 2506.16 0.872 0.009 0.225
12602 573 547 3 3 0 2506.16 0.872 0.009 0.225
12603 548 549 3 3 0 1511.34 0.457 0.012 0.123
12604 549 548 3 3 0 1511.34 0.457 0.012 0.123
12605 548 572 3 3 0 2506.16 0.872 0.012 0.227
12606 572 548 3 3 0 2506.16 0.872 0.012 0.227
12607 548 573 3 3 0 1999.01 0.660 0.012 0.174
12608 573 548 3 3 0 1999.01 0.660 0.012 0.174
12609 548 574 3 3 0 2506.16 0.872 0.016 0.230
12610 574 548 3 3 0 2506.16 0.872 0.016 0.230
12611 549 550 3 3 0 1511.34 0.457 0.056 0.156
12612 550 549 3 3 0 1511.34 0.457 0.056 0.156
12613 549 573 3 3 0 2506.16 0.872 0.009 0.225
12614 573 549 3 3 0 2506.16 0.872 0.009 0.225
12615 549 574 3 3 0 1999.01 0.660 0.014 0.176
12616 574 549 3 3 0 1999.01 0.660 0.014 0.176
12617 549 575 3 3 0 2506.16 0.872 0.080 0.278
12618 575 549 3 3 0 2506.16 0.872 0.080 0.278
12619 550 551 3 3 0 1511.34 0.457 0.096 0.186
12620 551 550 3 3 0 1511.34 0.457 0.096 0.186
12621 550 574 3 3 0 2506.16 0.872 0.061 0.264
12622 574 550 3 3 0 2506.16 0.872 0.061 0.264
12623 550 575 3 3 0 1999.01 0.660 0.126 0.260
12624 575 550 3 3 0 1999.01 0.660 0.126 0.260
12625 551 552 3 3 0 1511.34 0.457 0.112 0.198
12626 552 551 3 3 0 1511.34 0.457 0.112 0.198
12627 551 575 3 3 0 2506.16 0.872 0.119 0.307
12628 575 551 3 3 0 2506.16 0.872 0.119 0.307
12629 551 576 3 3 0 1999.01 0.660 0.101 0.241
12630 576 551 3 3 0 1999.01 0.660 0.101 0.241
12631 553 578 3 3 0 1999.01 0.660 0.094 0.235
12632 578 553 3 3 0 1999.01 0.660 0.094 0.235
12633 554 555 3 3 0 1511.34 0.457 0.126 0.209
12634 555 554 3 3 0 1511.34 0.457 0.126 0.209
12635 555 556 3 3 0 1511.34 0.457 0.122 0.206
12636 556 555 3 3 0 1511.34 0.457 0.122 0.206
12637 555 581 3 3 0 2506.16 0.872 0.143 0.325
12638 581 555 3 3 0 2506.16 0.872 0.143 0.325
12639 556 581 3 3 0 1999.01 0.660 0.115 0.251
12640 581 556 3 3 0 1999.01 0.660 0.115 0.251
12641 556 582 3 3 0 2506.16 0.872 0.138 0.322
12642 582 556 3 3 0 2506.16 0.872 0.138 0.322
12643 557 558 3 3 0 1511.34 0.457 0.119 0.204
12644 558 557 3 3 0 1511.34 0.457 0.119 0.204
12645 557 582 3 3 0 2506.16 0.872 0.155 0.334
12646 582 557 3 3 0 2506.16 0.872 0.155 0.334
12647 557 583 3 3 0 1999.01 0.660 0.136 0.267
12648 583 557 3 3 0 1999.01 0.660 0.136 0.267
12649 557 584 3 3 0 2506.16 0.872 0.117 0.306
12650 584 557 3 3 0 2506.16 0.872 0.117 0.306
12651 558 559 3 3 0 1511.34 0.457 0.105 0.193
12652 559 558 3 3 0 1511.34 0.457 0.105 0.193
12653 558 583 3 3 0 2506.16 0.872 0.129 0.315
12654 583 558 3 3 0 2506.16 0.872 0.129 0.315
12655 558 584 3 3 0 1999.01 0.660 0.110 0.248
12656 584 558 3 3 0 1999.01 0.660 0.110 0.248
12657 560 561 3 3 0 1511.34 0.457 0.152 0.228
12658 561 560 3 3 0 1511.34 0.457 0.152 0.228
12659 562 563 3 3 0 1511.75 0.457 0.037 0.142
12660 563 562 3 3 0 1511.75 0.457 0.037 0.142
12661 563 564 3 3 0 1511.75 0.457 0.040 0.144
12662 564 563 3 3 0 1511.75 0.457 0.040 0.144
12663 564 565 3 3 0 1511.75 0.457 0.037 0.142
12664 565 564 3 3 0 1511.75 0.457 0.037 0.142
12665 564 585 3 3 0 2506.40 0.872 0.042 0.250
12666 585 564 3 3 0 2506.40 0.872 0.042 0.250
12667 565 566 3 3 0 1511.75 0.457 0.042 0.146
12668 566 565 3 3 0 1511.75 0.457 0.042 0.146
12669 565 585 3 3 0 1999.01 0.660 0.042 0.197
12670 585 565 3 3 0 1999.01 0.660 0.042 0.197
12671 565 586 3 3 0 2506.40 0.872 0.042 0.250
12672 586 565 3 3 0 2506.40 0.872 0.042 0.250
12673 566 567 3 3 0 1511.75 0.457 0.028 0.135
12674 567 566 3 3 0 1511.75 0.457 0.028 0.135
12675 566 585 3 3 0 2506.40 0.872 0.047 0.253
12676 585 566 3 3 0 2506.40 0.872 0.047 0.253
12677 566 586 3 3 0 1999.01 0.660 0.047 0.200
12678 586 566 3 3 0 1999.01 0.660 0.047 0.200
12679 566 587 3 3 0 2506.40 0.872 0.033 0.243
12680 587 566 3 3 0 2506.40 0.872 0.033 0.243
12681 567 568 3 3 0 1511.75 0.457 0.009 0.121
12682 568 567 3 3 0 1511.75 0.457 0.009 0.121
12683 567 586 3 3 0 2506.40 0.872 0.028 0.239
12684 586 567 3 3 0 2506.40 0.872 0.028 0.239
12685 567 587 3 3 0 1999.01 0.660 0.014 0.176
12686 587 567 3 3 0 1999.01 0.660 0.014 0.176
12687 567 588 3 3 0 2506.40 0.872 0.012 0.227
12688 588 567 3 3 0 2506.40 0.872 0.012 0.227
12689 568 569 3 3 0 1511.75 0.457 0.012 0.123
12690 569 568 3 3 0 1511.75 0.457 0.012 0.123
12691 568 587 3 3 0 2506.40 0.872 0.014 0.229
12692 587 568 3 3 0 2506.40 0.872 0.014 0.229
12693 568 588 3 3 0 1999.01 0.660 0.012 0.174
12694 588 568 3 3 0 1999.01 0.660 0.012 0.174
12695 568 589 3 3 0 2506.40 0.872 0.014 0.229
12696 589 568 3 3 0 2506.40 0.872 0.014 0.229
12697 569 570 3 3 0 1511.75 0.457 0.016 0.127
12698 570 569 3 3 0 1511.75 0.457 0.016 0.127
12699 569 588 3 3 0 2506.40 0.872 0.014 0.229
12700 588 569 3 3 0 2506.40 0.872 0.014 0.229
12701 569 589 3 3 0 1999.01 0.660 0.016 0.177
12702 589 569 3 3 0 1999.01 0.660 0.016 0.177
12703 569 590 3 3 0 2506.40 0.872 0.016 0.230
12704 590 569 3 3 0 2506.40 0.872 0.016 0.230
12705 570 571 3 3 0 1511.75 0.457 0.014 0.125
12706 571 570 3 3 0 1511.75 0.457 0.014 0.125
12707 570 589 3 3 0 2506.40 0.872 0.019 0.232
12708 589 570 3 3 0 2506.40 0.872 0.019 0.232
12709 570 590 3 3 0 1999.01 0.660 0.019 0.179
12710 590 570 3 3 0 1999.01 0.660 0.019 0.179
12711 571 572 3 3 0 1511.75 0.457 0.009 0.121
12712 572 571 3 3 0 1511.75 0.457 0.009 0.121
12713 571 590 3 3 0 2506.40 0.872 0.014 0.229
12714 590 571 3 3 0 2506.40 0.872 0.014 0.229
12715 571 591 3 3 0 1999.01 0.660 0.009 0.172
12716 591 571 3 3 0 1999.01 0.660 0.009 0.172
12717 571 592 3 3 0 2506.40 0.872 0.012 0.227
12718 592 571 3 3 0 2506.40 0.872 0.012 0.227
12719 572 573 3 3 0 1511.75 0.457 0.009 0.121
12720 573 572 3 3 0 1511.75 0.457 0.009 0.121
12721 572 591 3 3 0 2506.40 0.872 0.009 0.225
12722 591 572 3 3 0 2506.40 0.872 0.009 0.225
12723 572 592 3 3 0 1999.01 0.660 0.012 0.174
12724 592 572 3 3 0 1999.01 0.660 0.012 0.174
12725 572 593 3 3 0 2506.40 0.872 0.012 0.227
12726 593 572 3 3 0 2506.40 0.872 0.012 0.227
12727 573 574 3 3 0 1511.75 0.457 0.014 0.125
12728 574 573 3 3 0 1511.75 0.457 0.014 0.125
12729 573 592 3 3 0 2506.40 0.872 0.012 0.227
12730 592 573 3 3 0 2506.40 0.872 0.012 0.227
12731 573 593 3 3 0 1999.01 0.660 0.012 0.174
12732 593 573 3 3 0 1999.01 0.660 0.012 0.174
12733 573 594 3 3 0 2506.40 0.872 0.012 0.227
12734 594 573 3 3 0 2506.40 0.872 0.012 0.227
12735 574 575 3 3 0 1511.75 0.457 0.084 0.177
12736 575 574 3 3 0 1511.75 0.457 0.084 0.177
12737 574 593 3 3 0 2506.40 0.872 0.016 0.230
12738 593 574 3 3 0 2506.40 0.872 0.016 0.230
12739 574 594 3 3 0 1999.01 0.660 0.016 0.177
12740 594 574 3 3 0 1999.01 0.660 0.016 0.177
12741 574 595 3 3 0 2506.40 0.872 0.082 0.279
12742 595 574 3 3 0 2506.40 0.872 0.082 0.279
12743 575 576 3 3 0 1511.75 0.457 0.131 0.213
12744 576 575 3 3 0 1511.75 0.457 0.131 0.213
12745 575 594 3 3 0 2506.40 0.872 0.082 0.279
12746 594 575 3 3 0 2506.40 0.872 0.082 0.279
12747 575 595 3 3 0 1999.01 0.660 0.147 0.276
12748 595 575 3 3 0 1999.01 0.660 0.147 0.276
12749 575 596 3 3 0 2506.40 0.872 0.082 0.279
12750 596 575 3 3 0 2506.40 0.872 0.082 0.279
12751 576 595 3 3 0 2506.40 0.872 0.129 0.315
12752 595 576 3 3 0 2506.40 0.872 0.129 0.315
12753 576 596 3 3 0 1999.01 0.660 0.063 0.212
12754 596 576 3 3 0 1999.01 0.660 0.063 0.212
12755 576 597 3 3 0 2506.40 0.872 0.063 0.265
12756 597 576 3 3 0 2506.40 0.872 0.063 0.265
12757 577 596 3 3 0 2506.40 0.872 0.077 0.276
12758 596 577 3 3 0 2506.40 0.872 0.077 0.276
12759 577 597 3 3 0 1999.01 0.660 0.077 0.223
12760 597 577 3 3 0 1999.01 0.660 0.077 0.223
12761 578 579 3 3 0 1511.75 0.457 0.101 0.190
12762 579 578 3 3 0 1511.75 0.457 0.101 0.190
12763 578 597 3 3 0 2506.40 0.872 0.054 0.258
12764 597 578 3 3 0 2506.40 0.872 0.054 0.258
12765 578 599 3 3 0 2506.40 0.872 0.124 0.311
12766 599 578 3 3 0 2506.40 0.872 0.124 0.311
12767 579 580 3 3 0 1511.75 0.457 0.105 0.193
12768 580 579 3 3 0 1511.75 0.457 0.105 0.193
12769 579 598 3 3 0 2506.40 0.872 0.059 0.262
12770 598 579 3 3 0 2506.40 0.872 0.059 0.262
12771 579 599 3 3 0 1999.01 0.660 0.131 0.263
12772 599 579 3 3 0 1999.01 0.660 0.131 0.263
12773 579 600 3 3 0 2506.40 0.872 0.129 0.315
12774 600 579 3 3 0 2506.40 0.872 0.129 0.315
12775 580 599 3 3 0 2506.40 0.872 0.129 0.315
12776 599 580 3 3 0 2506.40 0.872 0.129 0.315
12777 580 600 3 3 0 1999.01 0.660 0.126 0.260
12778 600 580 3 3 0 1999.01 0.660 0.126 0.260
12779 580 601 3 3 0 2506.40 0.872 0.140 0.323
12780 601 580 3 3 0 2506.40 0.872 0.140 0.323
12781 581 582 3 3 0 1511.75 0.457 0.159 0.234
12782 582 581 3 3 0 1511.75 0.457 0.159 0.234
12783 582 583 3 3 0 1511.75 0.457 0.164 0.237
12784 583 582 3 3 0 1511.75 0.457 0.164 0.237
12785 583 584 3 3 0 1511.75 0.457 0.126 0.209
12786 584 583 3 3 0 1511.75 0.457 0.126 0.209
12787 585 586 3 3 0 1512.17 0.457 0.047 0.149
12788 586 585 3 3 0 1512.17 0.457 0.047 0.149
12789 586 587 3 3 0 1512.17 0.457 0.033 0.139
12790 587 586 3 3 0 1512.17 0.457 0.033 0.139
12791 586 608 3 3 0 2506.65 0.872 0.030 0.241
12792 608 586 3 3 0 2506.65 0.872 0.030 0.241
12793 587 588 3 3 0 1512.17 0.457 0.016 0.127
12794 588 587 3 3 0 1512.17 0.457 0.016 0.127
12795 587 608 3 3 0 1999.00 0.660 0.016 0.177
12796 608 587 3 3 0 1999.00 0.660 0.016 0.177
12797 587 609 3 3 0 2506.65 0.872 0.016 0.230
12798 609 587 3 3 0 2506.65 0.872 0.016 0.230
12799 588 589 3 3 0 1512.17 0.457 0.016 0.127
12800 589 588 3 3 0 1512.17 0.457 0.016 0.127
12801 588 608 3 3 0 2506.65 0.872 0.014 0.229
12802 608 588 3 3 0 2506.65 0.872 0.014 0.229
12803 588 609 3 3 0 1999.00 0.660 0.014 0.176
12804 609 588 3 3 0 1999.00 0.660 0.014 0.176
12805 588 610 3 3 0 2506.65 0.872 0.012 0.227
12806 610 588 3 3 0 2506.65 0.872 0.012 0.227
12807 589 590 3 3 0 1512.17 0.457 0.019 0.128
12808 590 589 3 3 0 1512.17 0.457 0.019 0.128
12809 589 609 3 3 0 2506.65 0.872 0.016 0.230
12810 609 589 3 3 0 2506.65 0.872 0.016 0.230
12811 589 610 3 3 0 1999.00 0.660 0.014 0.176
12812 610 589 3 3 0 1999.00 0.660 0.014 0.176
12813 589 611 3 3 0 2506.65 0.872 0.016 0.230
12814 611 589 3 3 0 2506.65 0.872 0.016 0.230
12815 590 591 3 3 0 1512.17 0.457 0.014 0.125
12816 591 590 3 3 0 1512.17 0.457 0.014 0.125
12817 590 610 3 3 0 2506.65 0.872 0.014 0.229
12818 610 590 3 3 0 2506.65 0.872 0.014 0.229
12819 590 611 3 3 0 1999.00 0.660 0.016 0.177
12820 611 590 3 3 0 1999.00 0.660 0.016 0.177
12821 590 612 3 3 0 2506.65 0.872 0.016 0.230
12822 612 590 3 3 0 2506.65 0.872 0.016 0.230
12823 591 592 3 3 0 1512.17 0.457 0.012 0.123
12824 592 591 3 3 0 1512.17 0.457 0.012 0.123
12825 591 611 3 3 0 2506.65 0.872 0.012 0.227
12826 611 591 3 3 0 2506.65 0.872 0.012 0.227
12827 591 612 3 3 0 1999.00 0.660 0.012 0.174
12828 612 591 3 3 0 1999.00 0.660 0.012 0.174
12829 591 613 3 3 0 2506.65 0.872 0.014 0.229
12830 613 591 3 3 0 2506.65 0.872 0.014 0.229
12831 592 593 3 3 0 1512.17 0.457 0.014 0.125
12832 593 592 3 3 0 1512.17 0.457 0.014 0.125
12833 592 612 3 3 0 2506.65 0.872 0.014 0.229
12834 612 592 3 3 0 2506.65 0.872 0.014 0.229
12835 592 613 3 3 0 1999.00 0.660 0.016 0.177
12836 613 592 3 3 0 1999.00 0.660 0.016 0.177
12837 592 614 3 3 0 2506.65 0.872 0.012 0.227
12838 614 592 3 3 0 2506.65 0.872 0.012 0.227
12839 593 594 3 3 0 1512.17 0.457 0.014 0.125
12840 594 593 3 3 0 1512.17 0.457 0.014 0.125
12841 593 613 3 3 0 2506.65 0.872 0.016 0.230
12842 613 593 3 3 0 2506.65 0.872 0.016 0.230
12843 593 614 3 3 0 1999.00 0.660 0.012 0.174
12844 614 593 3 3 0 1999.00 0.660 0.012 0.174
12845 593 615 3 3 0 2506.65 0.872 0.014 0.229
12846 615 593 3 3 0 2506.65 0.872 0.014 0.229
12847 594 595 3 3 0 1512.17 0.457 0.080 0.174
12848 595 594 3 3 0 1512.17 0.457 0.080 0.174
12849 594 614 3 3 0 2506.65 0.872 0.012 0.227
12850 614 594 3 3 0 2506.65 0.872 0.012 0.227
12851 594 615 3 3 0 1999.00 0.660 0.014 0.176
12852 615 594 3 3 0 1999.00 0.660 0.014 0.176
12853 594 616 3 3 0 2506.65 0.872 0.014 0.229
12854 616 594 3 3 0 2506.65 0.872 0.014 0.229
12855 595 596 3 3 0 1512.17 0.457 0.080 0.174
12856 596 595 3 3 0 1512.17 0.457 0.080 0.174
12857 595 615 3 3 0 2506.65 0.872 0.080 0.278
12858 615 595 3 3 0 2506.65 0.872 0.080 0.278
12859 595 616 3 3 0 1999.00 0.660 0.080 0.225
12860 616 595 3 3 0 1999.00 0.660 0.080 0.225
12861 595 617 3 3 0 2506.65 0.872 0.077 0.276
12862 617 595 3 3 0 2506.65 0.872 0.077 0.276
12863 596 597 3 3 0 1512.17 0.457 0.014 0.125
12864 597 596 3 3 0 1512.17 0.457 0.014 0.125
12865 596 616 3 3 0 2506.65 0.872 0.014 0.229
12866 616 596 3 3 0 2506.65 0.872 0.014 0.229
12867 596 617 3 3 0 1999.00 0.660 0.012 0.174
12868 617 596 3 3 0 1999.00 0.660 0.012 0.174
12869 596 618 3 3 0 2506.65 0.872 0.014 0.229
12870 618 596 3 3 0 2506.65 0.872 0.014 0.229
12871 598 599 3 3 0 1512.17 0.457 0.082 0.176
12872 599 598 3 3 0 1512.17 0.457 0.082 0.176
12873 599 600 3 3 0 1512.17 0.457 0.152 0.228
12874 600 599 3 3 0 1512.17 0.457 0.152 0.228
12875 599 619 3 3 0 1999.00 0.660 0.208 0.321
12876 619 599 3 3 0 1999.00 0.660 0.208 0.321
12877 599 620 3 3 0 2506.65 0.872 0.164 0.341
12878 620 599 3 3 0 2506.65 0.872 0.164 0.341
12879 600 619 3 3 0 2506.65 0.872 0.206 0.373
12880 619 600 3 3 0 2506.65 0.872 0.206 0.373
12881 600 620 3 3 0 1999.00 0.660 0.162 0.286
12882 620 600 3 3 0 1999.00 0.660 0.162 0.286
12883 600 621 3 3 0 2506.65 0.872 0.147 0.329
12884 621 600 3 3 0 2506.65 0.872 0.147 0.329
12885 601 602 3 3 0 1512.17 0.457 0.162 0.235
12886 602 601 3 3 0 1512.17 0.457 0.162 0.235
12887 601 620 3 3 0 2506.65 0.872 0.176 0.350
12888 620 601 3 3 0 2506.65 0.872 0.176 0.350
12889 601 621 3 3 0 1999.00 0.660 0.162 0.286
12890 621 601 3 3 0 1999.00 0.660 0.162 0.286
12891 602 603 3 3 0 1512.17 0.457 0.155 0.230
12892 603 602 3 3 0 1512.17 0.457 0.155 0.230
12893 602 621 3 3 0 2506.65 0.872 0.145 0.327
12894 621 602 3 3 0 2506.65 0.872 0.145 0.327
12895 602 622 3 3 0 2506.65 0.872 0.166 0.343
12896 622 602 3 3 0 2506.65 0.872 0.166 0.343
12897 603 604 3 3 0 1512.17 0.457 0.157 0.232
12898 604 603 3 3 0 1512.17 0.457 0.157 0.232
12899 603 622 3 3 0 1999.00 0.660 0.176 0.297
12900 622 603 3 3 0 1999.00 0.660 0.176 0.297
12901 603 623 3 3 0 2506.65 0.872 0.143 0.325
12902 623 603 3 3 0 2506.65 0.872 0.143 0.325
12903 604 605 3 3 0 1512.17 0.457 0.129 0.211
12904 605 604 3 3 0 1512.17 0.457 0.129 0.211
12905 604 622 3 3 0 2506.65 0.872 0.169 0.344
12906 622 604 3 3 0 2506.65 0.872 0.169 0.344
12907 604 623 3 3 0 1999.00 0.660 0.136 0.267
12908 623 604 3 3 0 1999.00 0.660 0.136 0.267
12909 604 624 3 3 0 2506.65 0.872 0.183 0.355
12910 624 604 3 3 0 2506.65 0.872 0.183 0.355
12911 605 623 3 3 0 2506.65 0.872 0.115 0.304
12912 623 605 3 3 0 2506.65 0.872 0.115 0.304
12913 606 625 3 3 0 1999.00 0.660 0.159 0.284
12914 625 606 3 3 0 1999.00 0.660 0.159 0.284
12915 608 609 3 3 0 1512.58 0.457 0.014 0.125
12916 609 608 3 3 0 1512.58 0.457 0.014 0.125
12917 609 610 3 3 0 1512.58 0.457 0.012 0.123
12918 610 609 3 3 0 1512.58 0.457 0.012 0.123
12919 609 626 3 3 0 2506.89 0.872 0.014 0.229
12920 626 609 3 3 0 2506.89 0.872 0.014 0.229
12921 610 611 3 3 0 1512.58 0.457 0.012 0.123
12922 611 610 3 3 0 1512.58 0.457 0.012 0.123
12923 610 626 3 3 0 1999.00 0.660 0.012 0.174
12924 626 610 3 3 0 1999.00 0.660 0.012 0.174
12925 610 627 3 3 0 2506.89 0.872 0.009 0.225
12926 627 610 3 3 0 2506.89 0.872 0.009 0.225
12927 611 612 3 3 0 1512.58 0.457 0.014 0.125
12928 612 611 3 3 0 1512.58 0.457 0.014 0.125
12929 611 626 3 3 0 2506.89 0.872 0.014 0.229
12930 626 611 3 3 0 2506.89 0.872 0.014 0.229
12931 611 627 3 3 0 1999.00 0.660 0.012 0.174
12932 627 611 3 3 0 1999.00 0.660 0.012 0.174
12933 611 628 3 3 0 2506.89 0.872 0.014 0.229
12934 628 611 3 3 0 2506.89 0.872 0.014 0.229
12935 612 613 3 3 0 1512.58 0.457 0.016 0.127
12936 613 612 3 3 0 1512.58 0.457 0.016 0.127
12937 612 627 3 3 0 2506.89 0.872 0.012 0.227
12938 627 612 3 3 0 2506.89 0.872 0.012 0.227
12939 612 628 3 3 0 1999.00 0.660 0.014 0.176
12940 628 612 3 3 0 1999.00 0.660 0.014 0.176
12941 612 629 3 3 0 2506.89 0.872 0.016 0.230
12942 629 612 3 3 0 2506.89 0.872 0.016 0.230
12943 613 614 3 3 0 1512.58 0.457 0.014 0.125
12944 614 613 3 3 0 1512.58 0.457 0.014 0.125
12945 613 628 3 3 0 2506.89 0.872 0.016 0.230
12946 628 613 3 3 0 2506.89 0.872 0.016 0.230
12947 613 629 3 3 0 1999.00 0.660 0.019 0.179
12948 629 613 3 3 0 1999.00 0.660 0.019 0.179
12949 613 630 3 3 0 2506.89 0.872 0.019 0.232
12950 630 613 3 3 0 2506.89 0.872 0.019 0.232
12951 614 615 3 3 0 1512.58 0.457 0.012 0.123
12952 615 614 3 3 0 1512.58 0.457 0.012 0.123
12953 614 629 3 3 0 2506.89 0.872 0.014 0.229
12954 629 614 3 3 0 2506.89 0.872 0.014 0.229
12955 614 630 3 3 0 1999.00 0.660 0.014 0.176
12956 630 614 3 3 0 1999.00 0.660 0.014 0.176
12957 614 631 3 3 0 2506.89 0.872 0.014 0.229
12958 631 614 3 3 0 2506.89 0.872 0.014 0.229
12959 615 616 3 3 0 1512.58 0.457 0.014 0.125
12960 616 615 3 3 0 1512.58 0.457 0.014 0.125
12961 615 630 3 3 0 2506.89 0.872 0.016 0.230
12962 630 615 3 3 0 2506.89 0.872 0.016 0.230
12963 615 631 3 3 0 1999.00 0.660 0.016 0.177
12964 631 615 3 3 0 1999.00 0.660 0.016 0.177
12965 615 632 3 3 0 2506.89 0.872 0.014 0.229
12966 632 615 3 3 0 2506.89 0.872 0.014 0.229
12967 616 617 3 3 0 1512.58 0.457 0.012 0.123
12968 617 616 3 3 0 1512.58 0.457 0.012 0.123
12969 616 631 3 3 0 2506.89 0.872 0.016 0.230
12970 631 616 3 3 0 2506.89 0.872 0.016 0.230
12971 616 632 3 3 0 1999.00 0.660 0.014 0.176
12972 632 616 3 3 0 1999.00 0.660 0.014 0.176
12973 617 618 3 3 0 1512.58 0.457 0.012 0.123
12974 618 617 3 3 0 1512.58 0.457 0.012 0.123
12975 617 632 3 3 0 2506.89 0.872 0.012 0.227
12976 632 617 3 3 0 2506.89 0.872 0.012 0.227
12977 617 633 3 3 0 1999.00 0.660 0.012 0.174
12978 633 617 3 3 0 1999.00 0.660 0.012 0.174
12979 617 634 3 3 0 2506.89 0.872 0.009 0.225
12980 634 617 3 3 0 2506.89 0.872 0.009 0.225
12981 618 633 3 3 0 2506.89 0.872 0.014 0.229
12982 633 618 3 3 0 2506.89 0.872 0.014 0.229
12983 618 634 3 3 0 1999.00 0.660 0.012 0.174
12984 634 618 3 3 0 1999.00 0.660 0.012 0.174
12985 618 635 3 3 0 2506.89 0.872 0.014 0.229
12986 635 618 3 3 0 2506.89 0.872 0.014 0.229
12987 619 620 3 3 0 1512.58 0.457 0.218 0.278
12988 620 619 3 3 0 1512.58 0.457 0.218 0.278
12989 619 637 3 3 0 2506.89 0.872 0.307 0.448
12990 637 619 3 3 0 2506.89 0.872 0.307 0.448
12991 620 621 3 3 0 1512.58 0.457 0.159 0.234
12992 621 620 3 3 0 1512.58 0.457 0.159 0.234
12993 620 636 3 3 0 2506.89 0.872 0.194 0.364
12994 636 620 3 3 0 2506.89 0.872 0.194 0.364
12995 620 637 3 3 0 1999.00 0.660 0.262 0.362
12996 637 620 3 3 0 1999.00 0.660 0.262 0.362
12997 620 638 3 3 0 2506.89 0.872 0.213 0.378
12998 638 620 3 3 0 2506.89 0.872 0.213 0.378
12999 621 637 3 3 0 2506.89 0.872 0.248 0.404
13000 637 621 3 3 0 2506.89 0.872 0.248 0.404
13001 621 638 3 3 0 1999.00 0.660 0.199 0.314
13002 638 621 3 3 0 1999.00 0.660 0.199 0.314
13003 621 639 3 3 0 2506.89 0.872 0.173 0.348
13004 639 621 3 3 0 2506.89 0.872 0.173 0.348
13005 622 623 3 3 0 1512.58 0.457 0.155 0.230
13006 623 622 3 3 0 1512.58 0.457 0.155 0.230
13007 622 640 3 3 0 1999.00 0.660 0.475 0.522
13008 640 622 3 3 0 1999.00 0.660 0.475 0.522
13009 622 641 3 3 0 2506.89 0.872 0.157 0.336
13010 641 622 3 3 0 2506.89 0.872 0.157 0.336
13011 623 624 3 3 0 1512.58 0.457 0.169 0.241
13012 624 623 3 3 0 1512.58 0.457 0.169 0.241
13013 623 640 3 3 0 2506.89 0.872 0.442 0.550
13014 640 623 3 3 0 2506.89 0.872 0.442 0.550
13015 623 641 3 3 0 1999.00 0.660 0.124 0.258
13016 641 623 3 3 0 1999.00 0.660 0.124 0.258
13017 623 642 3 3 0 2506.89 0.872 0.150 0.330
13018 642 623 3 3 0 2506.89 0.872 0.150 0.330
13019 624 641 3 3 0 2506.89 0.872 0.171 0.346
13020 641 624 3 3 0 2506.89 0.872 0.171 0.346
13021 625 642 3 3 0 2506.89 0.872 0.147 0.329
13022 642 625 3 3 0 2506.89 0.872 0.147 0.329
13023 626 627 3 3 0 1512.99 0.458 0.012 0.123
13024 627 626 3 3 0 1512.99 0.458 0.012 0.123
13025 627 628 3 3 0 1512.99 0.458 0.012 0.123
13026 628 627 3 3 0 1512.99 0.458 0.012 0.123
13027 627 644 3 3 0 2507.13 0.872 0.009 0.225
13028 644 627 3 3 0 2507.13 0.872 0.009 0.225
13029 628 629 3 3 0 1512.99 0.458 0.016 0.127
13030 629 628 3 3 0 1512.99 0.458 0.016 0.127
13031 628 644 3 3 0 1998.99 0.660 0.012 0.174
13032 644 628 3 3 0 1998.99 0.660 0.012 0.174
13033 628 645 3 3 0 2507.13 0.872 0.014 0.229
13034 645 628 3 3 0 2507.13 0.872 0.014 0.229
13035 629 644 3 3 0 2507.13 0.872 0.014 0.229
13036 644 629 3 3 0 2507.13 0.872 0.014 0.229
13037 629 645 3 3 0 1998.99 0.660 0.016 0.177
13038 645 629 3 3 0 1998.99 0.660 0.016 0.177
13039 629 646 3 3 0 2507.13 0.872 0.019 0.232
13040 646 629 3 3 0 2507.13 0.872 0.019 0.232
13041 630 631 3 3 0 1512.99 0.458 0.019 0.128
13042 631 630 3 3 0 1512.99 0.458 0.019 0.128
13043 630 645 3 3 0 2507.13 0.872 0.016 0.230
13044 645 630 3 3 0 2507.13 0.872 0.016 0.230
13045 630 646 3 3 0 1998.99 0.660 0.019 0.179
13046 646 630 3 3 0 1998.99 0.660 0.019 0.179
13047 630 647 3 3 0 2507.13 0.872 0.014 0.229
13048 647 630 3 3 0 2507.13 0.872 0.014 0.229
13049 631 632 3 3 0 1512.99 0.458 0.016 0.127
13050 632 631 3 3 0 1512.99 0.458 0.016 0.127
13051 631 646 3 3 0 2507.13 0.872 0.019 0.232
13052 646 631 3 3 0 2507.13 0.872 0.019 0.232
13053 631 647 3 3 0 1998.99 0.660 0.014 0.176
13054 647 631 3 3 0 1998.99 0.660 0.014 0.176
13055 631 648 3 3 0 2507.13 0.872 0.016 0.230
13056 648 631 3 3 0 2507.13 0.872 0.016 0.230
13057 632 647 3 3 0 2507.13 0.872 0.012 0.227
13058 647 632 3 3 0 2507.13 0.872 0.012 0.227
13059 632 648 3 3 0 1998.99 0.660 0.014 0.176
13060 648 632 3 3 0 1998.99 0.660 0.014 0.176
13061 632 649 3 3 0 2507.13 0.872 0.014 0.229
13062 649 632 3 3 0 2507.13 0.872 0.014 0.229
13063 633 634 3 3 0 1512.99 0.458 0.012 0.123
13064 634 633 3 3 0 1512.99 0.458 0.012 0.123
13065 633 648 3 3 0 2507.13 0.872 0.014 0.229
13066 648 633 3 3 0 2507.13 0.872 0.014 0.229
13067 633 649 3 3 0 1998.99 0.660 0.014 0.176
13068 649 633 3 3 0 1998.99 0.660 0.014 0.176
13069 633 650 3 3 0 2507.13 0.872 0.012 0.227
13070 650 633 3 3 0 2507.13 0.872 0.012 0.227
13071 634 635 3 3 0 1512.99 0.458 0.012 0.123
13072 635 634 3 3 0 1512.99 0.458 0.012 0.123
13073 634 649 3 3 0 2507.13 0.872 0.012 0.227
13074 649 634 3 3 0 2507.13 0.872 0.012 0.227
13075 634 650 3 3 0 1998.99 0.660 0.009 0.172
13076 650 634 3 3 0 1998.99 0.660 0.009 0.172
13077 635 636 3 3 0 1512.99 0.458 0.115 0.200
13078 636 635 3 3 0 1512.99 0.458 0.115 0.200
13079 636 651 3 3 0 2507.13 0.872 0.115 0.304
13080 651 636 3 3 0 2507.13 0.872 0.115 0.304
13081 637 638 3 3 0 1512.99 0.458 0.302 0.341
13082 638 637 3 3 0 1512.99 0.458 0.302 0.341
13083 637 652 3 3 0 2507.13 0.872 0.386 0.508
13084 652 637 3 3 0 2507.13 0.872 0.386 0.508
13085 637 653 3 3 0 1998.99 0.660 0.314 0.400
13086 653 637 3 3 0 1998.99 0.660 0.314 0.400
13087 637 654 3 3 0 2507.13 0.872 0.339 0.473
13088 654 637 3 3 0 2507.13 0.872 0.339 0.473
13089 638 639 3 3 0 1512.99 0.458 0.227 0.285
13090 639 638 3 3 0 1512.99 0.458 0.227 0.285
13091 638 653 3 3 0 2507.13 0.872 0.265 0.416
13092 653 638 3 3 0 2507.13 0.872 0.265 0.416
13093 638 654 3 3 0 1998.99 0.660 0.290 0.383
13094 654 638 3 3 0 1998.99 0.660 0.290 0.383
13095 639 640 3 3 0 1512.99 0.458 0.482 0.476
13096 640 639 3 3 0 1512.99 0.458 0.482 0.476
13097 640 641 3 3 0 1512.99 0.458 0.445 0.448
13098 641 640 3 3 0 1512.99 0.458 0.445 0.448
13099 640 655 3 3 0 1998.99 0.660 0.646 0.650
13100 655 640 3 3 0 1998.99 0.660 0.646 0.650
13101 640 656 3 3 0 2507.13 0.872 0.632 0.692
13102 656 640 3 3 0 2507.13 0.872 0.632 0.692
13103 641 655 3 3 0 2507.13 0.872 0.328 0.464
13104 655 641 3 3 0 2507.13 0.872 0.328 0.464
13105 641 656 3 3 0 1998.99 0.660 0.314 0.400
13106 656 641 3 3 0 1998.99 0.660 0.314 0.400
13107 641 657 3 3 0 2507.13 0.872 0.410 0.525
13108 657 641 3 3 0 2507.13 0.872 0.410 0.525
13109 642 643 3 3 0 1512.99 0.458 0.166 0.239
13110 643 642 3 3 0 1512.99 0.458 0.166 0.239
13111 644 645 3 3 0 1513.40 0.458 0.012 0.123
13112 645 644 3 3 0 1513.40 0.458 0.012 0.123
13113 645 646 3 3 0 1513.40 0.458 0.016 0.127
13114 646 645 3 3 0 1513.40 0.458 0.016 0.127
13115 646 647 3 3 0 1513.40 0.458 0.014 0.125
13116 647 646 3 3 0 1513.40 0.458 0.014 0.125
13117 646 658 3 3 0 2507.38 0.872 0.019 0.232
13118 658 646 3 3 0 2507.38 0.872 0.019 0.232
13119 647 648 3 3 0 1513.40 0.458 0.012 0.123
13120 648 647 3 3 0 1513.40 0.458 0.012 0.123
13121 647 658 3 3 0 1998.98 0.660 0.014 0.176
13122 658 647 3 3 0 1998.98 0.660 0.014 0.176
13123 647 659 3 3 0 2507.38 0.872 0.012 0.227
13124 659 647 3 3 0 2507.38 0.872 0.012 0.227
13125 648 649 3 3 0 1513.40 0.458 0.014 0.125
13126 649 648 3 3 0 1513.40 0.458 0.014 0.125
13127 648 658 3 3 0 2507.38 0.872 0.016 0.230
13128 658 648 3 3 0 2507.38 0.872 0.016 0.230
13129 648 659 3 3 0 1998.98 0.660 0.014 0.176
13130 659 648 3 3 0 1998.98 0.660 0.014 0.176
13131 648 660 3 3 0 2507.38 0.872 0.016 0.230
13132 660 648 3 3 0 2507.38 0.872 0.016 0.230
13133 649 650 3 3 0 1513.40 0.458 0.012 0.123
13134 650 649 3 3 0 1513.40 0.458 0.012 0.123
13135 649 659 3 3 0 2507.38 0.872 0.014 0.229
13136 659 649 3 3 0 2507.38 0.872 0.014 0.229
13137 649 660 3 3 0 1998.98 0.660 0.016 0.177
13138 660 649 3 3 0 1998.98 0.660 0.016 0.177
13139 649 661 3 3 0 2507.38 0.872 0.014 0.229
13140 661 649 3 3 0 2507.38 0.872 0.014 0.229
13141 650 660 3 3 0 2507.38 0.872 0.014 0.229
13142 660 650 3 3 0 2507.38 0.872 0.014 0.229
13143 651 652 3 3 0 1513.40 0.458 0.218 0.278
13144 652 651 3 3 0 1513.40 0.458 0.218 0.278
13145 652 653 3 3 0 1513.40 0.458 0.349 0.376
13146 653 652 3 3 0 1513.40 0.458 0.349 0.376
13147 652 662 3 3 0 2507.38 0.872 0.218 0.381
13148 662 652 3 3 0 2507.38 0.872 0.218 0.381
13149 652 663 3 3 0 1998.98 0.660 0.358 0.434
13150 663 652 3 3 0 1998.98 0.660 0.358 0.434
13151 652 664 3 3 0 2507.38 0.872 0.398 0.517
13152 664 652 3 3 0 2507.38 0.872 0.398 0.517
13153 653 654 3 3 0 1513.40 0.458 0.302 0.341
13154 654 653 3 3 0 1513.40 0.458 0.302 0.341
13155 653 663 3 3 0 2507.38 0.872 0.286 0.432
13156 663 653 3 3 0 2507.38 0.872 0.286 0.432
13157 653 664 3 3 0 1998.98 0.660 0.325 0.409
13158 664 653 3 3 0 1998.98 0.660 0.325 0.409
13159 653 665 3 3 0 2507.38 0.872 0.253 0.408
13160 665 653 3 3 0 2507.38 0.872 0.253 0.408
13161 654 664 3 3 0 2507.38 0.872 0.351 0.481
13162 664 654 3 3 0 2507.38 0.872 0.351 0.481
13163 654 665 3 3 0 1998.98 0.660 0.279 0.374
13164 665 654 3 3 0 1998.98 0.660 0.279 0.374
13165 654 666 3 3 0 2507.38 0.872 0.522 0.610
13166 666 654 3 3 0 2507.38 0.872 0.522 0.610
13167 655 656 3 3 0 1513.40 0.458 0.515 0.501
13168 656 655 3 3 0 1513.40 0.458 0.515 0.501
13169 655 668 3 3 0 2507.38 0.872 0.461 0.564
13170 668 655 3 3 0 2507.38 0.872 0.461 0.564
13171 656 657 3 3 0 1513.40 0.458 0.597 0.562
13172 657 656 3 3 0 1513.40 0.458 0.597 0.562
13173 656 667 3 3 0 2507.38 0.872 0.625 0.687
13174 667 656 3 3 0 2507.38 0.872 0.625 0.687
13175 656 668 3 3 0 1998.98 0.660 0.447 0.500
13176 668 656 3 3 0 1998.98 0.660 0.447 0.500
13177 657 669 3 3 0 1998.98 0.660 0.646 0.650
13178 669 657 3 3 0 1998.98 0.660 0.646 0.650
13179 658 659 3 3 0 1513.82 0.458 0.016 0.127
13180 659 658 3 3 0 1513.82 0.458 0.016 0.127
13181 659 660 3 3 0 1513.82 0.458 0.016 0.127
13182 660 659 3 3 0 1513.82 0.458 0.016 0.127
13183 659 670 3 3 0 2507.62 0.872 0.014 0.229
13184 670 659 3 3 0 2507.62 0.872 0.014 0.229
13185 660 661 3 3 0 1513.82 0.458 0.016 0.127
13186 661 660 3 3 0 1513.82 0.458 0.016 0.127
13187 660 670 3 3 0 1998.98 0.660 0.016 0.177
13188 670 660 3 3 0 1998.98 0.660 0.016 0.177
13189 660 671 3 3 0 2507.62 0.872 0.019 0.232
13190 671 660 3 3 0 2507.62 0.872 0.019 0.232
13191 661 670 3 3 0 2507.62 0.872 0.014 0.229
13192 670 661 3 3 0 2507.62 0.872 0.014 0.229
13193 661 671 3 3 0 1998.98 0.660 0.016 0.177
13194 671 661 3 3 0 1998.98 0.660 0.016 0.177
13195 662 663 3 3 0 1513.82 0.458 0.155 0.230
13196 663 662 3 3 0 1513.82 0.458 0.155 0.230
13197 662 673 3 3 0 2507.62 0.872 0.075 0.274
13198 673 662 3 3 0 2507.62 0.872 0.075 0.274
13199 663 664 3 3 0 1513.82 0.458 0.335 0.366
13200 664 663 3 3 0 1513.82 0.458 0.335 0.366
13201 663 672 3 3 0 2507.62 0.872 0.155 0.334
13202 672 663 3 3 0 2507.62 0.872 0.155 0.334
13203 663 673 3 3 0 1998.98 0.660 0.215 0.327
13204 673 663 3 3 0 1998.98 0.660 0.215 0.327
13205 663 674 3 3 0 2507.62 0.872 0.236 0.395
13206 674 663 3 3 0 2507.62 0.872 0.236 0.395
13207 664 665 3 3 0 1513.82 0.458 0.302 0.341
13208 665 664 3 3 0 1513.82 0.458 0.302 0.341
13209 664 673 3 3 0 2507.62 0.872 0.255 0.409
13210 673 664 3 3 0 2507.62 0.872 0.255 0.409
13211 664 674 3 3 0 1998.98 0.660 0.276 0.372
13212 674 664 3 3 0 1998.98 0.660 0.276 0.372
13213 664 675 3 3 0 2507.62 0.872 0.274 0.424
13214 675 664 3 3 0 2507.62 0.872 0.274 0.424
13215 665 666 3 3 0 1513.82 0.458 0.473 0.469
13216 666 665 3 3 0 1513.82 0.458 0.473 0.469
13217 665 674 3 3 0 2507.62 0.872 0.204 0.371
13218 674 665 3 3 0 2507.62 0.872 0.204 0.371
13219 665 676 3 3 0 2507.62 0.872 0.311 0.452
13220 676 665 3 3 0 2507.62 0.872 0.311 0.452
13221 666 675 3 3 0 2507.62 0.872 0.445 0.552
13222 675 666 3 3 0 2507.62 0.872 0.445 0.552
13223 666 676 3 3 0 1998.98 0.660 0.555 0.581
13224 676 666 3 3 0 1998.98 0.660 0.555 0.581
13225 666 677 3 3 0 2507.62 0.872 0.684 0.731
13226 677 666 3 3 0 2507.62 0.872 0.684 0.731
13227 667 668 3 3 0 1513.82 0.458 0.571 0.543
13228 668 667 3 3 0 1513.82 0.458 0.571 0.543
13229 667 676 3 3 0 2507.62 0.872 0.571 0.647
13230 676 667 3 3 0 2507.62 0.872 0.571 0.647
13231 667 677 3 3 0 1998.98 0.660 0.700 0.690
13232 677 667 3 3 0 1998.98 0.660 0.700 0.690
13233 667 678 3 3 0 2507.62 0.872 0.606 0.673
13234 678 667 3 3 0 2507.62 0.872 0.606 0.673
13235 668 669 3 3 0 1513.82 0.458 0.496 0.487
13236 669 668 3 3 0 1513.82 0.458 0.496 0.487
13237 668 677 3 3 0 2507.62 0.872 0.522 0.610
13238 677 668 3 3 0 2507.62 0.872 0.522 0.610
13239 668 678 3 3 0 1998.98 0.660 0.428 0.486
13240 678 668 3 3 0 1998.98 0.660 0.428 0.486
13241 669 678 3 3 0 2507.62 0.872 0.531 0.617
13242 678 669 3 3 0 2507.62 0.872 0.531 0.617
13243 670 671 3 3 0 1514.23 0.458 0.016 0.127
13244 671 670 3 3 0 1514.23 0.458 0.016 0.127
13245 671 672 3 3 0 1514.23 0.458 0.016 0.127
13246 672 671 3 3 0 1514.23 0.458 0.016 0.127
13247 672 673 3 3 0 1514.23 0.458 0.075 0.171
13248 673 672 3 3 0 1514.23 0.458 0.075 0.171
13249 674 675 3 3 0 1514.23 0.458 0.176 0.246
13250 675 674 3 3 0 1514.23 0.458 0.176 0.246
13251 676 677 3 3 0 1514.23 0.458 0.522 0.506
13252 677 676 3 3 0 1514.23 0.458 0.522 0.506
13253 677 678 3 3 0 1514.23 0.458 0.557 0.532
13254 678 677 3 3 0 1514.23 0.458 0.557 0.532
13255 0 41 4 4 0 2671.80 0.941 0.008 0.241
13256 41 0 4 4 0 2671.80 0.941 0.008 0.241
13257 0 50 4 4 0 1921.80 0.628 0.008 0.163
13258 50 0 4 4 0 1921.80 0.628 0.008 0.163
13259 0 51 4 4 0 721.82 0.128 0.004 0.035
13260 51 0 4 4 0 721.82 0.128 0.004 0.035
13261 0 52 4 4 0 1369.30 0.398 0.006 0.104
13262 52 0 4 4 0 1369.30 0.398 0.006 0.104
13263 0 53 4 4 0 2784.80 0.988 0.004 0.250
13264 53 0 4 4 0 2784.80 0.988 0.004 0.250
13265 0 63 4 4 0 2251.60 0.766 0.004 0.194
13266 63 0 4 4 0 2251.60 0.766 0.004 0.194
13267 0 64 4 4 0 1377.16 0.401 0.006 0.105
13268 64 0 4 4 0 1377.16 0.401 0.006 0.105
13269 0 65 4 4 0 1803.02 0.579 0.008 0.151
13270 65 0 4 4 0 1803.02 0.579 0.008 0.151
13271 1 164 4 4 0 2658.29 0.935 0.086 0.299
13272 164 1 4 4 0 2658.29 0.935 0.086 0.299
13273 1 165 4 4 0 1363.76 0.395 0.074 0.155
13274 165 1 4 4 0 1363.76 0.395 0.074 0.155
13275 1 166 4 4 0 1092.96 0.282 0.090 0.138
13276 166 1 4 4 0 1092.96 0.282 0.090 0.138
13277 1 167 4 4 0 2251.82 0.766 0.078 0.250
13278 167 1 4 4 0 2251.82 0.766 0.078 0.250
13279 1 193 4 4 0 2692.37 0.949 0.062 0.284
13280 193 1 4 4 0 2692.37 0.949 0.062 0.284
13281 1 194 4 4 0 1428.55 0.422 0.056 0.148
13282 194 1 4 4 0 1428.55 0.422 0.056 0.148
13283 1 195 4 4 0 1172.73 0.316 0.080 0.139
13284 195 1 4 4 0 1172.73 0.316 0.080 0.139
13285 1 196 4 4 0 2291.83 0.782 0.060 0.241
13286 196 1 4 4 0 2291.83 0.782 0.060 0.241
13287 2 11 4 4 0 2182.36 0.737 0.000 0.184
13288 11 2 4 4 0 2182.36 0.737 0.000 0.184
13289 2 176 4 4 0 2684.44 0.946 0.006 0.241
13290 176 2 4 4 0 2684.44 0.946 0.006 0.241
13291 2 177 4 4 0 1633.53 0.508 0.006 0.131
13292 177 2 4 4 0 1633.53 0.508 0.006 0.131
13293 2 178 4 4 0 1634.73 0.508 0.006 0.132
13294 178 2 4 4 0 1634.73 0.508 0.006 0.132
13295 2 179 4 4 0 2686.63 0.947 0.006 0.241
13296 179 2 4 4 0 2686.63 0.947 0.006 0.241
13297 2 205 4 4 0 2325.16 0.796 0.006 0.204
13298 205 2 4 4 0 2325.16 0.796 0.006 0.204
13299 2 206 4 4 0 931.31 0.215 0.004 0.057
13300 206 2 4 4 0 931.31 0.215 0.004 0.057
13301 2 207 4 4 0 933.42 0.216 0.006 0.058
13302 207 2 4 4 0 933.42 0.216 0.006 0.058
13303 2 208 4 4 0 2327.70 0.797 0.006 0.204
13304 208 2 4 4 0 2327.70 0.797 0.006 0.204
13305 2 238 4 4 0 2656.86 0.935 0.004 0.237
13306 238 2 4 4 0 2656.86 0.935 0.004 0.237
13307 2 239 4 4 0 2657.60 0.935 0.014 0.244
13308 239 2 4 4 0 2657.60 0.935 0.014 0.244
13309 3 297 4 4 0 2449.74 0.848 0.058 0.256
13310 297 3 4 4 0 2449.74 0.848 0.058 0.256
13311 3 298 4 4 0 1409.14 0.414 0.070 0.156
13312 298 3 4 4 0 1409.14 0.414 0.070 0.156
13313 3 299 4 4 0 1587.99 0.489 0.004 0.125
13314 299 3 4 4 0 1587.99 0.489 0.004 0.125
13315 3 300 4 4 0 2758.50 0.977 0.006 0.249
13316 300 3 4 4 0 2758.50 0.977 0.006 0.249
13317 3 332 4 4 0 2204.10 0.746 0.012 0.195
13318 332 3 4 4 0 2204.10 0.746 0.012 0.195
13319 3 333 4 4 0 917.27 0.209 0.016 0.064
13320 333 3 4 4 0 917.27 0.209 0.016 0.064
13321 3 334 4 4 0 1173.70 0.316 0.006 0.084
13322 334 3 4 4 0 1173.70 0.316 0.006 0.084
13323 3 335 4 4 0 2542.95 0.887 0.018 0.235
13324 335 3 4 4 0 2542.95 0.887 0.018 0.235
13325 3 367 4 4 0 2773.00 0.983 0.022 0.262
13326 367 3 4 4 0 2773.00 0.983 0.022 0.262
13327 4 242 4 4 0 1915.33 0.625 0.006 0.161
13328 242 4 4 4 0 1915.33 0.625 0.006 0.161
13329 4 243 4 4 0 1835.65 0.592 0.006 0.153
13330 243 4 4 4 0 1835.65 0.592 0.006 0.153
13331 4 244 4 4 0 2760.00 0.978 0.006 0.249
13332 244 4 4 4 0 2760.00 0.978 0.006 0.249
13333 4 275 4 4 0 2378.16 0.818 0.004 0.208
13334 275 4 4 4 0 2378.16 0.818 0.004 0.208
13335 4 276 4 4 0 899.21 0.202 0.004 0.053
13336 276 4 4 4 0 899.21 0.202 0.004 0.053
13337 4 277 4 4 0 713.88 0.124 0.004 0.034
13338 277 4 4 4 0 713.88 0.124 0.004 0.034
13339 4 278 4 4 0 2181.47 0.736 0.004 0.187
13340 278 4 4 4 0 2181.47 0.736 0.004 0.187
13341 4 312 4 4 0 2437.46 0.843 0.004 0.214
13342 312 4 4 4 0 2437.46 0.843 0.004 0.214
13343 4 313 4 4 0 2375.32 0.817 0.006 0.209
13344 313 4 4 4 0 2375.32 0.817 0.006 0.209
13345 5 355 4 4 0 2436.31 0.843 0.006 0.215
13346 355 5 4 4 0 2436.31 0.843 0.006 0.215
13347 5 356 4 4 0 1606.94 0.497 0.004 0.127
13348 356 5 4 4 0 1606.94 0.497 0.004 0.127
13349 5 357 4 4 0 1945.05 0.638 0.040 0.190
13350 357 5 4 4 0 1945.05 0.638 0.040 0.190
13351 5 390 4 4 0 1915.25 0.625 0.006 0.161
13352 390 5 4 4 0 1915.25 0.625 0.006 0.161
13353 5 391 4 4 0 560.32 0.060 0.006 0.020
13354 391 5 4 4 0 560.32 0.060 0.006 0.020
13355 5 392 4 4 0 1230.96 0.340 0.008 0.091
13356 392 5 4 4 0 1230.96 0.340 0.008 0.091
13357 5 393 4 4 0 2696.68 0.951 0.060 0.283
13358 393 5 4 4 0 2696.68 0.951 0.060 0.283
13359 5 425 4 4 0 2457.24 0.851 0.006 0.217
13360 425 5 4 4 0 2457.24 0.851 0.006 0.217
13361 5 426 4 4 0 2690.66 0.949 0.006 0.242
13362 426 5 4 4 0 2690.66 0.949 0.006 0.242
13363 6 436 4 4 0 1643.21 0.512 0.034 0.154
13364 436 6 4 4 0 1643.21 0.512 0.034 0.154
13365 6 437 4 4 0 1070.54 0.273 0.050 0.106
13366 437 6 4 4 0 1070.54 0.273 0.050 0.106
13367 6 438 4 4 0 2037.07 0.676 0.054 0.210
13368 438 6 4 4 0 2037.07 0.676 0.054 0.210
13369 7 564 4 4 0 2647.61 0.931 0.016 0.245
13370 564 7 4 4 0 2647.61 0.931 0.016 0.245
13371 7 565 4 4 0 2493.69 0.867 0.016 0.229
13372 565 7 4 4 0 2493.69 0.867 0.016 0.229
13373 7 585 4 4 0 665.30 0.104 0.020 0.041
13374 585 7 4 4 0 665.30 0.104 0.020 0.041
13375 7 586 4 4 0 2055.40 0.684 0.020 0.186
13376 586 7 4 4 0 2055.40 0.684 0.020 0.186
13377 8 55 4 4 0 972.04 0.232 0.020 0.073
13378 55 8 4 4 0 972.04 0.232 0.020 0.073
13379 8 56 4 4 0 2260.93 0.770 0.074 0.248
13380 56 8 4 4 0 2260.93 0.770 0.074 0.248
13381 8 71 4 4 0 1410.39 0.415 0.066 0.153
13382 71 8 4 4 0 1410.39 0.415 0.066 0.153
13383 8 72 4 4 0 2481.39 0.861 0.090 0.283
13384 72 8 4 4 0 2481.39 0.861 0.090 0.283
13385 9 257 4 4 0 1933.87 0.633 0.024 0.176
13386 257 9 4 4 0 1933.87 0.633 0.024 0.176
13387 9 258 4 4 0 1965.88 0.646 0.016 0.174
13388 258 9 4 4 0 1965.88 0.646 0.016 0.174
13389 9 292 4 4 0 2230.35 0.757 0.012 0.198
13390 292 9 4 4 0 2230.35 0.757 0.012 0.198
13391 9 293 4 4 0 740.70 0.135 0.016 0.046
13392 293 9 4 4 0 740.70 0.135 0.016 0.046
13393 9 294 4 4 0 820.68 0.169 0.022 0.059
13394 294 9 4 4 0 820.68 0.169 0.022 0.059
13395 9 295 4 4 0 2312.81 0.791 0.022 0.214
13396 295 9 4 4 0 2312.81 0.791 0.022 0.214
13397 9 329 4 4 0 2339.84 0.802 0.012 0.210
13398 329 9 4 4 0 2339.84 0.802 0.012 0.210
13399 10 171 4 4 0 1213.18 0.333 0.006 0.088
13400 171 10 4 4 0 1213.18 0.333 0.006 0.088
13401 10 172 4 4 0 1389.03 0.406 0.006 0.106
13402 172 10 4 4 0 1389.03 0.406 0.006 0.106
13403 10 173 4 4 0 2632.20 0.924 0.008 0.237
13404 173 10 4 4 0 2632.20 0.924 0.008 0.237
13405 10 199 4 4 0 2311.09 0.790 0.008 0.204
13406 199 10 4 4 0 2311.09 0.790 0.008 0.204
13407 10 200 4 4 0 1120.79 0.294 0.006 0.078
13408 200 10 4 4 0 1120.79 0.294 0.006 0.078
13409 10 201 4 4 0 1309.16 0.373 0.006 0.098
13410 201 10 4 4 0 1309.16 0.373 0.006 0.098
13411 10 202 4 4 0 2591.21 0.907 0.008 0.233
13412 202 10 4 4 0 2591.21 0.907 0.008 0.233
13413 11 149 4 4 0 2655.49 0.934 0.006 0.238
13414 149 11 4 4 0 2655.49 0.934 0.006 0.238
13415 11 150 4 4 0 1513.72 0.458 0.006 0.119
13416 150 11 4 4 0 1513.72 0.458 0.006 0.119
13417 11 151 4 4 0 1438.82 0.427 0.004 0.110
13418 151 11 4 4 0 1438.82 0.427 0.004 0.110
13419 11 152 4 4 0 2527.47 0.881 0.004 0.223
13420 152 11 4 4 0 2527.47 0.881 0.004 0.223
13421 11 176 4 4 0 2445.31 0.846 0.006 0.216
13422 176 11 4 4 0 2445.31 0.846 0.006 0.216
13423 11 177 4 4 0 1103.60 0.287 0.006 0.076
13424 177 11 4 4 0 1103.60 0.287 0.006 0.076
13425 11 178 4 4 0 998.35 0.243 0.006 0.065
13426 178 11 4 4 0 998.35 0.243 0.006 0.065
13427 11 179 4 4 0 2305.61 0.788 0.006 0.202
13428 179 11 4 4 0 2305.61 0.788 0.006 0.202
13429 11 207 4 4 0 2813.52 1.000 0.006 0.255
13430 207 11 4 4 0 2813.52 1.000 0.006 0.255
13431 12 401 4 4 0 2432.02 0.841 0.024 0.228
13432 401 12 4 4 0 2432.02 0.841 0.024 0.228
13433 12 402 4 4 0 1305.24 0.371 0.020 0.108
13434 402 12 4 4 0 1305.24 0.371 0.020 0.108
13435 12 403 4 4 0 1432.34 0.424 0.022 0.123
13436 403 12 4 4 0 1432.34 0.424 0.022 0.123
13437 12 404 4 4 0 2637.91 0.927 0.016 0.244
13438 404 12 4 4 0 2637.91 0.927 0.016 0.244
13439 12 439 4 4 0 1224.40 0.337 0.012 0.093
13440 439 12 4 4 0 1224.40 0.337 0.012 0.093
13441 12 440 4 4 0 2531.30 0.882 0.022 0.237
13442 440 12 4 4 0 2531.30 0.882 0.022 0.237
13443 13 410 4 4 0 2015.47 0.667 0.016 0.179
13444 410 13 4 4 0 2015.47 0.667 0.016 0.179
13445 13 411 4 4 0 1950.08 0.640 0.016 0.172
13446 411 13 4 4 0 1950.08 0.640 0.016 0.172
13447 13 445 4 4 0 2356.95 0.810 0.018 0.216
13448 445 13 4 4 0 2356.95 0.810 0.018 0.216
13449 13 446 4 4 0 857.41 0.184 0.022 0.063
13450 446 13 4 4 0 857.41 0.184 0.022 0.063
13451 13 447 4 4 0 689.76 0.114 0.024 0.047
13452 447 13 4 4 0 689.76 0.114 0.024 0.047
13453 13 448 4 4 0 2185.65 0.738 0.020 0.200
13454 448 13 4 4 0 2185.65 0.738 0.020 0.200
13455 13 479 4 4 0 2323.89 0.796 0.018 0.212
13456 479 13 4 4 0 2323.89 0.796 0.018 0.212
13457 13 480 4 4 0 2267.38 0.772 0.024 0.211
13458 480 13 4 4 0 2267.38 0.772 0.024 0.211
13459 14 314 4 4 0 2182.46 0.737 0.006 0.189
13460 314 14 4 4 0 2182.46 0.737 0.006 0.189
13461 14 315 4 4 0 1583.19 0.487 0.008 0.128
13462 315 14 4 4 0 1583.19 0.487 0.008 0.128
13463 14 316 4 4 0 2191.26 0.740 0.006 0.190
13464 316 14 4 4 0 2191.26 0.740 0.006 0.190
13465 14 349 4 4 0 1558.93 0.477 0.008 0.125
13466 349 14 4 4 0 1558.93 0.477 0.008 0.125
13467 14 350 4 4 0 415.93 0.000 0.006 0.005
13468 350 14 4 4 0 415.93 0.000 0.006 0.005
13469 14 351 4 4 0 1571.23 0.482 0.004 0.123
13470 351 14 4 4 0 1571.23 0.482 0.004 0.123
13471 14 384 4 4 0 2414.95 0.834 0.006 0.213
13472 384 14 4 4 0 2414.95 0.834 0.006 0.213
13473 15 328 4 4 0 2736.32 0.968 0.044 0.275
13474 328 15 4 4 0 2736.32 0.968 0.044 0.275
13475 15 361 4 4 0 2197.19 0.743 0.044 0.219
13476 361 15 4 4 0 2197.19 0.743 0.044 0.219
13477 15 362 4 4 0 891.07 0.198 0.056 0.092
13478 362 15 4 4 0 891.07 0.198 0.056 0.092
13479 15 363 4 4 0 1146.34 0.305 0.060 0.121
13480 363 15 4 4 0 1146.34 0.305 0.060 0.121
13481 15 364 4 4 0 2527.43 0.881 0.060 0.265
13482 364 15 4 4 0 2527.43 0.881 0.060 0.265
13483 15 395 4 4 0 2475.44 0.859 0.064 0.263
13484 395 15 4 4 0 2475.44 0.859 0.064 0.263
13485 15 396 4 4 0 1446.73 0.430 0.050 0.145
13486 396 15 4 4 0 1446.73 0.430 0.050 0.145
13487 15 397 4 4 0 1616.56 0.501 0.056 0.167
13488 397 15 4 4 0 1616.56 0.501 0.056 0.167
13489 15 398 4 4 0 2772.81 0.983 0.040 0.276
13490 398 15 4 4 0 2772.81 0.983 0.040 0.276
13491 16 471 4 4 0 2635.72 0.926 0.046 0.266
13492 471 16 4 4 0 2635.72 0.926 0.046 0.266
13493 16 501 4 4 0 2712.77 0.958 0.042 0.271
13494 501 16 4 4 0 2712.77 0.958 0.042 0.271
13495 16 502 4 4 0 1286.39 0.363 0.066 0.140
13496 502 16 4 4 0 1286.39 0.363 0.066 0.140
13497 16 503 4 4 0 717.05 0.126 0.066 0.081
13498 503 16 4 4 0 717.05 0.126 0.066 0.081
13499 16 504 4 4 0 1984.23 0.654 0.036 0.191
13500 504 16 4 4 0 1984.23 0.654 0.036 0.191
13501 16 531 4 4 0 1792.91 0.574 0.060 0.189
13502 531 16 4 4 0 1792.91 0.574 0.060 0.189
13503 16 532 4 4 0 1439.98 0.427 0.062 0.153
13504 532 16 4 4 0 1439.98 0.427 0.062 0.153
13505 16 533 4 4 0 2344.68 0.804 0.046 0.236
13506 533 16 4 4 0 2344.68 0.804 0.046 0.236
13507 17 438 4 4 0 2577.58 0.902 0.054 0.266
13508 438 17 4 4 0 2577.58 0.902 0.054 0.266
13509 17 473 4 4 0 2027.44 0.672 0.058 0.212
13510 473 17 4 4 0 2027.44 0.672 0.058 0.212
13511 17 474 4 4 0 606.68 0.080 0.036 0.047
13512 474 17 4 4 0 606.68 0.080 0.036 0.047
13513 18 478 4 4 0 2168.48 0.731 0.014 0.193
13514 478 18 4 4 0 2168.48 0.731 0.014 0.193
13515 18 479 4 4 0 2304.56 0.788 0.018 0.210
13516 479 18 4 4 0 2304.56 0.788 0.018 0.210
13517 18 506 4 4 0 2067.22 0.689 0.018 0.186
13518 506 18 4 4 0 2067.22 0.689 0.018 0.186
13519 18 507 4 4 0 562.50 0.061 0.012 0.024
13520 507 18 4 4 0 562.50 0.061 0.012 0.024
13521 18 508 4 4 0 961.91 0.228 0.018 0.070
13522 508 18 4 4 0 961.91 0.228 0.018 0.070
13523 18 509 4 4 0 2469.81 0.857 0.024 0.232
13524 509 18 4 4 0 2469.81 0.857 0.024 0.232
13525 18 535 4 4 0 2128.79 0.714 0.014 0.189
13526 535 18 4 4 0 2128.79 0.714 0.014 0.189
13527 19 68 4 4 0 2442.73 0.845 0.006 0.216
13528 68 19 4 4 0 2442.73 0.845 0.006 0.216
13529 19 69 4 4 0 978.13 0.234 0.004 0.062
13530 69 19 4 4 0 978.13 0.234 0.004 0.062
13531 19 70 4 4 0 688.95 0.114 0.006 0.033
13532 70 19 4 4 0 688.95 0.114 0.006 0.033
13533 19 85 4 4 0 2522.20 0.878 0.008 0.226
13534 85 19 4 4 0 2522.20 0.878 0.008 0.226
13535 19 86 4 4 0 2424.72 0.838 0.006 0.214
13536 86 19 4 4 0 2424.72 0.838 0.006 0.214
13537 20 21 4 4 0 1502.63 0.453 0.038 0.142
13538 21 20 4 4 0 1502.63 0.453 0.038 0.142
13539 20 22 4 4 0 1999.15 0.660 0.032 0.189
13540 22 20 4 4 0 1999.15 0.660 0.032 0.189
13541 20 23 4 4 0 2501.02 0.870 0.042 0.249
13542 23 20 4 4 0 2501.02 0.870 0.042 0.249
13543 21 22 4 4 0 2501.02 0.870 0.034 0.243
13544 22 21 4 4 0 2501.02 0.870 0.034 0.243
13545 21 23 4 4 0 1999.15 0.660 0.044 0.198
13546 23 21 4 4 0 1999.15 0.660 0.044 0.198
13547 21 24 4 4 0 2501.02 0.870 0.042 0.249
13548 24 21 4 4 0 2501.02 0.870 0.042 0.249
13549 22 23 4 4 0 1503.05 0.453 0.038 0.142
13550 23 22 4 4 0 1503.05 0.453 0.038 0.142
13551 22 26 4 4 0 1999.14 0.660 0.030 0.188
13552 26 22 4 4 0 1999.14 0.660 0.030 0.188
13553 22 27 4 4 0 2501.27 0.870 0.030 0.240
13554 27 22 4 4 0 2501.27 0.870 0.030 0.240
13555 23 24 4 4 0 1503.05 0.453 0.046 0.148
13556 24 23 4 4 0 1503.05 0.453 0.046 0.148
13557 23 26 4 4 0 2501.27 0.870 0.040 0.248
13558 26 23 4 4 0 2501.27 0.870 0.040 0.248
13559 23 27 4 4 0 1999.14 0.660 0.040 0.195
13560 27 23 4 4 0 1999.14 0.660 0.040 0.195
13561 23 28 4 4 0 2501.27 0.870 0.084 0.281
13562 28 23 4 4 0 2501.27 0.870 0.084 0.281
13563 24 25 4 4 0 1503.05 0.453 0.040 0.143
13564 25 24 4 4 0 1503.05 0.453 0.040 0.143
13565 24 27 4 4 0 2501.27 0.870 0.038 0.246
13566 27 24 4 4 0 2501.27 0.870 0.038 0.246
13567 24 28 4 4 0 1999.14 0.660 0.082 0.227
13568 28 24 4 4 0 1999.14 0.660 0.082 0.227
13569 24 29 4 4 0 2501.27 0.870 0.092 0.287
13570 29 24 4 4 0 2501.27 0.870 0.092 0.287
13571 25 28 4 4 0 2501.27 0.870 0.078 0.276
13572 28 25 4 4 0 2501.27 0.870 0.078 0.276
13573 25 29 4 4 0 1999.14 0.660 0.088 0.231
13574 29 25 4 4 0 1999.14 0.660 0.088 0.231
13575 25 30 4 4 0 2501.27 0.870 0.038 0.246
13576 30 25 4 4 0 2501.27 0.870 0.038 0.246
13577 26 27 4 4 0 1503.46 0.454 0.032 0.137
13578 27 26 4 4 0 1503.46 0.454 0.032 0.137
13579 26 33 4 4 0 2501.51 0.870 0.034 0.243
13580 33 26 4 4 0 2501.51 0.870 0.034 0.243
13581 26 34 4 4 0 1999.13 0.660 0.034 0.191
13582 34 26 4 4 0 1999.13 0.660 0.034 0.191
13583 26 35 4 4 0 2501.51 0.870 0.040 0.248
13584 35 26 4 4 0 2501.51 0.870 0.040 0.248
13585 27 28 4 4 0 1503.46 0.454 0.076 0.171
13586 28 27 4 4 0 1503.46 0.454 0.076 0.171
13587 27 34 4 4 0 2501.51 0.870 0.034 0.243
13588 34 27 4 4 0 2501.51 0.870 0.034 0.243
13589 27 35 4 4 0 1999.13 0.660 0.040 0.195
13590 35 27 4 4 0 1999.13 0.660 0.040 0.195
13591 27 36 4 4 0 2501.51 0.870 0.064 0.266
13592 36 27 4 4 0 2501.51 0.870 0.064 0.266
13593 28 29 4 4 0 1503.46 0.454 0.130 0.211
13594 29 28 4 4 0 1503.46 0.454 0.130 0.211
13595 28 35 4 4 0 2501.51 0.870 0.084 0.281
13596 35 28 4 4 0 2501.51 0.870 0.084 0.281
13597 28 36 4 4 0 1999.13 0.660 0.108 0.246
13598 36 28 4 4 0 1999.13 0.660 0.108 0.246
13599 28 37 4 4 0 2501.51 0.870 0.128 0.314
13600 37 28 4 4 0 2501.51 0.870 0.128 0.314
13601 29 30 4 4 0 1503.46 0.454 0.090 0.181
13602 30 29 4 4 0 1503.46 0.454 0.090 0.181
13603 29 36 4 4 0 2501.51 0.870 0.118 0.306
13604 36 29 4 4 0 2501.51 0.870 0.118 0.306
13605 29 37 4 4 0 1999.13 0.660 0.138 0.269
13606 37 29 4 4 0 1999.13 0.660 0.138 0.269
13607 29 38 4 4 0 2501.51 0.870 0.126 0.312
13608 38 29 4 4 0 2501.51 0.870 0.126 0.312
13609 30 31 4 4 0 1503.46 0.454 0.034 0.139
13610 31 30 4 4 0 1503.46 0.454 0.034 0.139
13611 30 37 4 4 0 2501.51 0.870 0.088 0.284
13612 37 30 4 4 0 2501.51 0.870 0.088 0.284
13613 30 38 4 4 0 1999.13 0.660 0.076 0.222
13614 38 30 4 4 0 1999.13 0.660 0.076 0.222
13615 30 39 4 4 0 2501.51 0.870 0.042 0.249
13616 39 30 4 4 0 2501.51 0.870 0.042 0.249
13617 31 32 4 4 0 1503.46 0.454 0.034 0.139
13618 32 31 4 4 0 1503.46 0.454 0.034 0.139
13619 31 38 4 4 0 2501.51 0.870 0.070 0.270
13620 38 31 4 4 0 2501.51 0.870 0.070 0.270
13621 31 39 4 4 0 1999.13 0.660 0.036 0.192
13622 39 31 4 4 0 1999.13 0.660 0.036 0.192
13623 31 40 4 4 0 2501.51 0.870 0.020 0.233
13624 40 31 4 4 0 2501.51 0.870 0.020 0.233
13625 32 39 4 4 0 2501.51 0.870 0.042 0.249
13626 39 32 4 4 0 2501.51 0.870 0.042 0.249
13627 32 40 4 4 0 1999.13 0.660 0.026 0.185
13628 40 32 4 4 0 1999.13 0.660 0.026 0.185
13629 32 41 4 4 0 2501.51 0.870 0.028 0.239
13630 41 32 4 4 0 2501.51 0.870 0.028 0.239
13631 33 34 4 4 0 1503.88 0.454 0.036 0.141
13632 34 33 4 4 0 1503.88 0.454 0.036 0.141
13633 33 43 4 4 0 1999.13 0.660 0.040 0.195
13634 43 33 4 4 0 1999.13 0.660 0.040 0.195
13635 33 44 4 4 0 2501.76 0.870 0.030 0.240
13636 44 33 4 4 0 2501.76 0.870 0.030 0.240
13637 34 35 4 4 0 1503.88 0.454 0.042 0.145
13638 35 34 4 4 0 1503.88 0.454 0.042 0.145
13639 34 43 4 4 0 2501.76 0.870 0.040 0.248
13640 43 34 4 4 0 2501.76 0.870 0.040 0.248
13641 34 44 4 4 0 1999.13 0.660 0.030 0.188
13642 44 34 4 4 0 1999.13 0.660 0.030 0.188
13643 34 45 4 4 0 2501.76 0.870 0.082 0.279
13644 45 34 4 4 0 2501.76 0.870 0.082 0.279
13645 35 36 4 4 0 1503.88 0.454 0.072 0.168
13646 36 35 4 4 0 1503.88 0.454 0.072 0.168
13647 35 44 4 4 0 2501.76 0.870 0.036 0.245
13648 44 35 4 4 0 2501.76 0.870 0.036 0.245
13649 35 45 4 4 0 1999.13 0.660 0.088 0.231
13650 45 35 4 4 0 1999.13 0.660 0.088 0.231
13651 35 46 4 4 0 2501.76 0.870 0.080 0.278
13652 46 35 4 4 0 2501.76 0.870 0.080 0.278
13653 36 37 4 4 0 1503.88 0.454 0.116 0.201
13654 37 36 4 4 0 1503.88 0.454 0.116 0.201
13655 36 45 4 4 0 2501.76 0.870 0.112 0.302
13656 45 36 4 4 0 2501.76 0.870 0.112 0.302
13657 36 46 4 4 0 1999.13 0.660 0.104 0.243
13658 46 36 4 4 0 1999.13 0.660 0.104 0.243
13659 36 47 4 4 0 2501.76 0.870 0.126 0.312
13660 47 36 4 4 0 2501.76 0.870 0.126 0.312
13661 37 38 4 4 0 1503.88 0.454 0.124 0.207
13662 38 37 4 4 0 1503.88 0.454 0.124 0.207
13663 37 46 4 4 0 2501.76 0.870 0.124 0.311
13664 46 37 4 4 0 2501.76 0.870 0.124 0.311
13665 37 47 4 4 0 1999.13 0.660 0.146 0.275
13666 47 37 4 4 0 1999.13 0.660 0.146 0.275
13667 37 48 4 4 0 2501.76 0.870 0.116 0.305
13668 48 37 4 4 0 2501.76 0.870 0.116 0.305
13669 38 39 4 4 0 1503.88 0.454 0.078 0.172
13670 39 38 4 4 0 1503.88 0.454 0.078 0.172
13671 38 47 4 4 0 2501.76 0.870 0.134 0.318
13672 47 38 4 4 0 2501.76 0.870 0.134 0.318
13673 38 48 4 4 0 1999.13 0.660 0.104 0.243
13674 48 38 4 4 0 1999.13 0.660 0.104 0.243
13675 38 49 4 4 0 2501.76 0.870 0.104 0.296
13676 49 38 4 4 0 2501.76 0.870 0.104 0.296
13677 39 40 4 4 0 1503.88 0.454 0.028 0.135
13678 40 39 4 4 0 1503.88 0.454 0.028 0.135
13679 39 48 4 4 0 2501.76 0.870 0.070 0.270
13680 48 39 4 4 0 2501.76 0.870 0.070 0.270
13681 39 49 4 4 0 1999.13 0.660 0.070 0.218
13682 49 39 4 4 0 1999.13 0.660 0.070 0.218
13683 39 50 4 4 0 2501.76 0.870 0.030 0.240
13684 50 39 4 4 0 2501.76 0.870 0.030 0.240
13685 40 41 4 4 0 1503.88 0.454 0.014 0.124
13686 41 40 4 4 0 1503.88 0.454 0.014 0.124
13687 40 49 4 4 0 2501.76 0.870 0.054 0.258
13688 49 40 4 4 0 2501.76 0.870 0.054 0.258
13689 40 50 4 4 0 1999.13 0.660 0.014 0.176
13690 50 40 4 4 0 1999.13 0.660 0.014 0.176
13691 40 51 4 4 0 2501.76 0.870 0.010 0.225
13692 51 40 4 4 0 2501.76 0.870 0.010 0.225
13693 41 42 4 4 0 1503.88 0.454 0.014 0.124
13694 42 41 4 4 0 1503.88 0.454 0.014 0.124
13695 41 50 4 4 0 2501.76 0.870 0.016 0.230
13696 50 41 4 4 0 2501.76 0.870 0.016 0.230
13697 41 51 4 4 0 1999.13 0.660 0.012 0.174
13698 51 41 4 4 0 1999.13 0.660 0.012 0.174
13699 41 52 4 4 0 2501.76 0.870 0.014 0.228
13700 52 41 4 4 0 2501.76 0.870 0.014 0.228
13701 42 51 4 4 0 2501.76 0.870 0.010 0.225
13702 51 42 4 4 0 2501.76 0.870 0.010 0.225
13703 42 52 4 4 0 1999.13 0.660 0.012 0.174
13704 52 42 4 4 0 1999.13 0.660 0.012 0.174
13705 42 53 4 4 0 2501.76 0.870 0.010 0.225
13706 53 42 4 4 0 2501.76 0.870 0.010 0.225
13707 43 44 4 4 0 1504.29 0.454 0.034 0.139
13708 44 43 4 4 0 1504.29 0.454 0.034 0.139
13709 43 55 4 4 0 2502.00 0.870 0.042 0.249
13710 55 43 4 4 0 2502.00 0.870 0.042 0.249
13711 43 56 4 4 0 1999.12 0.660 0.096 0.237
13712 56 43 4 4 0 1999.12 0.660 0.096 0.237
13713 43 57 4 4 0 2502.00 0.870 0.076 0.275
13714 57 43 4 4 0 2502.00 0.870 0.076 0.275
13715 44 45 4 4 0 1504.29 0.454 0.076 0.171
13716 45 44 4 4 0 1504.29 0.454 0.076 0.171
13717 44 56 4 4 0 2502.00 0.870 0.086 0.282
13718 56 44 4 4 0 2502.00 0.870 0.086 0.282
13719 44 57 4 4 0 1999.12 0.660 0.066 0.215
13720 57 44 4 4 0 1999.12 0.660 0.066 0.215
13721 44 58 4 4 0 2502.00 0.870 0.074 0.273
13722 58 44 4 4 0 2502.00 0.870 0.074 0.273
13723 45 46 4 4 0 1504.29 0.454 0.120 0.204
13724 46 45 4 4 0 1504.29 0.454 0.120 0.204
13725 45 57 4 4 0 2502.00 0.870 0.118 0.306
13726 57 45 4 4 0 2502.00 0.870 0.118 0.306
13727 45 58 4 4 0 1999.12 0.660 0.126 0.260
13728 58 45 4 4 0 1999.12 0.660 0.126 0.260
13729 45 59 4 4 0 2502.00 0.870 0.140 0.323
13730 59 45 4 4 0 2502.00 0.870 0.140 0.323
13731 46 47 4 4 0 1504.29 0.454 0.134 0.214
13732 47 46 4 4 0 1504.29 0.454 0.134 0.214
13733 46 58 4 4 0 2502.00 0.870 0.118 0.306
13734 58 46 4 4 0 2502.00 0.870 0.118 0.306
13735 46 59 4 4 0 1999.12 0.660 0.132 0.264
13736 59 46 4 4 0 1999.12 0.660 0.132 0.264
13737 46 60 4 4 0 2502.00 0.870 0.130 0.315
13738 60 46 4 4 0 2502.00 0.870 0.130 0.315
13739 47 48 4 4 0 1504.29 0.454 0.126 0.208
13740 48 47 4 4 0 1504.29 0.454 0.126 0.208
13741 47 59 4 4 0 2502.00 0.870 0.155 0.333
13742 59 47 4 4 0 2502.00 0.870 0.155 0.333
13743 47 60 4 4 0 1999.12 0.660 0.153 0.279
13744 60 47 4 4 0 1999.12 0.660 0.153 0.279
13745 47 61 4 4 0 2502.00 0.870 0.155 0.333
13746 61 47 4 4 0 2502.00 0.870 0.155 0.333
13747 48 49 4 4 0 1504.29 0.454 0.096 0.186
13748 49 48 4 4 0 1504.29 0.454 0.096 0.186
13749 48 60 4 4 0 2502.00 0.870 0.122 0.309
13750 60 48 4 4 0 2502.00 0.870 0.122 0.309
13751 48 61 4 4 0 1999.12 0.660 0.124 0.258
13752 61 48 4 4 0 1999.12 0.660 0.124 0.258
13753 48 62 4 4 0 2502.00 0.870 0.126 0.312
13754 62 48 4 4 0 2502.00 0.870 0.126 0.312
13755 49 50 4 4 0 1504.29 0.454 0.056 0.156
13756 50 49 4 4 0 1504.29 0.454 0.056 0.156
13757 49 61 4 4 0 2502.00 0.870 0.124 0.311
13758 61 49 4 4 0 2502.00 0.870 0.124 0.311
13759 49 62 4 4 0 1999.12 0.660 0.126 0.260
13760 62 49 4 4 0 1999.12 0.660 0.126 0.260
13761 49 63 4 4 0 2502.00 0.870 0.052 0.257
13762 63 49 4 4 0 2502.00 0.870 0.052 0.257
13763 50 51 4 4 0 1504.29 0.454 0.012 0.123
13764 51 50 4 4 0 1504.29 0.454 0.012 0.123
13765 50 62 4 4 0 2502.00 0.870 0.086 0.282
13766 62 50 4 4 0 2502.00 0.870 0.086 0.282
13767 50 63 4 4 0 1999.12 0.660 0.012 0.174
13768 63 50 4 4 0 1999.12 0.660 0.012 0.174
13769 50 64 4 4 0 2502.00 0.870 0.014 0.228
13770 64 50 4 4 0 2502.00 0.870 0.014 0.228
13771 51 52 4 4 0 1504.29 0.454 0.010 0.121
13772 52 51 4 4 0 1504.29 0.454 0.010 0.121
13773 51 63 4 4 0 2502.00 0.870 0.008 0.224
13774 63 51 4 4 0 2502.00 0.870 0.008 0.224
13775 51 64 4 4 0 1999.12 0.660 0.010 0.173
13776 64 51 4 4 0 1999.12 0.660 0.010 0.173
13777 51 65 4 4 0 2502.00 0.870 0.012 0.227
13778 65 51 4 4 0 2502.00 0.870 0.012 0.227
13779 52 53 4 4 0 1504.29 0.454 0.010 0.121
13780 53 52 4 4 0 1504.29 0.454 0.010 0.121
13781 52 64 4 4 0 2502.00 0.870 0.012 0.227
13782 64 52 4 4 0 2502.00 0.870 0.012 0.227
13783 52 65 4 4 0 1999.12 0.660 0.014 0.176
13784 65 52 4 4 0 1999.12 0.660 0.014 0.176
13785 52 66 4 4 0 2502.00 0.870 0.012 0.227
13786 66 52 4 4 0 2502.00 0.870 0.012 0.227
13787 53 54 4 4 0 1504.29 0.454 0.008 0.120
13788 54 53 4 4 0 1504.29 0.454 0.008 0.120
13789 53 65 4 4 0 2502.00 0.870 0.012 0.227
13790 65 53 4 4 0 2502.00 0.870 0.012 0.227
13791 53 67 4 4 0 2502.00 0.870 0.010 0.225
13792 67 53 4 4 0 2502.00 0.870 0.010 0.225
13793 54 66 4 4 0 2502.00 0.870 0.010 0.225
13794 66 54 4 4 0 2502.00 0.870 0.010 0.225
13795 54 67 4 4 0 1999.12 0.660 0.010 0.173
13796 67 54 4 4 0 1999.12 0.660 0.010 0.173
13797 54 68 4 4 0 2502.00 0.870 0.010 0.225
13798 68 54 4 4 0 2502.00 0.870 0.010 0.225
13799 55 56 4 4 0 1504.71 0.454 0.094 0.184
13800 56 55 4 4 0 1504.71 0.454 0.094 0.184
13801 55 71 4 4 0 1999.11 0.660 0.086 0.230
13802 71 55 4 4 0 1999.11 0.660 0.086 0.230
13803 55 72 4 4 0 2502.25 0.870 0.110 0.300
13804 72 55 4 4 0 2502.25 0.870 0.110 0.300
13805 56 57 4 4 0 1504.71 0.454 0.128 0.210
13806 57 56 4 4 0 1504.71 0.454 0.128 0.210
13807 56 71 4 4 0 2502.25 0.870 0.140 0.323
13808 71 56 4 4 0 2502.25 0.870 0.140 0.323
13809 56 72 4 4 0 1999.11 0.660 0.165 0.288
13810 72 56 4 4 0 1999.11 0.660 0.165 0.288
13811 56 73 4 4 0 2502.25 0.870 0.128 0.314
13812 73 56 4 4 0 2502.25 0.870 0.128 0.314
13813 57 58 4 4 0 1504.71 0.454 0.116 0.201
13814 58 57 4 4 0 1504.71 0.454 0.116 0.201
13815 57 72 4 4 0 2502.25 0.870 0.144 0.326
13816 72 57 4 4 0 2502.25 0.870 0.144 0.326
13817 57 73 4 4 0 1999.11 0.660 0.108 0.246
13818 73 57 4 4 0 1999.11 0.660 0.108 0.246
13819 57 74 4 4 0 2502.25 0.870 0.104 0.296
13820 74 57 4 4 0 2502.25 0.870 0.104 0.296
13821 58 59 4 4 0 1504.71 0.454 0.138 0.217
13822 59 58 4 4 0 1504.71 0.454 0.138 0.217
13823 58 73 4 4 0 2502.25 0.870 0.116 0.305
13824 73 58 4 4 0 2502.25 0.870 0.116 0.305
13825 58 74 4 4 0 1999.11 0.660 0.112 0.249
13826 74 58 4 4 0 1999.11 0.660 0.112 0.249
13827 58 75 4 4 0 2502.25 0.870 0.112 0.302
13828 75 58 4 4 0 2502.25 0.870 0.112 0.302
13829 59 60 4 4 0 1504.71 0.454 0.150 0.226
13830 60 59 4 4 0 1504.71 0.454 0.150 0.226
13831 59 74 4 4 0 2502.25 0.870 0.126 0.312
13832 74 59 4 4 0 2502.25 0.870 0.126 0.312
13833 59 75 4 4 0 1999.11 0.660 0.126 0.260
13834 75 59 4 4 0 1999.11 0.660 0.126 0.260
13835 59 76 4 4 0 2502.25 0.870 0.142 0.324
13836 76 59 4 4 0 2502.25 0.870 0.142 0.324
13837 60 61 4 4 0 1504.71 0.454 0.150 0.226
13838 61 60 4 4 0 1504.71 0.454 0.150 0.226
13839 60 75 4 4 0 2502.25 0.870 0.124 0.311
13840 75 60 4 4 0 2502.25 0.870 0.124 0.311
13841 60 76 4 4 0 1999.11 0.660 0.140 0.270
13842 76 60 4 4 0 1999.11 0.660 0.140 0.270
13843 60 77 4 4 0 2502.25 0.870 0.157 0.335
13844 77 60 4 4 0 2502.25 0.870 0.157 0.335
13845 61 62 4 4 0 1504.71 0.454 0.155 0.229
13846 62 61 4 4 0 1504.71 0.454 0.155 0.229
13847 61 76 4 4 0 2502.25 0.870 0.142 0.324
13848 76 61 4 4 0 2502.25 0.870 0.142 0.324
13849 61 77 4 4 0 1999.11 0.660 0.159 0.284
13850 77 61 4 4 0 1999.11 0.660 0.159 0.284
13851 61 78 4 4 0 2502.25 0.870 0.136 0.320
13852 78 61 4 4 0 2502.25 0.870 0.136 0.320
13853 62 63 4 4 0 1504.71 0.454 0.082 0.175
13854 63 62 4 4 0 1504.71 0.454 0.082 0.175
13855 62 77 4 4 0 2502.25 0.870 0.161 0.338
13856 77 62 4 4 0 2502.25 0.870 0.161 0.338
13857 62 78 4 4 0 1999.11 0.660 0.138 0.269
13858 78 62 4 4 0 1999.11 0.660 0.138 0.269
13859 62 79 4 4 0 2502.25 0.870 0.086 0.282
13860 79 62 4 4 0 2502.25 0.870 0.086 0.282
13861 63 64 4 4 0 1504.71 0.454 0.010 0.121
13862 64 63 4 4 0 1504.71 0.454 0.010 0.121
13863 63 78 4 4 0 2502.25 0.870 0.064 0.266
13864 78 63 4 4 0 2502.25 0.870 0.064 0.266
13865 63 79 4 4 0 1999.11 0.660 0.012 0.174
13866 79 63 4 4 0 1999.11 0.660 0.012 0.174
13867 63 80 4 4 0 2502.25 0.870 0.008 0.224
13868 80 63 4 4 0 2502.25 0.870 0.008 0.224
13869 64 65 4 4 0 1504.71 0.454 0.014 0.124
13870 65 64 4 4 0 1504.71 0.454 0.014 0.124
13871 64 79 4 4 0 2502.25 0.870 0.014 0.228
13872 79 64 4 4 0 2502.25 0.870 0.014 0.228
13873 64 80 4 4 0 1999.11 0.660 0.010 0.173
13874 80 64 4 4 0 1999.11 0.660 0.010 0.173
13875 64 81 4 4 0 2502.25 0.870 0.012 0.227
13876 81 64 4 4 0 2502.25 0.870 0.012 0.227
13877 65 66 4 4 0 1504.71 0.454 0.014 0.124
13878 66 65 4 4 0 1504.71 0.454 0.014 0.124
13879 65 80 4 4 0 2502.25 0.870 0.012 0.227
13880 80 65 4 4 0 2502.25 0.870 0.012 0.227
13881 65 81 4 4 0 1999.11 0.660 0.014 0.176
13882 81 65 4 4 0 1999.11 0.660 0.014 0.176
13883 65 82 4 4 0 2502.25 0.870 0.012 0.227
13884 82 65 4 4 0 2502.25 0.870 0.012 0.227
13885 66 67 4 4 0 1504.71 0.454 0.012 0.123
13886 67 66 4 4 0 1504.71 0.454 0.012 0.123
13887 66 81 4 4 0 2502.25 0.870 0.012 0.227
13888 81 66 4 4 0 2502.25 0.870 0.012 0.227
13889 66 82 4 4 0 1999.11 0.660 0.010 0.173
13890 82 66 4 4 0 1999.11 0.660 0.010 0.173
13891 66 83 4 4 0 2502.25 0.870 0.012 0.227
13892 83 66 4 4 0 2502.25 0.870 0.012 0.227
13893 67 68 4 4 0 1504.71 0.454 0.012 0.123
13894 68 67 4 4 0 1504.71 0.454 0.012 0.123
13895 67 82 4 4 0 2502.25 0.870 0.010 0.225
13896 82 67 4 4 0 2502.25 0.870 0.010 0.225
13897 67 83 4 4 0 1999.11 0.660 0.012 0.174
13898 83 67 4 4 0 1999.11 0.660 0.012 0.174
13899 67 84 4 4 0 2502.25 0.870 0.010 0.225
13900 84 67 4 4 0 2502.25 0.870 0.010 0.225
13901 68 69 4 4 0 1504.71 0.454 0.010 0.121
13902 69 68 4 4 0 1504.71 0.454 0.010 0.121
13903 68 83 4 4 0 2502.25 0.870 0.012 0.227
13904 83 68 4 4 0 2502.25 0.870 0.012 0.227
13905 68 84 4 4 0 1999.11 0.660 0.010 0.173
13906 84 68 4 4 0 1999.11 0.660 0.010 0.173
13907 68 85 4 4 0 2502.25 0.870 0.014 0.228
13908 85 68 4 4 0 2502.25 0.870 0.014 0.228
13909 69 70 4 4 0 1504.71 0.454 0.010 0.121
13910 70 69 4 4 0 1504.71 0.454 0.010 0.121
13911 69 84 4 4 0 2502.25 0.870 0.008 0.224
13912 84 69 4 4 0 2502.25 0.870 0.008 0.224
13913 69 85 4 4 0 1999.11 0.660 0.012 0.174
13914 85 69 4 4 0 1999.11 0.660 0.012 0.174
13915 69 86 4 4 0 2502.25 0.870 0.010 0.225
13916 86 69 4 4 0 2502.25 0.870 0.010 0.225
13917 70 85 4 4 0 2502.25 0.870 0.014 0.228
13918 85 70 4 4 0 2502.25 0.870 0.014 0.228
13919 70 86 4 4 0 1999.11 0.660 0.012 0.174
13920 86 70 4 4 0 1999.11 0.660 0.012 0.174
13921 70 87 4 4 0 2502.25 0.870 0.012 0.227
13922 87 70 4 4 0 2502.25 0.870 0.012 0.227
13923 71 72 4 4 0 1505.13 0.454 0.157 0.231
13924 72 71 4 4 0 1505.13 0.454 0.157 0.231
13925 71 89 4 4 0 2502.49 0.870 0.146 0.327
13926 89 71 4 4 0 2502.49 0.870 0.146 0.327
13927 71 90 4 4 0 1999.11 0.660 0.157 0.282
13928 90 71 4 4 0 1999.11 0.660 0.157 0.282
13929 71 91 4 4 0 2502.49 0.870 0.130 0.315
13930 91 71 4 4 0 2502.49 0.870 0.130 0.315
13931 72 73 4 4 0 1505.13 0.454 0.144 0.222
13932 73 72 4 4 0 1505.13 0.454 0.144 0.222
13933 72 90 4 4 0 2502.49 0.870 0.181 0.353
13934 90 72 4 4 0 2502.49 0.870 0.181 0.353
13935 72 91 4 4 0 1999.11 0.660 0.155 0.281
13936 91 72 4 4 0 1999.11 0.660 0.155 0.281
13937 72 92 4 4 0 2502.49 0.870 0.163 0.339
13938 92 72 4 4 0 2502.49 0.870 0.163 0.339
13939 73 74 4 4 0 1505.13 0.454 0.104 0.192
13940 74 73 4 4 0 1505.13 0.454 0.104 0.192
13941 73 91 4 4 0 2502.49 0.870 0.118 0.306
13942 91 73 4 4 0 2502.49 0.870 0.118 0.306
13943 73 92 4 4 0 1999.11 0.660 0.126 0.260
13944 92 73 4 4 0 1999.11 0.660 0.126 0.260
13945 73 93 4 4 0 2502.49 0.870 0.102 0.294
13946 93 73 4 4 0 2502.49 0.870 0.102 0.294
13947 74 75 4 4 0 1505.13 0.454 0.100 0.189
13948 75 74 4 4 0 1505.13 0.454 0.100 0.189
13949 74 92 4 4 0 2502.49 0.870 0.122 0.309
13950 92 74 4 4 0 2502.49 0.870 0.122 0.309
13951 74 93 4 4 0 1999.11 0.660 0.098 0.239
13952 93 74 4 4 0 1999.11 0.660 0.098 0.239
13953 74 94 4 4 0 2502.49 0.870 0.128 0.314
13954 94 74 4 4 0 2502.49 0.870 0.128 0.314
13955 75 76 4 4 0 1505.13 0.454 0.116 0.201
13956 76 75 4 4 0 1505.13 0.454 0.116 0.201
13957 75 93 4 4 0 2502.49 0.870 0.098 0.291
13958 93 75 4 4 0 2502.49 0.870 0.098 0.291
13959 75 94 4 4 0 1999.11 0.660 0.128 0.261
13960 94 75 4 4 0 1999.11 0.660 0.128 0.261
13961 75 95 4 4 0 2502.49 0.870 0.122 0.309
13962 95 75 4 4 0 2502.49 0.870 0.122 0.309
13963 76 77 4 4 0 1505.13 0.454 0.148 0.225
13964 77 76 4 4 0 1505.13 0.454 0.148 0.225
13965 76 94 4 4 0 2502.49 0.870 0.144 0.326
13966 94 76 4 4 0 2502.49 0.870 0.144 0.326
13967 76 95 4 4 0 1999.11 0.660 0.138 0.269
13968 95 76 4 4 0 1999.11 0.660 0.138 0.269
13969 76 96 4 4 0 2502.49 0.870 0.130 0.315
13970 96 76 4 4 0 2502.49 0.870 0.130 0.315
13971 77 78 4 4 0 1505.13 0.454 0.142 0.220
13972 78 77 4 4 0 1505.13 0.454 0.142 0.220
13973 77 95 4 4 0 2502.49 0.870 0.155 0.333
13974 95 77 4 4 0 2502.49 0.870 0.155 0.333
13975 77 96 4 4 0 1999.11 0.660 0.146 0.275
13976 96 77 4 4 0 1999.11 0.660 0.146 0.275
13977 77 97 4 4 0 2502.49 0.870 0.136 0.320
13978 97 77 4 4 0 2502.49 0.870 0.136 0.320
13979 78 79 4 4 0 1505.13 0.454 0.068 0.165
13980 79 78 4 4 0 1505.13 0.454 0.068 0.165
13981 78 96 4 4 0 2502.49 0.870 0.124 0.311
13982 96 78 4 4 0 2502.49 0.870 0.124 0.311
13983 78 97 4 4 0 1999.11 0.660 0.114 0.251
13984 97 78 4 4 0 1999.11 0.660 0.114 0.251
13985 78 98 4 4 0 2502.49 0.870 0.066 0.267
13986 98 78 4 4 0 2502.49 0.870 0.066 0.267
13987 79 80 4 4 0 1505.13 0.454 0.012 0.123
13988 80 79 4 4 0 1505.13 0.454 0.012 0.123
13989 79 97 4 4 0 2502.49 0.870 0.062 0.264
13990 97 79 4 4 0 2502.49 0.870 0.062 0.264
13991 79 98 4 4 0 1999.11 0.660 0.014 0.176
13992 98 79 4 4 0 1999.11 0.660 0.014 0.176
13993 79 99 4 4 0 2502.49 0.870 0.012 0.227
13994 99 79 4 4 0 2502.49 0.870 0.012 0.227
13995 80 81 4 4 0 1505.13 0.454 0.010 0.121
13996 81 80 4 4 0 1505.13 0.454 0.010 0.121
13997 80 98 4 4 0 2502.49 0.870 0.010 0.225
13998 98 80 4 4 0 2502.49 0.870 0.010 0.225
13999 80 99 4 4 0 1999.11 0.660 0.008 0.171
14000 99 80 4 4 0 1999.11 0.660 0.008 0.171
14001 80 100 4 4 0 2502.49 0.870 0.010 0.225
14002 100 80 4 4 0 2502.49 0.870 0.010 0.225
14003 81 82 4 4 0 1505.13 0.454 0.010 0.121
14004 82 81 4 4 0 1505.13 0.454 0.010 0.121
14005 81 99 4 4 0 2502.49 0.870 0.010 0.225
14006 99 81 4 4 0 2502.49 0.870 0.010 0.225
14007 81 100 4 4 0 1999.11 0.660 0.012 0.174
14008 100 81 4 4 0 1999.11 0.660 0.012 0.174
14009 81 101 4 4 0 2502.49 0.870 0.014 0.228
14010 101 81 4 4 0 2502.49 0.870 0.014 0.228
14011 82 83 4 4 0 1505.13 0.454 0.010 0.121
14012 83 82 4 4 0 1505.13 0.454 0.010 0.121
14013 82 100 4 4 0 2502.49 0.870 0.010 0.225
14014 100 82 4 4 0 2502.49 0.870 0.010 0.225
14015 82 101 4 4 0 1999.11 0.660 0.012 0.174
14016 101 82 4 4 0 1999.11 0.660 0.012 0.174
14017 82 102 4 4 0 2502.49 0.870 0.010 0.225
14018 102 82 4 4 0 2502.49 0.870 0.010 0.225
14019 83 84 4 4 0 1505.13 0.454 0.010 0.121
14020 84 83 4 4 0 1505.13 0.454 0.010 0.121
14021 83 101 4 4 0 2502.49 0.870 0.014 0.228
14022 101 83 4 4 0 2502.49 0.870 0.014 0.228
14023 83 102 4 4 0 1999.11 0.660 0.012 0.174
14024 102 83 4 4 0 1999.11 0.660 0.012 0.174
14025 83 103 4 4 0 2502.49 0.870 0.012 0.227
14026 103 83 4 4 0 2502.49 0.870 0.012 0.227
14027 84 85 4 4 0 1505.13 0.454 0.012 0.123
14028 85 84 4 4 0 1505.13 0.454 0.012 0.123
14029 84 102 4 4 0 2502.49 0.870 0.010 0.225
14030 102 84 4 4 0 2502.49 0.870 0.010 0.225
14031 84 103 4 4 0 1999.11 0.660 0.010 0.173
14032 103 84 4 4 0 1999.11 0.660 0.010 0.173
14033 84 104 4 4 0 2502.49 0.870 0.008 0.224
14034 104 84 4 4 0 2502.49 0.870 0.008 0.224
14035 85 86 4 4 0 1505.13 0.454 0.014 0.124
14036 86 85 4 4 0 1505.13 0.454 0.014 0.124
14037 85 103 4 4 0 2502.49 0.870 0.014 0.228
14038 103 85 4 4 0 2502.49 0.870 0.014 0.228
14039 85 104 4 4 0 1999.11 0.660 0.012 0.174
14040 104 85 4 4 0 1999.11 0.660 0.012 0.174
14041 85 105 4 4 0 2502.49 0.870 0.014 0.228
14042 105 85 4 4 0 2502.49 0.870 0.014 0.228
14043 86 87 4 4 0 1505.13 0.454 0.012 0.123
14044 87 86 4 4 0 1505.13 0.454 0.012 0.123
14045 86 104 4 4 0 2502.49 0.870 0.010 0.225
14046 104 86 4 4 0 2502.49 0.870 0.010 0.225
14047 86 105 4 4 0 1999.11 0.660 0.012 0.174
14048 105 86 4 4 0 1999.11 0.660 0.012 0.174
14049 86 106 4 4 0 2502.49 0.870 0.014 0.228
14050 106 86 4 4 0 2502.49 0.870 0.014 0.228
14051 87 88 4 4 0 1505.13 0.454 0.010 0.121
14052 88 87 4 4 0 1505.13 0.454 0.010 0.121
14053 87 105 4 4 0 2502.49 0.870 0.012 0.227
14054 105 87 4 4 0 2502.49 0.870 0.012 0.227
14055 87 106 4 4 0 1999.11 0.660 0.014 0.176
14056 106 87 4 4 0 1999.11 0.660 0.014 0.176
14057 87 107 4 4 0 2502.49 0.870 0.012 0.227
14058 107 87 4 4 0 2502.49 0.870 0.012 0.227
14059 88 106 4 4 0 2502.49 0.870 0.012 0.227
14060 106 88 4 4 0 2502.49 0.870 0.012 0.227
14061 88 107 4 4 0 1999.11 0.660 0.010 0.173
14062 107 88 4 4 0 1999.11 0.660 0.010 0.173
14063 89 90 4 4 0 1505.54 0.454 0.171 0.242
14064 90 89 4 4 0 1505.54 0.454 0.171 0.242
14065 89 110 4 4 0 1999.10 0.660 0.153 0.279
14066 110 89 4 4 0 1999.10 0.660 0.153 0.279
14067 89 111 4 4 0 2502.74 0.870 0.146 0.327
14068 111 89 4 4 0 2502.74 0.870 0.146 0.327
14069 90 91 4 4 0 1505.54 0.454 0.155 0.230
14070 91 90 4 4 0 1505.54 0.454 0.155 0.230
14071 90 110 4 4 0 2502.74 0.870 0.163 0.340
14072 110 90 4 4 0 2502.74 0.870 0.163 0.340
14073 90 111 4 4 0 1999.10 0.660 0.157 0.282
14074 111 90 4 4 0 1999.10 0.660 0.157 0.282
14075 90 112 4 4 0 2502.74 0.870 0.171 0.346
14076 112 90 4 4 0 2502.74 0.870 0.171 0.346
14077 91 92 4 4 0 1505.54 0.454 0.136 0.216
14078 92 91 4 4 0 1505.54 0.454 0.136 0.216
14079 91 111 4 4 0 2502.74 0.870 0.130 0.315
14080 111 91 4 4 0 2502.74 0.870 0.130 0.315
14081 91 112 4 4 0 1999.10 0.660 0.144 0.273
14082 112 91 4 4 0 1999.10 0.660 0.144 0.273
14083 91 113 4 4 0 2502.74 0.870 0.132 0.317
14084 113 91 4 4 0 2502.74 0.870 0.132 0.317
14085 92 93 4 4 0 1505.54 0.454 0.120 0.204
14086 93 92 4 4 0 1505.54 0.454 0.120 0.204
14087 92 112 4 4 0 2502.74 0.870 0.153 0.332
14088 112 92 4 4 0 2502.74 0.870 0.153 0.332
14089 92 113 4 4 0 1999.10 0.660 0.140 0.270
14090 113 92 4 4 0 1999.10 0.660 0.140 0.270
14091 92 114 4 4 0 2502.74 0.870 0.130 0.315
14092 114 92 4 4 0 2502.74 0.870 0.130 0.315
14093 93 94 4 4 0 1505.54 0.454 0.126 0.208
14094 94 93 4 4 0 1505.54 0.454 0.126 0.208
14095 93 113 4 4 0 2502.74 0.870 0.116 0.305
14096 113 93 4 4 0 2502.74 0.870 0.116 0.305
14097 93 114 4 4 0 1999.10 0.660 0.106 0.245
14098 114 93 4 4 0 1999.10 0.660 0.106 0.245
14099 93 115 4 4 0 2502.74 0.870 0.094 0.288
14100 115 93 4 4 0 2502.74 0.870 0.094 0.288
14101 94 95 4 4 0 1505.54 0.454 0.150 0.226
14102 95 94 4 4 0 1505.54 0.454 0.150 0.226
14103 94 115 4 4 0 1999.10 0.660 0.124 0.258
14104 115 94 4 4 0 1999.10 0.660 0.124 0.258
14105 94 116 4 4 0 2502.74 0.870 0.132 0.317
14106 116 94 4 4 0 2502.74 0.870 0.132 0.317
14107 95 96 4 4 0 1505.54 0.454 0.136 0.216
14108 96 95 4 4 0 1505.54 0.454 0.136 0.216
14109 95 115 4 4 0 2502.74 0.870 0.118 0.306
14110 115 95 4 4 0 2502.74 0.870 0.118 0.306
14111 95 116 4 4 0 1999.10 0.660 0.126 0.260
14112 116 95 4 4 0 1999.10 0.660 0.126 0.260
14113 95 117 4 4 0 2502.74 0.870 0.126 0.312
14114 117 95 4 4 0 2502.74 0.870 0.126 0.312
14115 96 97 4 4 0 1505.54 0.454 0.118 0.202
14116 97 96 4 4 0 1505.54 0.454 0.118 0.202
14117 96 116 4 4 0 2502.74 0.870 0.118 0.306
14118 116 96 4 4 0 2502.74 0.870 0.118 0.306
14119 96 117 4 4 0 1999.10 0.660 0.118 0.254
14120 117 96 4 4 0 1999.10 0.660 0.118 0.254
14121 96 118 4 4 0 2502.74 0.870 0.142 0.324
14122 118 96 4 4 0 2502.74 0.870 0.142 0.324
14123 97 98 4 4 0 1505.54 0.454 0.060 0.159
14124 98 97 4 4 0 1505.54 0.454 0.060 0.159
14125 97 117 4 4 0 2502.74 0.870 0.108 0.299
14126 117 97 4 4 0 2502.74 0.870 0.108 0.299
14127 97 118 4 4 0 1999.10 0.660 0.132 0.264
14128 118 97 4 4 0 1999.10 0.660 0.132 0.264
14129 97 119 4 4 0 2502.74 0.870 0.062 0.264
14130 119 97 4 4 0 2502.74 0.870 0.062 0.264
14131 98 99 4 4 0 1505.54 0.454 0.010 0.121
14132 99 98 4 4 0 1505.54 0.454 0.010 0.121
14133 98 118 4 4 0 2502.74 0.870 0.084 0.281
14134 118 98 4 4 0 2502.74 0.870 0.084 0.281
14135 98 119 4 4 0 1999.10 0.660 0.014 0.176
14136 119 98 4 4 0 1999.10 0.660 0.014 0.176
14137 98 120 4 4 0 2502.74 0.870 0.010 0.225
14138 120 98 4 4 0 2502.74 0.870 0.010 0.225
14139 99 100 4 4 0 1505.54 0.454 0.010 0.121
14140 100 99 4 4 0 1505.54 0.454 0.010 0.121
14141 99 119 4 4 0 2502.74 0.870 0.012 0.227
14142 119 99 4 4 0 2502.74 0.870 0.012 0.227
14143 99 120 4 4 0 1999.10 0.660 0.008 0.171
14144 120 99 4 4 0 1999.10 0.660 0.008 0.171
14145 99 121 4 4 0 2502.74 0.870 0.010 0.225
14146 121 99 4 4 0 2502.74 0.870 0.010 0.225
14147 100 101 4 4 0 1505.54 0.454 0.014 0.124
14148 101 100 4 4 0 1505.54 0.454 0.014 0.124
14149 100 120 4 4 0 2502.74 0.870 0.010 0.225
14150 120 100 4 4 0 2502.74 0.870 0.010 0.225
14151 100 121 4 4 0 1999.10 0.660 0.012 0.174
14152 121 100 4 4 0 1999.10 0.660 0.012 0.174
14153 100 122 4 4 0 2502.74 0.870 0.010 0.225
14154 122 100 4 4 0 2502.74 0.870 0.010 0.225
14155 101 102 4 4 0 1505.54 0.454 0.014 0.124
14156 102 101 4 4 0 1505.54 0.454 0.014 0.124
14157 101 121 4 4 0 2502.74 0.870 0.014 0.228
14158 121 101 4 4 0 2502.74 0.870 0.014 0.228
14159 101 122 4 4 0 1999.10 0.660 0.012 0.174
14160 122 101 4 4 0 1999.10 0.660 0.012 0.174
14161 101 123 4 4 0 2502.74 0.870 0.012 0.227
14162 123 101 4 4 0 2502.74 0.870 0.012 0.227
14163 102 103 4 4 0 1505.54 0.454 0.012 0.123
14164 103 102 4 4 0 1505.54 0.454 0.012 0.123
14165 102 122 4 4 0 2502.74 0.870 0.010 0.225
14166 122 102 4 4 0 2502.74 0.870 0.010 0.225
14167 102 123 4 4 0 1999.10 0.660 0.010 0.173
14168 123 102 4 4 0 1999.10 0.660 0.010 0.173
14169 102 124 4 4 0 2502.74 0.870 0.012 0.227
14170 124 102 4 4 0 2502.74 0.870 0.012 0.227
14171 103 104 4 4 0 1505.54 0.454 0.010 0.121
14172 104 103 4 4 0 1505.54 0.454 0.010 0.121
14173 103 123 4 4 0 2502.74 0.870 0.010 0.225
14174 123 103 4 4 0 2502.74 0.870 0.010 0.225
14175 103 124 4 4 0 1999.10 0.660 0.012 0.174
14176 124 103 4 4 0 1999.10 0.660 0.012 0.174
14177 103 125 4 4 0 2502.74 0.870 0.012 0.227
14178 125 103 4 4 0 2502.74 0.870 0.012 0.227
14179 104 105 4 4 0 1505.54 0.454 0.010 0.121
14180 105 104 4 4 0 1505.54 0.454 0.010 0.121
14181 104 124 4 4 0 2502.74 0.870 0.010 0.225
14182 124 104 4 4 0 2502.74 0.870 0.010 0.225
14183 104 125 4 4 0 1999.10 0.660 0.010 0.173
14184 125 104 4 4 0 1999.10 0.660 0.010 0.173
14185 104 126 4 4 0 2502.74 0.870 0.010 0.225
14186 126 104 4 4 0 2502.74 0.870 0.010 0.225
14187 105 106 4 4 0 1505.54 0.454 0.014 0.124
14188 106 105 4 4 0 1505.54 0.454 0.014 0.124
14189 105 125 4 4 0 2502.74 0.870 0.012 0.227
14190 125 105 4 4 0 2502.74 0.870 0.012 0.227
14191 105 126 4 4 0 1999.10 0.660 0.012 0.174
14192 126 105 4 4 0 1999.10 0.660 0.012 0.174
14193 105 127 4 4 0 2502.74 0.870 0.010 0.225
14194 127 105 4 4 0 2502.74 0.870 0.010 0.225
14195 106 107 4 4 0 1505.54 0.454 0.014 0.124
14196 107 106 4 4 0 1505.54 0.454 0.014 0.124
14197 106 126 4 4 0 2502.74 0.870 0.014 0.228
14198 126 106 4 4 0 2502.74 0.870 0.014 0.228
14199 106 127 4 4 0 1999.10 0.660 0.012 0.174
14200 127 106 4 4 0 1999.10 0.660 0.012 0.174
14201 106 128 4 4 0 2502.74 0.870 0.014 0.228
14202 128 106 4 4 0 2502.74 0.870 0.014 0.228
14203 107 108 4 4 0 1505.54 0.454 0.014 0.124
14204 108 107 4 4 0 1505.54 0.454 0.014 0.124
14205 107 127 4 4 0 2502.74 0.870 0.010 0.225
14206 127 107 4 4 0 2502.74 0.870 0.010 0.225
14207 107 128 4 4 0 1999.10 0.660 0.012 0.174
14208 128 107 4 4 0 1999.10 0.660 0.012 0.174
14209 107 129 4 4 0 2502.74 0.870 0.012 0.227
14210 129 107 4 4 0 2502.74 0.870 0.012 0.227
14211 108 109 4 4 0 1505.54 0.454 0.014 0.124
14212 109 108 4 4 0 1505.54 0.454 0.014 0.124
14213 108 129 4 4 0 1999.10 0.660 0.014 0.176
14214 129 108 4 4 0 1999.10 0.660 0.014 0.176
14215 108 130 4 4 0 2502.74 0.870 0.012 0.227
14216 130 108 4 4 0 2502.74 0.870 0.012 0.227
14217 109 129 4 4 0 2502.74 0.870 0.012 0.227
14218 129 109 4 4 0 2502.74 0.870 0.012 0.227
14219 109 130 4 4 0 1999.10 0.660 0.010 0.173
14220 130 109 4 4 0 1999.10 0.660 0.010 0.173
14221 109 131 4 4 0 2502.74 0.870 0.012 0.227
14222 131 109 4 4 0 2502.74 0.870 0.012 0.227
14223 110 111 4 4 0 1505.96 0.455 0.138 0.218
14224 111 110 4 4 0 1505.96 0.455 0.138 0.218
14225 110 133 4 4 0 2502.98 0.870 0.120 0.308
14226 133 110 4 4 0 2502.98 0.870 0.120 0.308
14227 110 134 4 4 0 1999.10 0.660 0.132 0.264
14228 134 110 4 4 0 1999.10 0.660 0.132 0.264
14229 110 135 4 4 0 2502.98 0.870 0.136 0.320
14230 135 110 4 4 0 2502.98 0.870 0.136 0.320
14231 111 112 4 4 0 1505.96 0.455 0.146 0.224
14232 112 111 4 4 0 1505.96 0.455 0.146 0.224
14233 111 134 4 4 0 2502.98 0.870 0.126 0.312
14234 134 111 4 4 0 2502.98 0.870 0.126 0.312
14235 111 135 4 4 0 1999.10 0.660 0.130 0.263
14236 135 111 4 4 0 1999.10 0.660 0.130 0.263
14237 111 136 4 4 0 2502.98 0.870 0.128 0.314
14238 136 111 4 4 0 2502.98 0.870 0.128 0.314
14239 112 113 4 4 0 1505.96 0.455 0.148 0.225
14240 113 112 4 4 0 1505.96 0.455 0.148 0.225
14241 112 135 4 4 0 2502.98 0.870 0.144 0.326
14242 135 112 4 4 0 2502.98 0.870 0.144 0.326
14243 112 136 4 4 0 1999.10 0.660 0.142 0.272
14244 136 112 4 4 0 1999.10 0.660 0.142 0.272
14245 112 137 4 4 0 2502.98 0.870 0.142 0.324
14246 137 112 4 4 0 2502.98 0.870 0.142 0.324
14247 113 114 4 4 0 1505.96 0.455 0.126 0.208
14248 114 113 4 4 0 1505.96 0.455 0.126 0.208
14249 113 136 4 4 0 2502.98 0.870 0.130 0.315
14250 136 113 4 4 0 2502.98 0.870 0.130 0.315
14251 113 137 4 4 0 1999.10 0.660 0.130 0.263
14252 137 113 4 4 0 1999.10 0.660 0.130 0.263
14253 113 138 4 4 0 2502.98 0.870 0.122 0.309
14254 138 113 4 4 0 2502.98 0.870 0.122 0.309
14255 114 115 4 4 0 1505.96 0.455 0.104 0.192
14256 115 114 4 4 0 1505.96 0.455 0.104 0.192
14257 114 137 4 4 0 2502.98 0.870 0.120 0.308
14258 137 114 4 4 0 2502.98 0.870 0.120 0.308
14259 114 138 4 4 0 1999.10 0.660 0.112 0.249
14260 138 114 4 4 0 1999.10 0.660 0.112 0.249
14261 114 139 4 4 0 2502.98 0.870 0.138 0.321
14262 139 114 4 4 0 2502.98 0.870 0.138 0.321
14263 115 116 4 4 0 1505.96 0.455 0.100 0.189
14264 116 115 4 4 0 1505.96 0.455 0.100 0.189
14265 115 138 4 4 0 2502.98 0.870 0.100 0.293
14266 138 115 4 4 0 2502.98 0.870 0.100 0.293
14267 115 139 4 4 0 1999.10 0.660 0.126 0.260
14268 139 115 4 4 0 1999.10 0.660 0.126 0.260
14269 115 140 4 4 0 2502.98 0.870 0.116 0.305
14270 140 115 4 4 0 2502.98 0.870 0.116 0.305
14271 116 117 4 4 0 1505.96 0.455 0.108 0.195
14272 117 116 4 4 0 1505.96 0.455 0.108 0.195
14273 116 140 4 4 0 1999.10 0.660 0.124 0.258
14274 140 116 4 4 0 1999.10 0.660 0.124 0.258
14275 116 141 4 4 0 2502.98 0.870 0.104 0.296
14276 141 116 4 4 0 2502.98 0.870 0.104 0.296
14277 117 118 4 4 0 1505.96 0.455 0.132 0.213
14278 118 117 4 4 0 1505.96 0.455 0.132 0.213
14279 117 140 4 4 0 2502.98 0.870 0.124 0.311
14280 140 117 4 4 0 2502.98 0.870 0.124 0.311
14281 117 141 4 4 0 1999.10 0.660 0.104 0.243
14282 141 117 4 4 0 1999.10 0.660 0.104 0.243
14283 117 142 4 4 0 2502.98 0.870 0.062 0.264
14284 142 117 4 4 0 2502.98 0.870 0.062 0.264
14285 118 119 4 4 0 1505.96 0.455 0.086 0.178
14286 119 118 4 4 0 1505.96 0.455 0.086 0.178
14287 118 141 4 4 0 2502.98 0.870 0.128 0.314
14288 141 118 4 4 0 2502.98 0.870 0.128 0.314
14289 118 142 4 4 0 1999.10 0.660 0.086 0.230
14290 142 118 4 4 0 1999.10 0.660 0.086 0.230
14291 118 143 4 4 0 2502.98 0.870 0.086 0.282
14292 143 118 4 4 0 2502.98 0.870 0.086 0.282
14293 119 120 4 4 0 1505.96 0.455 0.012 0.123
14294 120 119 4 4 0 1505.96 0.455 0.012 0.123
14295 119 142 4 4 0 2502.98 0.870 0.016 0.230
14296 142 119 4 4 0 2502.98 0.870 0.016 0.230
14297 119 143 4 4 0 1999.10 0.660 0.016 0.177
14298 143 119 4 4 0 1999.10 0.660 0.016 0.177
14299 119 144 4 4 0 2502.98 0.870 0.014 0.228
14300 144 119 4 4 0 2502.98 0.870 0.014 0.228
14301 120 121 4 4 0 1505.96 0.455 0.010 0.121
14302 121 120 4 4 0 1505.96 0.455 0.010 0.121
14303 120 143 4 4 0 2502.98 0.870 0.012 0.227
14304 143 120 4 4 0 2502.98 0.870 0.012 0.227
14305 120 144 4 4 0 1999.10 0.660 0.010 0.173
14306 144 120 4 4 0 1999.10 0.660 0.010 0.173
14307 120 145 4 4 0 2502.98 0.870 0.010 0.225
14308 145 120 4 4 0 2502.98 0.870 0.010 0.225
14309 121 122 4 4 0 1505.96 0.455 0.010 0.121
14310 122 121 4 4 0 1505.96 0.455 0.010 0.121
14311 121 144 4 4 0 2502.98 0.870 0.012 0.227
14312 144 121 4 4 0 2502.98 0.870 0.012 0.227
14313 121 145 4 4 0 1999.10 0.660 0.012 0.174
14314 145 121 4 4 0 1999.10 0.660 0.012 0.174
14315 121 146 4 4 0 2502.98 0.870 0.014 0.228
14316 146 121 4 4 0 2502.98 0.870 0.014 0.228
14317 122 123 4 4 0 1505.96 0.455 0.008 0.120
14318 123 122 4 4 0 1505.96 0.455 0.008 0.120
14319 122 145 4 4 0 2502.98 0.870 0.010 0.225
14320 145 122 4 4 0 2502.98 0.870 0.010 0.225
14321 122 146 4 4 0 1999.10 0.660 0.012 0.174
14322 146 122 4 4 0 1999.10 0.660 0.012 0.174
14323 122 147 4 4 0 2502.98 0.870 0.012 0.227
14324 147 122 4 4 0 2502.98 0.870 0.012 0.227
14325 123 124 4 4 0 1505.96 0.455 0.010 0.121
14326 124 123 4 4 0 1505.96 0.455 0.010 0.121
14327 123 146 4 4 0 2502.98 0.870 0.012 0.227
14328 146 123 4 4 0 2502.98 0.870 0.012 0.227
14329 123 147 4 4 0 1999.10 0.660 0.012 0.174
14330 147 123 4 4 0 1999.10 0.660 0.012 0.174
14331 123 148 4 4 0 2502.98 0.870 0.010 0.225
14332 148 123 4 4 0 2502.98 0.870 0.010 0.225
14333 124 125 4 4 0 1505.96 0.455 0.012 0.123
14334 125 124 4 4 0 1505.96 0.455 0.012 0.123
14335 124 147 4 4 0 2502.98 0.870 0.014 0.228
14336 147 124 4 4 0 2502.98 0.870 0.014 0.228
14337 124 148 4 4 0 1999.10 0.660 0.012 0.174
14338 148 124 4 4 0 1999.10 0.660 0.012 0.174
14339 124 149 4 4 0 2502.98 0.870 0.012 0.227
14340 149 124 4 4 0 2502.98 0.870 0.012 0.227
14341 125 126 4 4 0 1505.96 0.455 0.012 0.123
14342 126 125 4 4 0 1505.96 0.455 0.012 0.123
14343 125 148 4 4 0 2502.98 0.870 0.012 0.227
14344 148 125 4 4 0 2502.98 0.870 0.012 0.227
14345 125 149 4 4 0 1999.10 0.660 0.012 0.174
14346 149 125 4 4 0 1999.10 0.660 0.012 0.174
14347 125 150 4 4 0 2502.98 0.870 0.012 0.227
14348 150 125 4 4 0 2502.98 0.870 0.012 0.227
14349 126 127 4 4 0 1505.96 0.455 0.010 0.121
14350 127 126 4 4 0 1505.96 0.455 0.010 0.121
14351 126 149 4 4 0 2502.98 0.870 0.012 0.227
14352 149 126 4 4 0 2502.98 0.870 0.012 0.227
14353 126 150 4 4 0 1999.10 0.660 0.012 0.174
14354 150 126 4 4 0 1999.10 0.660 0.012 0.174
14355 126 151 4 4 0 2502.98 0.870 0.010 0.225
14356 151 126 4 4 0 2502.98 0.870 0.010 0.225
14357 127 128 4 4 0 1505.96 0.455 0.010 0.121
14358 128 127 4 4 0 1505.96 0.455 0.010 0.121
14359 127 150 4 4 0 2502.98 0.870 0.010 0.225
14360 150 127 4 4 0 2502.98 0.870 0.010 0.225
14361 127 151 4 4 0 1999.10 0.660 0.008 0.171
14362 151 127 4 4 0 1999.10 0.660 0.008 0.171
14363 127 152 4 4 0 2502.98 0.870 0.008 0.224
14364 152 127 4 4 0 2502.98 0.870 0.008 0.224
14365 128 129 4 4 0 1505.96 0.455 0.012 0.123
14366 129 128 4 4 0 1505.96 0.455 0.012 0.123
14367 128 151 4 4 0 2502.98 0.870 0.010 0.225
14368 151 128 4 4 0 2502.98 0.870 0.010 0.225
14369 128 152 4 4 0 1999.10 0.660 0.010 0.173
14370 152 128 4 4 0 1999.10 0.660 0.010 0.173
14371 128 153 4 4 0 2502.98 0.870 0.012 0.227
14372 153 128 4 4 0 2502.98 0.870 0.012 0.227
14373 129 130 4 4 0 1505.96 0.455 0.010 0.121
14374 130 129 4 4 0 1505.96 0.455 0.010 0.121
14375 129 152 4 4 0 2502.98 0.870 0.010 0.225
14376 152 129 4 4 0 2502.98 0.870 0.010 0.225
14377 129 153 4 4 0 1999.10 0.660 0.012 0.174
14378 153 129 4 4 0 1999.10 0.660 0.012 0.174
14379 129 154 4 4 0 2502.98 0.870 0.010 0.225
14380 154 129 4 4 0 2502.98 0.870 0.010 0.225
14381 130 131 4 4 0 1505.96 0.455 0.010 0.121
14382 131 130 4 4 0 1505.96 0.455 0.010 0.121
14383 130 153 4 4 0 2502.98 0.870 0.010 0.225
14384 153 130 4 4 0 2502.98 0.870 0.010 0.225
14385 130 154 4 4 0 1999.10 0.660 0.008 0.171
14386 154 130 4 4 0 1999.10 0.660 0.008 0.171
14387 130 155 4 4 0 2502.98 0.870 0.012 0.227
14388 155 130 4 4 0 2502.98 0.870 0.012 0.227
14389 131 132 4 4 0 1505.96 0.455 0.012 0.123
14390 132 131 4 4 0 1505.96 0.455 0.012 0.123
14391 131 154 4 4 0 2502.98 0.870 0.010 0.225
14392 154 131 4 4 0 2502.98 0.870 0.010 0.225
14393 131 155 4 4 0 1999.10 0.660 0.014 0.176
14394 155 131 4 4 0 1999.10 0.660 0.014 0.176
14395 131 156 4 4 0 2502.98 0.870 0.014 0.228
14396 156 131 4 4 0 2502.98 0.870 0.014 0.228
14397 132 155 4 4 0 2502.98 0.870 0.014 0.228
14398 155 132 4 4 0 2502.98 0.870 0.014 0.228
14399 132 156 4 4 0 1999.10 0.660 0.014 0.176
14400 156 132 4 4 0 1999.10 0.660 0.014 0.176
14401 132 157 4 4 0 2502.98 0.870 0.014 0.228
14402 157 132 4 4 0 2502.98 0.870 0.014 0.228
14403 133 134 4 4 0 1506.37 0.455 0.108 0.195
14404 134 133 4 4 0 1506.37 0.455 0.108 0.195
14405 133 160 4 4 0 1999.09 0.660 0.128 0.261
14406 160 133 4 4 0 1999.09 0.660 0.128 0.261
14407 133 161 4 4 0 2503.23 0.871 0.110 0.300
14408 161 133 4 4 0 2503.23 0.871 0.110 0.300
14409 134 135 4 4 0 1506.37 0.455 0.124 0.207
14410 135 134 4 4 0 1506.37 0.455 0.124 0.207
14411 134 160 4 4 0 2503.23 0.871 0.140 0.323
14412 160 134 4 4 0 2503.23 0.871 0.140 0.323
14413 134 161 4 4 0 1999.09 0.660 0.122 0.257
14414 161 134 4 4 0 1999.09 0.660 0.122 0.257
14415 134 162 4 4 0 2503.23 0.871 0.150 0.331
14416 162 134 4 4 0 2503.23 0.871 0.150 0.331
14417 135 136 4 4 0 1506.37 0.455 0.126 0.209
14418 136 135 4 4 0 1506.37 0.455 0.126 0.209
14419 135 161 4 4 0 2503.23 0.871 0.126 0.312
14420 161 135 4 4 0 2503.23 0.871 0.126 0.312
14421 135 162 4 4 0 1999.09 0.660 0.155 0.281
14422 162 135 4 4 0 1999.09 0.660 0.155 0.281
14423 135 163 4 4 0 2503.23 0.871 0.118 0.306
14424 163 135 4 4 0 2503.23 0.871 0.118 0.306
14425 136 137 4 4 0 1506.37 0.455 0.124 0.207
14426 137 136 4 4 0 1506.37 0.455 0.124 0.207
14427 136 162 4 4 0 2503.23 0.871 0.153 0.332
14428 162 136 4 4 0 2503.23 0.871 0.153 0.332
14429 136 163 4 4 0 1999.09 0.660 0.116 0.252
14430 163 136 4 4 0 1999.09 0.660 0.116 0.252
14431 136 164 4 4 0 2503.23 0.871 0.148 0.329
14432 164 136 4 4 0 2503.23 0.871 0.148 0.329
14433 137 138 4 4 0 1506.37 0.455 0.116 0.201
14434 138 137 4 4 0 1506.37 0.455 0.116 0.201
14435 137 163 4 4 0 2503.23 0.871 0.116 0.305
14436 163 137 4 4 0 2503.23 0.871 0.116 0.305
14437 137 164 4 4 0 1999.09 0.660 0.148 0.276
14438 164 137 4 4 0 1999.09 0.660 0.148 0.276
14439 137 165 4 4 0 2503.23 0.871 0.136 0.320
14440 165 137 4 4 0 2503.23 0.871 0.136 0.320
14441 138 139 4 4 0 1506.37 0.455 0.134 0.215
14442 139 138 4 4 0 1506.37 0.455 0.134 0.215
14443 138 164 4 4 0 2503.23 0.871 0.140 0.323
14444 164 138 4 4 0 2503.23 0.871 0.140 0.323
14445 138 165 4 4 0 1999.09 0.660 0.128 0.261
14446 165 138 4 4 0 1999.09 0.660 0.128 0.261
14447 138 166 4 4 0 2503.23 0.871 0.144 0.326
14448 166 138 4 4 0 2503.23 0.871 0.144 0.326
14449 139 140 4 4 0 1506.37 0.455 0.150 0.227
14450 140 139 4 4 0 1506.37 0.455 0.150 0.227
14451 139 165 4 4 0 2503.23 0.871 0.155 0.334
14452 165 139 4 4 0 2503.23 0.871 0.155 0.334
14453 139 166 4 4 0 1999.09 0.660 0.171 0.293
14454 166 139 4 4 0 1999.09 0.660 0.171 0.293
14455 139 167 4 4 0 2503.23 0.871 0.159 0.337
14456 167 139 4 4 0 2503.23 0.871 0.159 0.337
14457 140 141 4 4 0 1506.37 0.455 0.120 0.204
14458 141 140 4 4 0 1506.37 0.455 0.120 0.204
14459 140 166 4 4 0 2503.23 0.871 0.161 0.338
14460 166 140 4 4 0 2503.23 0.871 0.161 0.338
14461 140 167 4 4 0 1999.09 0.660 0.148 0.276
14462 167 140 4 4 0 1999.09 0.660 0.148 0.276
14463 140 168 4 4 0 2503.23 0.871 0.130 0.315
14464 168 140 4 4 0 2503.23 0.871 0.130 0.315
14465 141 142 4 4 0 1506.37 0.455 0.058 0.157
14466 142 141 4 4 0 1506.37 0.455 0.058 0.157
14467 141 167 4 4 0 2503.23 0.871 0.128 0.314
14468 167 141 4 4 0 2503.23 0.871 0.128 0.314
14469 141 168 4 4 0 1999.09 0.660 0.110 0.248
14470 168 141 4 4 0 1999.09 0.660 0.110 0.248
14471 141 169 4 4 0 2503.23 0.871 0.058 0.261
14472 169 141 4 4 0 2503.23 0.871 0.058 0.261
14473 142 143 4 4 0 1506.37 0.455 0.016 0.126
14474 143 142 4 4 0 1506.37 0.455 0.016 0.126
14475 142 168 4 4 0 2503.23 0.871 0.068 0.269
14476 168 142 4 4 0 2503.23 0.871 0.068 0.269
14477 142 169 4 4 0 1999.09 0.660 0.016 0.177
14478 169 142 4 4 0 1999.09 0.660 0.016 0.177
14479 142 170 4 4 0 2503.23 0.871 0.016 0.230
14480 170 142 4 4 0 2503.23 0.871 0.016 0.230
14481 143 144 4 4 0 1506.37 0.455 0.014 0.124
14482 144 143 4 4 0 1506.37 0.455 0.014 0.124
14483 143 169 4 4 0 2503.23 0.871 0.016 0.230
14484 169 143 4 4 0 2503.23 0.871 0.016 0.230
14485 143 170 4 4 0 1999.09 0.660 0.016 0.177
14486 170 143 4 4 0 1999.09 0.660 0.016 0.177
14487 143 171 4 4 0 2503.23 0.871 0.014 0.228
14488 171 143 4 4 0 2503.23 0.871 0.014 0.228
14489 144 145 4 4 0 1506.37 0.455 0.012 0.123
14490 145 144 4 4 0 1506.37 0.455 0.012 0.123
14491 144 170 4 4 0 2503.23 0.871 0.014 0.228
14492 170 144 4 4 0 2503.23 0.871 0.014 0.228
14493 144 171 4 4 0 1999.09 0.660 0.012 0.174
14494 171 144 4 4 0 1999.09 0.660 0.012 0.174
14495 144 172 4 4 0 2503.23 0.871 0.012 0.227
14496 172 144 4 4 0 2503.23 0.871 0.012 0.227
14497 145 146 4 4 0 1506.37 0.455 0.014 0.124
14498 146 145 4 4 0 1506.37 0.455 0.014 0.124
14499 145 171 4 4 0 2503.23 0.871 0.012 0.227
14500 171 145 4 4 0 2503.23 0.871 0.012 0.227
14501 145 172 4 4 0 1999.09 0.660 0.012 0.174
14502 172 145 4 4 0 1999.09 0.660 0.012 0.174
14503 145 173 4 4 0 2503.23 0.871 0.014 0.228
14504 173 145 4 4 0 2503.23 0.871 0.014 0.228
14505 146 147 4 4 0 1506.37 0.455 0.016 0.126
14506 147 146 4 4 0 1506.37 0.455 0.016 0.126
14507 146 172 4 4 0 2503.23 0.871 0.014 0.228
14508 172 146 4 4 0 2503.23 0.871 0.014 0.228
14509 146 173 4 4 0 1999.09 0.660 0.016 0.177
14510 173 146 4 4 0 1999.09 0.660 0.016 0.177
14511 146 174 4 4 0 2503.23 0.871 0.012 0.227
14512 174 146 4 4 0 2503.23 0.871 0.012 0.227
14513 147 148 4 4 0 1506.37 0.455 0.014 0.124
14514 148 147 4 4 0 1506.37 0.455 0.014 0.124
14515 147 173 4 4 0 2503.23 0.871 0.016 0.230
14516 173 147 4 4 0 2503.23 0.871 0.016 0.230
14517 147 174 4 4 0 1999.09 0.660 0.012 0.174
14518 174 147 4 4 0 1999.09 0.660 0.012 0.174
14519 147 175 4 4 0 2503.23 0.871 0.014 0.228
14520 175 147 4 4 0 2503.23 0.871 0.014 0.228
14521 148 149 4 4 0 1506.37 0.455 0.012 0.123
14522 149 148 4 4 0 1506.37 0.455 0.012 0.123
14523 148 174 4 4 0 2503.23 0.871 0.010 0.225
14524 174 148 4 4 0 2503.23 0.871 0.010 0.225
14525 148 175 4 4 0 1999.09 0.660 0.012 0.174
14526 175 148 4 4 0 1999.09 0.660 0.012 0.174
14527 148 176 4 4 0 2503.23 0.871 0.012 0.227
14528 176 148 4 4 0 2503.23 0.871 0.012 0.227
14529 149 150 4 4 0 1506.37 0.455 0.012 0.123
14530 150 149 4 4 0 1506.37 0.455 0.012 0.123
14531 149 175 4 4 0 2503.23 0.871 0.012 0.227
14532 175 149 4 4 0 2503.23 0.871 0.012 0.227
14533 149 176 4 4 0 1999.09 0.660 0.012 0.174
14534 176 149 4 4 0 1999.09 0.660 0.012 0.174
14535 149 177 4 4 0 2503.23 0.871 0.012 0.227
14536 177 149 4 4 0 2503.23 0.871 0.012 0.227
14537 150 151 4 4 0 1506.37 0.455 0.010 0.121
14538 151 150 4 4 0 1506.37 0.455 0.010 0.121
14539 150 176 4 4 0 2503.23 0.871 0.012 0.227
14540 176 150 4 4 0 2503.23 0.871 0.012 0.227
14541 150 177 4 4 0 1999.09 0.660 0.012 0.174
14542 177 150 4 4 0 1999.09 0.660 0.012 0.174
14543 150 178 4 4 0 2503.23 0.871 0.012 0.227
14544 178 150 4 4 0 2503.23 0.871 0.012 0.227
14545 151 152 4 4 0 1506.37 0.455 0.008 0.120
14546 152 151 4 4 0 1506.37 0.455 0.008 0.120
14547 151 177 4 4 0 2503.23 0.871 0.010 0.225
14548 177 151 4 4 0 2503.23 0.871 0.010 0.225
14549 151 178 4 4 0 1999.09 0.660 0.010 0.173
14550 178 151 4 4 0 1999.09 0.660 0.010 0.173
14551 151 179 4 4 0 2503.23 0.871 0.010 0.225
14552 179 151 4 4 0 2503.23 0.871 0.010 0.225
14553 152 153 4 4 0 1506.37 0.455 0.010 0.121
14554 153 152 4 4 0 1506.37 0.455 0.010 0.121
14555 152 178 4 4 0 2503.23 0.871 0.010 0.225
14556 178 152 4 4 0 2503.23 0.871 0.010 0.225
14557 152 179 4 4 0 1999.09 0.660 0.010 0.173
14558 179 152 4 4 0 1999.09 0.660 0.010 0.173
14559 152 180 4 4 0 2503.23 0.871 0.010 0.225
14560 180 152 4 4 0 2503.23 0.871 0.010 0.225
14561 153 154 4 4 0 1506.37 0.455 0.010 0.121
14562 154 153 4 4 0 1506.37 0.455 0.010 0.121
14563 153 179 4 4 0 2503.23 0.871 0.012 0.227
14564 179 153 4 4 0 2503.23 0.871 0.012 0.227
14565 153 180 4 4 0 1999.09 0.660 0.012 0.174
14566 180 153 4 4 0 1999.09 0.660 0.012 0.174
14567 153 181 4 4 0 2503.23 0.871 0.010 0.225
14568 181 153 4 4 0 2503.23 0.871 0.010 0.225
14569 154 155 4 4 0 1506.37 0.455 0.012 0.123
14570 155 154 4 4 0 1506.37 0.455 0.012 0.123
14571 154 180 4 4 0 2503.23 0.871 0.010 0.225
14572 180 154 4 4 0 2503.23 0.871 0.010 0.225
14573 154 181 4 4 0 1999.09 0.660 0.008 0.171
14574 181 154 4 4 0 1999.09 0.660 0.008 0.171
14575 154 182 4 4 0 2503.23 0.871 0.010 0.225
14576 182 154 4 4 0 2503.23 0.871 0.010 0.225
14577 155 156 4 4 0 1506.37 0.455 0.016 0.126
14578 156 155 4 4 0 1506.37 0.455 0.016 0.126
14579 155 181 4 4 0 2503.23 0.871 0.012 0.227
14580 181 155 4 4 0 2503.23 0.871 0.012 0.227
14581 155 182 4 4 0 1999.09 0.660 0.014 0.176
14582 182 155 4 4 0 1999.09 0.660 0.014 0.176
14583 155 183 4 4 0 2503.23 0.871 0.016 0.230
14584 183 155 4 4 0 2503.23 0.871 0.016 0.230
14585 156 157 4 4 0 1506.37 0.455 0.016 0.126
14586 157 156 4 4 0 1506.37 0.455 0.016 0.126
14587 156 182 4 4 0 2503.23 0.871 0.014 0.228
14588 182 156 4 4 0 2503.23 0.871 0.014 0.228
14589 156 183 4 4 0 1999.09 0.660 0.016 0.177
14590 183 156 4 4 0 1999.09 0.660 0.016 0.177
14591 156 184 4 4 0 2503.23 0.871 0.014 0.228
14592 184 156 4 4 0 2503.23 0.871 0.014 0.228
14593 157 158 4 4 0 1506.37 0.455 0.014 0.124
14594 158 157 4 4 0 1506.37 0.455 0.014 0.124
14595 157 183 4 4 0 2503.23 0.871 0.016 0.230
14596 183 157 4 4 0 2503.23 0.871 0.016 0.230
14597 157 184 4 4 0 1999.09 0.660 0.014 0.176
14598 184 157 4 4 0 1999.09 0.660 0.014 0.176
14599 157 185 4 4 0 2503.23 0.871 0.012 0.227
14600 185 157 4 4 0 2503.23 0.871 0.012 0.227
14601 158 159 4 4 0 1506.37 0.455 0.014 0.124
14602 159 158 4 4 0 1506.37 0.455 0.014 0.124
14603 158 184 4 4 0 2503.23 0.871 0.012 0.227
14604 184 158 4 4 0 2503.23 0.871 0.012 0.227
14605 158 185 4 4 0 1999.09 0.660 0.010 0.173
14606 185 158 4 4 0 1999.09 0.660 0.010 0.173
14607 158 186 4 4 0 2503.23 0.871 0.014 0.228
14608 186 158 4 4 0 2503.23 0.871 0.014 0.228
14609 159 185 4 4 0 2503.23 0.871 0.012 0.227
14610 185 159 4 4 0 2503.23 0.871 0.012 0.227
14611 159 186 4 4 0 1999.09 0.660 0.016 0.177
14612 186 159 4 4 0 1999.09 0.660 0.016 0.177
14613 159 187 4 4 0 2503.23 0.871 0.014 0.228
14614 187 159 4 4 0 2503.23 0.871 0.014 0.228
14615 160 161 4 4 0 1506.79 0.455 0.142 0.221
14616 161 160 4 4 0 1506.79 0.455 0.142 0.221
14617 160 189 4 4 0 1999.08 0.660 0.146 0.275
14618 189 160 4 4 0 1999.08 0.660 0.146 0.275
14619 160 190 4 4 0 2503.47 0.871 0.128 0.314
14620 190 160 4 4 0 2503.47 0.871 0.128 0.314
14621 161 162 4 4 0 1506.79 0.455 0.153 0.228
14622 162 161 4 4 0 1506.79 0.455 0.153 0.228
14623 161 189 4 4 0 2503.47 0.871 0.128 0.314
14624 189 161 4 4 0 2503.47 0.871 0.128 0.314
14625 161 190 4 4 0 1999.08 0.660 0.110 0.248
14626 190 161 4 4 0 1999.08 0.660 0.110 0.248
14627 161 191 4 4 0 2503.47 0.871 0.134 0.319
14628 191 161 4 4 0 2503.47 0.871 0.134 0.319
14629 162 163 4 4 0 1506.79 0.455 0.144 0.222
14630 163 162 4 4 0 1506.79 0.455 0.144 0.222
14631 162 190 4 4 0 2503.47 0.871 0.138 0.322
14632 190 162 4 4 0 2503.47 0.871 0.138 0.322
14633 162 191 4 4 0 1999.08 0.660 0.163 0.287
14634 191 162 4 4 0 1999.08 0.660 0.163 0.287
14635 162 192 4 4 0 2503.47 0.871 0.148 0.329
14636 192 162 4 4 0 2503.47 0.871 0.148 0.329
14637 163 164 4 4 0 1506.79 0.455 0.140 0.219
14638 164 163 4 4 0 1506.79 0.455 0.140 0.219
14639 163 191 4 4 0 2503.47 0.871 0.126 0.312
14640 191 163 4 4 0 2503.47 0.871 0.126 0.312
14641 163 192 4 4 0 1999.08 0.660 0.112 0.249
14642 192 163 4 4 0 1999.08 0.660 0.112 0.249
14643 163 193 4 4 0 2503.47 0.871 0.116 0.305
14644 193 163 4 4 0 2503.47 0.871 0.116 0.305
14645 164 165 4 4 0 1506.79 0.455 0.161 0.234
14646 165 164 4 4 0 1506.79 0.455 0.161 0.234
14647 164 192 4 4 0 2503.47 0.871 0.144 0.326
14648 192 164 4 4 0 2503.47 0.871 0.144 0.326
14649 164 193 4 4 0 1999.08 0.660 0.148 0.276
14650 193 164 4 4 0 1999.08 0.660 0.148 0.276
14651 164 194 4 4 0 2503.47 0.871 0.142 0.325
14652 194 164 4 4 0 2503.47 0.871 0.142 0.325
14653 165 166 4 4 0 1506.79 0.455 0.165 0.237
14654 166 165 4 4 0 1506.79 0.455 0.165 0.237
14655 165 193 4 4 0 2503.47 0.871 0.136 0.320
14656 193 165 4 4 0 2503.47 0.871 0.136 0.320
14657 165 194 4 4 0 1999.08 0.660 0.130 0.263
14658 194 165 4 4 0 1999.08 0.660 0.130 0.263
14659 165 195 4 4 0 2503.47 0.871 0.155 0.334
14660 195 165 4 4 0 2503.47 0.871 0.155 0.334
14661 166 167 4 4 0 1506.79 0.455 0.169 0.240
14662 167 166 4 4 0 1506.79 0.455 0.169 0.240
14663 166 194 4 4 0 2503.47 0.871 0.146 0.328
14664 194 166 4 4 0 2503.47 0.871 0.146 0.328
14665 166 195 4 4 0 1999.08 0.660 0.171 0.293
14666 195 166 4 4 0 1999.08 0.660 0.171 0.293
14667 166 196 4 4 0 2503.47 0.871 0.150 0.331
14668 196 166 4 4 0 2503.47 0.871 0.150 0.331
14669 167 168 4 4 0 1506.79 0.455 0.138 0.218
14670 168 167 4 4 0 1506.79 0.455 0.138 0.218
14671 167 195 4 4 0 2503.47 0.871 0.159 0.337
14672 195 167 4 4 0 2503.47 0.871 0.159 0.337
14673 167 196 4 4 0 1999.08 0.660 0.138 0.269
14674 196 167 4 4 0 1999.08 0.660 0.138 0.269
14675 167 197 4 4 0 2503.47 0.871 0.153 0.332
14676 197 167 4 4 0 2503.47 0.871 0.153 0.332
14677 168 169 4 4 0 1506.79 0.455 0.068 0.165
14678 169 168 4 4 0 1506.79 0.455 0.068 0.165
14679 168 196 4 4 0 2503.47 0.871 0.120 0.308
14680 196 168 4 4 0 2503.47 0.871 0.120 0.308
14681 168 197 4 4 0 1999.08 0.660 0.134 0.266
14682 197 168 4 4 0 1999.08 0.660 0.134 0.266
14683 168 198 4 4 0 2503.47 0.871 0.066 0.267
14684 198 168 4 4 0 2503.47 0.871 0.066 0.267
14685 169 170 4 4 0 1506.79 0.455 0.016 0.126
14686 170 169 4 4 0 1506.79 0.455 0.016 0.126
14687 169 197 4 4 0 2503.47 0.871 0.082 0.279
14688 197 169 4 4 0 2503.47 0.871 0.082 0.279
14689 169 198 4 4 0 1999.08 0.660 0.014 0.176
14690 198 169 4 4 0 1999.08 0.660 0.014 0.176
14691 169 199 4 4 0 2503.47 0.871 0.016 0.230
14692 199 169 4 4 0 2503.47 0.871 0.016 0.230
14693 170 171 4 4 0 1506.79 0.455 0.014 0.124
14694 171 170 4 4 0 1506.79 0.455 0.014 0.124
14695 170 198 4 4 0 2503.47 0.871 0.014 0.228
14696 198 170 4 4 0 2503.47 0.871 0.014 0.228
14697 170 199 4 4 0 1999.08 0.660 0.016 0.177
14698 199 170 4 4 0 1999.08 0.660 0.016 0.177
14699 170 200 4 4 0 2503.47 0.871 0.014 0.228
14700 200 170 4 4 0 2503.47 0.871 0.014 0.228
14701 171 172 4 4 0 1506.79 0.455 0.012 0.123
14702 172 171 4 4 0 1506.79 0.455 0.012 0.123
14703 171 199 4 4 0 2503.47 0.871 0.014 0.228
14704 199 171 4 4 0 2503.47 0.871 0.014 0.228
14705 171 200 4 4 0 1999.08 0.660 0.012 0.174
14706 200 171 4 4 0 1999.08 0.660 0.012 0.174
14707 171 201 4 4 0 2503.47 0.871 0.012 0.227
14708 201 171 4 4 0 2503.47 0.871 0.012 0.227
14709 172 173 4 4 0 1506.79 0.455 0.014 0.124
14710 173 172 4 4 0 1506.79 0.455 0.014 0.124
14711 172 200 4 4 0 2503.47 0.871 0.012 0.227
14712 200 172 4 4 0 2503.47 0.871 0.012 0.227
14713 172 201 4 4 0 1999.08 0.660 0.012 0.174
14714 201 172 4 4 0 1999.08 0.660 0.012 0.174
14715 172 202 4 4 0 2503.47 0.871 0.014 0.228
14716 202 172 4 4 0 2503.47 0.871 0.014 0.228
14717 173 174 4 4 0 1506.79 0.455 0.012 0.123
14718 174 173 4 4 0 1506.79 0.455 0.012 0.123
14719 173 201 4 4 0 2503.47 0.871 0.014 0.228
14720 201 173 4 4 0 2503.47 0.871 0.014 0.228
14721 173 202 4 4 0 1999.08 0.660 0.016 0.177
14722 202 173 4 4 0 1999.08 0.660 0.016 0.177
14723 173 203 4 4 0 2503.47 0.871 0.012 0.227
14724 203 173 4 4 0 2503.47 0.871 0.012 0.227
14725 174 175 4 4 0 1506.79 0.455 0.010 0.121
14726 175 174 4 4 0 1506.79 0.455 0.010 0.121
14727 174 202 4 4 0 2503.47 0.871 0.012 0.227
14728 202 174 4 4 0 2503.47 0.871 0.012 0.227
14729 174 203 4 4 0 1999.08 0.660 0.008 0.171
14730 203 174 4 4 0 1999.08 0.660 0.008 0.171
14731 174 204 4 4 0 2503.47 0.871 0.012 0.227
14732 204 174 4 4 0 2503.47 0.871 0.012 0.227
14733 175 176 4 4 0 1506.79 0.455 0.012 0.123
14734 176 175 4 4 0 1506.79 0.455 0.012 0.123
14735 175 203 4 4 0 2503.47 0.871 0.010 0.225
14736 203 175 4 4 0 2503.47 0.871 0.010 0.225
14737 175 204 4 4 0 1999.08 0.660 0.014 0.176
14738 204 175 4 4 0 1999.08 0.660 0.014 0.176
14739 175 205 4 4 0 2503.47 0.871 0.012 0.227
14740 205 175 4 4 0 2503.47 0.871 0.012 0.227
14741 176 177 4 4 0 1506.79 0.455 0.012 0.123
14742 177 176 4 4 0 1506.79 0.455 0.012 0.123
14743 176 204 4 4 0 2503.47 0.871 0.014 0.228
14744 204 176 4 4 0 2503.47 0.871 0.014 0.228
14745 176 205 4 4 0 1999.08 0.660 0.012 0.174
14746 205 176 4 4 0 1999.08 0.660 0.012 0.174
14747 177 178 4 4 0 1506.79 0.455 0.012 0.123
14748 178 177 4 4 0 1506.79 0.455 0.012 0.123
14749 177 205 4 4 0 2503.47 0.871 0.012 0.227
14750 205 177 4 4 0 2503.47 0.871 0.012 0.227
14751 177 206 4 4 0 1999.08 0.660 0.010 0.173
14752 206 177 4 4 0 1999.08 0.660 0.010 0.173
14753 177 207 4 4 0 2503.47 0.871 0.012 0.227
14754 207 177 4 4 0 2503.47 0.871 0.012 0.227
14755 178 179 4 4 0 1506.79 0.455 0.012 0.123
14756 179 178 4 4 0 1506.79 0.455 0.012 0.123
14757 178 206 4 4 0 2503.47 0.871 0.010 0.225
14758 206 178 4 4 0 2503.47 0.871 0.010 0.225
14759 178 207 4 4 0 1999.08 0.660 0.012 0.174
14760 207 178 4 4 0 1999.08 0.660 0.012 0.174
14761 178 208 4 4 0 2503.47 0.871 0.012 0.227
14762 208 178 4 4 0 2503.47 0.871 0.012 0.227
14763 179 180 4 4 0 1506.79 0.455 0.012 0.123
14764 180 179 4 4 0 1506.79 0.455 0.012 0.123
14765 179 207 4 4 0 2503.47 0.871 0.012 0.227
14766 207 179 4 4 0 2503.47 0.871 0.012 0.227
14767 179 208 4 4 0 1999.08 0.660 0.012 0.174
14768 208 179 4 4 0 1999.08 0.660 0.012 0.174
14769 179 209 4 4 0 2503.47 0.871 0.010 0.225
14770 209 179 4 4 0 2503.47 0.871 0.010 0.225
14771 180 181 4 4 0 1506.79 0.455 0.010 0.121
14772 181 180 4 4 0 1506.79 0.455 0.010 0.121
14773 180 208 4 4 0 2503.47 0.871 0.012 0.227
14774 208 180 4 4 0 2503.47 0.871 0.012 0.227
14775 180 209 4 4 0 1999.08 0.660 0.010 0.173
14776 209 180 4 4 0 1999.08 0.660 0.010 0.173
14777 180 210 4 4 0 2503.47 0.871 0.014 0.228
14778 210 180 4 4 0 2503.47 0.871 0.014 0.228
14779 181 182 4 4 0 1506.79 0.455 0.010 0.121
14780 182 181 4 4 0 1506.79 0.455 0.010 0.121
14781 181 209 4 4 0 2503.47 0.871 0.008 0.224
14782 209 181 4 4 0 2503.47 0.871 0.008 0.224
14783 181 210 4 4 0 1999.08 0.660 0.012 0.174
14784 210 181 4 4 0 1999.08 0.660 0.012 0.174
14785 181 211 4 4 0 2503.47 0.871 0.012 0.227
14786 211 181 4 4 0 2503.47 0.871 0.012 0.227
14787 182 183 4 4 0 1506.79 0.455 0.014 0.124
14788 183 182 4 4 0 1506.79 0.455 0.014 0.124
14789 182 210 4 4 0 2503.47 0.871 0.014 0.228
14790 210 182 4 4 0 2503.47 0.871 0.014 0.228
14791 182 211 4 4 0 1999.08 0.660 0.014 0.176
14792 211 182 4 4 0 1999.08 0.660 0.014 0.176
14793 182 212 4 4 0 2503.47 0.871 0.012 0.227
14794 212 182 4 4 0 2503.47 0.871 0.012 0.227
14795 183 184 4 4 0 1506.79 0.455 0.014 0.124
14796 184 183 4 4 0 1506.79 0.455 0.014 0.124
14797 183 211 4 4 0 2503.47 0.871 0.016 0.230
14798 211 183 4 4 0 2503.47 0.871 0.016 0.230
14799 183 212 4 4 0 1999.08 0.660 0.014 0.176
14800 212 183 4 4 0 1999.08 0.660 0.014 0.176
14801 183 213 4 4 0 2503.47 0.871 0.012 0.227
14802 213 183 4 4 0 2503.47 0.871 0.012 0.227
14803 184 185 4 4 0 1506.79 0.455 0.010 0.121
14804 185 184 4 4 0 1506.79 0.455 0.010 0.121
14805 184 212 4 4 0 2503.47 0.871 0.012 0.227
14806 212 184 4 4 0 2503.47 0.871 0.012 0.227
14807 184 213 4 4 0 1999.08 0.660 0.010 0.173
14808 213 184 4 4 0 1999.08 0.660 0.010 0.173
14809 184 214 4 4 0 2503.47 0.871 0.014 0.228
14810 214 184 4 4 0 2503.47 0.871 0.014 0.228
14811 185 186 4 4 0 1506.79 0.455 0.012 0.123
14812 186 185 4 4 0 1506.79 0.455 0.012 0.123
14813 185 213 4 4 0 2503.47 0.871 0.008 0.224
14814 213 185 4 4 0 2503.47 0.871 0.008 0.224
14815 185 214 4 4 0 1999.08 0.660 0.012 0.174
14816 214 185 4 4 0 1999.08 0.660 0.012 0.174
14817 185 215 4 4 0 2503.47 0.871 0.008 0.224
14818 215 185 4 4 0 2503.47 0.871 0.008 0.224
14819 186 187 4 4 0 1506.79 0.455 0.014 0.124
14820 187 186 4 4 0 1506.79 0.455 0.014 0.124
14821 186 214 4 4 0 2503.47 0.871 0.016 0.230
14822 214 186 4 4 0 2503.47 0.871 0.016 0.230
14823 186 215 4 4 0 1999.08 0.660 0.012 0.174
14824 215 186 4 4 0 1999.08 0.660 0.012 0.174
14825 186 216 4 4 0 2503.47 0.871 0.012 0.227
14826 216 186 4 4 0 2503.47 0.871 0.012 0.227
14827 187 188 4 4 0 1506.79 0.455 0.012 0.123
14828 188 187 4 4 0 1506.79 0.455 0.012 0.123
14829 187 215 4 4 0 2503.47 0.871 0.010 0.225
14830 215 187 4 4 0 2503.47 0.871 0.010 0.225
14831 187 216 4 4 0 1999.08 0.660 0.010 0.173
14832 216 187 4 4 0 1999.08 0.660 0.010 0.173
14833 187 217 4 4 0 2503.47 0.871 0.012 0.227
14834 217 187 4 4 0 2503.47 0.871 0.012 0.227
14835 188 216 4 4 0 2503.47 0.871 0.010 0.225
14836 216 188 4 4 0 2503.47 0.871 0.010 0.225
14837 188 217 4 4 0 1999.08 0.660 0.012 0.174
14838 217 188 4 4 0 1999.08 0.660 0.012 0.174
14839 188 218 4 4 0 2503.47 0.871 0.010 0.225
14840 218 188 4 4 0 2503.47 0.871 0.010 0.225
14841 189 190 4 4 0 1507.20 0.455 0.114 0.200
14842 190 189 4 4 0 1507.20 0.455 0.114 0.200
14843 189 220 4 4 0 2503.71 0.871 0.142 0.325
14844 220 189 4 4 0 2503.71 0.871 0.142 0.325
14845 189 221 4 4 0 1999.08 0.660 0.138 0.269
14846 221 189 4 4 0 1999.08 0.660 0.138 0.269
14847 189 222 4 4 0 2503.71 0.871 0.112 0.302
14848 222 189 4 4 0 2503.71 0.871 0.112 0.302
14849 190 191 4 4 0 1507.20 0.455 0.120 0.204
14850 191 190 4 4 0 1507.20 0.455 0.120 0.204
14851 190 221 4 4 0 2503.71 0.871 0.120 0.308
14852 221 190 4 4 0 2503.71 0.871 0.120 0.308
14853 190 222 4 4 0 1999.08 0.660 0.094 0.236
14854 222 190 4 4 0 1999.08 0.660 0.094 0.236
14855 190 223 4 4 0 2503.71 0.871 0.126 0.313
14856 223 190 4 4 0 2503.71 0.871 0.126 0.313
14857 191 192 4 4 0 1507.20 0.455 0.130 0.212
14858 192 191 4 4 0 1507.20 0.455 0.130 0.212
14859 191 222 4 4 0 2503.71 0.871 0.118 0.306
14860 222 191 4 4 0 2503.71 0.871 0.118 0.306
14861 191 223 4 4 0 1999.08 0.660 0.150 0.278
14862 223 191 4 4 0 1999.08 0.660 0.150 0.278
14863 191 224 4 4 0 2503.71 0.871 0.130 0.316
14864 224 191 4 4 0 2503.71 0.871 0.130 0.316
14865 192 193 4 4 0 1507.20 0.455 0.120 0.204
14866 193 192 4 4 0 1507.20 0.455 0.120 0.204
14867 192 223 4 4 0 2503.71 0.871 0.136 0.320
14868 223 192 4 4 0 2503.71 0.871 0.136 0.320
14869 192 224 4 4 0 1999.08 0.660 0.116 0.252
14870 224 192 4 4 0 1999.08 0.660 0.116 0.252
14871 192 225 4 4 0 2503.71 0.871 0.140 0.323
14872 225 192 4 4 0 2503.71 0.871 0.140 0.323
14873 193 194 4 4 0 1507.20 0.455 0.118 0.203
14874 194 193 4 4 0 1507.20 0.455 0.118 0.203
14875 193 224 4 4 0 2503.71 0.871 0.120 0.308
14876 224 193 4 4 0 2503.71 0.871 0.120 0.308
14877 193 225 4 4 0 1999.08 0.660 0.144 0.273
14878 225 193 4 4 0 1999.08 0.660 0.144 0.273
14879 193 226 4 4 0 2503.71 0.871 0.128 0.314
14880 226 193 4 4 0 2503.71 0.871 0.128 0.314
14881 194 195 4 4 0 1507.20 0.455 0.136 0.216
14882 195 194 4 4 0 1507.20 0.455 0.136 0.216
14883 194 225 4 4 0 2503.71 0.871 0.138 0.322
14884 225 194 4 4 0 2503.71 0.871 0.138 0.322
14885 194 226 4 4 0 1999.08 0.660 0.122 0.257
14886 226 194 4 4 0 1999.08 0.660 0.122 0.257
14887 194 227 4 4 0 2503.71 0.871 0.112 0.302
14888 227 194 4 4 0 2503.71 0.871 0.112 0.302
14889 195 196 4 4 0 1507.20 0.455 0.140 0.219
14890 196 195 4 4 0 1507.20 0.455 0.140 0.219
14891 195 226 4 4 0 2503.71 0.871 0.146 0.328
14892 226 195 4 4 0 2503.71 0.871 0.146 0.328
14893 195 227 4 4 0 1999.08 0.660 0.136 0.267
14894 227 195 4 4 0 1999.08 0.660 0.136 0.267
14895 195 228 4 4 0 2503.71 0.871 0.163 0.340
14896 228 195 4 4 0 2503.71 0.871 0.163 0.340
14897 196 197 4 4 0 1507.20 0.455 0.134 0.215
14898 197 196 4 4 0 1507.20 0.455 0.134 0.215
14899 196 227 4 4 0 2503.71 0.871 0.116 0.305
14900 227 196 4 4 0 2503.71 0.871 0.116 0.305
14901 196 228 4 4 0 1999.08 0.660 0.142 0.272
14902 228 196 4 4 0 1999.08 0.660 0.142 0.272
14903 196 229 4 4 0 2503.71 0.871 0.106 0.297
14904 229 196 4 4 0 2503.71 0.871 0.106 0.297
14905 197 198 4 4 0 1507.20 0.455 0.080 0.174
14906 198 197 4 4 0 1507.20 0.455 0.080 0.174
14907 197 228 4 4 0 2503.71 0.871 0.157 0.335
14908 228 197 4 4 0 2503.71 0.871 0.157 0.335
14909 197 229 4 4 0 1999.08 0.660 0.120 0.255
14910 229 197 4 4 0 1999.08 0.660 0.120 0.255
14911 197 230 4 4 0 2503.71 0.871 0.078 0.276
14912 230 197 4 4 0 2503.71 0.871 0.078 0.276
14913 198 199 4 4 0 1507.20 0.455 0.014 0.124
14914 199 198 4 4 0 1507.20 0.455 0.014 0.124
14915 198 229 4 4 0 2503.71 0.871 0.052 0.257
14916 229 198 4 4 0 2503.71 0.871 0.052 0.257
14917 198 230 4 4 0 1999.08 0.660 0.010 0.173
14918 230 198 4 4 0 1999.08 0.660 0.010 0.173
14919 198 231 4 4 0 2503.71 0.871 0.014 0.228
14920 231 198 4 4 0 2503.71 0.871 0.014 0.228
14921 199 200 4 4 0 1507.20 0.455 0.014 0.124
14922 200 199 4 4 0 1507.20 0.455 0.014 0.124
14923 199 230 4 4 0 2503.71 0.871 0.012 0.227
14924 230 199 4 4 0 2503.71 0.871 0.012 0.227
14925 199 231 4 4 0 1999.08 0.660 0.016 0.177
14926 231 199 4 4 0 1999.08 0.660 0.016 0.177
14927 199 232 4 4 0 2503.71 0.871 0.014 0.228
14928 232 199 4 4 0 2503.71 0.871 0.014 0.228
14929 200 201 4 4 0 1507.20 0.455 0.012 0.123
14930 201 200 4 4 0 1507.20 0.455 0.012 0.123
14931 200 231 4 4 0 2503.71 0.871 0.014 0.228
14932 231 200 4 4 0 2503.71 0.871 0.014 0.228
14933 200 232 4 4 0 1999.08 0.660 0.012 0.174
14934 232 200 4 4 0 1999.08 0.660 0.012 0.174
14935 200 233 4 4 0 2503.71 0.871 0.024 0.236
14936 233 200 4 4 0 2503.71 0.871 0.024 0.236
14937 201 202 4 4 0 1507.20 0.455 0.014 0.124
14938 202 201 4 4 0 1507.20 0.455 0.014 0.124
14939 201 232 4 4 0 2503.71 0.871 0.012 0.227
14940 232 201 4 4 0 2503.71 0.871 0.012 0.227
14941 201 233 4 4 0 1999.08 0.660 0.024 0.183
14942 233 201 4 4 0 1999.08 0.660 0.024 0.183
14943 201 234 4 4 0 2503.71 0.871 0.012 0.227
14944 234 201 4 4 0 2503.71 0.871 0.012 0.227
14945 202 203 4 4 0 1507.20 0.455 0.012 0.123
14946 203 202 4 4 0 1507.20 0.455 0.012 0.123
14947 202 233 4 4 0 2503.71 0.871 0.026 0.237
14948 233 202 4 4 0 2503.71 0.871 0.026 0.237
14949 202 234 4 4 0 1999.08 0.660 0.014 0.176
14950 234 202 4 4 0 1999.08 0.660 0.014 0.176
14951 202 235 4 4 0 2503.71 0.871 0.012 0.227
14952 235 202 4 4 0 2503.71 0.871 0.012 0.227
14953 203 204 4 4 0 1507.20 0.455 0.012 0.123
14954 204 203 4 4 0 1507.20 0.455 0.012 0.123
14955 203 234 4 4 0 2503.71 0.871 0.010 0.225
14956 234 203 4 4 0 2503.71 0.871 0.010 0.225
14957 203 235 4 4 0 1999.08 0.660 0.008 0.171
14958 235 203 4 4 0 1999.08 0.660 0.008 0.171
14959 203 236 4 4 0 2503.71 0.871 0.010 0.225
14960 236 203 4 4 0 2503.71 0.871 0.010 0.225
14961 204 205 4 4 0 1507.20 0.455 0.014 0.124
14962 205 204 4 4 0 1507.20 0.455 0.014 0.124
14963 204 235 4 4 0 2503.71 0.871 0.012 0.227
14964 235 204 4 4 0 2503.71 0.871 0.012 0.227
14965 204 236 4 4 0 1999.08 0.660 0.014 0.176
14966 236 204 4 4 0 1999.08 0.660 0.014 0.176
14967 204 237 4 4 0 2503.71 0.871 0.012 0.227
14968 237 204 4 4 0 2503.71 0.871 0.012 0.227
14969 205 206 4 4 0 1507.20 0.455 0.010 0.121
14970 206 205 4 4 0 1507.20 0.455 0.010 0.121
14971 205 236 4 4 0 2503.71 0.871 0.012 0.227
14972 236 205 4 4 0 2503.71 0.871 0.012 0.227
14973 205 237 4 4 0 1999.08 0.660 0.010 0.173
14974 237 205 4 4 0 1999.08 0.660 0.010 0.173
14975 205 238 4 4 0 2503.71 0.871 0.010 0.225
14976 238 205 4 4 0 2503.71 0.871 0.010 0.225
14977 206 207 4 4 0 1507.20 0.455 0.010 0.121
14978 207 206 4 4 0 1507.20 0.455 0.010 0.121
14979 206 237 4 4 0 2503.71 0.871 0.008 0.224
14980 237 206 4 4 0 2503.71 0.871 0.008 0.224
14981 206 238 4 4 0 1999.08 0.660 0.008 0.171
14982 238 206 4 4 0 1999.08 0.660 0.008 0.171
14983 206 239 4 4 0 2503.71 0.871 0.018 0.231
14984 239 206 4 4 0 2503.71 0.871 0.018 0.231
14985 207 208 4 4 0 1507.20 0.455 0.012 0.123
14986 208 207 4 4 0 1507.20 0.455 0.012 0.123
14987 207 238 4 4 0 2503.71 0.871 0.010 0.225
14988 238 207 4 4 0 2503.71 0.871 0.010 0.225
14989 207 239 4 4 0 1999.08 0.660 0.020 0.180
14990 239 207 4 4 0 1999.08 0.660 0.020 0.180
14991 207 240 4 4 0 2503.71 0.871 0.020 0.233
14992 240 207 4 4 0 2503.71 0.871 0.020 0.233
14993 208 209 4 4 0 1507.20 0.455 0.010 0.121
14994 209 208 4 4 0 1507.20 0.455 0.010 0.121
14995 208 239 4 4 0 2503.71 0.871 0.020 0.233
14996 239 208 4 4 0 2503.71 0.871 0.020 0.233
14997 208 240 4 4 0 1999.08 0.660 0.020 0.180
14998 240 208 4 4 0 1999.08 0.660 0.020 0.180
14999 208 241 4 4 0 2503.71 0.871 0.014 0.228
15000 241 208 4 4 0 2503.71 0.871 0.014 0.228
15001 209 210 4 4 0 1507.20 0.455 0.012 0.123
15002 210 209 4 4 0 1507.20 0.455 0.012 0.123
15003 209 240 4 4 0 2503.71 0.871 0.018 0.231
15004 240 209 4 4 0 2503.71 0.871 0.018 0.231
15005 209 241 4 4 0 1999.08 0.660 0.012 0.174
15006 241 209 4 4 0 1999.08 0.660 0.012 0.174
15007 209 242 4 4 0 2503.71 0.871 0.010 0.225
15008 242 209 4 4 0 2503.71 0.871 0.010 0.225
15009 210 211 4 4 0 1507.20 0.455 0.016 0.126
15010 211 210 4 4 0 1507.20 0.455 0.016 0.126
15011 210 241 4 4 0 2503.71 0.871 0.016 0.230
15012 241 210 4 4 0 2503.71 0.871 0.016 0.230
15013 210 242 4 4 0 1999.08 0.660 0.014 0.176
15014 242 210 4 4 0 1999.08 0.660 0.014 0.176
15015 210 243 4 4 0 2503.71 0.871 0.014 0.228
15016 243 210 4 4 0 2503.71 0.871 0.014 0.228
15017 211 212 4 4 0 1507.20 0.455 0.014 0.124
15018 212 211 4 4 0 1507.20 0.455 0.014 0.124
15019 211 242 4 4 0 2503.71 0.871 0.014 0.228
15020 242 211 4 4 0 2503.71 0.871 0.014 0.228
15021 211 243 4 4 0 1999.08 0.660 0.014 0.176
15022 243 211 4 4 0 1999.08 0.660 0.014 0.176
15023 211 244 4 4 0 2503.71 0.871 0.014 0.228
15024 244 211 4 4 0 2503.71 0.871 0.014 0.228
15025 212 213 4 4 0 1507.20 0.455 0.010 0.121
15026 213 212 4 4 0 1507.20 0.455 0.010 0.121
15027 212 243 4 4 0 2503.71 0.871 0.012 0.227
15028 243 212 4 4 0 2503.71 0.871 0.012 0.227
15029 212 244 4 4 0 1999.08 0.660 0.012 0.174
15030 244 212 4 4 0 1999.08 0.660 0.012 0.174
15031 212 245 4 4 0 2503.71 0.871 0.012 0.227
15032 245 212 4 4 0 2503.71 0.871 0.012 0.227
15033 213 214 4 4 0 1507.20 0.455 0.012 0.123
15034 214 213 4 4 0 1507.20 0.455 0.012 0.123
15035 213 244 4 4 0 2503.71 0.871 0.010 0.225
15036 244 213 4 4 0 2503.71 0.871 0.010 0.225
15037 213 245 4 4 0 1999.08 0.660 0.010 0.173
15038 245 213 4 4 0 1999.08 0.660 0.010 0.173
15039 213 246 4 4 0 2503.71 0.871 0.010 0.225
15040 246 213 4 4 0 2503.71 0.871 0.010 0.225
15041 214 215 4 4 0 1507.20 0.455 0.012 0.123
15042 215 214 4 4 0 1507.20 0.455 0.012 0.123
15043 214 245 4 4 0 2503.71 0.871 0.014 0.228
15044 245 214 4 4 0 2503.71 0.871 0.014 0.228
15045 214 246 4 4 0 1999.08 0.660 0.014 0.176
15046 246 214 4 4 0 1999.08 0.660 0.014 0.176
15047 214 247 4 4 0 2503.71 0.871 0.014 0.228
15048 247 214 4 4 0 2503.71 0.871 0.014 0.228
15049 215 216 4 4 0 1507.20 0.455 0.008 0.120
15050 216 215 4 4 0 1507.20 0.455 0.008 0.120
15051 215 246 4 4 0 2503.71 0.871 0.010 0.225
15052 246 215 4 4 0 2503.71 0.871 0.010 0.225
15053 215 247 4 4 0 1999.08 0.660 0.010 0.173
15054 247 215 4 4 0 1999.08 0.660 0.010 0.173
15055 216 217 4 4 0 1507.20 0.455 0.010 0.121
15056 217 216 4 4 0 1507.20 0.455 0.010 0.121
15057 216 247 4 4 0 2503.71 0.871 0.010 0.225
15058 247 216 4 4 0 2503.71 0.871 0.010 0.225
15059 216 248 4 4 0 1999.08 0.660 0.010 0.173
15060 248 216 4 4 0 1999.08 0.660 0.010 0.173
15061 216 249 4 4 0 2503.71 0.871 0.010 0.225
15062 249 216 4 4 0 2503.71 0.871 0.010 0.225
15063 217 218 4 4 0 1507.20 0.455 0.010 0.121
15064 218 217 4 4 0 1507.20 0.455 0.010 0.121
15065 217 248 4 4 0 2503.71 0.871 0.012 0.227
15066 248 217 4 4 0 2503.71 0.871 0.012 0.227
15067 217 249 4 4 0 1999.08 0.660 0.012 0.174
15068 249 217 4 4 0 1999.08 0.660 0.012 0.174
15069 217 250 4 4 0 2503.71 0.871 0.014 0.228
15070 250 217 4 4 0 2503.71 0.871 0.014 0.228
15071 218 219 4 4 0 1507.20 0.455 0.010 0.121
15072 219 218 4 4 0 1507.20 0.455 0.010 0.121
15073 218 249 4 4 0 2503.71 0.871 0.010 0.225
15074 249 218 4 4 0 2503.71 0.871 0.010 0.225
15075 218 250 4 4 0 1999.08 0.660 0.012 0.174
15076 250 218 4 4 0 1999.08 0.660 0.012 0.174
15077 218 251 4 4 0 2503.71 0.871 0.010 0.225
15078 251 218 4 4 0 2503.71 0.871 0.010 0.225
15079 219 250 4 4 0 2503.71 0.871 0.014 0.228
15080 250 219 4 4 0 2503.71 0.871 0.014 0.228
15081 219 251 4 4 0 1999.08 0.660 0.012 0.174
15082 251 219 4 4 0 1999.08 0.660 0.012 0.174
15083 219 252 4 4 0 2503.71 0.871 0.010 0.225
15084 252 219 4 4 0 2503.71 0.871 0.010 0.225
15085 220 221 4 4 0 1507.61 0.455 0.148 0.225
15086 221 220 4 4 0 1507.61 0.455 0.148 0.225
15087 220 254 4 4 0 1999.07 0.660 0.090 0.233
15088 254 220 4 4 0 1999.07 0.660 0.090 0.233
15089 220 255 4 4 0 2503.96 0.871 0.096 0.290
15090 255 220 4 4 0 2503.96 0.871 0.096 0.290
15091 221 222 4 4 0 1507.61 0.455 0.118 0.203
15092 222 221 4 4 0 1507.61 0.455 0.118 0.203
15093 221 254 4 4 0 2503.96 0.871 0.086 0.282
15094 254 221 4 4 0 2503.96 0.871 0.086 0.282
15095 221 255 4 4 0 1999.07 0.660 0.092 0.234
15096 255 221 4 4 0 1999.07 0.660 0.092 0.234
15097 221 256 4 4 0 2503.96 0.871 0.088 0.284
15098 256 221 4 4 0 2503.96 0.871 0.088 0.284
15099 222 223 4 4 0 1507.61 0.455 0.124 0.207
15100 223 222 4 4 0 1507.61 0.455 0.124 0.207
15101 222 255 4 4 0 2503.96 0.871 0.066 0.267
15102 255 222 4 4 0 2503.96 0.871 0.066 0.267
15103 222 256 4 4 0 1999.07 0.660 0.062 0.212
15104 256 222 4 4 0 1999.07 0.660 0.062 0.212
15105 222 257 4 4 0 2503.96 0.871 0.070 0.270
15106 257 222 4 4 0 2503.96 0.871 0.070 0.270
15107 223 224 4 4 0 1507.61 0.455 0.136 0.216
15108 224 223 4 4 0 1507.61 0.455 0.136 0.216
15109 223 256 4 4 0 2503.96 0.871 0.094 0.288
15110 256 223 4 4 0 2503.96 0.871 0.094 0.288
15111 223 257 4 4 0 1999.07 0.660 0.102 0.242
15112 257 223 4 4 0 1999.07 0.660 0.102 0.242
15113 223 258 4 4 0 2503.96 0.871 0.094 0.288
15114 258 223 4 4 0 2503.96 0.871 0.094 0.288
15115 224 225 4 4 0 1507.61 0.455 0.140 0.219
15116 225 224 4 4 0 1507.61 0.455 0.140 0.219
15117 224 257 4 4 0 2503.96 0.871 0.082 0.279
15118 257 224 4 4 0 2503.96 0.871 0.082 0.279
15119 224 258 4 4 0 1999.07 0.660 0.074 0.221
15120 258 224 4 4 0 1999.07 0.660 0.074 0.221
15121 224 259 4 4 0 2503.96 0.871 0.072 0.272
15122 259 224 4 4 0 2503.96 0.871 0.072 0.272
15123 225 226 4 4 0 1507.61 0.455 0.148 0.225
15124 226 225 4 4 0 1507.61 0.455 0.148 0.225
15125 225 258 4 4 0 2503.96 0.871 0.098 0.291
15126 258 225 4 4 0 2503.96 0.871 0.098 0.291
15127 225 259 4 4 0 1999.07 0.660 0.096 0.237
15128 259 225 4 4 0 1999.07 0.660 0.096 0.237
15129 225 260 4 4 0 2503.96 0.871 0.146 0.328
15130 260 225 4 4 0 2503.96 0.871 0.146 0.328
15131 226 227 4 4 0 1507.61 0.455 0.122 0.206
15132 227 226 4 4 0 1507.61 0.455 0.122 0.206
15133 226 259 4 4 0 2503.96 0.871 0.080 0.278
15134 259 226 4 4 0 2503.96 0.871 0.080 0.278
15135 226 260 4 4 0 1999.07 0.660 0.130 0.263
15136 260 226 4 4 0 1999.07 0.660 0.130 0.263
15137 226 261 4 4 0 2503.96 0.871 0.150 0.331
15138 261 226 4 4 0 2503.96 0.871 0.150 0.331
15139 227 228 4 4 0 1507.61 0.455 0.138 0.218
15140 228 227 4 4 0 1507.61 0.455 0.138 0.218
15141 227 260 4 4 0 2503.96 0.871 0.120 0.308
15142 260 227 4 4 0 2503.96 0.871 0.120 0.308
15143 227 261 4 4 0 1999.07 0.660 0.140 0.270
15144 261 227 4 4 0 1999.07 0.660 0.140 0.270
15145 227 262 4 4 0 2503.96 0.871 0.106 0.297
15146 262 227 4 4 0 2503.96 0.871 0.106 0.297
15147 228 229 4 4 0 1507.61 0.455 0.128 0.210
15148 229 228 4 4 0 1507.61 0.455 0.128 0.210
15149 228 261 4 4 0 2503.96 0.871 0.167 0.343
15150 261 228 4 4 0 2503.96 0.871 0.167 0.343
15151 228 262 4 4 0 1999.07 0.660 0.132 0.264
15152 262 228 4 4 0 1999.07 0.660 0.132 0.264
15153 228 263 4 4 0 2503.96 0.871 0.090 0.285
15154 263 228 4 4 0 2503.96 0.871 0.090 0.285
15155 229 230 4 4 0 1507.61 0.455 0.050 0.151
15156 230 229 4 4 0 1507.61 0.455 0.050 0.151
15157 229 262 4 4 0 2503.96 0.871 0.096 0.290
15158 262 229 4 4 0 2503.96 0.871 0.096 0.290
15159 229 263 4 4 0 1999.07 0.660 0.054 0.206
15160 263 229 4 4 0 1999.07 0.660 0.054 0.206
15161 229 264 4 4 0 2503.96 0.871 0.052 0.257
15162 264 229 4 4 0 2503.96 0.871 0.052 0.257
15163 230 231 4 4 0 1507.61 0.455 0.012 0.123
15164 231 230 4 4 0 1507.61 0.455 0.012 0.123
15165 230 263 4 4 0 2503.96 0.871 0.012 0.227
15166 263 230 4 4 0 2503.96 0.871 0.012 0.227
15167 230 264 4 4 0 1999.07 0.660 0.010 0.173
15168 264 230 4 4 0 1999.07 0.660 0.010 0.173
15169 230 265 4 4 0 2503.96 0.871 0.010 0.225
15170 265 230 4 4 0 2503.96 0.871 0.010 0.225
15171 231 232 4 4 0 1507.61 0.455 0.014 0.124
15172 232 231 4 4 0 1507.61 0.455 0.014 0.124
15173 231 264 4 4 0 2503.96 0.871 0.014 0.228
15174 264 231 4 4 0 2503.96 0.871 0.014 0.228
15175 231 265 4 4 0 1999.07 0.660 0.014 0.176
15176 265 231 4 4 0 1999.07 0.660 0.014 0.176
15177 231 266 4 4 0 2503.96 0.871 0.028 0.239
15178 266 231 4 4 0 2503.96 0.871 0.028 0.239
15179 232 233 4 4 0 1507.61 0.455 0.024 0.132
15180 233 232 4 4 0 1507.61 0.455 0.024 0.132
15181 232 265 4 4 0 2503.96 0.871 0.012 0.227
15182 265 232 4 4 0 2503.96 0.871 0.012 0.227
15183 232 266 4 4 0 1999.07 0.660 0.026 0.185
15184 266 232 4 4 0 1999.07 0.660 0.026 0.185
15185 232 267 4 4 0 2503.96 0.871 0.020 0.233
15186 267 232 4 4 0 2503.96 0.871 0.020 0.233
15187 233 234 4 4 0 1507.61 0.455 0.024 0.132
15188 234 233 4 4 0 1507.61 0.455 0.024 0.132
15189 233 266 4 4 0 2503.96 0.871 0.038 0.246
15190 266 233 4 4 0 2503.96 0.871 0.038 0.246
15191 233 267 4 4 0 1999.07 0.660 0.032 0.189
15192 267 233 4 4 0 1999.07 0.660 0.032 0.189
15193 233 268 4 4 0 2503.96 0.871 0.040 0.248
15194 268 233 4 4 0 2503.96 0.871 0.040 0.248
15195 234 235 4 4 0 1507.61 0.455 0.010 0.121
15196 235 234 4 4 0 1507.61 0.455 0.010 0.121
15197 234 267 4 4 0 2503.96 0.871 0.020 0.233
15198 267 234 4 4 0 2503.96 0.871 0.020 0.233
15199 234 268 4 4 0 1999.07 0.660 0.028 0.186
15200 268 234 4 4 0 1999.07 0.660 0.028 0.186
15201 234 269 4 4 0 2503.96 0.871 0.022 0.234
15202 269 234 4 4 0 2503.96 0.871 0.022 0.234
15203 235 236 4 4 0 1507.61 0.455 0.010 0.121
15204 236 235 4 4 0 1507.61 0.455 0.010 0.121
15205 235 268 4 4 0 2503.96 0.871 0.026 0.237
15206 268 235 4 4 0 2503.96 0.871 0.026 0.237
15207 235 269 4 4 0 1999.07 0.660 0.020 0.180
15208 269 235 4 4 0 1999.07 0.660 0.020 0.180
15209 235 270 4 4 0 2503.96 0.871 0.024 0.236
15210 270 235 4 4 0 2503.96 0.871 0.024 0.236
15211 236 237 4 4 0 1507.61 0.455 0.010 0.121
15212 237 236 4 4 0 1507.61 0.455 0.010 0.121
15213 236 269 4 4 0 2503.96 0.871 0.022 0.234
15214 269 236 4 4 0 2503.96 0.871 0.022 0.234
15215 236 270 4 4 0 1999.07 0.660 0.026 0.185
15216 270 236 4 4 0 1999.07 0.660 0.026 0.185
15217 236 271 4 4 0 2503.96 0.871 0.026 0.237
15218 271 236 4 4 0 2503.96 0.871 0.026 0.237
15219 237 238 4 4 0 1507.61 0.455 0.008 0.120
15220 238 237 4 4 0 1507.61 0.455 0.008 0.120
15221 237 270 4 4 0 2503.96 0.871 0.024 0.236
15222 270 237 4 4 0 2503.96 0.871 0.024 0.236
15223 237 271 4 4 0 1999.07 0.660 0.024 0.183
15224 271 237 4 4 0 1999.07 0.660 0.024 0.183
15225 237 272 4 4 0 2503.96 0.871 0.028 0.239
15226 272 237 4 4 0 2503.96 0.871 0.028 0.239
15227 238 239 4 4 0 1507.61 0.455 0.018 0.127
15228 239 238 4 4 0 1507.61 0.455 0.018 0.127
15229 238 271 4 4 0 2503.96 0.871 0.024 0.236
15230 271 238 4 4 0 2503.96 0.871 0.024 0.236
15231 238 272 4 4 0 1999.07 0.660 0.028 0.186
15232 272 238 4 4 0 1999.07 0.660 0.028 0.186
15233 238 273 4 4 0 2503.96 0.871 0.008 0.224
15234 273 238 4 4 0 2503.96 0.871 0.008 0.224
15235 239 240 4 4 0 1507.61 0.455 0.028 0.135
15236 240 239 4 4 0 1507.61 0.455 0.028 0.135
15237 239 272 4 4 0 2503.96 0.871 0.038 0.246
15238 272 239 4 4 0 2503.96 0.871 0.038 0.246
15239 239 273 4 4 0 1999.07 0.660 0.018 0.179
15240 273 239 4 4 0 1999.07 0.660 0.018 0.179
15241 239 274 4 4 0 2503.96 0.871 0.020 0.233
15242 274 239 4 4 0 2503.96 0.871 0.020 0.233
15243 240 241 4 4 0 1507.61 0.455 0.022 0.130
15244 241 240 4 4 0 1507.61 0.455 0.022 0.130
15245 240 273 4 4 0 2503.96 0.871 0.018 0.231
15246 273 240 4 4 0 2503.96 0.871 0.018 0.231
15247 240 274 4 4 0 1999.07 0.660 0.020 0.180
15248 274 240 4 4 0 1999.07 0.660 0.020 0.180
15249 240 275 4 4 0 2503.96 0.871 0.018 0.231
15250 275 240 4 4 0 2503.96 0.871 0.018 0.231
15251 241 242 4 4 0 1507.61 0.455 0.014 0.124
15252 242 241 4 4 0 1507.61 0.455 0.014 0.124
15253 241 274 4 4 0 2503.96 0.871 0.014 0.228
15254 274 241 4 4 0 2503.96 0.871 0.014 0.228
15255 241 275 4 4 0 1999.07 0.660 0.012 0.174
15256 275 241 4 4 0 1999.07 0.660 0.012 0.174
15257 241 276 4 4 0 2503.96 0.871 0.012 0.227
15258 276 241 4 4 0 2503.96 0.871 0.012 0.227
15259 242 243 4 4 0 1507.61 0.455 0.012 0.123
15260 243 242 4 4 0 1507.61 0.455 0.012 0.123
15261 242 275 4 4 0 2503.96 0.871 0.010 0.225
15262 275 242 4 4 0 2503.96 0.871 0.010 0.225
15263 242 276 4 4 0 1999.07 0.660 0.010 0.173
15264 276 242 4 4 0 1999.07 0.660 0.010 0.173
15265 242 277 4 4 0 2503.96 0.871 0.010 0.225
15266 277 242 4 4 0 2503.96 0.871 0.010 0.225
15267 243 244 4 4 0 1507.61 0.455 0.012 0.123
15268 244 243 4 4 0 1507.61 0.455 0.012 0.123
15269 243 276 4 4 0 2503.96 0.871 0.010 0.225
15270 276 243 4 4 0 2503.96 0.871 0.010 0.225
15271 243 277 4 4 0 1999.07 0.660 0.010 0.173
15272 277 243 4 4 0 1999.07 0.660 0.010 0.173
15273 243 278 4 4 0 2503.96 0.871 0.010 0.225
15274 278 243 4 4 0 2503.96 0.871 0.010 0.225
15275 244 245 4 4 0 1507.61 0.455 0.012 0.123
15276 245 244 4 4 0 1507.61 0.455 0.012 0.123
15277 244 277 4 4 0 2503.96 0.871 0.010 0.225
15278 277 244 4 4 0 2503.96 0.871 0.010 0.225
15279 244 278 4 4 0 1999.07 0.660 0.010 0.173
15280 278 244 4 4 0 1999.07 0.660 0.010 0.173
15281 244 279 4 4 0 2503.96 0.871 0.014 0.228
15282 279 244 4 4 0 2503.96 0.871 0.014 0.228
15283 245 246 4 4 0 1507.61 0.455 0.012 0.123
15284 246 245 4 4 0 1507.61 0.455 0.012 0.123
15285 245 278 4 4 0 2503.96 0.871 0.010 0.225
15286 278 245 4 4 0 2503.96 0.871 0.010 0.225
15287 245 279 4 4 0 1999.07 0.660 0.014 0.176
15288 279 245 4 4 0 1999.07 0.660 0.014 0.176
15289 245 280 4 4 0 2503.96 0.871 0.014 0.228
15290 280 245 4 4 0 2503.96 0.871 0.014 0.228
15291 246 247 4 4 0 1507.61 0.455 0.012 0.123
15292 247 246 4 4 0 1507.61 0.455 0.012 0.123
15293 246 279 4 4 0 2503.96 0.871 0.014 0.228
15294 279 246 4 4 0 2503.96 0.871 0.014 0.228
15295 246 280 4 4 0 1999.07 0.660 0.014 0.176
15296 280 246 4 4 0 1999.07 0.660 0.014 0.176
15297 246 281 4 4 0 2503.96 0.871 0.012 0.227
15298 281 246 4 4 0 2503.96 0.871 0.012 0.227
15299 247 248 4 4 0 1507.61 0.455 0.012 0.123
15300 248 247 4 4 0 1507.61 0.455 0.012 0.123
15301 247 280 4 4 0 2503.96 0.871 0.014 0.228
15302 280 247 4 4 0 2503.96 0.871 0.014 0.228
15303 247 281 4 4 0 1999.07 0.660 0.012 0.174
15304 281 247 4 4 0 1999.07 0.660 0.012 0.174
15305 248 249 4 4 0 1507.61 0.455 0.012 0.123
15306 249 248 4 4 0 1507.61 0.455 0.012 0.123
15307 248 281 4 4 0 2503.96 0.871 0.012 0.227
15308 281 248 4 4 0 2503.96 0.871 0.012 0.227
15309 248 282 4 4 0 1999.07 0.660 0.010 0.173
15310 282 248 4 4 0 1999.07 0.660 0.010 0.173
15311 248 283 4 4 0 2503.96 0.871 0.010 0.225
15312 283 248 4 4 0 2503.96 0.871 0.010 0.225
15313 249 250 4 4 0 1507.61 0.455 0.014 0.124
15314 250 249 4 4 0 1507.61 0.455 0.014 0.124
15315 249 282 4 4 0 2503.96 0.871 0.010 0.225
15316 282 249 4 4 0 2503.96 0.871 0.010 0.225
15317 249 283 4 4 0 1999.07 0.660 0.010 0.173
15318 283 249 4 4 0 1999.07 0.660 0.010 0.173
15319 249 284 4 4 0 2503.96 0.871 0.012 0.227
15320 284 249 4 4 0 2503.96 0.871 0.012 0.227
15321 250 251 4 4 0 1507.61 0.455 0.014 0.124
15322 251 250 4 4 0 1507.61 0.455 0.014 0.124
15323 250 283 4 4 0 2503.96 0.871 0.012 0.227
15324 283 250 4 4 0 2503.96 0.871 0.012 0.227
15325 250 284 4 4 0 1999.07 0.660 0.014 0.176
15326 284 250 4 4 0 1999.07 0.660 0.014 0.176
15327 250 285 4 4 0 2503.96 0.871 0.014 0.228
15328 285 250 4 4 0 2503.96 0.871 0.014 0.228
15329 251 252 4 4 0 1507.61 0.455 0.010 0.121
15330 252 251 4 4 0 1507.61 0.455 0.010 0.121
15331 251 284 4 4 0 2503.96 0.871 0.012 0.227
15332 284 251 4 4 0 2503.96 0.871 0.012 0.227
15333 251 285 4 4 0 1999.07 0.660 0.012 0.174
15334 285 251 4 4 0 1999.07 0.660 0.012 0.174
15335 251 286 4 4 0 2503.96 0.871 0.014 0.228
15336 286 251 4 4 0 2503.96 0.871 0.014 0.228
15337 252 253 4 4 0 1507.61 0.455 0.012 0.123
15338 253 252 4 4 0 1507.61 0.455 0.012 0.123
15339 252 285 4 4 0 2503.96 0.871 0.010 0.225
15340 285 252 4 4 0 2503.96 0.871 0.010 0.225
15341 252 286 4 4 0 1999.07 0.660 0.012 0.174
15342 286 252 4 4 0 1999.07 0.660 0.012 0.174
15343 252 287 4 4 0 2503.96 0.871 0.010 0.225
15344 287 252 4 4 0 2503.96 0.871 0.010 0.225
15345 253 286 4 4 0 2503.96 0.871 0.016 0.230
15346 286 253 4 4 0 2503.96 0.871 0.016 0.230
15347 253 287 4 4 0 1999.07 0.660 0.014 0.176
15348 287 253 4 4 0 1999.07 0.660 0.014 0.176
15349 253 288 4 4 0 2503.96 0.871 0.068 0.269
15350 288 253 4 4 0 2503.96 0.871 0.068 0.269
15351 254 255 4 4 0 1508.03 0.456 0.034 0.139
15352 255 254 4 4 0 1508.03 0.456 0.034 0.139
15353 254 291 4 4 0 2504.20 0.871 0.038 0.246
15354 291 254 4 4 0 2504.20 0.871 0.038 0.246
15355 255 256 4 4 0 1508.03 0.456 0.036 0.141
15356 256 255 4 4 0 1508.03 0.456 0.036 0.141
15357 255 291 4 4 0 1999.06 0.660 0.044 0.198
15358 291 255 4 4 0 1999.06 0.660 0.044 0.198
15359 255 292 4 4 0 2504.20 0.871 0.032 0.242
15360 292 255 4 4 0 2504.20 0.871 0.032 0.242
15361 256 257 4 4 0 1508.03 0.456 0.040 0.144
15362 257 256 4 4 0 1508.03 0.456 0.040 0.144
15363 256 291 4 4 0 2504.20 0.871 0.040 0.248
15364 291 256 4 4 0 2504.20 0.871 0.040 0.248
15365 256 292 4 4 0 1999.06 0.660 0.028 0.186
15366 292 256 4 4 0 1999.06 0.660 0.028 0.186
15367 256 293 4 4 0 2504.20 0.871 0.032 0.242
15368 293 256 4 4 0 2504.20 0.871 0.032 0.242
15369 257 258 4 4 0 1508.03 0.456 0.040 0.144
15370 258 257 4 4 0 1508.03 0.456 0.040 0.144
15371 257 292 4 4 0 2504.20 0.871 0.036 0.245
15372 292 257 4 4 0 2504.20 0.871 0.036 0.245
15373 257 293 4 4 0 1999.06 0.660 0.040 0.195
15374 293 257 4 4 0 1999.06 0.660 0.040 0.195
15375 257 294 4 4 0 2504.20 0.871 0.046 0.252
15376 294 257 4 4 0 2504.20 0.871 0.046 0.252
15377 258 259 4 4 0 1508.03 0.456 0.030 0.136
15378 259 258 4 4 0 1508.03 0.456 0.030 0.136
15379 258 293 4 4 0 2504.20 0.871 0.032 0.242
15380 293 258 4 4 0 2504.20 0.871 0.032 0.242
15381 258 294 4 4 0 1999.06 0.660 0.038 0.194
15382 294 258 4 4 0 1999.06 0.660 0.038 0.194
15383 258 295 4 4 0 2504.20 0.871 0.038 0.246
15384 295 258 4 4 0 2504.20 0.871 0.038 0.246
15385 259 260 4 4 0 1508.03 0.456 0.078 0.173
15386 260 259 4 4 0 1508.03 0.456 0.078 0.173
15387 259 294 4 4 0 2504.20 0.871 0.036 0.245
15388 294 259 4 4 0 2504.20 0.871 0.036 0.245
15389 259 295 4 4 0 1999.06 0.660 0.036 0.192
15390 295 259 4 4 0 1999.06 0.660 0.036 0.192
15391 259 296 4 4 0 2504.20 0.871 0.038 0.246
15392 296 259 4 4 0 2504.20 0.871 0.038 0.246
15393 260 261 4 4 0 1508.03 0.456 0.148 0.225
15394 261 260 4 4 0 1508.03 0.456 0.148 0.225
15395 260 295 4 4 0 2504.20 0.871 0.086 0.282
15396 295 260 4 4 0 2504.20 0.871 0.086 0.282
15397 260 296 4 4 0 1999.06 0.660 0.088 0.231
15398 296 260 4 4 0 1999.06 0.660 0.088 0.231
15399 260 297 4 4 0 2504.20 0.871 0.122 0.310
15400 297 260 4 4 0 2504.20 0.871 0.122 0.310
15401 261 262 4 4 0 1508.03 0.456 0.134 0.215
15402 262 261 4 4 0 1508.03 0.456 0.134 0.215
15403 261 296 4 4 0 2504.20 0.871 0.108 0.299
15404 296 261 4 4 0 2504.20 0.871 0.108 0.299
15405 261 297 4 4 0 1999.06 0.660 0.142 0.272
15406 297 261 4 4 0 1999.06 0.660 0.142 0.272
15407 261 298 4 4 0 2504.20 0.871 0.155 0.334
15408 298 261 4 4 0 2504.20 0.871 0.155 0.334
15409 262 263 4 4 0 1508.03 0.456 0.058 0.158
15410 263 262 4 4 0 1508.03 0.456 0.058 0.158
15411 262 297 4 4 0 2504.20 0.871 0.108 0.299
15412 297 262 4 4 0 2504.20 0.871 0.108 0.299
15413 262 298 4 4 0 1999.06 0.660 0.120 0.255
15414 298 262 4 4 0 1999.06 0.660 0.120 0.255
15415 262 299 4 4 0 2504.20 0.871 0.054 0.258
15416 299 262 4 4 0 2504.20 0.871 0.054 0.258
15417 263 264 4 4 0 1508.03 0.456 0.014 0.124
15418 264 263 4 4 0 1508.03 0.456 0.014 0.124
15419 263 298 4 4 0 2504.20 0.871 0.078 0.276
15420 298 263 4 4 0 2504.20 0.871 0.078 0.276
15421 263 299 4 4 0 1999.06 0.660 0.012 0.174
15422 299 263 4 4 0 1999.06 0.660 0.012 0.174
15423 263 300 4 4 0 2504.20 0.871 0.014 0.228
15424 300 263 4 4 0 2504.20 0.871 0.014 0.228
15425 264 265 4 4 0 1508.03 0.456 0.012 0.123
15426 265 264 4 4 0 1508.03 0.456 0.012 0.123
15427 264 299 4 4 0 2504.20 0.871 0.010 0.225
15428 299 264 4 4 0 2504.20 0.871 0.010 0.225
15429 264 300 4 4 0 1999.06 0.660 0.012 0.174
15430 300 264 4 4 0 1999.06 0.660 0.012 0.174
15431 264 301 4 4 0 2504.20 0.871 0.020 0.233
15432 301 264 4 4 0 2504.20 0.871 0.020 0.233
15433 265 266 4 4 0 1508.03 0.456 0.026 0.133
15434 266 265 4 4 0 1508.03 0.456 0.026 0.133
15435 265 300 4 4 0 2504.20 0.871 0.012 0.227
15436 300 265 4 4 0 2504.20 0.871 0.012 0.227
15437 265 301 4 4 0 1999.06 0.660 0.020 0.180
15438 301 265 4 4 0 1999.06 0.660 0.020 0.180
15439 265 302 4 4 0 2504.20 0.871 0.022 0.234
15440 302 265 4 4 0 2504.20 0.871 0.022 0.234
15441 266 267 4 4 0 1508.03 0.456 0.034 0.139
15442 267 266 4 4 0 1508.03 0.456 0.034 0.139
15443 266 301 4 4 0 2504.20 0.871 0.034 0.243
15444 301 266 4 4 0 2504.20 0.871 0.034 0.243
15445 266 302 4 4 0 1999.06 0.660 0.036 0.192
15446 302 266 4 4 0 1999.06 0.660 0.036 0.192
15447 266 303 4 4 0 2504.20 0.871 0.034 0.243
15448 303 266 4 4 0 2504.20 0.871 0.034 0.243
15449 267 268 4 4 0 1508.03 0.456 0.036 0.141
15450 268 267 4 4 0 1508.03 0.456 0.036 0.141
15451 267 302 4 4 0 2504.20 0.871 0.030 0.240
15452 302 267 4 4 0 2504.20 0.871 0.030 0.240
15453 267 303 4 4 0 1999.06 0.660 0.028 0.186
15454 303 267 4 4 0 1999.06 0.660 0.028 0.186
15455 267 304 4 4 0 2504.20 0.871 0.038 0.246
15456 304 267 4 4 0 2504.20 0.871 0.038 0.246
15457 268 269 4 4 0 1508.03 0.456 0.038 0.142
15458 269 268 4 4 0 1508.03 0.456 0.038 0.142
15459 268 303 4 4 0 2504.20 0.871 0.036 0.245
15460 303 268 4 4 0 2504.20 0.871 0.036 0.245
15461 268 304 4 4 0 1999.06 0.660 0.046 0.200
15462 304 268 4 4 0 1999.06 0.660 0.046 0.200
15463 268 305 4 4 0 2504.20 0.871 0.036 0.245
15464 305 268 4 4 0 2504.20 0.871 0.036 0.245
15465 269 270 4 4 0 1508.03 0.456 0.036 0.141
15466 270 269 4 4 0 1508.03 0.456 0.036 0.141
15467 269 304 4 4 0 2504.20 0.871 0.040 0.248
15468 304 269 4 4 0 2504.20 0.871 0.040 0.248
15469 269 305 4 4 0 1999.06 0.660 0.030 0.188
15470 305 269 4 4 0 1999.06 0.660 0.030 0.188
15471 269 306 4 4 0 2504.20 0.871 0.032 0.242
15472 306 269 4 4 0 2504.20 0.871 0.032 0.242
15473 270 271 4 4 0 1508.03 0.456 0.040 0.144
15474 271 270 4 4 0 1508.03 0.456 0.040 0.144
15475 270 305 4 4 0 2504.20 0.871 0.034 0.243
15476 305 270 4 4 0 2504.20 0.871 0.034 0.243
15477 270 306 4 4 0 1999.06 0.660 0.036 0.192
15478 306 270 4 4 0 1999.06 0.660 0.036 0.192
15479 270 307 4 4 0 2504.20 0.871 0.036 0.245
15480 307 270 4 4 0 2504.20 0.871 0.036 0.245
15481 271 272 4 4 0 1508.03 0.456 0.044 0.147
15482 272 271 4 4 0 1508.03 0.456 0.044 0.147
15483 271 306 4 4 0 2504.20 0.871 0.036 0.245
15484 306 271 4 4 0 2504.20 0.871 0.036 0.245
15485 271 307 4 4 0 1999.06 0.660 0.036 0.192
15486 307 271 4 4 0 1999.06 0.660 0.036 0.192
15487 271 308 4 4 0 2504.20 0.871 0.034 0.243
15488 308 271 4 4 0 2504.20 0.871 0.034 0.243
15489 272 273 4 4 0 1508.03 0.456 0.028 0.135
15490 273 272 4 4 0 1508.03 0.456 0.028 0.135
15491 272 307 4 4 0 2504.20 0.871 0.040 0.248
15492 307 272 4 4 0 2504.20 0.871 0.040 0.248
15493 272 308 4 4 0 1999.06 0.660 0.038 0.194
15494 308 272 4 4 0 1999.06 0.660 0.038 0.194
15495 272 309 4 4 0 2504.20 0.871 0.042 0.249
15496 309 272 4 4 0 2504.20 0.871 0.042 0.249
15497 273 274 4 4 0 1508.03 0.456 0.010 0.121
15498 274 273 4 4 0 1508.03 0.456 0.010 0.121
15499 273 308 4 4 0 2504.20 0.871 0.018 0.231
15500 308 273 4 4 0 2504.20 0.871 0.018 0.231
15501 273 309 4 4 0 1999.06 0.660 0.022 0.182
15502 309 273 4 4 0 1999.06 0.660 0.022 0.182
15503 273 310 4 4 0 2504.20 0.871 0.026 0.237
15504 310 273 4 4 0 2504.20 0.871 0.026 0.237
15505 274 275 4 4 0 1508.03 0.456 0.010 0.121
15506 275 274 4 4 0 1508.03 0.456 0.010 0.121
15507 274 309 4 4 0 2504.20 0.871 0.024 0.236
15508 309 274 4 4 0 2504.20 0.871 0.024 0.236
15509 274 310 4 4 0 1999.06 0.660 0.028 0.186
15510 310 274 4 4 0 1999.06 0.660 0.028 0.186
15511 274 311 4 4 0 2504.20 0.871 0.026 0.237
15512 311 274 4 4 0 2504.20 0.871 0.026 0.237
15513 275 276 4 4 0 1508.03 0.456 0.008 0.120
15514 276 275 4 4 0 1508.03 0.456 0.008 0.120
15515 275 310 4 4 0 2504.20 0.871 0.026 0.237
15516 310 275 4 4 0 2504.20 0.871 0.026 0.237
15517 275 311 4 4 0 1999.06 0.660 0.024 0.183
15518 311 275 4 4 0 1999.06 0.660 0.024 0.183
15519 275 312 4 4 0 2504.20 0.871 0.008 0.224
15520 312 275 4 4 0 2504.20 0.871 0.008 0.224
15521 276 277 4 4 0 1508.03 0.456 0.008 0.120
15522 277 276 4 4 0 1508.03 0.456 0.008 0.120
15523 276 311 4 4 0 2504.20 0.871 0.024 0.236
15524 311 276 4 4 0 2504.20 0.871 0.024 0.236
15525 276 312 4 4 0 1999.06 0.660 0.008 0.171
15526 312 276 4 4 0 1999.06 0.660 0.008 0.171
15527 276 313 4 4 0 2504.20 0.871 0.010 0.225
15528 313 276 4 4 0 2504.20 0.871 0.010 0.225
15529 277 278 4 4 0 1508.03 0.456 0.008 0.120
15530 278 277 4 4 0 1508.03 0.456 0.008 0.120
15531 277 312 4 4 0 2504.20 0.871 0.008 0.224
15532 312 277 4 4 0 2504.20 0.871 0.008 0.224
15533 277 313 4 4 0 1999.06 0.660 0.010 0.173
15534 313 277 4 4 0 1999.06 0.660 0.010 0.173
15535 277 314 4 4 0 2504.20 0.871 0.010 0.225
15536 314 277 4 4 0 2504.20 0.871 0.010 0.225
15537 278 279 4 4 0 1508.03 0.456 0.012 0.123
15538 279 278 4 4 0 1508.03 0.456 0.012 0.123
15539 278 313 4 4 0 2504.20 0.871 0.010 0.225
15540 313 278 4 4 0 2504.20 0.871 0.010 0.225
15541 278 314 4 4 0 1999.06 0.660 0.010 0.173
15542 314 278 4 4 0 1999.06 0.660 0.010 0.173
15543 278 315 4 4 0 2504.20 0.871 0.012 0.227
15544 315 278 4 4 0 2504.20 0.871 0.012 0.227
15545 279 280 4 4 0 1508.03 0.456 0.016 0.126
15546 280 279 4 4 0 1508.03 0.456 0.016 0.126
15547 279 314 4 4 0 2504.20 0.871 0.014 0.228
15548 314 279 4 4 0 2504.20 0.871 0.014 0.228
15549 279 315 4 4 0 1999.06 0.660 0.016 0.177
15550 315 279 4 4 0 1999.06 0.660 0.016 0.177
15551 279 316 4 4 0 2504.20 0.871 0.014 0.228
15552 316 279 4 4 0 2504.20 0.871 0.014 0.228
15553 280 281 4 4 0 1508.03 0.456 0.014 0.124
15554 281 280 4 4 0 1508.03 0.456 0.014 0.124
15555 280 315 4 4 0 2504.20 0.871 0.016 0.230
15556 315 280 4 4 0 2504.20 0.871 0.016 0.230
15557 280 316 4 4 0 1999.06 0.660 0.014 0.176
15558 316 280 4 4 0 1999.06 0.660 0.014 0.176
15559 280 317 4 4 0 2504.20 0.871 0.012 0.227
15560 317 280 4 4 0 2504.20 0.871 0.012 0.227
15561 281 282 4 4 0 1508.03 0.456 0.010 0.121
15562 282 281 4 4 0 1508.03 0.456 0.010 0.121
15563 281 316 4 4 0 2504.20 0.871 0.012 0.227
15564 316 281 4 4 0 2504.20 0.871 0.012 0.227
15565 281 317 4 4 0 1999.06 0.660 0.010 0.173
15566 317 281 4 4 0 1999.06 0.660 0.010 0.173
15567 281 318 4 4 0 2504.20 0.871 0.010 0.225
15568 318 281 4 4 0 2504.20 0.871 0.010 0.225
15569 282 283 4 4 0 1508.03 0.456 0.008 0.120
15570 283 282 4 4 0 1508.03 0.456 0.008 0.120
15571 282 317 4 4 0 2504.20 0.871 0.008 0.224
15572 317 282 4 4 0 2504.20 0.871 0.008 0.224
15573 282 318 4 4 0 1999.06 0.660 0.008 0.171
15574 318 282 4 4 0 1999.06 0.660 0.008 0.171
15575 282 319 4 4 0 2504.20 0.871 0.010 0.225
15576 319 282 4 4 0 2504.20 0.871 0.010 0.225
15577 283 284 4 4 0 1508.03 0.456 0.010 0.121
15578 284 283 4 4 0 1508.03 0.456 0.010 0.121
15579 283 318 4 4 0 2504.20 0.871 0.008 0.224
15580 318 283 4 4 0 2504.20 0.871 0.008 0.224
15581 283 319 4 4 0 1999.06 0.660 0.010 0.173
15582 319 283 4 4 0 1999.06 0.660 0.010 0.173
15583 284 285 4 4 0 1508.03 0.456 0.012 0.123
15584 285 284 4 4 0 1508.03 0.456 0.012 0.123
15585 284 319 4 4 0 2504.20 0.871 0.012 0.227
15586 319 284 4 4 0 2504.20 0.871 0.012 0.227
15587 284 320 4 4 0 1999.06 0.660 0.010 0.173
15588 320 284 4 4 0 1999.06 0.660 0.010 0.173
15589 284 321 4 4 0 2504.20 0.871 0.014 0.228
15590 321 284 4 4 0 2504.20 0.871 0.014 0.228
15591 285 286 4 4 0 1508.03 0.456 0.014 0.124
15592 286 285 4 4 0 1508.03 0.456 0.014 0.124
15593 285 320 4 4 0 2504.20 0.871 0.010 0.225
15594 320 285 4 4 0 2504.20 0.871 0.010 0.225
15595 285 321 4 4 0 1999.06 0.660 0.014 0.176
15596 321 285 4 4 0 1999.06 0.660 0.014 0.176
15597 285 322 4 4 0 2504.20 0.871 0.010 0.225
15598 322 285 4 4 0 2504.20 0.871 0.010 0.225
15599 286 287 4 4 0 1508.03 0.456 0.014 0.124
15600 287 286 4 4 0 1508.03 0.456 0.014 0.124
15601 286 321 4 4 0 2504.20 0.871 0.016 0.230
15602 321 286 4 4 0 2504.20 0.871 0.016 0.230
15603 286 322 4 4 0 1999.06 0.660 0.012 0.174
15604 322 286 4 4 0 1999.06 0.660 0.012 0.174
15605 286 323 4 4 0 2504.20 0.871 0.052 0.257
15606 323 286 4 4 0 2504.20 0.871 0.052 0.257
15607 287 288 4 4 0 1508.03 0.456 0.066 0.164
15608 288 287 4 4 0 1508.03 0.456 0.066 0.164
15609 287 322 4 4 0 2504.20 0.871 0.010 0.225
15610 322 287 4 4 0 2504.20 0.871 0.010 0.225
15611 287 323 4 4 0 1999.06 0.660 0.050 0.203
15612 323 287 4 4 0 1999.06 0.660 0.050 0.203
15613 287 324 4 4 0 2504.20 0.871 0.052 0.257
15614 324 287 4 4 0 2504.20 0.871 0.052 0.257
15615 288 289 4 4 0 1508.03 0.456 0.092 0.183
15616 289 288 4 4 0 1508.03 0.456 0.092 0.183
15617 288 323 4 4 0 2504.20 0.871 0.104 0.296
15618 323 288 4 4 0 2504.20 0.871 0.104 0.296
15619 288 324 4 4 0 1999.06 0.660 0.106 0.245
15620 324 288 4 4 0 1999.06 0.660 0.106 0.245
15621 288 325 4 4 0 2504.20 0.871 0.102 0.295
15622 325 288 4 4 0 2504.20 0.871 0.102 0.295
15623 289 290 4 4 0 1508.03 0.456 0.074 0.170
15624 290 289 4 4 0 1508.03 0.456 0.074 0.170
15625 289 324 4 4 0 2504.20 0.871 0.078 0.276
15626 324 289 4 4 0 2504.20 0.871 0.078 0.276
15627 289 325 4 4 0 1999.06 0.660 0.074 0.221
15628 325 289 4 4 0 1999.06 0.660 0.074 0.221
15629 289 326 4 4 0 2504.20 0.871 0.076 0.275
15630 326 289 4 4 0 2504.20 0.871 0.076 0.275
15631 290 325 4 4 0 2504.20 0.871 0.084 0.281
15632 325 290 4 4 0 2504.20 0.871 0.084 0.281
15633 290 326 4 4 0 1999.06 0.660 0.086 0.230
15634 326 290 4 4 0 1999.06 0.660 0.086 0.230
15635 290 327 4 4 0 2504.20 0.871 0.086 0.282
15636 327 290 4 4 0 2504.20 0.871 0.086 0.282
15637 291 292 4 4 0 1508.44 0.456 0.036 0.141
15638 292 291 4 4 0 1508.44 0.456 0.036 0.141
15639 292 293 4 4 0 1508.44 0.456 0.028 0.135
15640 293 292 4 4 0 1508.44 0.456 0.028 0.135
15641 293 294 4 4 0 1508.44 0.456 0.038 0.143
15642 294 293 4 4 0 1508.44 0.456 0.038 0.143
15643 293 329 4 4 0 2504.45 0.871 0.028 0.239
15644 329 293 4 4 0 2504.45 0.871 0.028 0.239
15645 294 295 4 4 0 1508.44 0.456 0.044 0.147
15646 295 294 4 4 0 1508.44 0.456 0.044 0.147
15647 294 329 4 4 0 1999.06 0.660 0.034 0.191
15648 329 294 4 4 0 1999.06 0.660 0.034 0.191
15649 294 330 4 4 0 2504.45 0.871 0.034 0.243
15650 330 294 4 4 0 2504.45 0.871 0.034 0.243
15651 295 296 4 4 0 1508.44 0.456 0.046 0.149
15652 296 295 4 4 0 1508.44 0.456 0.046 0.149
15653 295 329 4 4 0 2504.45 0.871 0.034 0.243
15654 329 295 4 4 0 2504.45 0.871 0.034 0.243
15655 295 330 4 4 0 1999.06 0.660 0.034 0.191
15656 330 295 4 4 0 1999.06 0.660 0.034 0.191
15657 295 331 4 4 0 2504.45 0.871 0.044 0.251
15658 331 295 4 4 0 2504.45 0.871 0.044 0.251
15659 296 297 4 4 0 1508.44 0.456 0.082 0.176
15660 297 296 4 4 0 1508.44 0.456 0.082 0.176
15661 296 330 4 4 0 2504.45 0.871 0.036 0.245
15662 330 296 4 4 0 2504.45 0.871 0.036 0.245
15663 296 331 4 4 0 1999.06 0.660 0.046 0.200
15664 331 296 4 4 0 1999.06 0.660 0.046 0.200
15665 296 332 4 4 0 2504.45 0.871 0.036 0.245
15666 332 296 4 4 0 2504.45 0.871 0.036 0.245
15667 297 298 4 4 0 1508.44 0.456 0.128 0.210
15668 298 297 4 4 0 1508.44 0.456 0.128 0.210
15669 297 331 4 4 0 2504.45 0.871 0.080 0.278
15670 331 297 4 4 0 2504.45 0.871 0.080 0.278
15671 297 332 4 4 0 1999.06 0.660 0.070 0.218
15672 332 297 4 4 0 1999.06 0.660 0.070 0.218
15673 297 333 4 4 0 2504.45 0.871 0.074 0.273
15674 333 297 4 4 0 2504.45 0.871 0.074 0.273
15675 298 299 4 4 0 1508.44 0.456 0.074 0.170
15676 299 298 4 4 0 1508.44 0.456 0.074 0.170
15677 298 332 4 4 0 2504.45 0.871 0.082 0.279
15678 332 298 4 4 0 2504.45 0.871 0.082 0.279
15679 298 333 4 4 0 1999.06 0.660 0.086 0.230
15680 333 298 4 4 0 1999.06 0.660 0.086 0.230
15681 298 334 4 4 0 2504.45 0.871 0.076 0.275
15682 334 298 4 4 0 2504.45 0.871 0.076 0.275
15683 299 300 4 4 0 1508.44 0.456 0.010 0.121
15684 300 299 4 4 0 1508.44 0.456 0.010 0.121
15685 299 333 4 4 0 2504.45 0.871 0.020 0.233
15686 333 299 4 4 0 2504.45 0.871 0.020 0.233
15687 299 334 4 4 0 1999.06 0.660 0.010 0.173
15688 334 299 4 4 0 1999.06 0.660 0.010 0.173
15689 299 335 4 4 0 2504.45 0.871 0.022 0.234
15690 335 299 4 4 0 2504.45 0.871 0.022 0.234
15691 300 301 4 4 0 1508.44 0.456 0.020 0.129
15692 301 300 4 4 0 1508.44 0.456 0.020 0.129
15693 300 334 4 4 0 2504.45 0.871 0.012 0.227
15694 334 300 4 4 0 2504.45 0.871 0.012 0.227
15695 300 335 4 4 0 1999.06 0.660 0.024 0.183
15696 335 300 4 4 0 1999.06 0.660 0.024 0.183
15697 300 336 4 4 0 2504.45 0.871 0.026 0.237
15698 336 300 4 4 0 2504.45 0.871 0.026 0.237
15699 301 302 4 4 0 1508.44 0.456 0.030 0.136
15700 302 301 4 4 0 1508.44 0.456 0.030 0.136
15701 301 335 4 4 0 2504.45 0.871 0.032 0.242
15702 335 301 4 4 0 2504.45 0.871 0.032 0.242
15703 301 336 4 4 0 1999.06 0.660 0.034 0.191
15704 336 301 4 4 0 1999.06 0.660 0.034 0.191
15705 301 337 4 4 0 2504.45 0.871 0.032 0.242
15706 337 301 4 4 0 2504.45 0.871 0.032 0.242
15707 302 303 4 4 0 1508.44 0.456 0.030 0.136
15708 303 302 4 4 0 1508.44 0.456 0.030 0.136
15709 302 336 4 4 0 2504.45 0.871 0.036 0.245
15710 336 302 4 4 0 2504.45 0.871 0.036 0.245
15711 302 337 4 4 0 1999.06 0.660 0.034 0.191
15712 337 302 4 4 0 1999.06 0.660 0.034 0.191
15713 302 338 4 4 0 2504.45 0.871 0.038 0.246
15714 338 302 4 4 0 2504.45 0.871 0.038 0.246
15715 303 304 4 4 0 1508.44 0.456 0.038 0.143
15716 304 303 4 4 0 1508.44 0.456 0.038 0.143
15717 303 337 4 4 0 2504.45 0.871 0.032 0.242
15718 337 303 4 4 0 2504.45 0.871 0.032 0.242
15719 303 338 4 4 0 1999.06 0.660 0.036 0.192
15720 338 303 4 4 0 1999.06 0.660 0.036 0.192
15721 303 339 4 4 0 2504.45 0.871 0.034 0.243
15722 339 303 4 4 0 2504.45 0.871 0.034 0.243
15723 304 305 4 4 0 1508.44 0.456 0.038 0.143
15724 305 304 4 4 0 1508.44 0.456 0.038 0.143
15725 304 338 4 4 0 2504.45 0.871 0.046 0.252
15726 338 304 4 4 0 2504.45 0.871 0.046 0.252
15727 304 339 4 4 0 1999.06 0.660 0.044 0.198
15728 339 304 4 4 0 1999.06 0.660 0.044 0.198
15729 304 340 4 4 0 2504.45 0.871 0.038 0.246
15730 340 304 4 4 0 2504.45 0.871 0.038 0.246
15731 305 306 4 4 0 1508.44 0.456 0.030 0.136
15732 306 305 4 4 0 1508.44 0.456 0.030 0.136
15733 305 339 4 4 0 2504.45 0.871 0.034 0.243
15734 339 305 4 4 0 2504.45 0.871 0.034 0.243
15735 305 340 4 4 0 1999.06 0.660 0.028 0.186
15736 340 305 4 4 0 1999.06 0.660 0.028 0.186
15737 305 341 4 4 0 2504.45 0.871 0.028 0.239
15738 341 305 4 4 0 2504.45 0.871 0.028 0.239
15739 306 307 4 4 0 1508.44 0.456 0.032 0.138
15740 307 306 4 4 0 1508.44 0.456 0.032 0.138
15741 306 340 4 4 0 2504.45 0.871 0.030 0.240
15742 340 306 4 4 0 2504.45 0.871 0.030 0.240
15743 306 341 4 4 0 1999.06 0.660 0.030 0.188
15744 341 306 4 4 0 1999.06 0.660 0.030 0.188
15745 306 342 4 4 0 2504.45 0.871 0.036 0.245
15746 342 306 4 4 0 2504.45 0.871 0.036 0.245
15747 307 308 4 4 0 1508.44 0.456 0.030 0.136
15748 308 307 4 4 0 1508.44 0.456 0.030 0.136
15749 307 341 4 4 0 2504.45 0.871 0.030 0.240
15750 341 307 4 4 0 2504.45 0.871 0.030 0.240
15751 307 342 4 4 0 1999.06 0.660 0.036 0.192
15752 342 307 4 4 0 1999.06 0.660 0.036 0.192
15753 307 343 4 4 0 2504.45 0.871 0.038 0.246
15754 343 307 4 4 0 2504.45 0.871 0.038 0.246
15755 308 309 4 4 0 1508.44 0.456 0.032 0.138
15756 309 308 4 4 0 1508.44 0.456 0.032 0.138
15757 308 342 4 4 0 2504.45 0.871 0.034 0.243
15758 342 308 4 4 0 2504.45 0.871 0.034 0.243
15759 308 343 4 4 0 1999.06 0.660 0.036 0.192
15760 343 308 4 4 0 1999.06 0.660 0.036 0.192
15761 308 344 4 4 0 2504.45 0.871 0.034 0.243
15762 344 308 4 4 0 2504.45 0.871 0.034 0.243
15763 309 310 4 4 0 1508.44 0.456 0.040 0.144
15764 310 309 4 4 0 1508.44 0.456 0.040 0.144
15765 309 343 4 4 0 2504.45 0.871 0.040 0.248
15766 343 309 4 4 0 2504.45 0.871 0.040 0.248
15767 309 344 4 4 0 1999.06 0.660 0.038 0.194
15768 344 309 4 4 0 1999.06 0.660 0.038 0.194
15769 309 345 4 4 0 2504.45 0.871 0.042 0.249
15770 345 309 4 4 0 2504.45 0.871 0.042 0.249
15771 310 311 4 4 0 1508.44 0.456 0.042 0.146
15772 311 310 4 4 0 1508.44 0.456 0.042 0.146
15773 310 344 4 4 0 2504.45 0.871 0.042 0.249
15774 344 310 4 4 0 2504.45 0.871 0.042 0.249
15775 310 345 4 4 0 1999.06 0.660 0.046 0.200
15776 345 310 4 4 0 1999.06 0.660 0.046 0.200
15777 310 346 4 4 0 2504.45 0.871 0.028 0.239
15778 346 310 4 4 0 2504.45 0.871 0.028 0.239
15779 311 312 4 4 0 1508.44 0.456 0.024 0.132
15780 312 311 4 4 0 1508.44 0.456 0.024 0.132
15781 311 345 4 4 0 2504.45 0.871 0.044 0.251
15782 345 311 4 4 0 2504.45 0.871 0.044 0.251
15783 311 346 4 4 0 1999.06 0.660 0.026 0.185
15784 346 311 4 4 0 1999.06 0.660 0.026 0.185
15785 311 347 4 4 0 2504.45 0.871 0.028 0.239
15786 347 311 4 4 0 2504.45 0.871 0.028 0.239
15787 312 313 4 4 0 1508.44 0.456 0.010 0.121
15788 313 312 4 4 0 1508.44 0.456 0.010 0.121
15789 312 346 4 4 0 2504.45 0.871 0.010 0.225
15790 346 312 4 4 0 2504.45 0.871 0.010 0.225
15791 312 347 4 4 0 1999.06 0.660 0.012 0.174
15792 347 312 4 4 0 1999.06 0.660 0.012 0.174
15793 312 348 4 4 0 2504.45 0.871 0.012 0.227
15794 348 312 4 4 0 2504.45 0.871 0.012 0.227
15795 313 314 4 4 0 1508.44 0.456 0.012 0.123
15796 314 313 4 4 0 1508.44 0.456 0.012 0.123
15797 313 347 4 4 0 2504.45 0.871 0.014 0.228
15798 347 313 4 4 0 2504.45 0.871 0.014 0.228
15799 313 348 4 4 0 1999.06 0.660 0.014 0.176
15800 348 313 4 4 0 1999.06 0.660 0.014 0.176
15801 313 349 4 4 0 2504.45 0.871 0.014 0.228
15802 349 313 4 4 0 2504.45 0.871 0.014 0.228
15803 314 315 4 4 0 1508.44 0.456 0.014 0.124
15804 315 314 4 4 0 1508.44 0.456 0.014 0.124
15805 314 348 4 4 0 2504.45 0.871 0.014 0.228
15806 348 314 4 4 0 2504.45 0.871 0.014 0.228
15807 314 349 4 4 0 1999.06 0.660 0.014 0.176
15808 349 314 4 4 0 1999.06 0.660 0.014 0.176
15809 314 350 4 4 0 2504.45 0.871 0.012 0.227
15810 350 314 4 4 0 2504.45 0.871 0.012 0.227
15811 315 316 4 4 0 1508.44 0.456 0.014 0.124
15812 316 315 4 4 0 1508.44 0.456 0.014 0.124
15813 315 349 4 4 0 2504.45 0.871 0.016 0.230
15814 349 315 4 4 0 2504.45 0.871 0.016 0.230
15815 315 350 4 4 0 1999.06 0.660 0.014 0.176
15816 350 315 4 4 0 1999.06 0.660 0.014 0.176
15817 315 351 4 4 0 2504.45 0.871 0.012 0.227
15818 351 315 4 4 0 2504.45 0.871 0.012 0.227
15819 316 317 4 4 0 1508.44 0.456 0.010 0.121
15820 317 316 4 4 0 1508.44 0.456 0.010 0.121
15821 316 350 4 4 0 2504.45 0.871 0.012 0.227
15822 350 316 4 4 0 2504.45 0.871 0.012 0.227
15823 316 351 4 4 0 1999.06 0.660 0.010 0.173
15824 351 316 4 4 0 1999.06 0.660 0.010 0.173
15825 316 352 4 4 0 2504.45 0.871 0.014 0.228
15826 352 316 4 4 0 2504.45 0.871 0.014 0.228
15827 317 318 4 4 0 1508.44 0.456 0.008 0.120
15828 318 317 4 4 0 1508.44 0.456 0.008 0.120
15829 317 351 4 4 0 2504.45 0.871 0.008 0.224
15830 351 317 4 4 0 2504.45 0.871 0.008 0.224
15831 317 352 4 4 0 1999.06 0.660 0.012 0.174
15832 352 317 4 4 0 1999.06 0.660 0.012 0.174
15833 317 353 4 4 0 2504.45 0.871 0.010 0.225
15834 353 317 4 4 0 2504.45 0.871 0.010 0.225
15835 318 319 4 4 0 1508.44 0.456 0.010 0.121
15836 319 318 4 4 0 1508.44 0.456 0.010 0.121
15837 318 352 4 4 0 2504.45 0.871 0.012 0.227
15838 352 318 4 4 0 2504.45 0.871 0.012 0.227
15839 319 353 4 4 0 2504.45 0.871 0.012 0.227
15840 353 319 4 4 0 2504.45 0.871 0.012 0.227
15841 320 321 4 4 0 1508.44 0.456 0.012 0.123
15842 321 320 4 4 0 1508.44 0.456 0.012 0.123
15843 320 354 4 4 0 1999.06 0.660 0.012 0.174
15844 354 320 4 4 0 1999.06 0.660 0.012 0.174
15845 320 355 4 4 0 2504.45 0.871 0.010 0.225
15846 355 320 4 4 0 2504.45 0.871 0.010 0.225
15847 321 322 4 4 0 1508.44 0.456 0.012 0.123
15848 322 321 4 4 0 1508.44 0.456 0.012 0.123
15849 321 354 4 4 0 2504.45 0.871 0.016 0.230
15850 354 321 4 4 0 2504.45 0.871 0.016 0.230
15851 321 355 4 4 0 1999.06 0.660 0.014 0.176
15852 355 321 4 4 0 1999.06 0.660 0.014 0.176
15853 321 356 4 4 0 2504.45 0.871 0.012 0.227
15854 356 321 4 4 0 2504.45 0.871 0.012 0.227
15855 322 323 4 4 0 1508.44 0.456 0.048 0.150
15856 323 322 4 4 0 1508.44 0.456 0.048 0.150
15857 322 355 4 4 0 2504.45 0.871 0.010 0.225
15858 355 322 4 4 0 2504.45 0.871 0.010 0.225
15859 322 356 4 4 0 1999.06 0.660 0.008 0.171
15860 356 322 4 4 0 1999.06 0.660 0.008 0.171
15861 322 357 4 4 0 2504.45 0.871 0.044 0.251
15862 357 322 4 4 0 2504.45 0.871 0.044 0.251
15863 323 324 4 4 0 1508.44 0.456 0.090 0.182
15864 324 323 4 4 0 1508.44 0.456 0.090 0.182
15865 323 357 4 4 0 1999.06 0.660 0.084 0.228
15866 357 323 4 4 0 1999.06 0.660 0.084 0.228
15867 323 358 4 4 0 2504.45 0.871 0.088 0.284
15868 358 323 4 4 0 2504.45 0.871 0.088 0.284
15869 324 325 4 4 0 1508.44 0.456 0.088 0.180
15870 325 324 4 4 0 1508.44 0.456 0.088 0.180
15871 324 357 4 4 0 2504.45 0.871 0.086 0.282
15872 357 324 4 4 0 2504.45 0.871 0.086 0.282
15873 324 358 4 4 0 1999.06 0.660 0.090 0.233
15874 358 324 4 4 0 1999.06 0.660 0.090 0.233
15875 324 359 4 4 0 2504.45 0.871 0.080 0.278
15876 359 324 4 4 0 2504.45 0.871 0.080 0.278
15877 325 326 4 4 0 1508.44 0.456 0.086 0.179
15878 326 325 4 4 0 1508.44 0.456 0.086 0.179
15879 325 358 4 4 0 2504.45 0.871 0.086 0.282
15880 358 325 4 4 0 2504.45 0.871 0.086 0.282
15881 325 359 4 4 0 1999.06 0.660 0.076 0.222
15882 359 325 4 4 0 1999.06 0.660 0.076 0.222
15883 326 327 4 4 0 1508.44 0.456 0.088 0.180
15884 327 326 4 4 0 1508.44 0.456 0.088 0.180
15885 326 360 4 4 0 1999.06 0.660 0.078 0.224
15886 360 326 4 4 0 1999.06 0.660 0.078 0.224
15887 326 361 4 4 0 2504.45 0.871 0.088 0.284
15888 361 326 4 4 0 2504.45 0.871 0.088 0.284
15889 327 328 4 4 0 1508.44 0.456 0.088 0.180
15890 328 327 4 4 0 1508.44 0.456 0.088 0.180
15891 327 360 4 4 0 2504.45 0.871 0.078 0.276
15892 360 327 4 4 0 2504.45 0.871 0.078 0.276
15893 327 361 4 4 0 1999.06 0.660 0.088 0.231
15894 361 327 4 4 0 1999.06 0.660 0.088 0.231
15895 327 362 4 4 0 2504.45 0.871 0.100 0.293
15896 362 327 4 4 0 2504.45 0.871 0.100 0.293
15897 328 361 4 4 0 2504.45 0.871 0.088 0.284
15898 361 328 4 4 0 2504.45 0.871 0.088 0.284
15899 328 362 4 4 0 1999.06 0.660 0.100 0.240
15900 362 328 4 4 0 1999.06 0.660 0.100 0.240
15901 328 363 4 4 0 2504.45 0.871 0.104 0.296
15902 363 328 4 4 0 2504.45 0.871 0.104 0.296
15903 329 330 4 4 0 1508.86 0.456 0.024 0.132
15904 330 329 4 4 0 1508.86 0.456 0.024 0.132
15905 330 331 4 4 0 1508.86 0.456 0.034 0.140
15906 331 330 4 4 0 1508.86 0.456 0.034 0.140
15907 330 365 4 4 0 2504.69 0.871 0.030 0.240
15908 365 330 4 4 0 2504.69 0.871 0.030 0.240
15909 331 332 4 4 0 1508.86 0.456 0.034 0.140
15910 332 331 4 4 0 1508.86 0.456 0.034 0.140
15911 331 365 4 4 0 1999.05 0.660 0.040 0.195
15912 365 331 4 4 0 1999.05 0.660 0.040 0.195
15913 331 366 4 4 0 2504.69 0.871 0.036 0.245
15914 366 331 4 4 0 2504.69 0.871 0.036 0.245
15915 332 333 4 4 0 1508.86 0.456 0.028 0.135
15916 333 332 4 4 0 1508.86 0.456 0.028 0.135
15917 332 365 4 4 0 2504.69 0.871 0.030 0.240
15918 365 332 4 4 0 2504.69 0.871 0.030 0.240
15919 332 366 4 4 0 1999.05 0.660 0.026 0.185
15920 366 332 4 4 0 1999.05 0.660 0.026 0.185
15921 332 367 4 4 0 2504.69 0.871 0.034 0.243
15922 367 332 4 4 0 2504.69 0.871 0.034 0.243
15923 333 334 4 4 0 1508.86 0.456 0.022 0.131
15924 334 333 4 4 0 1508.86 0.456 0.022 0.131
15925 333 366 4 4 0 2504.69 0.871 0.030 0.240
15926 366 333 4 4 0 2504.69 0.871 0.030 0.240
15927 333 367 4 4 0 1999.05 0.660 0.038 0.194
15928 367 333 4 4 0 1999.05 0.660 0.038 0.194
15929 333 368 4 4 0 2504.69 0.871 0.038 0.246
15930 368 333 4 4 0 2504.69 0.871 0.038 0.246
15931 334 335 4 4 0 1508.86 0.456 0.024 0.132
15932 335 334 4 4 0 1508.86 0.456 0.024 0.132
15933 334 367 4 4 0 2504.69 0.871 0.028 0.239
15934 367 334 4 4 0 2504.69 0.871 0.028 0.239
15935 334 368 4 4 0 1999.05 0.660 0.028 0.186
15936 368 334 4 4 0 1999.05 0.660 0.028 0.186
15937 334 369 4 4 0 2504.69 0.871 0.030 0.240
15938 369 334 4 4 0 2504.69 0.871 0.030 0.240
15939 335 336 4 4 0 1508.86 0.456 0.038 0.143
15940 336 335 4 4 0 1508.86 0.456 0.038 0.143
15941 335 368 4 4 0 2504.69 0.871 0.040 0.248
15942 368 335 4 4 0 2504.69 0.871 0.040 0.248
15943 335 369 4 4 0 1999.05 0.660 0.042 0.197
15944 369 335 4 4 0 1999.05 0.660 0.042 0.197
15945 335 370 4 4 0 2504.69 0.871 0.034 0.243
15946 370 335 4 4 0 2504.69 0.871 0.034 0.243
15947 336 337 4 4 0 1508.86 0.456 0.038 0.143
15948 337 336 4 4 0 1508.86 0.456 0.038 0.143
15949 336 369 4 4 0 2504.69 0.871 0.044 0.251
15950 369 336 4 4 0 2504.69 0.871 0.044 0.251
15951 336 370 4 4 0 1999.05 0.660 0.036 0.192
15952 370 336 4 4 0 1999.05 0.660 0.036 0.192
15953 336 371 4 4 0 2504.69 0.871 0.036 0.245
15954 371 336 4 4 0 2504.69 0.871 0.036 0.245
15955 337 338 4 4 0 1508.86 0.456 0.040 0.144
15956 338 337 4 4 0 1508.86 0.456 0.040 0.144
15957 337 370 4 4 0 2504.69 0.871 0.034 0.243
15958 370 337 4 4 0 2504.69 0.871 0.034 0.243
15959 337 371 4 4 0 1999.05 0.660 0.034 0.191
15960 371 337 4 4 0 1999.05 0.660 0.034 0.191
15961 337 372 4 4 0 2504.69 0.871 0.040 0.248
15962 372 337 4 4 0 2504.69 0.871 0.040 0.248
15963 338 339 4 4 0 1508.86 0.456 0.042 0.146
15964 339 338 4 4 0 1508.86 0.456 0.042 0.146
15965 338 371 4 4 0 2504.69 0.871 0.038 0.246
15966 371 338 4 4 0 2504.69 0.871 0.038 0.246
15967 338 372 4 4 0 1999.05 0.660 0.044 0.198
15968 372 338 4 4 0 1999.05 0.660 0.044 0.198
15969 338 373 4 4 0 2504.69 0.871 0.034 0.243
15970 373 338 4 4 0 2504.69 0.871 0.034 0.243
15971 339 340 4 4 0 1508.86 0.456 0.034 0.140
15972 340 339 4 4 0 1508.86 0.456 0.034 0.140
15973 339 372 4 4 0 2504.69 0.871 0.042 0.249
15974 372 339 4 4 0 2504.69 0.871 0.042 0.249
15975 339 373 4 4 0 1999.05 0.660 0.032 0.189
15976 373 339 4 4 0 1999.05 0.660 0.032 0.189
15977 339 374 4 4 0 2504.69 0.871 0.036 0.245
15978 374 339 4 4 0 2504.69 0.871 0.036 0.245
15979 340 341 4 4 0 1508.86 0.456 0.028 0.135
15980 341 340 4 4 0 1508.86 0.456 0.028 0.135
15981 340 373 4 4 0 2504.69 0.871 0.026 0.237
15982 373 340 4 4 0 2504.69 0.871 0.026 0.237
15983 340 374 4 4 0 1999.05 0.660 0.030 0.188
15984 374 340 4 4 0 1999.05 0.660 0.030 0.188
15985 340 375 4 4 0 2504.69 0.871 0.028 0.239
15986 375 340 4 4 0 2504.69 0.871 0.028 0.239
15987 341 342 4 4 0 1508.86 0.456 0.034 0.140
15988 342 341 4 4 0 1508.86 0.456 0.034 0.140
15989 341 374 4 4 0 2504.69 0.871 0.030 0.240
15990 374 341 4 4 0 2504.69 0.871 0.030 0.240
15991 341 375 4 4 0 1999.05 0.660 0.028 0.186
15992 375 341 4 4 0 1999.05 0.660 0.028 0.186
15993 341 376 4 4 0 2504.69 0.871 0.028 0.239
15994 376 341 4 4 0 2504.69 0.871 0.028 0.239
15995 342 343 4 4 0 1508.86 0.456 0.042 0.146
15996 343 342 4 4 0 1508.86 0.456 0.042 0.146
15997 342 375 4 4 0 2504.69 0.871 0.034 0.243
15998 375 342 4 4 0 2504.69 0.871 0.034 0.243
15999 342 376 4 4 0 1999.05 0.660 0.034 0.191
16000 376 342 4 4 0 1999.05 0.660 0.034 0.191
16001 342 377 4 4 0 2504.69 0.871 0.038 0.246
16002 377 342 4 4 0 2504.69 0.871 0.038 0.246
16003 343 344 4 4 0 1508.86 0.456 0.042 0.146
16004 344 343 4 4 0 1508.86 0.456 0.042 0.146
16005 343 376 4 4 0 2504.69 0.871 0.036 0.245
16006 376 343 4 4 0 2504.69 0.871 0.036 0.245
16007 343 377 4 4 0 1999.05 0.660 0.040 0.195
16008 377 343 4 4 0 1999.05 0.660 0.040 0.195
16009 343 378 4 4 0 2504.69 0.871 0.036 0.245
16010 378 343 4 4 0 2504.69 0.871 0.036 0.245
16011 344 345 4 4 0 1508.86 0.456 0.044 0.147
16012 345 344 4 4 0 1508.86 0.456 0.044 0.147
16013 344 377 4 4 0 2504.69 0.871 0.038 0.246
16014 377 344 4 4 0 2504.69 0.871 0.038 0.246
16015 344 378 4 4 0 1999.05 0.660 0.034 0.191
16016 378 344 4 4 0 1999.05 0.660 0.034 0.191
16017 344 379 4 4 0 2504.69 0.871 0.040 0.248
16018 379 344 4 4 0 2504.69 0.871 0.040 0.248
16019 345 346 4 4 0 1508.86 0.456 0.030 0.137
16020 346 345 4 4 0 1508.86 0.456 0.030 0.137
16021 345 378 4 4 0 2504.69 0.871 0.038 0.246
16022 378 345 4 4 0 2504.69 0.871 0.038 0.246
16023 345 379 4 4 0 1999.05 0.660 0.044 0.198
16024 379 345 4 4 0 1999.05 0.660 0.044 0.198
16025 345 380 4 4 0 2504.69 0.871 0.030 0.240
16026 380 345 4 4 0 2504.69 0.871 0.030 0.240
16027 346 347 4 4 0 1508.86 0.456 0.014 0.124
16028 347 346 4 4 0 1508.86 0.456 0.014 0.124
16029 346 379 4 4 0 2504.69 0.871 0.026 0.237
16030 379 346 4 4 0 2504.69 0.871 0.026 0.237
16031 346 380 4 4 0 1999.05 0.660 0.012 0.174
16032 380 346 4 4 0 1999.05 0.660 0.012 0.174
16033 346 381 4 4 0 2504.69 0.871 0.014 0.228
16034 381 346 4 4 0 2504.69 0.871 0.014 0.228
16035 347 348 4 4 0 1508.86 0.456 0.016 0.126
16036 348 347 4 4 0 1508.86 0.456 0.016 0.126
16037 347 380 4 4 0 2504.69 0.871 0.014 0.228
16038 380 347 4 4 0 2504.69 0.871 0.014 0.228
16039 347 381 4 4 0 1999.05 0.660 0.016 0.177
16040 381 347 4 4 0 1999.05 0.660 0.016 0.177
16041 347 382 4 4 0 2504.69 0.871 0.014 0.228
16042 382 347 4 4 0 2504.69 0.871 0.014 0.228
16043 348 349 4 4 0 1508.86 0.456 0.016 0.126
16044 349 348 4 4 0 1508.86 0.456 0.016 0.126
16045 348 381 4 4 0 2504.69 0.871 0.016 0.230
16046 381 348 4 4 0 2504.69 0.871 0.016 0.230
16047 348 382 4 4 0 1999.05 0.660 0.014 0.176
16048 382 348 4 4 0 1999.05 0.660 0.014 0.176
16049 348 383 4 4 0 2504.69 0.871 0.016 0.230
16050 383 348 4 4 0 2504.69 0.871 0.016 0.230
16051 349 350 4 4 0 1508.86 0.456 0.014 0.124
16052 350 349 4 4 0 1508.86 0.456 0.014 0.124
16053 349 382 4 4 0 2504.69 0.871 0.014 0.228
16054 382 349 4 4 0 2504.69 0.871 0.014 0.228
16055 349 383 4 4 0 1999.05 0.660 0.016 0.177
16056 383 349 4 4 0 1999.05 0.660 0.016 0.177
16057 349 384 4 4 0 2504.69 0.871 0.014 0.228
16058 384 349 4 4 0 2504.69 0.871 0.014 0.228
16059 350 351 4 4 0 1508.86 0.456 0.010 0.121
16060 351 350 4 4 0 1508.86 0.456 0.010 0.121
16061 350 383 4 4 0 2504.69 0.871 0.014 0.228
16062 383 350 4 4 0 2504.69 0.871 0.014 0.228
16063 350 384 4 4 0 1999.05 0.660 0.012 0.174
16064 384 350 4 4 0 1999.05 0.660 0.012 0.174
16065 350 385 4 4 0 2504.69 0.871 0.012 0.227
16066 385 350 4 4 0 2504.69 0.871 0.012 0.227
16067 351 352 4 4 0 1508.86 0.456 0.012 0.123
16068 352 351 4 4 0 1508.86 0.456 0.012 0.123
16069 351 384 4 4 0 2504.69 0.871 0.010 0.225
16070 384 351 4 4 0 2504.69 0.871 0.010 0.225
16071 351 385 4 4 0 1999.05 0.660 0.010 0.173
16072 385 351 4 4 0 1999.05 0.660 0.010 0.173
16073 351 386 4 4 0 2504.69 0.871 0.010 0.225
16074 386 351 4 4 0 2504.69 0.871 0.010 0.225
16075 352 353 4 4 0 1508.86 0.456 0.014 0.124
16076 353 352 4 4 0 1508.86 0.456 0.014 0.124
16077 352 385 4 4 0 2504.69 0.871 0.014 0.228
16078 385 352 4 4 0 2504.69 0.871 0.014 0.228
16079 352 386 4 4 0 1999.05 0.660 0.014 0.176
16080 386 352 4 4 0 1999.05 0.660 0.014 0.176
16081 352 387 4 4 0 2504.69 0.871 0.014 0.228
16082 387 352 4 4 0 2504.69 0.871 0.014 0.228
16083 353 386 4 4 0 2504.69 0.871 0.012 0.227
16084 386 353 4 4 0 2504.69 0.871 0.012 0.227
16085 353 387 4 4 0 1999.05 0.660 0.012 0.174
16086 387 353 4 4 0 1999.05 0.660 0.012 0.174
16087 354 355 4 4 0 1508.86 0.456 0.014 0.124
16088 355 354 4 4 0 1508.86 0.456 0.014 0.124
16089 354 389 4 4 0 1999.05 0.660 0.012 0.174
16090 389 354 4 4 0 1999.05 0.660 0.012 0.174
16091 354 390 4 4 0 2504.69 0.871 0.014 0.228
16092 390 354 4 4 0 2504.69 0.871 0.014 0.228
16093 355 356 4 4 0 1508.86 0.456 0.010 0.121
16094 356 355 4 4 0 1508.86 0.456 0.010 0.121
16095 355 389 4 4 0 2504.69 0.871 0.010 0.225
16096 389 355 4 4 0 2504.69 0.871 0.010 0.225
16097 355 390 4 4 0 1999.05 0.660 0.012 0.174
16098 390 355 4 4 0 1999.05 0.660 0.012 0.174
16099 355 391 4 4 0 2504.69 0.871 0.012 0.227
16100 391 355 4 4 0 2504.69 0.871 0.012 0.227
16101 356 390 4 4 0 2504.69 0.871 0.010 0.225
16102 390 356 4 4 0 2504.69 0.871 0.010 0.225
16103 356 391 4 4 0 1999.05 0.660 0.010 0.173
16104 391 356 4 4 0 1999.05 0.660 0.010 0.173
16105 356 392 4 4 0 2504.69 0.871 0.012 0.227
16106 392 356 4 4 0 2504.69 0.871 0.012 0.227
16107 357 358 4 4 0 1508.86 0.456 0.084 0.177
16108 358 357 4 4 0 1508.86 0.456 0.084 0.177
16109 357 391 4 4 0 2504.69 0.871 0.046 0.252
16110 391 357 4 4 0 2504.69 0.871 0.046 0.252
16111 357 392 4 4 0 1999.05 0.660 0.048 0.201
16112 392 357 4 4 0 1999.05 0.660 0.048 0.201
16113 357 393 4 4 0 2504.69 0.871 0.100 0.293
16114 393 357 4 4 0 2504.69 0.871 0.100 0.293
16115 358 359 4 4 0 1508.86 0.456 0.078 0.173
16116 359 358 4 4 0 1508.86 0.456 0.078 0.173
16117 358 392 4 4 0 2504.69 0.871 0.052 0.257
16118 392 358 4 4 0 2504.69 0.871 0.052 0.257
16119 358 393 4 4 0 1999.05 0.660 0.104 0.243
16120 393 358 4 4 0 1999.05 0.660 0.104 0.243
16121 358 394 4 4 0 2504.69 0.871 0.092 0.287
16122 394 358 4 4 0 2504.69 0.871 0.092 0.287
16123 359 360 4 4 0 1508.86 0.456 0.068 0.165
16124 360 359 4 4 0 1508.86 0.456 0.068 0.165
16125 359 393 4 4 0 2504.69 0.871 0.094 0.289
16126 393 359 4 4 0 2504.69 0.871 0.094 0.289
16127 359 394 4 4 0 1999.05 0.660 0.082 0.227
16128 394 359 4 4 0 1999.05 0.660 0.082 0.227
16129 360 361 4 4 0 1508.86 0.456 0.078 0.173
16130 361 360 4 4 0 1508.86 0.456 0.078 0.173
16131 360 394 4 4 0 2504.69 0.871 0.082 0.279
16132 394 360 4 4 0 2504.69 0.871 0.082 0.279
16133 360 395 4 4 0 2504.69 0.871 0.098 0.292
16134 395 360 4 4 0 2504.69 0.871 0.098 0.292
16135 361 362 4 4 0 1508.86 0.456 0.100 0.189
16136 362 361 4 4 0 1508.86 0.456 0.100 0.189
16137 361 395 4 4 0 1999.05 0.660 0.108 0.246
16138 395 361 4 4 0 1999.05 0.660 0.108 0.246
16139 361 396 4 4 0 2504.69 0.871 0.094 0.289
16140 396 361 4 4 0 2504.69 0.871 0.094 0.289
16141 362 363 4 4 0 1508.86 0.456 0.116 0.201
16142 363 362 4 4 0 1508.86 0.456 0.116 0.201
16143 362 395 4 4 0 2504.69 0.871 0.120 0.308
16144 395 362 4 4 0 2504.69 0.871 0.120 0.308
16145 362 396 4 4 0 1999.05 0.660 0.106 0.245
16146 396 362 4 4 0 1999.05 0.660 0.106 0.245
16147 362 397 4 4 0 2504.69 0.871 0.112 0.302
16148 397 362 4 4 0 2504.69 0.871 0.112 0.302
16149 363 364 4 4 0 1508.86 0.456 0.120 0.204
16150 364 363 4 4 0 1508.86 0.456 0.120 0.204
16151 363 396 4 4 0 2504.69 0.871 0.110 0.301
16152 396 363 4 4 0 2504.69 0.871 0.110 0.301
16153 363 397 4 4 0 1999.05 0.660 0.116 0.252
16154 397 363 4 4 0 1999.05 0.660 0.116 0.252
16155 363 398 4 4 0 2504.69 0.871 0.100 0.293
16156 398 363 4 4 0 2504.69 0.871 0.100 0.293
16157 364 397 4 4 0 2504.69 0.871 0.116 0.305
16158 397 364 4 4 0 2504.69 0.871 0.116 0.305
16159 364 398 4 4 0 1999.05 0.660 0.100 0.240
16160 398 364 4 4 0 1999.05 0.660 0.100 0.240
16161 364 399 4 4 0 2504.69 0.871 0.094 0.289
16162 399 364 4 4 0 2504.69 0.871 0.094 0.289
16163 365 366 4 4 0 1509.27 0.456 0.032 0.138
16164 366 365 4 4 0 1509.27 0.456 0.032 0.138
16165 366 367 4 4 0 1509.27 0.456 0.036 0.141
16166 367 366 4 4 0 1509.27 0.456 0.036 0.141
16167 366 401 4 4 0 2504.94 0.871 0.038 0.246
16168 401 366 4 4 0 2504.94 0.871 0.038 0.246
16169 367 368 4 4 0 1509.27 0.456 0.044 0.147
16170 368 367 4 4 0 1509.27 0.456 0.044 0.147
16171 367 401 4 4 0 1999.05 0.660 0.046 0.200
16172 401 367 4 4 0 1999.05 0.660 0.046 0.200
16173 368 369 4 4 0 1509.27 0.456 0.046 0.149
16174 369 368 4 4 0 1509.27 0.456 0.046 0.149
16175 368 401 4 4 0 2504.94 0.871 0.046 0.252
16176 401 368 4 4 0 2504.94 0.871 0.046 0.252
16177 368 402 4 4 0 1999.05 0.660 0.042 0.197
16178 402 368 4 4 0 1999.05 0.660 0.042 0.197
16179 368 403 4 4 0 2504.94 0.871 0.044 0.251
16180 403 368 4 4 0 2504.94 0.871 0.044 0.251
16181 369 370 4 4 0 1509.27 0.456 0.040 0.144
16182 370 369 4 4 0 1509.27 0.456 0.040 0.144
16183 369 402 4 4 0 2504.94 0.871 0.044 0.251
16184 402 369 4 4 0 2504.94 0.871 0.044 0.251
16185 369 403 4 4 0 1999.05 0.660 0.046 0.200
16186 403 369 4 4 0 1999.05 0.660 0.046 0.200
16187 369 404 4 4 0 2504.94 0.871 0.040 0.248
16188 404 369 4 4 0 2504.94 0.871 0.040 0.248
16189 370 371 4 4 0 1509.27 0.456 0.032 0.138
16190 371 370 4 4 0 1509.27 0.456 0.032 0.138
16191 370 403 4 4 0 2504.94 0.871 0.038 0.246
16192 403 370 4 4 0 2504.94 0.871 0.038 0.246
16193 370 404 4 4 0 1999.05 0.660 0.032 0.189
16194 404 370 4 4 0 1999.05 0.660 0.032 0.189
16195 370 405 4 4 0 2504.94 0.871 0.034 0.243
16196 405 370 4 4 0 2504.94 0.871 0.034 0.243
16197 371 372 4 4 0 1509.27 0.456 0.038 0.143
16198 372 371 4 4 0 1509.27 0.456 0.038 0.143
16199 371 404 4 4 0 2504.94 0.871 0.032 0.242
16200 404 371 4 4 0 2504.94 0.871 0.032 0.242
16201 371 405 4 4 0 1999.05 0.660 0.034 0.191
16202 405 371 4 4 0 1999.05 0.660 0.034 0.191
16203 371 406 4 4 0 2504.94 0.871 0.034 0.243
16204 406 371 4 4 0 2504.94 0.871 0.034 0.243
16205 372 373 4 4 0 1509.27 0.456 0.034 0.140
16206 373 372 4 4 0 1509.27 0.456 0.034 0.140
16207 372 405 4 4 0 2504.94 0.871 0.040 0.248
16208 405 372 4 4 0 2504.94 0.871 0.040 0.248
16209 372 406 4 4 0 1999.05 0.660 0.040 0.195
16210 406 372 4 4 0 1999.05 0.660 0.040 0.195
16211 372 407 4 4 0 2504.94 0.871 0.042 0.249
16212 407 372 4 4 0 2504.94 0.871 0.042 0.249
16213 373 374 4 4 0 1509.27 0.456 0.028 0.135
16214 374 373 4 4 0 1509.27 0.456 0.028 0.135
16215 373 406 4 4 0 2504.94 0.871 0.030 0.240
16216 406 373 4 4 0 2504.94 0.871 0.030 0.240
16217 373 407 4 4 0 1999.05 0.660 0.032 0.189
16218 407 373 4 4 0 1999.05 0.660 0.032 0.189
16219 373 408 4 4 0 2504.94 0.871 0.026 0.237
16220 408 373 4 4 0 2504.94 0.871 0.026 0.237
16221 374 375 4 4 0 1509.27 0.456 0.030 0.137
16222 375 374 4 4 0 1509.27 0.456 0.030 0.137
16223 374 407 4 4 0 2504.94 0.871 0.036 0.245
16224 407 374 4 4 0 2504.94 0.871 0.036 0.245
16225 374 408 4 4 0 1999.05 0.660 0.030 0.188
16226 408 374 4 4 0 1999.05 0.660 0.030 0.188
16227 374 409 4 4 0 2504.94 0.871 0.034 0.243
16228 409 374 4 4 0 2504.94 0.871 0.034 0.243
16229 375 376 4 4 0 1509.27 0.456 0.028 0.135
16230 376 375 4 4 0 1509.27 0.456 0.028 0.135
16231 375 408 4 4 0 2504.94 0.871 0.028 0.239
16232 408 375 4 4 0 2504.94 0.871 0.028 0.239
16233 375 409 4 4 0 1999.05 0.660 0.032 0.189
16234 409 375 4 4 0 1999.05 0.660 0.032 0.189
16235 375 410 4 4 0 2504.94 0.871 0.030 0.240
16236 410 375 4 4 0 2504.94 0.871 0.030 0.240
16237 376 377 4 4 0 1509.27 0.456 0.032 0.138
16238 377 376 4 4 0 1509.27 0.456 0.032 0.138
16239 376 409 4 4 0 2504.94 0.871 0.032 0.242
16240 409 376 4 4 0 2504.94 0.871 0.032 0.242
16241 376 410 4 4 0 1999.05 0.660 0.030 0.188
16242 410 376 4 4 0 1999.05 0.660 0.030 0.188
16243 376 411 4 4 0 2504.94 0.871 0.030 0.240
16244 411 376 4 4 0 2504.94 0.871 0.030 0.240
16245 377 378 4 4 0 1509.27 0.456 0.032 0.138
16246 378 377 4 4 0 1509.27 0.456 0.032 0.138
16247 377 410 4 4 0 2504.94 0.871 0.034 0.243
16248 410 377 4 4 0 2504.94 0.871 0.034 0.243
16249 377 411 4 4 0 1999.05 0.660 0.034 0.191
16250 411 377 4 4 0 1999.05 0.660 0.034 0.191
16251 377 412 4 4 0 2504.94 0.871 0.030 0.240
16252 412 377 4 4 0 2504.94 0.871 0.030 0.240
16253 378 379 4 4 0 1509.27 0.456 0.034 0.140
16254 379 378 4 4 0 1509.27 0.456 0.034 0.140
16255 378 411 4 4 0 2504.94 0.871 0.030 0.240
16256 411 378 4 4 0 2504.94 0.871 0.030 0.240
16257 378 412 4 4 0 1999.05 0.660 0.026 0.185
16258 412 378 4 4 0 1999.05 0.660 0.026 0.185
16259 378 413 4 4 0 2504.94 0.871 0.030 0.240
16260 413 378 4 4 0 2504.94 0.871 0.030 0.240
16261 379 380 4 4 0 1509.27 0.456 0.026 0.134
16262 380 379 4 4 0 1509.27 0.456 0.026 0.134
16263 379 412 4 4 0 2504.94 0.871 0.032 0.242
16264 412 379 4 4 0 2504.94 0.871 0.032 0.242
16265 379 413 4 4 0 1999.05 0.660 0.036 0.192
16266 413 379 4 4 0 1999.05 0.660 0.036 0.192
16267 379 414 4 4 0 2504.94 0.871 0.024 0.236
16268 414 379 4 4 0 2504.94 0.871 0.024 0.236
16269 380 381 4 4 0 1509.27 0.456 0.014 0.125
16270 381 380 4 4 0 1509.27 0.456 0.014 0.125
16271 380 413 4 4 0 2504.94 0.871 0.022 0.234
16272 413 380 4 4 0 2504.94 0.871 0.022 0.234
16273 380 414 4 4 0 1999.05 0.660 0.010 0.173
16274 414 380 4 4 0 1999.05 0.660 0.010 0.173
16275 380 415 4 4 0 2504.94 0.871 0.020 0.233
16276 415 380 4 4 0 2504.94 0.871 0.020 0.233
16277 381 382 4 4 0 1509.27 0.456 0.014 0.125
16278 382 381 4 4 0 1509.27 0.456 0.014 0.125
16279 381 414 4 4 0 2504.94 0.871 0.012 0.227
16280 414 381 4 4 0 2504.94 0.871 0.012 0.227
16281 381 415 4 4 0 1999.05 0.660 0.022 0.182
16282 415 381 4 4 0 1999.05 0.660 0.022 0.182
16283 381 416 4 4 0 2504.94 0.871 0.016 0.230
16284 416 381 4 4 0 2504.94 0.871 0.016 0.230
16285 382 383 4 4 0 1509.27 0.456 0.014 0.125
16286 383 382 4 4 0 1509.27 0.456 0.014 0.125
16287 382 415 4 4 0 2504.94 0.871 0.020 0.233
16288 415 382 4 4 0 2504.94 0.871 0.020 0.233
16289 382 416 4 4 0 1999.05 0.660 0.014 0.176
16290 416 382 4 4 0 1999.05 0.660 0.014 0.176
16291 382 417 4 4 0 2504.94 0.871 0.010 0.225
16292 417 382 4 4 0 2504.94 0.871 0.010 0.225
16293 383 384 4 4 0 1509.27 0.456 0.014 0.125
16294 384 383 4 4 0 1509.27 0.456 0.014 0.125
16295 383 416 4 4 0 2504.94 0.871 0.016 0.230
16296 416 383 4 4 0 2504.94 0.871 0.016 0.230
16297 383 417 4 4 0 1999.05 0.660 0.012 0.174
16298 417 383 4 4 0 1999.05 0.660 0.012 0.174
16299 383 418 4 4 0 2504.94 0.871 0.014 0.228
16300 418 383 4 4 0 2504.94 0.871 0.014 0.228
16301 384 385 4 4 0 1509.27 0.456 0.012 0.123
16302 385 384 4 4 0 1509.27 0.456 0.012 0.123
16303 384 417 4 4 0 2504.94 0.871 0.010 0.225
16304 417 384 4 4 0 2504.94 0.871 0.010 0.225
16305 384 418 4 4 0 1999.05 0.660 0.012 0.174
16306 418 384 4 4 0 1999.05 0.660 0.012 0.174
16307 384 419 4 4 0 2504.94 0.871 0.012 0.227
16308 419 384 4 4 0 2504.94 0.871 0.012 0.227
16309 385 386 4 4 0 1509.27 0.456 0.012 0.123
16310 386 385 4 4 0 1509.27 0.456 0.012 0.123
16311 385 418 4 4 0 2504.94 0.871 0.012 0.227
16312 418 385 4 4 0 2504.94 0.871 0.012 0.227
16313 385 419 4 4 0 1999.05 0.660 0.012 0.174
16314 419 385 4 4 0 1999.05 0.660 0.012 0.174
16315 385 420 4 4 0 2504.94 0.871 0.010 0.225
16316 420 385 4 4 0 2504.94 0.871 0.010 0.225
16317 386 387 4 4 0 1509.27 0.456 0.012 0.123
16318 387 386 4 4 0 1509.27 0.456 0.012 0.123
16319 386 419 4 4 0 2504.94 0.871 0.012 0.227
16320 419 386 4 4 0 2504.94 0.871 0.012 0.227
16321 386 420 4 4 0 1999.05 0.660 0.010 0.173
16322 420 386 4 4 0 1999.05 0.660 0.010 0.173
16323 386 421 4 4 0 2504.94 0.871 0.014 0.228
16324 421 386 4 4 0 2504.94 0.871 0.014 0.228
16325 387 388 4 4 0 1509.27 0.456 0.012 0.123
16326 388 387 4 4 0 1509.27 0.456 0.012 0.123
16327 387 420 4 4 0 2504.94 0.871 0.010 0.225
16328 420 387 4 4 0 2504.94 0.871 0.010 0.225
16329 387 421 4 4 0 1999.05 0.660 0.014 0.176
16330 421 387 4 4 0 1999.05 0.660 0.014 0.176
16331 387 422 4 4 0 2504.94 0.871 0.014 0.228
16332 422 387 4 4 0 2504.94 0.871 0.014 0.228
16333 388 389 4 4 0 1509.27 0.456 0.010 0.122
16334 389 388 4 4 0 1509.27 0.456 0.010 0.122
16335 388 421 4 4 0 2504.94 0.871 0.014 0.228
16336 421 388 4 4 0 2504.94 0.871 0.014 0.228
16337 388 422 4 4 0 1999.05 0.660 0.014 0.176
16338 422 388 4 4 0 1999.05 0.660 0.014 0.176
16339 388 423 4 4 0 2504.94 0.871 0.014 0.228
16340 423 388 4 4 0 2504.94 0.871 0.014 0.228
16341 389 390 4 4 0 1509.27 0.456 0.010 0.122
16342 390 389 4 4 0 1509.27 0.456 0.010 0.122
16343 389 422 4 4 0 2504.94 0.871 0.012 0.227
16344 422 389 4 4 0 2504.94 0.871 0.012 0.227
16345 389 423 4 4 0 1999.05 0.660 0.012 0.174
16346 423 389 4 4 0 1999.05 0.660 0.012 0.174
16347 389 424 4 4 0 2504.94 0.871 0.010 0.225
16348 424 389 4 4 0 2504.94 0.871 0.010 0.225
16349 390 391 4 4 0 1509.27 0.456 0.012 0.123
16350 391 390 4 4 0 1509.27 0.456 0.012 0.123
16351 390 423 4 4 0 2504.94 0.871 0.014 0.228
16352 423 390 4 4 0 2504.94 0.871 0.014 0.228
16353 390 424 4 4 0 1999.05 0.660 0.012 0.174
16354 424 390 4 4 0 1999.05 0.660 0.012 0.174
16355 390 425 4 4 0 2504.94 0.871 0.012 0.227
16356 425 390 4 4 0 2504.94 0.871 0.012 0.227
16357 391 392 4 4 0 1509.27 0.456 0.014 0.125
16358 392 391 4 4 0 1509.27 0.456 0.014 0.125
16359 391 424 4 4 0 2504.94 0.871 0.012 0.227
16360 424 391 4 4 0 2504.94 0.871 0.012 0.227
16361 391 425 4 4 0 1999.05 0.660 0.012 0.174
16362 425 391 4 4 0 1999.05 0.660 0.012 0.174
16363 391 426 4 4 0 2504.94 0.871 0.012 0.227
16364 426 391 4 4 0 2504.94 0.871 0.012 0.227
16365 392 393 4 4 0 1509.27 0.456 0.068 0.165
16366 393 392 4 4 0 1509.27 0.456 0.068 0.165
16367 392 425 4 4 0 2504.94 0.871 0.014 0.228
16368 425 392 4 4 0 2504.94 0.871 0.014 0.228
16369 392 426 4 4 0 1999.05 0.660 0.014 0.176
16370 426 392 4 4 0 1999.05 0.660 0.014 0.176
16371 392 427 4 4 0 2504.94 0.871 0.048 0.254
16372 427 392 4 4 0 2504.94 0.871 0.048 0.254
16373 393 394 4 4 0 1509.27 0.456 0.108 0.195
16374 394 393 4 4 0 1509.27 0.456 0.108 0.195
16375 393 426 4 4 0 2504.94 0.871 0.066 0.267
16376 426 393 4 4 0 2504.94 0.871 0.066 0.267
16377 393 427 4 4 0 1999.05 0.660 0.100 0.240
16378 427 393 4 4 0 1999.05 0.660 0.100 0.240
16379 393 428 4 4 0 2504.94 0.871 0.118 0.307
16380 428 393 4 4 0 2504.94 0.871 0.118 0.307
16381 394 427 4 4 0 2504.94 0.871 0.088 0.284
16382 427 394 4 4 0 2504.94 0.871 0.088 0.284
16383 394 428 4 4 0 1999.05 0.660 0.106 0.245
16384 428 394 4 4 0 1999.05 0.660 0.106 0.245
16385 394 429 4 4 0 2504.94 0.871 0.082 0.280
16386 429 394 4 4 0 2504.94 0.871 0.082 0.280
16387 395 396 4 4 0 1509.27 0.456 0.114 0.200
16388 396 395 4 4 0 1509.27 0.456 0.114 0.200
16389 395 430 4 4 0 1999.05 0.660 0.126 0.260
16390 430 395 4 4 0 1999.05 0.660 0.126 0.260
16391 395 431 4 4 0 2504.94 0.871 0.106 0.298
16392 431 395 4 4 0 2504.94 0.871 0.106 0.298
16393 396 430 4 4 0 2504.94 0.871 0.112 0.302
16394 430 396 4 4 0 2504.94 0.871 0.112 0.302
16395 396 431 4 4 0 1999.05 0.660 0.092 0.234
16396 431 396 4 4 0 1999.05 0.660 0.092 0.234
16397 396 432 4 4 0 2504.94 0.871 0.106 0.298
16398 432 396 4 4 0 2504.94 0.871 0.106 0.298
16399 397 398 4 4 0 1509.27 0.456 0.096 0.186
16400 398 397 4 4 0 1509.27 0.456 0.096 0.186
16401 397 431 4 4 0 2504.94 0.871 0.098 0.292
16402 431 397 4 4 0 2504.94 0.871 0.098 0.292
16403 398 399 4 4 0 1509.27 0.456 0.074 0.170
16404 399 398 4 4 0 1509.27 0.456 0.074 0.170
16405 398 432 4 4 0 2504.94 0.871 0.096 0.290
16406 432 398 4 4 0 2504.94 0.871 0.096 0.290
16407 398 433 4 4 0 1999.05 0.660 0.100 0.240
16408 433 398 4 4 0 1999.05 0.660 0.100 0.240
16409 398 434 4 4 0 2504.94 0.871 0.106 0.298
16410 434 398 4 4 0 2504.94 0.871 0.106 0.298
16411 399 400 4 4 0 1509.27 0.456 0.090 0.182
16412 400 399 4 4 0 1509.27 0.456 0.090 0.182
16413 399 433 4 4 0 2504.94 0.871 0.094 0.289
16414 433 399 4 4 0 2504.94 0.871 0.094 0.289
16415 399 434 4 4 0 1999.05 0.660 0.100 0.240
16416 434 399 4 4 0 1999.05 0.660 0.100 0.240
16417 399 435 4 4 0 2504.94 0.871 0.072 0.272
16418 435 399 4 4 0 2504.94 0.871 0.072 0.272
16419 400 434 4 4 0 2504.94 0.871 0.122 0.310
16420 434 400 4 4 0 2504.94 0.871 0.122 0.310
16421 400 435 4 4 0 1999.05 0.660 0.094 0.236
16422 435 400 4 4 0 1999.05 0.660 0.094 0.236
16423 400 436 4 4 0 2504.94 0.871 0.090 0.286
16424 436 400 4 4 0 2504.94 0.871 0.090 0.286
16425 401 402 4 4 0 1509.69 0.456 0.044 0.147
16426 402 401 4 4 0 1509.69 0.456 0.044 0.147
16427 402 403 4 4 0 1509.69 0.456 0.042 0.146
16428 403 402 4 4 0 1509.69 0.456 0.042 0.146
16429 402 439 4 4 0 2505.18 0.871 0.032 0.242
16430 439 402 4 4 0 2505.18 0.871 0.032 0.242
16431 403 404 4 4 0 1509.69 0.456 0.038 0.143
16432 404 403 4 4 0 1509.69 0.456 0.038 0.143
16433 403 439 4 4 0 1999.04 0.660 0.034 0.191
16434 439 403 4 4 0 1999.04 0.660 0.034 0.191
16435 403 440 4 4 0 2505.18 0.871 0.044 0.251
16436 440 403 4 4 0 2505.18 0.871 0.044 0.251
16437 404 405 4 4 0 1509.69 0.456 0.034 0.140
16438 405 404 4 4 0 1509.69 0.456 0.034 0.140
16439 404 439 4 4 0 2505.18 0.871 0.028 0.239
16440 439 404 4 4 0 2505.18 0.871 0.028 0.239
16441 404 440 4 4 0 1999.04 0.660 0.038 0.194
16442 440 404 4 4 0 1999.04 0.660 0.038 0.194
16443 404 441 4 4 0 2505.18 0.871 0.036 0.245
16444 441 404 4 4 0 2505.18 0.871 0.036 0.245
16445 405 406 4 4 0 1509.69 0.456 0.036 0.141
16446 406 405 4 4 0 1509.69 0.456 0.036 0.141
16447 405 440 4 4 0 2505.18 0.871 0.040 0.248
16448 440 405 4 4 0 2505.18 0.871 0.040 0.248
16449 405 441 4 4 0 1999.04 0.660 0.038 0.194
16450 441 405 4 4 0 1999.04 0.660 0.038 0.194
16451 405 442 4 4 0 2505.18 0.871 0.038 0.246
16452 442 405 4 4 0 2505.18 0.871 0.038 0.246
16453 406 407 4 4 0 1509.69 0.456 0.038 0.143
16454 407 406 4 4 0 1509.69 0.456 0.038 0.143
16455 406 441 4 4 0 2505.18 0.871 0.038 0.246
16456 441 406 4 4 0 2505.18 0.871 0.038 0.246
16457 406 442 4 4 0 1999.04 0.660 0.038 0.194
16458 442 406 4 4 0 1999.04 0.660 0.038 0.194
16459 406 443 4 4 0 2505.18 0.871 0.032 0.242
16460 443 406 4 4 0 2505.18 0.871 0.032 0.242
16461 407 408 4 4 0 1509.69 0.456 0.034 0.140
16462 408 407 4 4 0 1509.69 0.456 0.034 0.140
16463 407 442 4 4 0 2505.18 0.871 0.040 0.248
16464 442 407 4 4 0 2505.18 0.871 0.040 0.248
16465 407 443 4 4 0 1999.04 0.660 0.034 0.191
16466 443 407 4 4 0 1999.04 0.660 0.034 0.191
16467 407 444 4 4 0 2505.18 0.871 0.034 0.243
16468 444 407 4 4 0 2505.18 0.871 0.034 0.243
16469 408 409 4 4 0 1509.69 0.456 0.032 0.138
16470 409 408 4 4 0 1509.69 0.456 0.032 0.138
16471 408 443 4 4 0 2505.18 0.871 0.028 0.239
16472 443 408 4 4 0 2505.18 0.871 0.028 0.239
16473 408 444 4 4 0 1999.04 0.660 0.028 0.186
16474 444 408 4 4 0 1999.04 0.660 0.028 0.186
16475 408 445 4 4 0 2505.18 0.871 0.032 0.242
16476 445 408 4 4 0 2505.18 0.871 0.032 0.242
16477 409 410 4 4 0 1509.69 0.456 0.034 0.140
16478 410 409 4 4 0 1509.69 0.456 0.034 0.140
16479 409 444 4 4 0 2505.18 0.871 0.032 0.242
16480 444 409 4 4 0 2505.18 0.871 0.032 0.242
16481 409 445 4 4 0 1999.04 0.660 0.036 0.192
16482 445 409 4 4 0 1999.04 0.660 0.036 0.192
16483 409 446 4 4 0 2505.18 0.871 0.040 0.248
16484 446 409 4 4 0 2505.18 0.871 0.040 0.248
16485 410 411 4 4 0 1509.69 0.456 0.032 0.138
16486 411 410 4 4 0 1509.69 0.456 0.032 0.138
16487 410 445 4 4 0 2505.18 0.871 0.034 0.243
16488 445 410 4 4 0 2505.18 0.871 0.034 0.243
16489 410 446 4 4 0 1999.04 0.660 0.038 0.194
16490 446 410 4 4 0 1999.04 0.660 0.038 0.194
16491 410 447 4 4 0 2505.18 0.871 0.040 0.248
16492 447 410 4 4 0 2505.18 0.871 0.040 0.248
16493 411 412 4 4 0 1509.69 0.456 0.028 0.135
16494 412 411 4 4 0 1509.69 0.456 0.028 0.135
16495 411 446 4 4 0 2505.18 0.871 0.038 0.246
16496 446 411 4 4 0 2505.18 0.871 0.038 0.246
16497 411 447 4 4 0 1999.04 0.660 0.040 0.195
16498 447 411 4 4 0 1999.04 0.660 0.040 0.195
16499 411 448 4 4 0 2505.18 0.871 0.036 0.245
16500 448 411 4 4 0 2505.18 0.871 0.036 0.245
16501 412 413 4 4 0 1509.69 0.456 0.028 0.135
16502 413 412 4 4 0 1509.69 0.456 0.028 0.135
16503 412 447 4 4 0 2505.18 0.871 0.036 0.245
16504 447 412 4 4 0 2505.18 0.871 0.036 0.245
16505 412 448 4 4 0 1999.04 0.660 0.032 0.189
16506 448 412 4 4 0 1999.04 0.660 0.032 0.189
16507 412 449 4 4 0 2505.18 0.871 0.028 0.239
16508 449 412 4 4 0 2505.18 0.871 0.028 0.239
16509 413 414 4 4 0 1509.69 0.456 0.020 0.129
16510 414 413 4 4 0 1509.69 0.456 0.020 0.129
16511 413 448 4 4 0 2505.18 0.871 0.036 0.245
16512 448 413 4 4 0 2505.18 0.871 0.036 0.245
16513 413 449 4 4 0 1999.04 0.660 0.032 0.189
16514 449 413 4 4 0 1999.04 0.660 0.032 0.189
16515 413 450 4 4 0 2505.18 0.871 0.034 0.243
16516 450 413 4 4 0 2505.18 0.871 0.034 0.243
16517 414 415 4 4 0 1509.69 0.456 0.018 0.128
16518 415 414 4 4 0 1509.69 0.456 0.018 0.128
16519 414 449 4 4 0 2505.18 0.871 0.020 0.233
16520 449 414 4 4 0 2505.18 0.871 0.020 0.233
16521 414 450 4 4 0 1999.04 0.660 0.022 0.182
16522 450 414 4 4 0 1999.04 0.660 0.022 0.182
16523 414 451 4 4 0 2505.18 0.871 0.018 0.231
16524 451 414 4 4 0 2505.18 0.871 0.018 0.231
16525 415 416 4 4 0 1509.69 0.456 0.022 0.131
16526 416 415 4 4 0 1509.69 0.456 0.022 0.131
16527 415 450 4 4 0 2505.18 0.871 0.032 0.242
16528 450 415 4 4 0 2505.18 0.871 0.032 0.242
16529 415 451 4 4 0 1999.04 0.660 0.028 0.186
16530 451 415 4 4 0 1999.04 0.660 0.028 0.186
16531 415 452 4 4 0 2505.18 0.871 0.020 0.233
16532 452 415 4 4 0 2505.18 0.871 0.020 0.233
16533 416 417 4 4 0 1509.69 0.456 0.012 0.123
16534 417 416 4 4 0 1509.69 0.456 0.012 0.123
16535 416 451 4 4 0 2505.18 0.871 0.022 0.234
16536 451 416 4 4 0 2505.18 0.871 0.022 0.234
16537 416 452 4 4 0 1999.04 0.660 0.014 0.176
16538 452 416 4 4 0 1999.04 0.660 0.014 0.176
16539 416 453 4 4 0 2505.18 0.871 0.016 0.230
16540 453 416 4 4 0 2505.18 0.871 0.016 0.230
16541 417 452 4 4 0 2505.18 0.871 0.010 0.225
16542 452 417 4 4 0 2505.18 0.871 0.010 0.225
16543 417 453 4 4 0 1999.04 0.660 0.012 0.174
16544 453 417 4 4 0 1999.04 0.660 0.012 0.174
16545 417 454 4 4 0 2505.18 0.871 0.008 0.224
16546 454 417 4 4 0 2505.18 0.871 0.008 0.224
16547 418 419 4 4 0 1509.69 0.456 0.012 0.123
16548 419 418 4 4 0 1509.69 0.456 0.012 0.123
16549 418 454 4 4 0 1999.04 0.660 0.010 0.173
16550 454 418 4 4 0 1999.04 0.660 0.010 0.173
16551 418 455 4 4 0 2505.18 0.871 0.014 0.228
16552 455 418 4 4 0 2505.18 0.871 0.014 0.228
16553 419 420 4 4 0 1509.69 0.456 0.010 0.122
16554 420 419 4 4 0 1509.69 0.456 0.010 0.122
16555 419 454 4 4 0 2505.18 0.871 0.010 0.225
16556 454 419 4 4 0 2505.18 0.871 0.010 0.225
16557 419 455 4 4 0 1999.04 0.660 0.014 0.176
16558 455 419 4 4 0 1999.04 0.660 0.014 0.176
16559 419 456 4 4 0 2505.18 0.871 0.010 0.225
16560 456 419 4 4 0 2505.18 0.871 0.010 0.225
16561 420 421 4 4 0 1509.69 0.456 0.012 0.123
16562 421 420 4 4 0 1509.69 0.456 0.012 0.123
16563 420 455 4 4 0 2505.18 0.871 0.012 0.227
16564 455 420 4 4 0 2505.18 0.871 0.012 0.227
16565 420 456 4 4 0 1999.04 0.660 0.008 0.171
16566 456 420 4 4 0 1999.04 0.660 0.008 0.171
16567 421 422 4 4 0 1509.69 0.456 0.016 0.126
16568 422 421 4 4 0 1509.69 0.456 0.016 0.126
16569 421 456 4 4 0 2505.18 0.871 0.012 0.227
16570 456 421 4 4 0 2505.18 0.871 0.012 0.227
16571 421 457 4 4 0 1999.04 0.660 0.012 0.174
16572 457 421 4 4 0 1999.04 0.660 0.012 0.174
16573 421 458 4 4 0 2505.18 0.871 0.012 0.227
16574 458 421 4 4 0 2505.18 0.871 0.012 0.227
16575 422 423 4 4 0 1509.69 0.456 0.016 0.126
16576 423 422 4 4 0 1509.69 0.456 0.016 0.126
16577 422 457 4 4 0 2505.18 0.871 0.012 0.227
16578 457 422 4 4 0 2505.18 0.871 0.012 0.227
16579 422 458 4 4 0 1999.04 0.660 0.012 0.174
16580 458 422 4 4 0 1999.04 0.660 0.012 0.174
16581 422 459 4 4 0 2505.18 0.871 0.012 0.227
16582 459 422 4 4 0 2505.18 0.871 0.012 0.227
16583 423 424 4 4 0 1509.69 0.456 0.014 0.125
16584 424 423 4 4 0 1509.69 0.456 0.014 0.125
16585 423 458 4 4 0 2505.18 0.871 0.012 0.227
16586 458 423 4 4 0 2505.18 0.871 0.012 0.227
16587 423 459 4 4 0 1999.04 0.660 0.012 0.174
16588 459 423 4 4 0 1999.04 0.660 0.012 0.174
16589 423 460 4 4 0 2505.18 0.871 0.016 0.230
16590 460 423 4 4 0 2505.18 0.871 0.016 0.230
16591 424 425 4 4 0 1509.69 0.456 0.012 0.123
16592 425 424 4 4 0 1509.69 0.456 0.012 0.123
16593 424 459 4 4 0 2505.18 0.871 0.010 0.225
16594 459 424 4 4 0 2505.18 0.871 0.010 0.225
16595 424 460 4 4 0 1999.04 0.660 0.014 0.176
16596 460 424 4 4 0 1999.04 0.660 0.014 0.176
16597 425 426 4 4 0 1509.69 0.456 0.012 0.123
16598 426 425 4 4 0 1509.69 0.456 0.012 0.123
16599 425 460 4 4 0 2505.18 0.871 0.014 0.228
16600 460 425 4 4 0 2505.18 0.871 0.014 0.228
16601 426 427 4 4 0 1509.69 0.456 0.046 0.149
16602 427 426 4 4 0 1509.69 0.456 0.046 0.149
16603 426 462 4 4 0 2505.18 0.871 0.056 0.260
16604 462 426 4 4 0 2505.18 0.871 0.056 0.260
16605 427 428 4 4 0 1509.69 0.456 0.098 0.188
16606 428 427 4 4 0 1509.69 0.456 0.098 0.188
16607 427 462 4 4 0 1999.04 0.660 0.090 0.233
16608 462 427 4 4 0 1999.04 0.660 0.090 0.233
16609 427 463 4 4 0 2505.18 0.871 0.100 0.293
16610 463 427 4 4 0 2505.18 0.871 0.100 0.293
16611 428 429 4 4 0 1509.69 0.456 0.092 0.183
16612 429 428 4 4 0 1509.69 0.456 0.092 0.183
16613 428 462 4 4 0 2505.18 0.871 0.108 0.299
16614 462 428 4 4 0 2505.18 0.871 0.108 0.299
16615 428 463 4 4 0 1999.04 0.660 0.118 0.254
16616 463 428 4 4 0 1999.04 0.660 0.118 0.254
16617 428 464 4 4 0 2505.18 0.871 0.112 0.302
16618 464 428 4 4 0 2505.18 0.871 0.112 0.302
16619 429 430 4 4 0 1509.69 0.456 0.096 0.186
16620 430 429 4 4 0 1509.69 0.456 0.096 0.186
16621 429 463 4 4 0 2505.18 0.871 0.094 0.289
16622 463 429 4 4 0 2505.18 0.871 0.094 0.289
16623 429 464 4 4 0 1999.04 0.660 0.088 0.231
16624 464 429 4 4 0 1999.04 0.660 0.088 0.231
16625 429 465 4 4 0 2505.18 0.871 0.092 0.287
16626 465 429 4 4 0 2505.18 0.871 0.092 0.287
16627 430 431 4 4 0 1509.69 0.456 0.104 0.192
16628 431 430 4 4 0 1509.69 0.456 0.104 0.192
16629 430 464 4 4 0 2505.18 0.871 0.116 0.305
16630 464 430 4 4 0 2505.18 0.871 0.116 0.305
16631 430 465 4 4 0 1999.04 0.660 0.120 0.255
16632 465 430 4 4 0 1999.04 0.660 0.120 0.255
16633 430 466 4 4 0 2505.18 0.871 0.110 0.301
16634 466 430 4 4 0 2505.18 0.871 0.110 0.301
16635 431 432 4 4 0 1509.69 0.456 0.098 0.188
16636 432 431 4 4 0 1509.69 0.456 0.098 0.188
16637 431 465 4 4 0 2505.18 0.871 0.100 0.293
16638 465 431 4 4 0 2505.18 0.871 0.100 0.293
16639 431 466 4 4 0 1999.04 0.660 0.090 0.233
16640 466 431 4 4 0 1999.04 0.660 0.090 0.233
16641 431 467 4 4 0 2505.18 0.871 0.084 0.281
16642 467 431 4 4 0 2505.18 0.871 0.084 0.281
16643 432 433 4 4 0 1509.69 0.456 0.116 0.201
16644 433 432 4 4 0 1509.69 0.456 0.116 0.201
16645 432 466 4 4 0 2505.18 0.871 0.104 0.296
16646 466 432 4 4 0 2505.18 0.871 0.104 0.296
16647 432 467 4 4 0 1999.04 0.660 0.098 0.239
16648 467 432 4 4 0 1999.04 0.660 0.098 0.239
16649 433 434 4 4 0 1509.69 0.456 0.126 0.209
16650 434 433 4 4 0 1509.69 0.456 0.126 0.209
16651 433 467 4 4 0 2505.18 0.871 0.102 0.295
16652 467 433 4 4 0 2505.18 0.871 0.102 0.295
16653 433 468 4 4 0 1999.04 0.660 0.100 0.240
16654 468 433 4 4 0 1999.04 0.660 0.100 0.240
16655 433 469 4 4 0 2505.18 0.871 0.114 0.304
16656 469 433 4 4 0 2505.18 0.871 0.114 0.304
16657 434 435 4 4 0 1509.69 0.456 0.104 0.192
16658 435 434 4 4 0 1509.69 0.456 0.104 0.192
16659 434 468 4 4 0 2505.18 0.871 0.106 0.298
16660 468 434 4 4 0 2505.18 0.871 0.106 0.298
16661 434 469 4 4 0 1999.04 0.660 0.120 0.255
16662 469 434 4 4 0 1999.04 0.660 0.120 0.255
16663 434 470 4 4 0 2505.18 0.871 0.114 0.304
16664 470 434 4 4 0 2505.18 0.871 0.114 0.304
16665 435 436 4 4 0 1509.69 0.456 0.072 0.168
16666 436 435 4 4 0 1509.69 0.456 0.072 0.168
16667 435 469 4 4 0 2505.18 0.871 0.092 0.287
16668 469 435 4 4 0 2505.18 0.871 0.092 0.287
16669 435 470 4 4 0 1999.04 0.660 0.086 0.230
16670 470 435 4 4 0 1999.04 0.660 0.086 0.230
16671 435 471 4 4 0 2505.18 0.871 0.084 0.281
16672 471 435 4 4 0 2505.18 0.871 0.084 0.281
16673 436 437 4 4 0 1509.69 0.456 0.084 0.177
16674 437 436 4 4 0 1509.69 0.456 0.084 0.177
16675 436 470 4 4 0 2505.18 0.871 0.082 0.280
16676 470 436 4 4 0 2505.18 0.871 0.082 0.280
16677 436 471 4 4 0 1999.04 0.660 0.080 0.225
16678 471 436 4 4 0 1999.04 0.660 0.080 0.225
16679 436 472 4 4 0 2505.18 0.871 0.092 0.287
16680 472 436 4 4 0 2505.18 0.871 0.092 0.287
16681 437 438 4 4 0 1509.69 0.456 0.104 0.192
16682 438 437 4 4 0 1509.69 0.456 0.104 0.192
16683 437 471 4 4 0 2505.18 0.871 0.096 0.290
16684 471 437 4 4 0 2505.18 0.871 0.096 0.290
16685 437 472 4 4 0 1999.04 0.660 0.108 0.246
16686 472 437 4 4 0 1999.04 0.660 0.108 0.246
16687 437 473 4 4 0 2505.18 0.871 0.108 0.299
16688 473 437 4 4 0 2505.18 0.871 0.108 0.299
16689 438 472 4 4 0 2505.18 0.871 0.112 0.302
16690 472 438 4 4 0 2505.18 0.871 0.112 0.302
16691 438 473 4 4 0 1999.04 0.660 0.112 0.249
16692 473 438 4 4 0 1999.04 0.660 0.112 0.249
16693 438 474 4 4 0 2505.18 0.871 0.090 0.286
16694 474 438 4 4 0 2505.18 0.871 0.090 0.286
16695 439 440 4 4 0 1510.10 0.456 0.034 0.140
16696 440 439 4 4 0 1510.10 0.456 0.034 0.140
16697 440 441 4 4 0 1510.10 0.456 0.042 0.146
16698 441 440 4 4 0 1510.10 0.456 0.042 0.146
16699 441 442 4 4 0 1510.10 0.456 0.040 0.144
16700 442 441 4 4 0 1510.10 0.456 0.040 0.144
16701 441 475 4 4 0 2505.43 0.872 0.040 0.248
16702 475 441 4 4 0 2505.43 0.872 0.040 0.248
16703 442 443 4 4 0 1510.10 0.456 0.034 0.140
16704 443 442 4 4 0 1510.10 0.456 0.034 0.140
16705 442 475 4 4 0 1999.03 0.660 0.040 0.195
16706 475 442 4 4 0 1999.03 0.660 0.040 0.195
16707 442 476 4 4 0 2505.43 0.872 0.034 0.243
16708 476 442 4 4 0 2505.43 0.872 0.034 0.243
16709 443 444 4 4 0 1510.10 0.456 0.028 0.135
16710 444 443 4 4 0 1510.10 0.456 0.028 0.135
16711 443 475 4 4 0 2505.43 0.872 0.034 0.243
16712 475 443 4 4 0 2505.43 0.872 0.034 0.243
16713 443 476 4 4 0 1999.03 0.660 0.028 0.186
16714 476 443 4 4 0 1999.03 0.660 0.028 0.186
16715 443 477 4 4 0 2505.43 0.872 0.034 0.243
16716 477 443 4 4 0 2505.43 0.872 0.034 0.243
16717 444 445 4 4 0 1510.10 0.456 0.032 0.138
16718 445 444 4 4 0 1510.10 0.456 0.032 0.138
16719 444 476 4 4 0 2505.43 0.872 0.028 0.239
16720 476 444 4 4 0 2505.43 0.872 0.028 0.239
16721 444 477 4 4 0 1999.03 0.660 0.034 0.191
16722 477 444 4 4 0 1999.03 0.660 0.034 0.191
16723 444 478 4 4 0 2505.43 0.872 0.028 0.239
16724 478 444 4 4 0 2505.43 0.872 0.028 0.239
16725 445 446 4 4 0 1510.10 0.456 0.040 0.144
16726 446 445 4 4 0 1510.10 0.456 0.040 0.144
16727 445 477 4 4 0 2505.43 0.872 0.038 0.246
16728 477 445 4 4 0 2505.43 0.872 0.038 0.246
16729 445 478 4 4 0 1999.03 0.660 0.032 0.189
16730 478 445 4 4 0 1999.03 0.660 0.032 0.189
16731 445 479 4 4 0 2505.43 0.872 0.036 0.245
16732 479 445 4 4 0 2505.43 0.872 0.036 0.245
16733 446 447 4 4 0 1510.10 0.456 0.046 0.149
16734 447 446 4 4 0 1510.10 0.456 0.046 0.149
16735 446 478 4 4 0 2505.43 0.872 0.036 0.245
16736 478 446 4 4 0 2505.43 0.872 0.036 0.245
16737 446 479 4 4 0 1999.03 0.660 0.040 0.195
16738 479 446 4 4 0 1999.03 0.660 0.040 0.195
16739 446 480 4 4 0 2505.43 0.872 0.046 0.252
16740 480 446 4 4 0 2505.43 0.872 0.046 0.252
16741 447 448 4 4 0 1510.10 0.456 0.044 0.147
16742 448 447 4 4 0 1510.10 0.456 0.044 0.147
16743 447 479 4 4 0 2505.43 0.872 0.042 0.249
16744 479 447 4 4 0 2505.43 0.872 0.042 0.249
16745 447 480 4 4 0 1999.03 0.660 0.048 0.201
16746 480 447 4 4 0 1999.03 0.660 0.048 0.201
16747 447 481 4 4 0 2505.43 0.872 0.040 0.248
16748 481 447 4 4 0 2505.43 0.872 0.040 0.248
16749 448 449 4 4 0 1510.10 0.456 0.036 0.141
16750 449 448 4 4 0 1510.10 0.456 0.036 0.141
16751 448 480 4 4 0 2505.43 0.872 0.044 0.251
16752 480 448 4 4 0 2505.43 0.872 0.044 0.251
16753 448 481 4 4 0 1999.03 0.660 0.036 0.192
16754 481 448 4 4 0 1999.03 0.660 0.036 0.192
16755 448 482 4 4 0 2505.43 0.872 0.042 0.249
16756 482 448 4 4 0 2505.43 0.872 0.042 0.249
16757 449 450 4 4 0 1510.10 0.456 0.034 0.140
16758 450 449 4 4 0 1510.10 0.456 0.034 0.140
16759 449 481 4 4 0 2505.43 0.872 0.032 0.242
16760 481 449 4 4 0 2505.43 0.872 0.032 0.242
16761 449 482 4 4 0 1999.03 0.660 0.038 0.194
16762 482 449 4 4 0 1999.03 0.660 0.038 0.194
16763 449 483 4 4 0 2505.43 0.872 0.038 0.246
16764 483 449 4 4 0 2505.43 0.872 0.038 0.246
16765 450 451 4 4 0 1510.10 0.456 0.032 0.138
16766 451 450 4 4 0 1510.10 0.456 0.032 0.138
16767 450 482 4 4 0 2505.43 0.872 0.040 0.248
16768 482 450 4 4 0 2505.43 0.872 0.040 0.248
16769 450 483 4 4 0 1999.03 0.660 0.040 0.195
16770 483 450 4 4 0 1999.03 0.660 0.040 0.195
16771 450 484 4 4 0 2505.43 0.872 0.038 0.246
16772 484 450 4 4 0 2505.43 0.872 0.038 0.246
16773 451 452 4 4 0 1510.10 0.456 0.020 0.129
16774 452 451 4 4 0 1510.10 0.456 0.020 0.129
16775 451 483 4 4 0 2505.43 0.872 0.036 0.245
16776 483 451 4 4 0 2505.43 0.872 0.036 0.245
16777 451 484 4 4 0 1999.03 0.660 0.034 0.191
16778 484 451 4 4 0 1999.03 0.660 0.034 0.191
16779 451 485 4 4 0 2505.43 0.872 0.032 0.242
16780 485 451 4 4 0 2505.43 0.872 0.032 0.242
16781 452 453 4 4 0 1510.10 0.456 0.014 0.125
16782 453 452 4 4 0 1510.10 0.456 0.014 0.125
16783 452 484 4 4 0 2505.43 0.872 0.026 0.237
16784 484 452 4 4 0 2505.43 0.872 0.026 0.237
16785 452 485 4 4 0 1999.03 0.660 0.024 0.183
16786 485 452 4 4 0 1999.03 0.660 0.024 0.183
16787 453 454 4 4 0 1510.10 0.456 0.012 0.123
16788 454 453 4 4 0 1510.10 0.456 0.012 0.123
16789 453 485 4 4 0 2505.43 0.872 0.026 0.237
16790 485 453 4 4 0 2505.43 0.872 0.026 0.237
16791 453 487 4 4 0 2505.43 0.872 0.014 0.228
16792 487 453 4 4 0 2505.43 0.872 0.014 0.228
16793 454 455 4 4 0 1510.10 0.456 0.012 0.123
16794 455 454 4 4 0 1510.10 0.456 0.012 0.123
16795 454 487 4 4 0 1999.03 0.660 0.010 0.173
16796 487 454 4 4 0 1999.03 0.660 0.010 0.173
16797 454 488 4 4 0 2505.43 0.872 0.008 0.224
16798 488 454 4 4 0 2505.43 0.872 0.008 0.224
16799 455 456 4 4 0 1510.10 0.456 0.012 0.123
16800 456 455 4 4 0 1510.10 0.456 0.012 0.123
16801 455 487 4 4 0 2505.43 0.872 0.014 0.228
16802 487 455 4 4 0 2505.43 0.872 0.014 0.228
16803 455 488 4 4 0 1999.03 0.660 0.012 0.174
16804 488 455 4 4 0 1999.03 0.660 0.012 0.174
16805 455 489 4 4 0 2505.43 0.872 0.012 0.227
16806 489 455 4 4 0 2505.43 0.872 0.012 0.227
16807 456 457 4 4 0 1510.10 0.456 0.008 0.120
16808 457 456 4 4 0 1510.10 0.456 0.008 0.120
16809 456 488 4 4 0 2505.43 0.872 0.008 0.224
16810 488 456 4 4 0 2505.43 0.872 0.008 0.224
16811 456 489 4 4 0 1999.03 0.660 0.008 0.171
16812 489 456 4 4 0 1999.03 0.660 0.008 0.171
16813 456 490 4 4 0 2505.43 0.872 0.012 0.227
16814 490 456 4 4 0 2505.43 0.872 0.012 0.227
16815 457 458 4 4 0 1510.10 0.456 0.008 0.120
16816 458 457 4 4 0 1510.10 0.456 0.008 0.120
16817 457 489 4 4 0 2505.43 0.872 0.008 0.224
16818 489 457 4 4 0 2505.43 0.872 0.008 0.224
16819 457 490 4 4 0 1999.03 0.660 0.012 0.174
16820 490 457 4 4 0 1999.03 0.660 0.012 0.174
16821 457 491 4 4 0 2505.43 0.872 0.010 0.225
16822 491 457 4 4 0 2505.43 0.872 0.010 0.225
16823 458 459 4 4 0 1510.10 0.456 0.008 0.120
16824 459 458 4 4 0 1510.10 0.456 0.008 0.120
16825 458 490 4 4 0 2505.43 0.872 0.012 0.227
16826 490 458 4 4 0 2505.43 0.872 0.012 0.227
16827 458 491 4 4 0 1999.03 0.660 0.010 0.173
16828 491 458 4 4 0 1999.03 0.660 0.010 0.173
16829 458 492 4 4 0 2505.43 0.872 0.012 0.227
16830 492 458 4 4 0 2505.43 0.872 0.012 0.227
16831 459 460 4 4 0 1510.10 0.456 0.012 0.123
16832 460 459 4 4 0 1510.10 0.456 0.012 0.123
16833 459 491 4 4 0 2505.43 0.872 0.010 0.225
16834 491 459 4 4 0 2505.43 0.872 0.010 0.225
16835 459 492 4 4 0 1999.03 0.660 0.012 0.174
16836 492 459 4 4 0 1999.03 0.660 0.012 0.174
16837 459 493 4 4 0 2505.43 0.872 0.046 0.252
16838 493 459 4 4 0 2505.43 0.872 0.046 0.252
16839 460 492 4 4 0 2505.43 0.872 0.016 0.230
16840 492 460 4 4 0 2505.43 0.872 0.016 0.230
16841 460 493 4 4 0 1999.03 0.660 0.050 0.203
16842 493 460 4 4 0 1999.03 0.660 0.050 0.203
16843 461 494 4 4 0 2505.43 0.872 0.090 0.286
16844 494 461 4 4 0 2505.43 0.872 0.090 0.286
16845 462 463 4 4 0 1510.10 0.456 0.110 0.197
16846 463 462 4 4 0 1510.10 0.456 0.110 0.197
16847 462 494 4 4 0 1999.03 0.660 0.088 0.231
16848 494 462 4 4 0 1999.03 0.660 0.088 0.231
16849 462 495 4 4 0 2505.43 0.872 0.096 0.290
16850 495 462 4 4 0 2505.43 0.872 0.096 0.290
16851 463 464 4 4 0 1510.10 0.456 0.114 0.200
16852 464 463 4 4 0 1510.10 0.456 0.114 0.200
16853 463 494 4 4 0 2505.43 0.872 0.098 0.292
16854 494 463 4 4 0 2505.43 0.872 0.098 0.292
16855 463 495 4 4 0 1999.03 0.660 0.106 0.245
16856 495 463 4 4 0 1999.03 0.660 0.106 0.245
16857 463 496 4 4 0 2505.43 0.872 0.106 0.298
16858 496 463 4 4 0 2505.43 0.872 0.106 0.298
16859 464 465 4 4 0 1510.10 0.456 0.112 0.198
16860 465 464 4 4 0 1510.10 0.456 0.112 0.198
16861 464 495 4 4 0 2505.43 0.872 0.100 0.293
16862 495 464 4 4 0 2505.43 0.872 0.100 0.293
16863 464 496 4 4 0 1999.03 0.660 0.100 0.240
16864 496 464 4 4 0 1999.03 0.660 0.100 0.240
16865 464 497 4 4 0 2505.43 0.872 0.116 0.305
16866 497 464 4 4 0 2505.43 0.872 0.116 0.305
16867 465 466 4 4 0 1510.10 0.456 0.106 0.194
16868 466 465 4 4 0 1510.10 0.456 0.106 0.194
16869 465 496 4 4 0 2505.43 0.872 0.104 0.296
16870 496 465 4 4 0 2505.43 0.872 0.104 0.296
16871 465 497 4 4 0 1999.03 0.660 0.120 0.255
16872 497 465 4 4 0 1999.03 0.660 0.120 0.255
16873 465 498 4 4 0 2505.43 0.872 0.098 0.292
16874 498 465 4 4 0 2505.43 0.872 0.098 0.292
16875 466 467 4 4 0 1510.10 0.456 0.090 0.182
16876 467 466 4 4 0 1510.10 0.456 0.090 0.182
16877 466 497 4 4 0 2505.43 0.872 0.110 0.301
16878 497 466 4 4 0 2505.43 0.872 0.110 0.301
16879 466 498 4 4 0 1999.03 0.660 0.088 0.231
16880 498 466 4 4 0 1999.03 0.660 0.088 0.231
16881 467 468 4 4 0 1510.10 0.456 0.082 0.176
16882 468 467 4 4 0 1510.10 0.456 0.082 0.176
16883 467 499 4 4 0 1999.03 0.660 0.090 0.233
16884 499 467 4 4 0 1999.03 0.660 0.090 0.233
16885 467 500 4 4 0 2505.43 0.872 0.096 0.290
16886 500 467 4 4 0 2505.43 0.872 0.096 0.290
16887 468 469 4 4 0 1510.10 0.456 0.094 0.185
16888 469 468 4 4 0 1510.10 0.456 0.094 0.185
16889 468 499 4 4 0 2505.43 0.872 0.088 0.284
16890 499 468 4 4 0 2505.43 0.872 0.088 0.284
16891 468 500 4 4 0 1999.03 0.660 0.094 0.236
16892 500 468 4 4 0 1999.03 0.660 0.094 0.236
16893 468 501 4 4 0 2505.43 0.872 0.082 0.280
16894 501 468 4 4 0 2505.43 0.872 0.082 0.280
16895 469 470 4 4 0 1510.10 0.456 0.102 0.191
16896 470 469 4 4 0 1510.10 0.456 0.102 0.191
16897 469 500 4 4 0 2505.43 0.872 0.108 0.299
16898 500 469 4 4 0 2505.43 0.872 0.108 0.299
16899 469 501 4 4 0 1999.03 0.660 0.096 0.237
16900 501 469 4 4 0 1999.03 0.660 0.096 0.237
16901 469 502 4 4 0 2505.43 0.872 0.120 0.308
16902 502 469 4 4 0 2505.43 0.872 0.120 0.308
16903 470 471 4 4 0 1510.10 0.456 0.094 0.185
16904 471 470 4 4 0 1510.10 0.456 0.094 0.185
16905 470 501 4 4 0 2505.43 0.872 0.090 0.286
16906 501 470 4 4 0 2505.43 0.872 0.090 0.286
16907 470 502 4 4 0 1999.03 0.660 0.114 0.251
16908 502 470 4 4 0 1999.03 0.660 0.114 0.251
16909 470 503 4 4 0 2505.43 0.872 0.114 0.304
16910 503 470 4 4 0 2505.43 0.872 0.114 0.304
16911 471 472 4 4 0 1510.10 0.456 0.104 0.192
16912 472 471 4 4 0 1510.10 0.456 0.104 0.192
16913 471 502 4 4 0 2505.43 0.872 0.112 0.302
16914 502 471 4 4 0 2505.43 0.872 0.112 0.302
16915 471 503 4 4 0 1999.03 0.660 0.112 0.249
16916 503 471 4 4 0 1999.03 0.660 0.112 0.249
16917 471 504 4 4 0 2505.43 0.872 0.082 0.280
16918 504 471 4 4 0 2505.43 0.872 0.082 0.280
16919 472 473 4 4 0 1510.10 0.456 0.116 0.201
16920 473 472 4 4 0 1510.10 0.456 0.116 0.201
16921 472 503 4 4 0 2505.43 0.872 0.124 0.311
16922 503 472 4 4 0 2505.43 0.872 0.124 0.311
16923 472 504 4 4 0 1999.03 0.660 0.094 0.236
16924 504 472 4 4 0 1999.03 0.660 0.094 0.236
16925 472 505 4 4 0 2505.43 0.872 0.112 0.302
16926 505 472 4 4 0 2505.43 0.872 0.112 0.302
16927 473 474 4 4 0 1510.10 0.456 0.094 0.185
16928 474 473 4 4 0 1510.10 0.456 0.094 0.185
16929 473 504 4 4 0 2505.43 0.872 0.094 0.289
16930 504 473 4 4 0 2505.43 0.872 0.094 0.289
16931 473 505 4 4 0 1999.03 0.660 0.112 0.249
16932 505 473 4 4 0 1999.03 0.660 0.112 0.249
16933 474 505 4 4 0 2505.43 0.872 0.090 0.286
16934 505 474 4 4 0 2505.43 0.872 0.090 0.286
16935 475 476 4 4 0 1510.51 0.457 0.034 0.140
16936 476 475 4 4 0 1510.51 0.457 0.034 0.140
16937 476 477 4 4 0 1510.51 0.457 0.034 0.140
16938 477 476 4 4 0 1510.51 0.457 0.034 0.140
16939 476 506 4 4 0 2505.67 0.872 0.032 0.242
16940 506 476 4 4 0 2505.67 0.872 0.032 0.242
16941 477 478 4 4 0 1510.51 0.457 0.034 0.140
16942 478 477 4 4 0 1510.51 0.457 0.034 0.140
16943 477 506 4 4 0 1999.03 0.660 0.038 0.194
16944 506 477 4 4 0 1999.03 0.660 0.038 0.194
16945 478 479 4 4 0 1510.51 0.457 0.032 0.138
16946 479 478 4 4 0 1510.51 0.457 0.032 0.138
16947 478 506 4 4 0 2505.67 0.872 0.032 0.242
16948 506 478 4 4 0 2505.67 0.872 0.032 0.242
16949 478 507 4 4 0 1999.03 0.660 0.026 0.185
16950 507 478 4 4 0 1999.03 0.660 0.026 0.185
16951 478 508 4 4 0 2505.67 0.872 0.032 0.242
16952 508 478 4 4 0 2505.67 0.872 0.032 0.242
16953 479 480 4 4 0 1510.51 0.457 0.042 0.146
16954 480 479 4 4 0 1510.51 0.457 0.042 0.146
16955 479 507 4 4 0 2505.67 0.872 0.030 0.240
16956 507 479 4 4 0 2505.67 0.872 0.030 0.240
16957 479 508 4 4 0 1999.03 0.660 0.036 0.192
16958 508 479 4 4 0 1999.03 0.660 0.036 0.192
16959 479 509 4 4 0 2505.67 0.872 0.042 0.250
16960 509 479 4 4 0 2505.67 0.872 0.042 0.250
16961 480 481 4 4 0 1510.51 0.457 0.040 0.144
16962 481 480 4 4 0 1510.51 0.457 0.040 0.144
16963 480 508 4 4 0 2505.67 0.872 0.042 0.250
16964 508 480 4 4 0 2505.67 0.872 0.042 0.250
16965 480 509 4 4 0 1999.03 0.660 0.048 0.201
16966 509 480 4 4 0 1999.03 0.660 0.048 0.201
16967 480 510 4 4 0 2505.67 0.872 0.046 0.253
16968 510 480 4 4 0 2505.67 0.872 0.046 0.253
16969 481 482 4 4 0 1510.51 0.457 0.038 0.143
16970 482 481 4 4 0 1510.51 0.457 0.038 0.143
16971 481 509 4 4 0 2505.67 0.872 0.040 0.248
16972 509 481 4 4 0 2505.67 0.872 0.040 0.248
16973 481 510 4 4 0 1999.03 0.660 0.038 0.194
16974 510 481 4 4 0 1999.03 0.660 0.038 0.194
16975 481 511 4 4 0 2505.67 0.872 0.040 0.248
16976 511 481 4 4 0 2505.67 0.872 0.040 0.248
16977 482 483 4 4 0 1510.51 0.457 0.044 0.147
16978 483 482 4 4 0 1510.51 0.457 0.044 0.147
16979 482 510 4 4 0 2505.67 0.872 0.044 0.251
16980 510 482 4 4 0 2505.67 0.872 0.044 0.251
16981 482 511 4 4 0 1999.03 0.660 0.046 0.200
16982 511 482 4 4 0 1999.03 0.660 0.046 0.200
16983 482 512 4 4 0 2505.67 0.872 0.042 0.250
16984 512 482 4 4 0 2505.67 0.872 0.042 0.250
16985 483 484 4 4 0 1510.51 0.457 0.042 0.146
16986 484 483 4 4 0 1510.51 0.457 0.042 0.146
16987 483 511 4 4 0 2505.67 0.872 0.046 0.253
16988 511 483 4 4 0 2505.67 0.872 0.046 0.253
16989 483 512 4 4 0 1999.03 0.660 0.042 0.197
16990 512 483 4 4 0 1999.03 0.660 0.042 0.197
16991 483 513 4 4 0 2505.67 0.872 0.042 0.250
16992 513 483 4 4 0 2505.67 0.872 0.042 0.250
16993 484 485 4 4 0 1510.51 0.457 0.038 0.143
16994 485 484 4 4 0 1510.51 0.457 0.038 0.143
16995 484 512 4 4 0 2505.67 0.872 0.040 0.248
16996 512 484 4 4 0 2505.67 0.872 0.040 0.248
16997 484 513 4 4 0 1999.03 0.660 0.040 0.195
16998 513 484 4 4 0 1999.03 0.660 0.040 0.195
16999 484 514 4 4 0 2505.67 0.872 0.028 0.239
17000 514 484 4 4 0 2505.67 0.872 0.028 0.239
17001 485 486 4 4 0 1510.51 0.457 0.024 0.132
17002 486 485 4 4 0 1510.51 0.457 0.024 0.132
17003 485 513 4 4 0 2505.67 0.872 0.038 0.246
17004 513 485 4 4 0 2505.67 0.872 0.038 0.246
17005 485 514 4 4 0 1999.03 0.660 0.026 0.185
17006 514 485 4 4 0 1999.03 0.660 0.026 0.185
17007 485 515 4 4 0 2505.67 0.872 0.024 0.236
17008 515 485 4 4 0 2505.67 0.872 0.024 0.236
17009 486 514 4 4 0 2505.67 0.872 0.014 0.228
17010 514 486 4 4 0 2505.67 0.872 0.014 0.228
17011 486 515 4 4 0 1999.03 0.660 0.012 0.174
17012 515 486 4 4 0 1999.03 0.660 0.012 0.174
17013 486 516 4 4 0 2505.67 0.872 0.012 0.227
17014 516 486 4 4 0 2505.67 0.872 0.012 0.227
17015 487 488 4 4 0 1510.51 0.457 0.010 0.122
17016 488 487 4 4 0 1510.51 0.457 0.010 0.122
17017 487 516 4 4 0 1999.03 0.660 0.012 0.174
17018 516 487 4 4 0 1999.03 0.660 0.012 0.174
17019 487 517 4 4 0 2505.67 0.872 0.010 0.225
17020 517 487 4 4 0 2505.67 0.872 0.010 0.225
17021 488 489 4 4 0 1510.51 0.457 0.008 0.120
17022 489 488 4 4 0 1510.51 0.457 0.008 0.120
17023 488 516 4 4 0 2505.67 0.872 0.010 0.225
17024 516 488 4 4 0 2505.67 0.872 0.010 0.225
17025 488 517 4 4 0 1999.03 0.660 0.008 0.171
17026 517 488 4 4 0 1999.03 0.660 0.008 0.171
17027 488 518 4 4 0 2505.67 0.872 0.010 0.225
17028 518 488 4 4 0 2505.67 0.872 0.010 0.225
17029 489 490 4 4 0 1510.51 0.457 0.012 0.123
17030 490 489 4 4 0 1510.51 0.457 0.012 0.123
17031 489 517 4 4 0 2505.67 0.872 0.008 0.224
17032 517 489 4 4 0 2505.67 0.872 0.008 0.224
17033 489 518 4 4 0 1999.03 0.660 0.010 0.173
17034 518 489 4 4 0 1999.03 0.660 0.010 0.173
17035 489 519 4 4 0 2505.67 0.872 0.010 0.225
17036 519 489 4 4 0 2505.67 0.872 0.010 0.225
17037 490 491 4 4 0 1510.51 0.457 0.014 0.125
17038 491 490 4 4 0 1510.51 0.457 0.014 0.125
17039 490 518 4 4 0 2505.67 0.872 0.014 0.228
17040 518 490 4 4 0 2505.67 0.872 0.014 0.228
17041 490 519 4 4 0 1999.03 0.660 0.014 0.176
17042 519 490 4 4 0 1999.03 0.660 0.014 0.176
17043 490 520 4 4 0 2505.67 0.872 0.014 0.228
17044 520 490 4 4 0 2505.67 0.872 0.014 0.228
17045 491 492 4 4 0 1510.51 0.457 0.014 0.125
17046 492 491 4 4 0 1510.51 0.457 0.014 0.125
17047 491 519 4 4 0 2505.67 0.872 0.012 0.227
17048 519 491 4 4 0 2505.67 0.872 0.012 0.227
17049 491 520 4 4 0 1999.03 0.660 0.012 0.174
17050 520 491 4 4 0 1999.03 0.660 0.012 0.174
17051 491 521 4 4 0 2505.67 0.872 0.012 0.227
17052 521 491 4 4 0 2505.67 0.872 0.012 0.227
17053 492 493 4 4 0 1510.51 0.457 0.050 0.152
17054 493 492 4 4 0 1510.51 0.457 0.050 0.152
17055 492 520 4 4 0 2505.67 0.872 0.014 0.228
17056 520 492 4 4 0 2505.67 0.872 0.014 0.228
17057 492 521 4 4 0 1999.03 0.660 0.014 0.176
17058 521 492 4 4 0 1999.03 0.660 0.014 0.176
17059 492 522 4 4 0 2505.67 0.872 0.044 0.251
17060 522 492 4 4 0 2505.67 0.872 0.044 0.251
17061 493 521 4 4 0 2505.67 0.872 0.048 0.254
17062 521 493 4 4 0 2505.67 0.872 0.048 0.254
17063 493 522 4 4 0 1999.03 0.660 0.078 0.224
17064 522 493 4 4 0 1999.03 0.660 0.078 0.224
17065 493 523 4 4 0 2505.67 0.872 0.096 0.290
17066 523 493 4 4 0 2505.67 0.872 0.096 0.290
17067 494 495 4 4 0 1510.51 0.457 0.084 0.177
17068 495 494 4 4 0 1510.51 0.457 0.084 0.177
17069 494 524 4 4 0 1999.03 0.660 0.084 0.228
17070 524 494 4 4 0 1999.03 0.660 0.084 0.228
17071 494 525 4 4 0 2505.67 0.872 0.096 0.290
17072 525 494 4 4 0 2505.67 0.872 0.096 0.290
17073 495 496 4 4 0 1510.51 0.457 0.092 0.183
17074 496 495 4 4 0 1510.51 0.457 0.092 0.183
17075 495 524 4 4 0 2505.67 0.872 0.092 0.287
17076 524 495 4 4 0 2505.67 0.872 0.092 0.287
17077 495 525 4 4 0 1999.03 0.660 0.104 0.243
17078 525 495 4 4 0 1999.03 0.660 0.104 0.243
17079 495 526 4 4 0 2505.67 0.872 0.108 0.299
17080 526 495 4 4 0 2505.67 0.872 0.108 0.299
17081 496 497 4 4 0 1510.51 0.457 0.108 0.195
17082 497 496 4 4 0 1510.51 0.457 0.108 0.195
17083 496 525 4 4 0 2505.67 0.872 0.104 0.296
17084 525 496 4 4 0 2505.67 0.872 0.104 0.296
17085 496 526 4 4 0 1999.03 0.660 0.108 0.246
17086 526 496 4 4 0 1999.03 0.660 0.108 0.246
17087 496 527 4 4 0 2505.67 0.872 0.106 0.298
17088 527 496 4 4 0 2505.67 0.872 0.106 0.298
17089 497 498 4 4 0 1510.51 0.457 0.102 0.191
17090 498 497 4 4 0 1510.51 0.457 0.102 0.191
17091 497 526 4 4 0 2505.67 0.872 0.124 0.311
17092 526 497 4 4 0 2505.67 0.872 0.124 0.311
17093 497 527 4 4 0 1999.03 0.660 0.122 0.257
17094 527 497 4 4 0 1999.03 0.660 0.122 0.257
17095 498 499 4 4 0 1510.51 0.457 0.088 0.180
17096 499 498 4 4 0 1510.51 0.457 0.088 0.180
17097 498 527 4 4 0 2505.67 0.872 0.100 0.293
17098 527 498 4 4 0 2505.67 0.872 0.100 0.293
17099 498 528 4 4 0 2505.67 0.872 0.084 0.281
17100 528 498 4 4 0 2505.67 0.872 0.084 0.281
17101 499 500 4 4 0 1510.51 0.457 0.102 0.191
17102 500 499 4 4 0 1510.51 0.457 0.102 0.191
17103 499 528 4 4 0 1999.03 0.660 0.092 0.234
17104 528 499 4 4 0 1999.03 0.660 0.092 0.234
17105 499 529 4 4 0 2505.67 0.872 0.096 0.290
17106 529 499 4 4 0 2505.67 0.872 0.096 0.290
17107 500 501 4 4 0 1510.51 0.457 0.096 0.186
17108 501 500 4 4 0 1510.51 0.457 0.096 0.186
17109 500 528 4 4 0 2505.67 0.872 0.098 0.292
17110 528 500 4 4 0 2505.67 0.872 0.098 0.292
17111 500 529 4 4 0 1999.03 0.660 0.102 0.242
17112 529 500 4 4 0 1999.03 0.660 0.102 0.242
17113 500 530 4 4 0 2505.67 0.872 0.102 0.295
17114 530 500 4 4 0 2505.67 0.872 0.102 0.295
17115 501 502 4 4 0 1510.51 0.457 0.108 0.195
17116 502 501 4 4 0 1510.51 0.457 0.108 0.195
17117 501 529 4 4 0 2505.67 0.872 0.090 0.286
17118 529 501 4 4 0 2505.67 0.872 0.090 0.286
17119 501 530 4 4 0 1999.03 0.660 0.090 0.233
17120 530 501 4 4 0 1999.03 0.660 0.090 0.233
17121 501 531 4 4 0 2505.67 0.872 0.102 0.295
17122 531 501 4 4 0 2505.67 0.872 0.102 0.295
17123 502 503 4 4 0 1510.51 0.457 0.132 0.213
17124 503 502 4 4 0 1510.51 0.457 0.132 0.213
17125 502 530 4 4 0 2505.67 0.872 0.114 0.304
17126 530 502 4 4 0 2505.67 0.872 0.114 0.304
17127 502 531 4 4 0 1999.03 0.660 0.126 0.260
17128 531 502 4 4 0 1999.03 0.660 0.126 0.260
17129 502 532 4 4 0 2505.67 0.872 0.128 0.314
17130 532 502 4 4 0 2505.67 0.872 0.128 0.314
17131 503 504 4 4 0 1510.51 0.457 0.102 0.191
17132 504 503 4 4 0 1510.51 0.457 0.102 0.191
17133 503 531 4 4 0 2505.67 0.872 0.126 0.313
17134 531 503 4 4 0 2505.67 0.872 0.126 0.313
17135 503 532 4 4 0 1999.03 0.660 0.128 0.261
17136 532 503 4 4 0 1999.03 0.660 0.128 0.261
17137 503 533 4 4 0 2505.67 0.872 0.112 0.302
17138 533 503 4 4 0 2505.67 0.872 0.112 0.302
17139 504 505 4 4 0 1510.51 0.457 0.090 0.182
17140 505 504 4 4 0 1510.51 0.457 0.090 0.182
17141 504 532 4 4 0 2505.67 0.872 0.098 0.292
17142 532 504 4 4 0 2505.67 0.872 0.098 0.292
17143 504 533 4 4 0 1999.03 0.660 0.082 0.227
17144 533 504 4 4 0 1999.03 0.660 0.082 0.227
17145 504 534 4 4 0 2505.67 0.872 0.074 0.274
17146 534 504 4 4 0 2505.67 0.872 0.074 0.274
17147 505 533 4 4 0 2505.67 0.872 0.100 0.293
17148 533 505 4 4 0 2505.67 0.872 0.100 0.293
17149 505 534 4 4 0 1999.03 0.660 0.092 0.234
17150 534 505 4 4 0 1999.03 0.660 0.092 0.234
17151 506 507 4 4 0 1510.93 0.457 0.030 0.137
17152 507 506 4 4 0 1510.93 0.457 0.030 0.137
17153 507 508 4 4 0 1510.93 0.457 0.030 0.137
17154 508 507 4 4 0 1510.93 0.457 0.030 0.137
17155 507 535 4 4 0 2505.91 0.872 0.026 0.237
17156 535 507 4 4 0 2505.91 0.872 0.026 0.237
17157 508 509 4 4 0 1510.93 0.457 0.042 0.146
17158 509 508 4 4 0 1510.93 0.457 0.042 0.146
17159 508 535 4 4 0 1999.02 0.660 0.032 0.189
17160 535 508 4 4 0 1999.02 0.660 0.032 0.189
17161 508 536 4 4 0 2505.91 0.872 0.042 0.250
17162 536 508 4 4 0 2505.91 0.872 0.042 0.250
17163 509 510 4 4 0 1510.93 0.457 0.046 0.149
17164 510 509 4 4 0 1510.93 0.457 0.046 0.149
17165 509 535 4 4 0 2505.91 0.872 0.038 0.247
17166 535 509 4 4 0 2505.91 0.872 0.038 0.247
17167 509 536 4 4 0 1999.02 0.660 0.048 0.201
17168 536 509 4 4 0 1999.02 0.660 0.048 0.201
17169 509 537 4 4 0 2505.91 0.872 0.044 0.251
17170 537 509 4 4 0 2505.91 0.872 0.044 0.251
17171 510 511 4 4 0 1510.93 0.457 0.046 0.149
17172 511 510 4 4 0 1510.93 0.457 0.046 0.149
17173 510 536 4 4 0 2505.91 0.872 0.046 0.253
17174 536 510 4 4 0 2505.91 0.872 0.046 0.253
17175 510 537 4 4 0 1999.02 0.660 0.042 0.197
17176 537 510 4 4 0 1999.02 0.660 0.042 0.197
17177 510 538 4 4 0 2505.91 0.872 0.040 0.248
17178 538 510 4 4 0 2505.91 0.872 0.040 0.248
17179 511 512 4 4 0 1510.93 0.457 0.044 0.147
17180 512 511 4 4 0 1510.93 0.457 0.044 0.147
17181 511 537 4 4 0 2505.91 0.872 0.044 0.251
17182 537 511 4 4 0 2505.91 0.872 0.044 0.251
17183 511 538 4 4 0 1999.02 0.660 0.042 0.197
17184 538 511 4 4 0 1999.02 0.660 0.042 0.197
17185 511 539 4 4 0 2505.91 0.872 0.042 0.250
17186 539 511 4 4 0 2505.91 0.872 0.042 0.250
17187 512 513 4 4 0 1510.93 0.457 0.040 0.144
17188 513 512 4 4 0 1510.93 0.457 0.040 0.144
17189 512 538 4 4 0 2505.91 0.872 0.038 0.247
17190 538 512 4 4 0 2505.91 0.872 0.038 0.247
17191 512 539 4 4 0 1999.02 0.660 0.038 0.194
17192 539 512 4 4 0 1999.02 0.660 0.038 0.194
17193 512 540 4 4 0 2505.91 0.872 0.040 0.248
17194 540 512 4 4 0 2505.91 0.872 0.040 0.248
17195 513 514 4 4 0 1510.93 0.457 0.028 0.135
17196 514 513 4 4 0 1510.93 0.457 0.028 0.135
17197 513 539 4 4 0 2505.91 0.872 0.038 0.247
17198 539 513 4 4 0 2505.91 0.872 0.038 0.247
17199 513 540 4 4 0 1999.02 0.660 0.040 0.195
17200 540 513 4 4 0 1999.02 0.660 0.040 0.195
17201 513 541 4 4 0 2505.91 0.872 0.044 0.251
17202 541 513 4 4 0 2505.91 0.872 0.044 0.251
17203 514 515 4 4 0 1510.93 0.457 0.014 0.125
17204 515 514 4 4 0 1510.93 0.457 0.014 0.125
17205 514 540 4 4 0 2505.91 0.872 0.028 0.239
17206 540 514 4 4 0 2505.91 0.872 0.028 0.239
17207 514 541 4 4 0 1999.02 0.660 0.032 0.189
17208 541 514 4 4 0 1999.02 0.660 0.032 0.189
17209 514 542 4 4 0 2505.91 0.872 0.014 0.228
17210 542 514 4 4 0 2505.91 0.872 0.014 0.228
17211 515 516 4 4 0 1510.93 0.457 0.012 0.123
17212 516 515 4 4 0 1510.93 0.457 0.012 0.123
17213 515 541 4 4 0 2505.91 0.872 0.030 0.240
17214 541 515 4 4 0 2505.91 0.872 0.030 0.240
17215 515 542 4 4 0 1999.02 0.660 0.012 0.174
17216 542 515 4 4 0 1999.02 0.660 0.012 0.174
17217 515 543 4 4 0 2505.91 0.872 0.012 0.227
17218 543 515 4 4 0 2505.91 0.872 0.012 0.227
17219 516 517 4 4 0 1510.93 0.457 0.010 0.122
17220 517 516 4 4 0 1510.93 0.457 0.010 0.122
17221 516 542 4 4 0 2505.91 0.872 0.012 0.227
17222 542 516 4 4 0 2505.91 0.872 0.012 0.227
17223 516 543 4 4 0 1999.02 0.660 0.012 0.174
17224 543 516 4 4 0 1999.02 0.660 0.012 0.174
17225 516 544 4 4 0 2505.91 0.872 0.012 0.227
17226 544 516 4 4 0 2505.91 0.872 0.012 0.227
17227 517 518 4 4 0 1510.93 0.457 0.010 0.122
17228 518 517 4 4 0 1510.93 0.457 0.010 0.122
17229 517 543 4 4 0 2505.91 0.872 0.010 0.225
17230 543 517 4 4 0 2505.91 0.872 0.010 0.225
17231 517 544 4 4 0 1999.02 0.660 0.010 0.173
17232 544 517 4 4 0 1999.02 0.660 0.010 0.173
17233 517 545 4 4 0 2505.91 0.872 0.010 0.225
17234 545 517 4 4 0 2505.91 0.872 0.010 0.225
17235 518 519 4 4 0 1510.93 0.457 0.012 0.123
17236 519 518 4 4 0 1510.93 0.457 0.012 0.123
17237 518 544 4 4 0 2505.91 0.872 0.012 0.227
17238 544 518 4 4 0 2505.91 0.872 0.012 0.227
17239 518 545 4 4 0 1999.02 0.660 0.012 0.174
17240 545 518 4 4 0 1999.02 0.660 0.012 0.174
17241 518 546 4 4 0 2505.91 0.872 0.014 0.228
17242 546 518 4 4 0 2505.91 0.872 0.014 0.228
17243 519 520 4 4 0 1510.93 0.457 0.012 0.123
17244 520 519 4 4 0 1510.93 0.457 0.012 0.123
17245 519 545 4 4 0 2505.91 0.872 0.012 0.227
17246 545 519 4 4 0 2505.91 0.872 0.012 0.227
17247 519 546 4 4 0 1999.02 0.660 0.014 0.176
17248 546 519 4 4 0 1999.02 0.660 0.014 0.176
17249 519 547 4 4 0 2505.91 0.872 0.010 0.225
17250 547 519 4 4 0 2505.91 0.872 0.010 0.225
17251 520 521 4 4 0 1510.93 0.457 0.012 0.123
17252 521 520 4 4 0 1510.93 0.457 0.012 0.123
17253 520 546 4 4 0 2505.91 0.872 0.014 0.228
17254 546 520 4 4 0 2505.91 0.872 0.014 0.228
17255 520 547 4 4 0 1999.02 0.660 0.010 0.173
17256 547 520 4 4 0 1999.02 0.660 0.010 0.173
17257 520 548 4 4 0 2505.91 0.872 0.012 0.227
17258 548 520 4 4 0 2505.91 0.872 0.012 0.227
17259 521 522 4 4 0 1510.93 0.457 0.042 0.146
17260 522 521 4 4 0 1510.93 0.457 0.042 0.146
17261 521 547 4 4 0 2505.91 0.872 0.010 0.225
17262 547 521 4 4 0 2505.91 0.872 0.010 0.225
17263 521 548 4 4 0 1999.02 0.660 0.012 0.174
17264 548 521 4 4 0 1999.02 0.660 0.012 0.174
17265 521 549 4 4 0 2505.91 0.872 0.010 0.225
17266 549 521 4 4 0 2505.91 0.872 0.010 0.225
17267 522 523 4 4 0 1510.93 0.457 0.090 0.182
17268 523 522 4 4 0 1510.93 0.457 0.090 0.182
17269 522 548 4 4 0 2505.91 0.872 0.042 0.250
17270 548 522 4 4 0 2505.91 0.872 0.042 0.250
17271 522 549 4 4 0 1999.02 0.660 0.040 0.195
17272 549 522 4 4 0 1999.02 0.660 0.040 0.195
17273 522 550 4 4 0 2505.91 0.872 0.080 0.278
17274 550 522 4 4 0 2505.91 0.872 0.080 0.278
17275 523 549 4 4 0 2505.91 0.872 0.058 0.262
17276 549 523 4 4 0 2505.91 0.872 0.058 0.262
17277 523 550 4 4 0 1999.02 0.660 0.098 0.239
17278 550 523 4 4 0 1999.02 0.660 0.098 0.239
17279 523 551 4 4 0 2505.91 0.872 0.092 0.287
17280 551 523 4 4 0 2505.91 0.872 0.092 0.287
17281 525 526 4 4 0 1510.93 0.457 0.120 0.204
17282 526 525 4 4 0 1510.93 0.457 0.120 0.204
17283 525 554 4 4 0 2505.91 0.872 0.102 0.295
17284 554 525 4 4 0 2505.91 0.872 0.102 0.295
17285 526 527 4 4 0 1510.93 0.457 0.122 0.206
17286 527 526 4 4 0 1510.93 0.457 0.122 0.206
17287 526 554 4 4 0 1999.02 0.660 0.106 0.245
17288 554 526 4 4 0 1999.02 0.660 0.106 0.245
17289 526 555 4 4 0 2505.91 0.872 0.126 0.313
17290 555 526 4 4 0 2505.91 0.872 0.126 0.313
17291 527 554 4 4 0 2505.91 0.872 0.104 0.296
17292 554 527 4 4 0 2505.91 0.872 0.104 0.296
17293 527 555 4 4 0 1999.02 0.660 0.124 0.258
17294 555 527 4 4 0 1999.02 0.660 0.124 0.258
17295 528 529 4 4 0 1510.93 0.457 0.092 0.183
17296 529 528 4 4 0 1510.93 0.457 0.092 0.183
17297 528 557 4 4 0 2505.91 0.872 0.098 0.292
17298 557 528 4 4 0 2505.91 0.872 0.098 0.292
17299 529 530 4 4 0 1510.93 0.457 0.096 0.186
17300 530 529 4 4 0 1510.93 0.457 0.096 0.186
17301 529 557 4 4 0 1999.02 0.660 0.102 0.242
17302 557 529 4 4 0 1999.02 0.660 0.102 0.242
17303 529 558 4 4 0 2505.91 0.872 0.096 0.290
17304 558 529 4 4 0 2505.91 0.872 0.096 0.290
17305 530 531 4 4 0 1510.93 0.457 0.108 0.195
17306 531 530 4 4 0 1510.93 0.457 0.108 0.195
17307 530 557 4 4 0 2505.91 0.872 0.102 0.295
17308 557 530 4 4 0 2505.91 0.872 0.102 0.295
17309 530 558 4 4 0 1999.02 0.660 0.096 0.237
17310 558 530 4 4 0 1999.02 0.660 0.096 0.237
17311 530 559 4 4 0 2505.91 0.872 0.090 0.286
17312 559 530 4 4 0 2505.91 0.872 0.090 0.286
17313 531 532 4 4 0 1510.93 0.457 0.122 0.206
17314 532 531 4 4 0 1510.93 0.457 0.122 0.206
17315 531 558 4 4 0 2505.91 0.872 0.108 0.299
17316 558 531 4 4 0 2505.91 0.872 0.108 0.299
17317 531 559 4 4 0 1999.02 0.660 0.102 0.242
17318 559 531 4 4 0 1999.02 0.660 0.102 0.242
17319 531 560 4 4 0 2505.91 0.872 0.116 0.305
17320 560 531 4 4 0 2505.91 0.872 0.116 0.305
17321 532 533 4 4 0 1510.93 0.457 0.108 0.195
17322 533 532 4 4 0 1510.93 0.457 0.108 0.195
17323 532 559 4 4 0 2505.91 0.872 0.104 0.296
17324 559 532 4 4 0 2505.91 0.872 0.104 0.296
17325 533 534 4 4 0 1510.93 0.457 0.084 0.177
17326 534 533 4 4 0 1510.93 0.457 0.084 0.177
17327 533 561 4 4 0 1999.02 0.660 0.120 0.255
17328 561 533 4 4 0 1999.02 0.660 0.120 0.255
17329 534 561 4 4 0 2505.91 0.872 0.112 0.302
17330 561 534 4 4 0 2505.91 0.872 0.112 0.302
17331 535 536 4 4 0 1511.34 0.457 0.038 0.143
17332 536 535 4 4 0 1511.34 0.457 0.038 0.143
17333 536 537 4 4 0 1511.34 0.457 0.044 0.147
17334 537 536 4 4 0 1511.34 0.457 0.044 0.147
17335 536 562 4 4 0 2506.16 0.872 0.038 0.247
17336 562 536 4 4 0 2506.16 0.872 0.038 0.247
17337 537 538 4 4 0 1511.34 0.457 0.038 0.143
17338 538 537 4 4 0 1511.34 0.457 0.038 0.143
17339 537 562 4 4 0 1999.01 0.660 0.034 0.191
17340 562 537 4 4 0 1999.01 0.660 0.034 0.191
17341 537 563 4 4 0 2506.16 0.872 0.038 0.247
17342 563 537 4 4 0 2506.16 0.872 0.038 0.247
17343 538 539 4 4 0 1511.34 0.457 0.036 0.141
17344 539 538 4 4 0 1511.34 0.457 0.036 0.141
17345 538 562 4 4 0 2506.16 0.872 0.032 0.242
17346 562 538 4 4 0 2506.16 0.872 0.032 0.242
17347 538 563 4 4 0 1999.01 0.660 0.036 0.192
17348 563 538 4 4 0 1999.01 0.660 0.036 0.192
17349 538 564 4 4 0 2506.16 0.872 0.034 0.244
17350 564 538 4 4 0 2506.16 0.872 0.034 0.244
17351 539 540 4 4 0 1511.34 0.457 0.038 0.143
17352 540 539 4 4 0 1511.34 0.457 0.038 0.143
17353 539 563 4 4 0 2506.16 0.872 0.036 0.245
17354 563 539 4 4 0 2506.16 0.872 0.036 0.245
17355 539 564 4 4 0 1999.01 0.660 0.034 0.191
17356 564 539 4 4 0 1999.01 0.660 0.034 0.191
17357 539 565 4 4 0 2506.16 0.872 0.034 0.244
17358 565 539 4 4 0 2506.16 0.872 0.034 0.244
17359 540 541 4 4 0 1511.34 0.457 0.044 0.147
17360 541 540 4 4 0 1511.34 0.457 0.044 0.147
17361 540 564 4 4 0 2506.16 0.872 0.036 0.245
17362 564 540 4 4 0 2506.16 0.872 0.036 0.245
17363 540 565 4 4 0 1999.01 0.660 0.036 0.192
17364 565 540 4 4 0 1999.01 0.660 0.036 0.192
17365 540 566 4 4 0 2506.16 0.872 0.040 0.248
17366 566 540 4 4 0 2506.16 0.872 0.040 0.248
17367 541 542 4 4 0 1511.34 0.457 0.030 0.137
17368 542 541 4 4 0 1511.34 0.457 0.030 0.137
17369 541 565 4 4 0 2506.16 0.872 0.040 0.248
17370 565 541 4 4 0 2506.16 0.872 0.040 0.248
17371 541 566 4 4 0 1999.01 0.660 0.044 0.198
17372 566 541 4 4 0 1999.01 0.660 0.044 0.198
17373 542 543 4 4 0 1511.34 0.457 0.012 0.123
17374 543 542 4 4 0 1511.34 0.457 0.012 0.123
17375 542 567 4 4 0 1999.01 0.660 0.010 0.173
17376 567 542 4 4 0 1999.01 0.660 0.010 0.173
17377 542 568 4 4 0 2506.16 0.872 0.010 0.225
17378 568 542 4 4 0 2506.16 0.872 0.010 0.225
17379 543 544 4 4 0 1511.34 0.457 0.012 0.123
17380 544 543 4 4 0 1511.34 0.457 0.012 0.123
17381 543 567 4 4 0 2506.16 0.872 0.010 0.225
17382 567 543 4 4 0 2506.16 0.872 0.010 0.225
17383 543 568 4 4 0 1999.01 0.660 0.010 0.173
17384 568 543 4 4 0 1999.01 0.660 0.010 0.173
17385 543 569 4 4 0 2506.16 0.872 0.012 0.227
17386 569 543 4 4 0 2506.16 0.872 0.012 0.227
17387 544 545 4 4 0 1511.34 0.457 0.012 0.123
17388 545 544 4 4 0 1511.34 0.457 0.012 0.123
17389 544 568 4 4 0 2506.16 0.872 0.010 0.225
17390 568 544 4 4 0 2506.16 0.872 0.010 0.225
17391 544 569 4 4 0 1999.01 0.660 0.012 0.174
17392 569 544 4 4 0 1999.01 0.660 0.012 0.174
17393 545 546 4 4 0 1511.34 0.457 0.014 0.125
17394 546 545 4 4 0 1511.34 0.457 0.014 0.125
17395 545 569 4 4 0 2506.16 0.872 0.012 0.227
17396 569 545 4 4 0 2506.16 0.872 0.012 0.227
17397 545 571 4 4 0 2506.16 0.872 0.010 0.225
17398 571 545 4 4 0 2506.16 0.872 0.010 0.225
17399 546 547 4 4 0 1511.34 0.457 0.012 0.123
17400 547 546 4 4 0 1511.34 0.457 0.012 0.123
17401 546 570 4 4 0 2506.16 0.872 0.016 0.230
17402 570 546 4 4 0 2506.16 0.872 0.016 0.230
17403 546 571 4 4 0 1999.01 0.660 0.012 0.174
17404 571 546 4 4 0 1999.01 0.660 0.012 0.174
17405 546 572 4 4 0 2506.16 0.872 0.012 0.227
17406 572 546 4 4 0 2506.16 0.872 0.012 0.227
17407 547 548 4 4 0 1511.34 0.457 0.010 0.122
17408 548 547 4 4 0 1511.34 0.457 0.010 0.122
17409 547 571 4 4 0 2506.16 0.872 0.008 0.224
17410 571 547 4 4 0 2506.16 0.872 0.008 0.224
17411 547 572 4 4 0 1999.01 0.660 0.008 0.171
17412 572 547 4 4 0 1999.01 0.660 0.008 0.171
17413 547 573 4 4 0 2506.16 0.872 0.008 0.224
17414 573 547 4 4 0 2506.16 0.872 0.008 0.224
17415 548 549 4 4 0 1511.34 0.457 0.010 0.122
17416 549 548 4 4 0 1511.34 0.457 0.010 0.122
17417 548 572 4 4 0 2506.16 0.872 0.010 0.225
17418 572 548 4 4 0 2506.16 0.872 0.010 0.225
17419 548 573 4 4 0 1999.01 0.660 0.010 0.173
17420 573 548 4 4 0 1999.01 0.660 0.010 0.173
17421 548 574 4 4 0 2506.16 0.872 0.014 0.228
17422 574 548 4 4 0 2506.16 0.872 0.014 0.228
17423 549 550 4 4 0 1511.34 0.457 0.048 0.150
17424 550 549 4 4 0 1511.34 0.457 0.048 0.150
17425 549 573 4 4 0 2506.16 0.872 0.008 0.224
17426 573 549 4 4 0 2506.16 0.872 0.008 0.224
17427 549 574 4 4 0 1999.01 0.660 0.012 0.174
17428 574 549 4 4 0 1999.01 0.660 0.012 0.174
17429 549 575 4 4 0 2506.16 0.872 0.068 0.269
17430 575 549 4 4 0 2506.16 0.872 0.068 0.269
17431 550 551 4 4 0 1511.34 0.457 0.082 0.176
17432 551 550 4 4 0 1511.34 0.457 0.082 0.176
17433 550 574 4 4 0 2506.16 0.872 0.052 0.257
17434 574 550 4 4 0 2506.16 0.872 0.052 0.257
17435 550 575 4 4 0 1999.01 0.660 0.108 0.246
17436 575 550 4 4 0 1999.01 0.660 0.108 0.246
17437 551 552 4 4 0 1511.34 0.457 0.096 0.186
17438 552 551 4 4 0 1511.34 0.457 0.096 0.186
17439 551 575 4 4 0 2506.16 0.872 0.102 0.295
17440 575 551 4 4 0 2506.16 0.872 0.102 0.295
17441 551 576 4 4 0 1999.01 0.660 0.086 0.230
17442 576 551 4 4 0 1999.01 0.660 0.086 0.230
17443 553 578 4 4 0 1999.01 0.660 0.080 0.225
17444 578 553 4 4 0 1999.01 0.660 0.080 0.225
17445 554 555 4 4 0 1511.34 0.457 0.108 0.195
17446 555 554 4 4 0 1511.34 0.457 0.108 0.195
17447 555 556 4 4 0 1511.34 0.457 0.104 0.192
17448 556 555 4 4 0 1511.34 0.457 0.104 0.192
17449 555 581 4 4 0 2506.16 0.872 0.122 0.310
17450 581 555 4 4 0 2506.16 0.872 0.122 0.310
17451 556 581 4 4 0 1999.01 0.660 0.098 0.239
17452 581 556 4 4 0 1999.01 0.660 0.098 0.239
17453 556 582 4 4 0 2506.16 0.872 0.118 0.307
17454 582 556 4 4 0 2506.16 0.872 0.118 0.307
17455 557 558 4 4 0 1511.34 0.457 0.102 0.191
17456 558 557 4 4 0 1511.34 0.457 0.102 0.191
17457 557 582 4 4 0 2506.16 0.872 0.132 0.317
17458 582 557 4 4 0 2506.16 0.872 0.132 0.317
17459 557 583 4 4 0 1999.01 0.660 0.116 0.252
17460 583 557 4 4 0 1999.01 0.660 0.116 0.252
17461 557 584 4 4 0 2506.16 0.872 0.100 0.293
17462 584 557 4 4 0 2506.16 0.872 0.100 0.293
17463 558 559 4 4 0 1511.34 0.457 0.090 0.182
17464 559 558 4 4 0 1511.34 0.457 0.090 0.182
17465 558 583 4 4 0 2506.16 0.872 0.110 0.301
17466 583 558 4 4 0 2506.16 0.872 0.110 0.301
17467 558 584 4 4 0 1999.01 0.660 0.094 0.236
17468 584 558 4 4 0 1999.01 0.660 0.094 0.236
17469 560 561 4 4 0 1511.34 0.457 0.130 0.212
17470 561 560 4 4 0 1511.34 0.457 0.130 0.212
17471 562 563 4 4 0 1511.75 0.457 0.032 0.138
17472 563 562 4 4 0 1511.75 0.457 0.032 0.138
17473 563 564 4 4 0 1511.75 0.457 0.034 0.140
17474 564 563 4 4 0 1511.75 0.457 0.034 0.140
17475 564 565 4 4 0 1511.75 0.457 0.032 0.138
17476 565 564 4 4 0 1511.75 0.457 0.032 0.138
17477 564 585 4 4 0 2506.40 0.872 0.036 0.245
17478 585 564 4 4 0 2506.40 0.872 0.036 0.245
17479 565 566 4 4 0 1511.75 0.457 0.036 0.141
17480 566 565 4 4 0 1511.75 0.457 0.036 0.141
17481 565 585 4 4 0 1999.01 0.660 0.036 0.192
17482 585 565 4 4 0 1999.01 0.660 0.036 0.192
17483 565 586 4 4 0 2506.40 0.872 0.036 0.245
17484 586 565 4 4 0 2506.40 0.872 0.036 0.245
17485 566 567 4 4 0 1511.75 0.457 0.024 0.132
17486 567 566 4 4 0 1511.75 0.457 0.024 0.132
17487 566 585 4 4 0 2506.40 0.872 0.040 0.248
17488 585 566 4 4 0 2506.40 0.872 0.040 0.248
17489 566 586 4 4 0 1999.01 0.660 0.040 0.195
17490 586 566 4 4 0 1999.01 0.660 0.040 0.195
17491 566 587 4 4 0 2506.40 0.872 0.028 0.239
17492 587 566 4 4 0 2506.40 0.872 0.028 0.239
17493 567 568 4 4 0 1511.75 0.457 0.008 0.120
17494 568 567 4 4 0 1511.75 0.457 0.008 0.120
17495 567 586 4 4 0 2506.40 0.872 0.024 0.236
17496 586 567 4 4 0 2506.40 0.872 0.024 0.236
17497 567 587 4 4 0 1999.01 0.660 0.012 0.174
17498 587 567 4 4 0 1999.01 0.660 0.012 0.174
17499 567 588 4 4 0 2506.40 0.872 0.010 0.225
17500 588 567 4 4 0 2506.40 0.872 0.010 0.225
17501 568 569 4 4 0 1511.75 0.457 0.010 0.122
17502 569 568 4 4 0 1511.75 0.457 0.010 0.122
17503 568 587 4 4 0 2506.40 0.872 0.012 0.227
17504 587 568 4 4 0 2506.40 0.872 0.012 0.227
17505 568 588 4 4 0 1999.01 0.660 0.010 0.173
17506 588 568 4 4 0 1999.01 0.660 0.010 0.173
17507 568 589 4 4 0 2506.40 0.872 0.012 0.227
17508 589 568 4 4 0 2506.40 0.872 0.012 0.227
17509 569 570 4 4 0 1511.75 0.457 0.014 0.125
17510 570 569 4 4 0 1511.75 0.457 0.014 0.125
17511 569 588 4 4 0 2506.40 0.872 0.012 0.227
17512 588 569 4 4 0 2506.40 0.872 0.012 0.227
17513 569 589 4 4 0 1999.01 0.660 0.014 0.176
17514 589 569 4 4 0 1999.01 0.660 0.014 0.176
17515 569 590 4 4 0 2506.40 0.872 0.014 0.229
17516 590 569 4 4 0 2506.40 0.872 0.014 0.229
17517 570 571 4 4 0 1511.75 0.457 0.012 0.123
17518 571 570 4 4 0 1511.75 0.457 0.012 0.123
17519 570 589 4 4 0 2506.40 0.872 0.016 0.230
17520 589 570 4 4 0 2506.40 0.872 0.016 0.230
17521 570 590 4 4 0 1999.01 0.660 0.016 0.177
17522 590 570 4 4 0 1999.01 0.660 0.016 0.177
17523 571 572 4 4 0 1511.75 0.457 0.008 0.120
17524 572 571 4 4 0 1511.75 0.457 0.008 0.120
17525 571 590 4 4 0 2506.40 0.872 0.012 0.227
17526 590 571 4 4 0 2506.40 0.872 0.012 0.227
17527 571 591 4 4 0 1999.01 0.660 0.008 0.171
17528 591 571 4 4 0 1999.01 0.660 0.008 0.171
17529 571 592 4 4 0 2506.40 0.872 0.010 0.225
17530 592 571 4 4 0 2506.40 0.872 0.010 0.225
17531 572 573 4 4 0 1511.75 0.457 0.008 0.120
17532 573 572 4 4 0 1511.75 0.457 0.008 0.120
17533 572 591 4 4 0 2506.40 0.872 0.008 0.224
17534 591 572 4 4 0 2506.40 0.872 0.008 0.224
17535 572 592 4 4 0 1999.01 0.660 0.010 0.173
17536 592 572 4 4 0 1999.01 0.660 0.010 0.173
17537 572 593 4 4 0 2506.40 0.872 0.010 0.225
17538 593 572 4 4 0 2506.40 0.872 0.010 0.225
17539 573 574 4 4 0 1511.75 0.457 0.012 0.123
17540 574 573 4 4 0 1511.75 0.457 0.012 0.123
17541 573 592 4 4 0 2506.40 0.872 0.010 0.225
17542 592 573 4 4 0 2506.40 0.872 0.010 0.225
17543 573 593 4 4 0 1999.01 0.660 0.010 0.173
17544 593 573 4 4 0 1999.01 0.660 0.010 0.173
17545 573 594 4 4 0 2506.40 0.872 0.010 0.225
17546 594 573 4 4 0 2506.40 0.872 0.010 0.225
17547 574 575 4 4 0 1511.75 0.457 0.072 0.168
17548 575 574 4 4 0 1511.75 0.457 0.072 0.168
17549 574 593 4 4 0 2506.40 0.872 0.014 0.229
17550 593 574 4 4 0 2506.40 0.872 0.014 0.229
17551 574 594 4 4 0 1999.01 0.660 0.014 0.176
17552 594 574 4 4 0 1999.01 0.660 0.014 0.176
17553 574 595 4 4 0 2506.40 0.872 0.070 0.271
17554 595 574 4 4 0 2506.40 0.872 0.070 0.271
17555 575 576 4 4 0 1511.75 0.457 0.112 0.199
17556 576 575 4 4 0 1511.75 0.457 0.112 0.199
17557 575 594 4 4 0 2506.40 0.872 0.070 0.271
17558 594 575 4 4 0 2506.40 0.872 0.070 0.271
17559 575 595 4 4 0 1999.01 0.660 0.126 0.260
17560 595 575 4 4 0 1999.01 0.660 0.126 0.260
17561 575 596 4 4 0 2506.40 0.872 0.070 0.271
17562 596 575 4 4 0 2506.40 0.872 0.070 0.271
17563 576 595 4 4 0 2506.40 0.872 0.110 0.301
17564 595 576 4 4 0 2506.40 0.872 0.110 0.301
17565 576 596 4 4 0 1999.01 0.660 0.054 0.206
17566 596 576 4 4 0 1999.01 0.660 0.054 0.206
17567 576 597 4 4 0 2506.40 0.872 0.054 0.259
17568 597 576 4 4 0 2506.40 0.872 0.054 0.259
17569 577 596 4 4 0 2506.40 0.872 0.066 0.268
17570 596 577 4 4 0 2506.40 0.872 0.066 0.268
17571 577 597 4 4 0 1999.01 0.660 0.066 0.215
17572 597 577 4 4 0 1999.01 0.660 0.066 0.215
17573 578 579 4 4 0 1511.75 0.457 0.086 0.179
17574 579 578 4 4 0 1511.75 0.457 0.086 0.179
17575 578 597 4 4 0 2506.40 0.872 0.046 0.253
17576 597 578 4 4 0 2506.40 0.872 0.046 0.253
17577 578 599 4 4 0 2506.40 0.872 0.106 0.298
17578 599 578 4 4 0 2506.40 0.872 0.106 0.298
17579 579 580 4 4 0 1511.75 0.457 0.090 0.182
17580 580 579 4 4 0 1511.75 0.457 0.090 0.182
17581 579 598 4 4 0 2506.40 0.872 0.050 0.256
17582 598 579 4 4 0 2506.40 0.872 0.050 0.256
17583 579 599 4 4 0 1999.01 0.660 0.112 0.249
17584 599 579 4 4 0 1999.01 0.660 0.112 0.249
17585 579 600 4 4 0 2506.40 0.872 0.110 0.301
17586 600 579 4 4 0 2506.40 0.872 0.110 0.301
17587 580 599 4 4 0 2506.40 0.872 0.110 0.301
17588 599 580 4 4 0 2506.40 0.872 0.110 0.301
17589 580 600 4 4 0 1999.01 0.660 0.108 0.246
17590 600 580 4 4 0 1999.01 0.660 0.108 0.246
17591 580 601 4 4 0 2506.40 0.872 0.120 0.308
17592 601 580 4 4 0 2506.40 0.872 0.120 0.308
17593 581 582 4 4 0 1511.75 0.457 0.136 0.217
17594 582 581 4 4 0 1511.75 0.457 0.136 0.217
17595 582 583 4 4 0 1511.75 0.457 0.140 0.220
17596 583 582 4 4 0 1511.75 0.457 0.140 0.220
17597 583 584 4 4 0 1511.75 0.457 0.108 0.196
17598 584 583 4 4 0 1511.75 0.457 0.108 0.196
17599 585 586 4 4 0 1512.17 0.457 0.040 0.144
17600 586 585 4 4 0 1512.17 0.457 0.040 0.144
17601 586 587 4 4 0 1512.17 0.457 0.028 0.135
17602 587 586 4 4 0 1512.17 0.457 0.028 0.135
17603 586 608 4 4 0 2506.65 0.872 0.026 0.238
17604 608 586 4 4 0 2506.65 0.872 0.026 0.238
17605 587 588 4 4 0 1512.17 0.457 0.014 0.125
17606 588 587 4 4 0 1512.17 0.457 0.014 0.125
17607 587 608 4 4 0 1999.00 0.660 0.014 0.176
17608 608 587 4 4 0 1999.00 0.660 0.014 0.176
17609 587 609 4 4 0 2506.65 0.872 0.014 0.229
17610 609 587 4 4 0 2506.65 0.872 0.014 0.229
17611 588 589 4 4 0 1512.17 0.457 0.014 0.125
17612 589 588 4 4 0 1512.17 0.457 0.014 0.125
17613 588 608 4 4 0 2506.65 0.872 0.012 0.227
17614 608 588 4 4 0 2506.65 0.872 0.012 0.227
17615 588 609 4 4 0 1999.00 0.660 0.012 0.174
17616 609 588 4 4 0 1999.00 0.660 0.012 0.174
17617 588 610 4 4 0 2506.65 0.872 0.010 0.226
17618 610 588 4 4 0 2506.65 0.872 0.010 0.226
17619 589 590 4 4 0 1512.17 0.457 0.016 0.126
17620 590 589 4 4 0 1512.17 0.457 0.016 0.126
17621 589 609 4 4 0 2506.65 0.872 0.014 0.229
17622 609 589 4 4 0 2506.65 0.872 0.014 0.229
17623 589 610 4 4 0 1999.00 0.660 0.012 0.174
17624 610 589 4 4 0 1999.00 0.660 0.012 0.174
17625 589 611 4 4 0 2506.65 0.872 0.014 0.229
17626 611 589 4 4 0 2506.65 0.872 0.014 0.229
17627 590 591 4 4 0 1512.17 0.457 0.012 0.123
17628 591 590 4 4 0 1512.17 0.457 0.012 0.123
17629 590 610 4 4 0 2506.65 0.872 0.012 0.227
17630 610 590 4 4 0 2506.65 0.872 0.012 0.227
17631 590 611 4 4 0 1999.00 0.660 0.014 0.176
17632 611 590 4 4 0 1999.00 0.660 0.014 0.176
17633 590 612 4 4 0 2506.65 0.872 0.014 0.229
17634 612 590 4 4 0 2506.65 0.872 0.014 0.229
17635 591 592 4 4 0 1512.17 0.457 0.010 0.122
17636 592 591 4 4 0 1512.17 0.457 0.010 0.122
17637 591 611 4 4 0 2506.65 0.872 0.010 0.226
17638 611 591 4 4 0 2506.65 0.872 0.010 0.226
17639 591 612 4 4 0 1999.00 0.660 0.010 0.173
17640 612 591 4 4 0 1999.00 0.660 0.010 0.173
17641 591 613 4 4 0 2506.65 0.872 0.012 0.227
17642 613 591 4 4 0 2506.65 0.872 0.012 0.227
17643 592 593 4 4 0 1512.17 0.457 0.012 0.123
17644 593 592 4 4 0 1512.17 0.457 0.012 0.123
17645 592 612 4 4 0 2506.65 0.872 0.012 0.227
17646 612 592 4 4 0 2506.65 0.872 0.012 0.227
17647 592 613 4 4 0 1999.00 0.660 0.014 0.176
17648 613 592 4 4 0 1999.00 0.660 0.014 0.176
17649 592 614 4 4 0 2506.65 0.872 0.010 0.226
17650 614 592 4 4 0 2506.65 0.872 0.010 0.226
17651 593 594 4 4 0 1512.17 0.457 0.012 0.123
17652 594 593 4 4 0 1512.17 0.457 0.012 0.123
17653 593 613 4 4 0 2506.65 0.872 0.014 0.229
17654 613 593 4 4 0 2506.65 0.872 0.014 0.229
17655 593 614 4 4 0 1999.00 0.660 0.010 0.173
17656 614 593 4 4 0 1999.00 0.660 0.010 0.173
17657 593 615 4 4 0 2506.65 0.872 0.012 0.227
17658 615 593 4 4 0 2506.65 0.872 0.012 0.227
17659 594 595 4 4 0 1512.17 0.457 0.068 0.165
17660 595 594 4 4 0 1512.17 0.457 0.068 0.165
17661 594 614 4 4 0 2506.65 0.872 0.010 0.226
17662 614 594 4 4 0 2506.65 0.872 0.010 0.226
17663 594 615 4 4 0 1999.00 0.660 0.012 0.174
17664 615 594 4 4 0 1999.00 0.660 0.012 0.174
17665 594 616 4 4 0 2506.65 0.872 0.012 0.227
17666 616 594 4 4 0 2506.65 0.872 0.012 0.227
17667 595 596 4 4 0 1512.17 0.457 0.068 0.165
17668 596 595 4 4 0 1512.17 0.457 0.068 0.165
17669 595 615 4 4 0 2506.65 0.872 0.068 0.269
17670 615 595 4 4 0 2506.65 0.872 0.068 0.269
17671 595 616 4 4 0 1999.00 0.660 0.068 0.216
17672 616 595 4 4 0 1999.00 0.660 0.068 0.216
17673 595 617 4 4 0 2506.65 0.872 0.066 0.268
17674 617 595 4 4 0 2506.65 0.872 0.066 0.268
17675 596 597 4 4 0 1512.17 0.457 0.012 0.123
17676 597 596 4 4 0 1512.17 0.457 0.012 0.123
17677 596 616 4 4 0 2506.65 0.872 0.012 0.227
17678 616 596 4 4 0 2506.65 0.872 0.012 0.227
17679 596 617 4 4 0 1999.00 0.660 0.010 0.173
17680 617 596 4 4 0 1999.00 0.660 0.010 0.173
17681 596 618 4 4 0 2506.65 0.872 0.012 0.227
17682 618 596 4 4 0 2506.65 0.872 0.012 0.227
17683 598 599 4 4 0 1512.17 0.457 0.070 0.167
17684 599 598 4 4 0 1512.17 0.457 0.070 0.167
17685 599 600 4 4 0 1512.17 0.457 0.130 0.212
17686 600 599 4 4 0 1512.17 0.457 0.130 0.212
17687 599 619 4 4 0 1999.00 0.660 0.179 0.299
17688 619 599 4 4 0 1999.00 0.660 0.179 0.299
17689 599 620 4 4 0 2506.65 0.872 0.140 0.323
17690 620 599 4 4 0 2506.65 0.872 0.140 0.323
17691 600 619 4 4 0 2506.65 0.872 0.177 0.350
17692 619 600 4 4 0 2506.65 0.872 0.177 0.350
17693 600 620 4 4 0 1999.00 0.660 0.138 0.269
17694 620 600 4 4 0 1999.00 0.660 0.138 0.269
17695 600 621 4 4 0 2506.65 0.872 0.126 0.313
17696 621 600 4 4 0 2506.65 0.872 0.126 0.313
17697 601 602 4 4 0 1512.17 0.457 0.138 0.218
17698 602 601 4 4 0 1512.17 0.457 0.138 0.218
17699 601 620 4 4 0 2506.65 0.872 0.150 0.331
17700 620 601 4 4 0 2506.65 0.872 0.150 0.331
17701 601 621 4 4 0 1999.00 0.660 0.138 0.269
17702 621 601 4 4 0 1999.00 0.660 0.138 0.269
17703 602 603 4 4 0 1512.17 0.457 0.132 0.214
17704 603 602 4 4 0 1512.17 0.457 0.132 0.214
17705 602 621 4 4 0 2506.65 0.872 0.124 0.311
17706 621 602 4 4 0 2506.65 0.872 0.124 0.311
17707 602 622 4 4 0 2506.65 0.872 0.142 0.325
17708 622 602 4 4 0 2506.65 0.872 0.142 0.325
17709 603 604 4 4 0 1512.17 0.457 0.134 0.215
17710 604 603 4 4 0 1512.17 0.457 0.134 0.215
17711 603 622 4 4 0 1999.00 0.660 0.150 0.278
17712 622 603 4 4 0 1999.00 0.660 0.150 0.278
17713 603 623 4 4 0 2506.65 0.872 0.122 0.310
17714 623 603 4 4 0 2506.65 0.872 0.122 0.310
17715 604 605 4 4 0 1512.17 0.457 0.110 0.197
17716 605 604 4 4 0 1512.17 0.457 0.110 0.197
17717 604 622 4 4 0 2506.65 0.872 0.144 0.326
17718 622 604 4 4 0 2506.65 0.872 0.144 0.326
17719 604 623 4 4 0 1999.00 0.660 0.116 0.252
17720 623 604 4 4 0 1999.00 0.660 0.116 0.252
17721 604 624 4 4 0 2506.65 0.872 0.157 0.335
17722 624 604 4 4 0 2506.65 0.872 0.157 0.335
17723 605 623 4 4 0 2506.65 0.872 0.098 0.292
17724 623 605 4 4 0 2506.65 0.872 0.098 0.292
17725 606 625 4 4 0 1999.00 0.660 0.136 0.267
17726 625 606 4 4 0 1999.00 0.660 0.136 0.267
17727 608 609 4 4 0 1512.58 0.457 0.012 0.123
17728 609 608 4 4 0 1512.58 0.457 0.012 0.123
17729 609 610 4 4 0 1512.58 0.457 0.010 0.122
17730 610 609 4 4 0 1512.58 0.457 0.010 0.122
17731 609 626 4 4 0 2506.89 0.872 0.012 0.227
17732 626 609 4 4 0 2506.89 0.872 0.012 0.227
17733 610 611 4 4 0 1512.58 0.457 0.010 0.122
17734 611 610 4 4 0 1512.58 0.457 0.010 0.122
17735 610 626 4 4 0 1999.00 0.660 0.010 0.173
17736 626 610 4 4 0 1999.00 0.660 0.010 0.173
17737 610 627 4 4 0 2506.89 0.872 0.008 0.224
17738 627 610 4 4 0 2506.89 0.872 0.008 0.224
17739 611 612 4 4 0 1512.58 0.457 0.012 0.123
17740 612 611 4 4 0 1512.58 0.457 0.012 0.123
17741 611 626 4 4 0 2506.89 0.872 0.012 0.227
17742 626 611 4 4 0 2506.89 0.872 0.012 0.227
17743 611 627 4 4 0 1999.00 0.660 0.010 0.173
17744 627 611 4 4 0 1999.00 0.660 0.010 0.173
17745 611 628 4 4 0 2506.89 0.872 0.012 0.227
17746 628 611 4 4 0 2506.89 0.872 0.012 0.227
17747 612 613 4 4 0 1512.58 0.457 0.014 0.125
17748 613 612 4 4 0 1512.58 0.457 0.014 0.125
17749 612 627 4 4 0 2506.89 0.872 0.010 0.226
17750 627 612 4 4 0 2506.89 0.872 0.010 0.226
17751 612 628 4 4 0 1999.00 0.660 0.012 0.174
17752 628 612 4 4 0 1999.00 0.660 0.012 0.174
17753 612 629 4 4 0 2506.89 0.872 0.014 0.229
17754 629 612 4 4 0 2506.89 0.872 0.014 0.229
17755 613 614 4 4 0 1512.58 0.457 0.012 0.123
17756 614 613 4 4 0 1512.58 0.457 0.012 0.123
17757 613 628 4 4 0 2506.89 0.872 0.014 0.229
17758 628 613 4 4 0 2506.89 0.872 0.014 0.229
17759 613 629 4 4 0 1999.00 0.660 0.016 0.177
17760 629 613 4 4 0 1999.00 0.660 0.016 0.177
17761 613 630 4 4 0 2506.89 0.872 0.016 0.230
17762 630 613 4 4 0 2506.89 0.872 0.016 0.230
17763 614 615 4 4 0 1512.58 0.457 0.010 0.122
17764 615 614 4 4 0 1512.58 0.457 0.010 0.122
17765 614 629 4 4 0 2506.89 0.872 0.012 0.227
17766 629 614 4 4 0 2506.89 0.872 0.012 0.227
17767 614 630 4 4 0 1999.00 0.660 0.012 0.174
17768 630 614 4 4 0 1999.00 0.660 0.012 0.174
17769 614 631 4 4 0 2506.89 0.872 0.012 0.227
17770 631 614 4 4 0 2506.89 0.872 0.012 0.227
17771 615 616 4 4 0 1512.58 0.457 0.012 0.123
17772 616 615 4 4 0 1512.58 0.457 0.012 0.123
17773 615 630 4 4 0 2506.89 0.872 0.014 0.229
17774 630 615 4 4 0 2506.89 0.872 0.014 0.229
17775 615 631 4 4 0 1999.00 0.660 0.014 0.176
17776 631 615 4 4 0 1999.00 0.660 0.014 0.176
17777 615 632 4 4 0 2506.89 0.872 0.012 0.227
17778 632 615 4 4 0 2506.89 0.872 0.012 0.227
17779 616 617 4 4 0 1512.58 0.457 0.010 0.122
17780 617 616 4 4 0 1512.58 0.457 0.010 0.122
17781 616 631 4 4 0 2506.89 0.872 0.014 0.229
17782 631 616 4 4 0 2506.89 0.872 0.014 0.229
17783 616 632 4 4 0 1999.00 0.660 0.012 0.174
17784 632 616 4 4 0 1999.00 0.660 0.012 0.174
17785 617 618 4 4 0 1512.58 0.457 0.010 0.122
17786 618 617 4 4 0 1512.58 0.457 0.010 0.122
17787 617 632 4 4 0 2506.89 0.872 0.010 0.226
17788 632 617 4 4 0 2506.89 0.872 0.010 0.226
17789 617 633 4 4 0 1999.00 0.660 0.010 0.173
17790 633 617 4 4 0 1999.00 0.660 0.010 0.173
17791 617 634 4 4 0 2506.89 0.872 0.008 0.224
17792 634 617 4 4 0 2506.89 0.872 0.008 0.224
17793 618 633 4 4 0 2506.89 0.872 0.012 0.227
17794 633 618 4 4 0 2506.89 0.872 0.012 0.227
17795 618 634 4 4 0 1999.00 0.660 0.010 0.173
17796 634 618 4 4 0 1999.00 0.660 0.010 0.173
17797 618 635 4 4 0 2506.89 0.872 0.012 0.227
17798 635 618 4 4 0 2506.89 0.872 0.012 0.227
17799 619 620 4 4 0 1512.58 0.457 0.187 0.254
17800 620 619 4 4 0 1512.58 0.457 0.187 0.254
17801 619 637 4 4 0 2506.89 0.872 0.263 0.415
17802 637 619 4 4 0 2506.89 0.872 0.263 0.415
17803 620 621 4 4 0 1512.58 0.457 0.136 0.217
17804 621 620 4 4 0 1512.58 0.457 0.136 0.217
17805 620 636 4 4 0 2506.89 0.872 0.167 0.343
17806 636 620 4 4 0 2506.89 0.872 0.167 0.343
17807 620 637 4 4 0 1999.00 0.660 0.225 0.334
17808 637 620 4 4 0 1999.00 0.660 0.225 0.334
17809 620 638 4 4 0 2506.89 0.872 0.183 0.355
17810 638 620 4 4 0 2506.89 0.872 0.183 0.355
17811 621 637 4 4 0 2506.89 0.872 0.213 0.378
17812 637 621 4 4 0 2506.89 0.872 0.213 0.378
17813 621 638 4 4 0 1999.00 0.660 0.171 0.293
17814 638 621 4 4 0 1999.00 0.660 0.171 0.293
17815 621 639 4 4 0 2506.89 0.872 0.148 0.329
17816 639 621 4 4 0 2506.89 0.872 0.148 0.329
17817 622 623 4 4 0 1512.58 0.457 0.132 0.214
17818 623 622 4 4 0 1512.58 0.457 0.132 0.214
17819 622 640 4 4 0 1999.00 0.660 0.407 0.471
17820 640 622 4 4 0 1999.00 0.660 0.407 0.471
17821 622 641 4 4 0 2506.89 0.872 0.134 0.319
17822 641 622 4 4 0 2506.89 0.872 0.134 0.319
17823 623 624 4 4 0 1512.58 0.457 0.144 0.223
17824 624 623 4 4 0 1512.58 0.457 0.144 0.223
17825 623 640 4 4 0 2506.89 0.872 0.379 0.502
17826 640 623 4 4 0 2506.89 0.872 0.379 0.502
17827 623 641 4 4 0 1999.00 0.660 0.106 0.245
17828 641 623 4 4 0 1999.00 0.660 0.106 0.245
17829 623 642 4 4 0 2506.89 0.872 0.128 0.314
17830 642 623 4 4 0 2506.89 0.872 0.128 0.314
17831 624 641 4 4 0 2506.89 0.872 0.146 0.328
17832 641 624 4 4 0 2506.89 0.872 0.146 0.328
17833 625 642 4 4 0 2506.89 0.872 0.126 0.313
17834 642 625 4 4 0 2506.89 0.872 0.126 0.313
17835 626 627 4 4 0 1512.99 0.458 0.010 0.122
17836 627 626 4 4 0 1512.99 0.458 0.010 0.122
17837 627 628 4 4 0 1512.99 0.458 0.010 0.122
17838 628 627 4 4 0 1512.99 0.458 0.010 0.122
17839 627 644 4 4 0 2507.13 0.872 0.008 0.224
17840 644 627 4 4 0 2507.13 0.872 0.008 0.224
17841 628 629 4 4 0 1512.99 0.458 0.014 0.125
17842 629 628 4 4 0 1512.99 0.458 0.014 0.125
17843 628 644 4 4 0 1998.99 0.660 0.010 0.173
17844 644 628 4 4 0 1998.99 0.660 0.010 0.173
17845 628 645 4 4 0 2507.13 0.872 0.012 0.227
17846 645 628 4 4 0 2507.13 0.872 0.012 0.227
17847 629 644 4 4 0 2507.13 0.872 0.012 0.227
17848 644 629 4 4 0 2507.13 0.872 0.012 0.227
17849 629 645 4 4 0 1998.99 0.660 0.014 0.176
17850 645 629 4 4 0 1998.99 0.660 0.014 0.176
17851 629 646 4 4 0 2507.13 0.872 0.016 0.230
17852 646 629 4 4 0 2507.13 0.872 0.016 0.230
17853 630 631 4 4 0 1512.99 0.458 0.016 0.126
17854 631 630 4 4 0 1512.99 0.458 0.016 0.126
17855 630 645 4 4 0 2507.13 0.872 0.014 0.229
17856 645 630 4 4 0 2507.13 0.872 0.014 0.229
17857 630 646 4 4 0 1998.99 0.660 0.016 0.177
17858 646 630 4 4 0 1998.99 0.660 0.016 0.177
17859 630 647 4 4 0 2507.13 0.872 0.012 0.227
17860 647 630 4 4 0 2507.13 0.872 0.012 0.227
17861 631 632 4 4 0 1512.99 0.458 0.014 0.125
17862 632 631 4 4 0 1512.99 0.458 0.014 0.125
17863 631 646 4 4 0 2507.13 0.872 0.016 0.230
17864 646 631 4 4 0 2507.13 0.872 0.016 0.230
17865 631 647 4 4 0 1998.99 0.660 0.012 0.174
17866 647 631 4 4 0 1998.99 0.660 0.012 0.174
17867 631 648 4 4 0 2507.13 0.872 0.014 0.229
17868 648 631 4 4 0 2507.13 0.872 0.014 0.229
17869 632 647 4 4 0 2507.13 0.872 0.010 0.226
17870 647 632 4 4 0 2507.13 0.872 0.010 0.226
17871 632 648 4 4 0 1998.99 0.660 0.012 0.174
17872 648 632 4 4 0 1998.99 0.660 0.012 0.174
17873 632 649 4 4 0 2507.13 0.872 0.012 0.227
17874 649 632 4 4 0 2507.13 0.872 0.012 0.227
17875 633 634 4 4 0 1512.99 0.458 0.010 0.122
17876 634 633 4 4 0 1512.99 0.458 0.010 0.122
17877 633 648 4 4 0 2507.13 0.872 0.012 0.227
17878 648 633 4 4 0 2507.13 0.872 0.012 0.227
17879 633 649 4 4 0 1998.99 0.660 0.012 0.174
17880 649 633 4 4 0 1998.99 0.660 0.012 0.174
17881 633 650 4 4 0 2507.13 0.872 0.010 0.226
17882 650 633 4 4 0 2507.13 0.872 0.010 0.226
17883 634 635 4 4 0 1512.99 0.458 0.010 0.122
17884 635 634 4 4 0 1512.99 0.458 0.010 0.122
17885 634 649 4 4 0 2507.13 0.872 0.010 0.226
17886 649 634 4 4 0 2507.13 0.872 0.010 0.226
17887 634 650 4 4 0 1998.99 0.660 0.008 0.171
17888 650 634 4 4 0 1998.99 0.660 0.008 0.171
17889 635 636 4 4 0 1512.99 0.458 0.098 0.188
17890 636 635 4 4 0 1512.99 0.458 0.098 0.188
17891 636 651 4 4 0 2507.13 0.872 0.098 0.292
17892 651 636 4 4 0 2507.13 0.872 0.098 0.292
17893 637 638 4 4 0 1512.99 0.458 0.259 0.309
17894 638 637 4 4 0 1512.99 0.458 0.259 0.309
17895 637 652 4 4 0 2507.13 0.872 0.331 0.466
17896 652 637 4 4 0 2507.13 0.872 0.331 0.466
17897 637 653 4 4 0 1998.99 0.660 0.269 0.367
17898 653 637 4 4 0 1998.99 0.660 0.269 0.367
17899 637 654 4 4 0 2507.13 0.872 0.291 0.436
17900 654 637 4 4 0 2507.13 0.872 0.291 0.436
17901 638 639 4 4 0 1512.99 0.458 0.195 0.260
17902 639 638 4 4 0 1512.99 0.458 0.195 0.260
17903 638 653 4 4 0 2507.13 0.872 0.227 0.388
17904 653 638 4 4 0 2507.13 0.872 0.227 0.388
17905 638 654 4 4 0 1998.99 0.660 0.249 0.352
17906 654 638 4 4 0 1998.99 0.660 0.249 0.352
17907 639 640 4 4 0 1512.99 0.458 0.413 0.424
17908 640 639 4 4 0 1512.99 0.458 0.413 0.424
17909 640 641 4 4 0 1512.99 0.458 0.381 0.400
17910 641 640 4 4 0 1512.99 0.458 0.381 0.400
17911 640 655 4 4 0 1998.99 0.660 0.554 0.580
17912 655 640 4 4 0 1998.99 0.660 0.554 0.580
17913 640 656 4 4 0 2507.13 0.872 0.542 0.624
17914 656 640 4 4 0 2507.13 0.872 0.542 0.624
17915 641 655 4 4 0 2507.13 0.872 0.281 0.429
17916 655 641 4 4 0 2507.13 0.872 0.281 0.429
17917 641 656 4 4 0 1998.99 0.660 0.269 0.367
17918 656 641 4 4 0 1998.99 0.660 0.269 0.367
17919 641 657 4 4 0 2507.13 0.872 0.351 0.481
17920 657 641 4 4 0 2507.13 0.872 0.351 0.481
17921 642 643 4 4 0 1512.99 0.458 0.142 0.221
17922 643 642 4 4 0 1512.99 0.458 0.142 0.221
17923 644 645 4 4 0 1513.40 0.458 0.010 0.122
17924 645 644 4 4 0 1513.40 0.458 0.010 0.122
17925 645 646 4 4 0 1513.40 0.458 0.014 0.125
17926 646 645 4 4 0 1513.40 0.458 0.014 0.125
17927 646 647 4 4 0 1513.40 0.458 0.012 0.123
17928 647 646 4 4 0 1513.40 0.458 0.012 0.123
17929 646 658 4 4 0 2507.38 0.872 0.016 0.230
17930 658 646 4 4 0 2507.38 0.872 0.016 0.230
17931 647 648 4 4 0 1513.40 0.458 0.010 0.122
17932 648 647 4 4 0 1513.40 0.458 0.010 0.122
17933 647 658 4 4 0 1998.98 0.660 0.012 0.174
17934 658 647 4 4 0 1998.98 0.660 0.012 0.174
17935 647 659 4 4 0 2507.38 0.872 0.010 0.226
17936 659 647 4 4 0 2507.38 0.872 0.010 0.226
17937 648 649 4 4 0 1513.40 0.458 0.012 0.123
17938 649 648 4 4 0 1513.40 0.458 0.012 0.123
17939 648 658 4 4 0 2507.38 0.872 0.014 0.229
17940 658 648 4 4 0 2507.38 0.872 0.014 0.229
17941 648 659 4 4 0 1998.98 0.660 0.012 0.174
17942 659 648 4 4 0 1998.98 0.660 0.012 0.174
17943 648 660 4 4 0 2507.38 0.872 0.014 0.229
17944 660 648 4 4 0 2507.38 0.872 0.014 0.229
17945 649 650 4 4 0 1513.40 0.458 0.010 0.122
17946 650 649 4 4 0 1513.40 0.458 0.010 0.122
17947 649 659 4 4 0 2507.38 0.872 0.012 0.227
17948 659 649 4 4 0 2507.38 0.872 0.012 0.227
17949 649 660 4 4 0 1998.98 0.660 0.014 0.176
17950 660 649 4 4 0 1998.98 0.660 0.014 0.176
17951 649 661 4 4 0 2507.38 0.872 0.012 0.227
17952 661 649 4 4 0 2507.38 0.872 0.012 0.227
17953 650 660 4 4 0 2507.38 0.872 0.012 0.227
17954 660 650 4 4 0 2507.38 0.872 0.012 0.227
17955 651 652 4 4 0 1513.40 0.458 0.187 0.254
17956 652 651 4 4 0 1513.40 0.458 0.187 0.254
17957 652 653 4 4 0 1513.40 0.458 0.299 0.339
17958 653 652 4 4 0 1513.40 0.458 0.299 0.339
17959 652 662 4 4 0 2507.38 0.872 0.187 0.358
17960 662 652 4 4 0 2507.38 0.872 0.187 0.358
17961 652 663 4 4 0 1998.98 0.660 0.307 0.395
17962 663 652 4 4 0 1998.98 0.660 0.307 0.395
17963 652 664 4 4 0 2507.38 0.872 0.341 0.474
17964 664 652 4 4 0 2507.38 0.872 0.341 0.474
17965 653 654 4 4 0 1513.40 0.458 0.259 0.309
17966 654 653 4 4 0 1513.40 0.458 0.259 0.309
17967 653 663 4 4 0 2507.38 0.872 0.245 0.402
17968 663 653 4 4 0 2507.38 0.872 0.245 0.402
17969 653 664 4 4 0 1998.98 0.660 0.279 0.374
17970 664 653 4 4 0 1998.98 0.660 0.279 0.374
17971 653 665 4 4 0 2507.38 0.872 0.217 0.381
17972 665 653 4 4 0 2507.38 0.872 0.217 0.381
17973 654 664 4 4 0 2507.38 0.872 0.301 0.444
17974 664 654 4 4 0 2507.38 0.872 0.301 0.444
17975 654 665 4 4 0 1998.98 0.660 0.239 0.344
17976 665 654 4 4 0 1998.98 0.660 0.239 0.344
17977 654 666 4 4 0 2507.38 0.872 0.447 0.554
17978 666 654 4 4 0 2507.38 0.872 0.447 0.554
17979 655 656 4 4 0 1513.40 0.458 0.441 0.446
17980 656 655 4 4 0 1513.40 0.458 0.441 0.446
17981 655 668 4 4 0 2507.38 0.872 0.395 0.515
17982 668 655 4 4 0 2507.38 0.872 0.395 0.515
17983 656 657 4 4 0 1513.40 0.458 0.512 0.498
17984 657 656 4 4 0 1513.40 0.458 0.512 0.498
17985 656 667 4 4 0 2507.38 0.872 0.536 0.620
17986 667 656 4 4 0 2507.38 0.872 0.536 0.620
17987 656 668 4 4 0 1998.98 0.660 0.383 0.453
17988 668 656 4 4 0 1998.98 0.660 0.383 0.453
17989 657 669 4 4 0 1998.98 0.660 0.554 0.580
17990 669 657 4 4 0 1998.98 0.660 0.554 0.580
17991 658 659 4 4 0 1513.82 0.458 0.014 0.125
17992 659 658 4 4 0 1513.82 0.458 0.014 0.125
17993 659 660 4 4 0 1513.82 0.458 0.014 0.125
17994 660 659 4 4 0 1513.82 0.458 0.014 0.125
17995 659 670 4 4 0 2507.62 0.872 0.012 0.227
17996 670 659 4 4 0 2507.62 0.872 0.012 0.227
17997 660 661 4 4 0 1513.82 0.458 0.014 0.125
17998 661 660 4 4 0 1513.82 0.458 0.014 0.125
17999 660 670 4 4 0 1998.98 0.660 0.014 0.176
18000 670 660 4 4 0 1998.98 0.660 0.014 0.176
18001 660 671 4 4 0 2507.62 0.872 0.016 0.230
18002 671 660 4 4 0 2507.62 0.872 0.016 0.230
18003 661 670 4 4 0 2507.62 0.872 0.012 0.227
18004 670 661 4 4 0 2507.62 0.872 0.012 0.227
18005 661 671 4 4 0 1998.98 0.660 0.014 0.176
18006 671 661 4 4 0 1998.98 0.660 0.014 0.176
18007 662 663 4 4 0 1513.82 0.458 0.132 0.214
18008 663 662 4 4 0 1513.82 0.458 0.132 0.214
18009 662 673 4 4 0 2507.62 0.872 0.064 0.266
18010 673 662 4 4 0 2507.62 0.872 0.064 0.266
18011 663 664 4 4 0 1513.82 0.458 0.287 0.330
18012 664 663 4 4 0 1513.82 0.458 0.287 0.330
18013 663 672 4 4 0 2507.62 0.872 0.132 0.317
18014 672 663 4 4 0 2507.62 0.872 0.132 0.317
18015 663 673 4 4 0 1998.98 0.660 0.185 0.304
18016 673 663 4 4 0 1998.98 0.660 0.185 0.304
18017 663 674 4 4 0 2507.62 0.872 0.203 0.370
18018 674 663 4 4 0 2507.62 0.872 0.203 0.370
18019 664 665 4 4 0 1513.82 0.458 0.259 0.309
18020 665 664 4 4 0 1513.82 0.458 0.259 0.309
18021 664 673 4 4 0 2507.62 0.872 0.219 0.382
18022 673 664 4 4 0 2507.62 0.872 0.219 0.382
18023 664 674 4 4 0 1998.98 0.660 0.237 0.343
18024 674 664 4 4 0 1998.98 0.660 0.237 0.343
18025 664 675 4 4 0 2507.62 0.872 0.235 0.394
18026 675 664 4 4 0 2507.62 0.872 0.235 0.394
18027 665 666 4 4 0 1513.82 0.458 0.405 0.418
18028 666 665 4 4 0 1513.82 0.458 0.405 0.418
18029 665 674 4 4 0 2507.62 0.872 0.175 0.349
18030 674 665 4 4 0 2507.62 0.872 0.175 0.349
18031 665 676 4 4 0 2507.62 0.872 0.267 0.418
18032 676 665 4 4 0 2507.62 0.872 0.267 0.418
18033 666 675 4 4 0 2507.62 0.872 0.381 0.504
18034 675 666 4 4 0 2507.62 0.872 0.381 0.504
18035 666 676 4 4 0 1998.98 0.660 0.476 0.522
18036 676 666 4 4 0 1998.98 0.660 0.476 0.522
18037 666 677 4 4 0 2507.62 0.872 0.586 0.658
18038 677 666 4 4 0 2507.62 0.872 0.586 0.658
18039 667 668 4 4 0 1513.82 0.458 0.490 0.482
18040 668 667 4 4 0 1513.82 0.458 0.490 0.482
18041 667 676 4 4 0 2507.62 0.872 0.490 0.585
18042 676 667 4 4 0 2507.62 0.872 0.490 0.585
18043 667 677 4 4 0 1998.98 0.660 0.600 0.615
18044 677 667 4 4 0 1998.98 0.660 0.600 0.615
18045 667 678 4 4 0 2507.62 0.872 0.520 0.608
18046 678 667 4 4 0 2507.62 0.872 0.520 0.608
18047 668 669 4 4 0 1513.82 0.458 0.425 0.434
18048 669 668 4 4 0 1513.82 0.458 0.425 0.434
18049 668 677 4 4 0 2507.62 0.872 0.447 0.554
18050 677 668 4 4 0 2507.62 0.872 0.447 0.554
18051 668 678 4 4 0 1998.98 0.660 0.367 0.440
18052 678 668 4 4 0 1998.98 0.660 0.367 0.440
18053 669 678 4 4 0 2507.62 0.872 0.456 0.560
18054 678 669 4 4 0 2507.62 0.872 0.456 0.560
18055 670 671 4 4 0 1514.23 0.458 0.014 0.125
18056 671 670 4 4 0 1514.23 0.458 0.014 0.125
18057 671 672 4 4 0 1514.23 0.458 0.014 0.125
18058 672 671 4 4 0 1514.23 0.458 0.014 0.125
18059 672 673 4 4 0 1514.23 0.458 0.064 0.163
18060 673 672 4 4 0 1514.23 0.458 0.064 0.163
18061 674 675 4 4 0 1514.23 0.458 0.150 0.227
18062 675 674 4 4 0 1514.23 0.458 0.150 0.227
18063 676 677 4 4 0 1514.23 0.458 0.447 0.450
18064 677 676 4 4 0 1514.23 0.458 0.447 0.450
18065 677 678 4 4 0 1514.23 0.458 0.478 0.473
18066 678 677 4 4 0 1514.23 0.458 0.478 0.473
