1 0 0 3 4 1 100.00 0.166 0.000 0.041
2 0 0 2 3 1 100.00 0.166 0.000 0.041
3 1 1 3 4 1 100.00 0.166 0.000 0.041
4 1 1 2 3 1 100.00 0.166 0.000 0.041
5 2 2 3 4 1 100.00 0.166 0.000 0.041
6 2 2 2 3 1 100.00 0.166 0.000 0.041
7 3 3 3 4 1 100.00 0.166 0.000 0.041
8 4 4 3 4 1 100.00 0.166 0.000 0.041
9 5 5 3 4 1 100.00 0.166 0.000 0.041
10 5 5 2 3 1 100.00 0.166 0.000 0.041
11 5 5 1 2 1 100.00 0.166 0.000 0.041
12 6 6 3 4 1 100.00 0.166 0.000 0.041
13 6 6 2 3 1 100.00 0.166 0.000 0.041
14 7 7 3 4 1 100.00 0.166 0.000 0.041
15 7 7 2 3 1 100.00 0.166 0.000 0.041
16 7 7 1 2 1 100.00 0.166 0.000 0.041
17 7 7 0 1 1 100.00 0.166 0.000 0.041
18 8 8 3 4 1 100.00 0.166 0.000 0.041
19 8 8 2 3 1 100.00 0.166 0.000 0.041
20 9 9 3 4 1 100.00 0.166 0.000 0.041
21 9 9 2 3 1 100.00 0.166 0.000 0.041
22 10 10 3 4 1 100.00 0.166 0.000 0.041
23 10 10 2 3 1 100.00 0.166 0.000 0.041
24 10 10 1 2 1 100.00 0.166 0.000 0.041
25 11 11 3 4 1 100.00 0.166 0.000 0.041
26 11 11 2 3 1 100.00 0.166 0.000 0.041
27 12 12 3 4 1 100.00 0.166 0.000 0.041
28 12 12 2 3 1 100.00 0.166 0.000 0.041
29 13 13 3 4 1 100.00 0.166 0.000 0.041
30 13 13 2 3 1 100.00 0.166 0.000 0.041
31 13 13 1 2 1 100.00 0.166 0.000 0.041
32 14 14 3 4 1 100.00 0.166 0.000 0.041
33 14 14 2 3 1 100.00 0.166 0.000 0.041
34 15 15 3 4 1 100.00 0.166 0.000 0.041
35 15 15 2 3 1 100.00 0.166 0.000 0.041
36 16 16 3 4 1 100.00 0.166 0.000 0.041
37 16 16 2 3 1 100.00 0.166 0.000 0.041
38 17 17 3 4 1 100.00 0.166 0.000 0.041
39 17 17 2 3 1 100.00 0.166 0.000 0.041
40 18 18 3 4 1 100.00 0.166 0.000 0.041
41 18 18 2 3 1 100.00 0.166 0.000 0.041
42 19 19 3 4 1 100.00 0.166 0.000 0.041
43 19 19 2 3 1 100.00 0.166 0.000 0.041
44 19 19 1 2 1 100.00 0.166 0.000 0.041
45 20 20 3 4 1 100.00 0.166 0.000 0.041
46 20 20 2 3 1 100.00 0.166 0.000 0.041
47 20 20 1 2 1 100.00 0.166 0.000 0.041
48 21 21 3 4 1 100.00 0.166 0.000 0.041
49 21 21 2 3 1 100.00 0.166 0.000 0.041
50 22 22 3 4 1 100.00 0.166 0.000 0.041
51 22 22 2 3 1 100.00 0.166 0.000 0.041
52 23 23 3 4 1 100.00 0.166 0.000 0.041
53 23 23 2 3 1 100.00 0.166 0.000 0.041
54 23 23 1 2 1 100.00 0.166 0.000 0.041
55 24 24 3 4 1 100.00 0.166 0.000 0.041
56 24 24 2 3 1 100.00 0.166 0.000 0.041
57 0 0 4 3 2 100.00 0.053 0.000 0.013
58 0 0 3 2 2 100.00 0.053 0.000 0.013
59 1 1 4 3 2 100.00 0.053 0.000 0.013
60 1 1 3 2 2 100.00 0.053 0.000 0.013
61 2 2 4 3 2 100.00 0.053 0.000 0.013
62 2 2 3 2 2 100.00 0.053 0.000 0.013
63 3 3 4 3 2 100.00 0.053 0.000 0.013
64 4 4 4 3 2 100.00 0.053 0.000 0.013
65 5 5 4 3 2 100.00 0.053 0.000 0.013
66 5 5 3 2 2 100.00 0.053 0.000 0.013
67 5 5 2 1 2 100.00 0.053 0.000 0.013
68 6 6 4 3 2 100.00 0.053 0.000 0.013
69 6 6 3 2 2 100.00 0.053 0.000 0.013
70 7 7 4 3 2 100.00 0.053 0.000 0.013
71 7 7 3 2 2 100.00 0.053 0.000 0.013
72 7 7 2 1 2 100.00 0.053 0.000 0.013
73 7 7 1 0 2 100.00 0.053 0.000 0.013
74 8 8 4 3 2 100.00 0.053 0.000 0.013
75 8 8 3 2 2 100.00 0.053 0.000 0.013
76 9 9 4 3 2 100.00 0.053 0.000 0.013
77 9 9 3 2 2 100.00 0.053 0.000 0.013
78 10 10 4 3 2 100.00 0.053 0.000 0.013
79 10 10 3 2 2 100.00 0.053 0.000 0.013
80 10 10 2 1 2 100.00 0.053 0.000 0.013
81 11 11 4 3 2 100.00 0.053 0.000 0.013
82 11 11 3 2 2 100.00 0.053 0.000 0.013
83 12 12 4 3 2 100.00 0.053 0.000 0.013
84 12 12 3 2 2 100.00 0.053 0.000 0.013
85 13 13 4 3 2 100.00 0.053 0.000 0.013
86 13 13 3 2 2 100.00 0.053 0.000 0.013
87 13 13 2 1 2 100.00 0.053 0.000 0.013
88 14 14 4 3 2 100.00 0.053 0.000 0.013
89 14 14 3 2 2 100.00 0.053 0.000 0.013
90 15 15 4 3 2 100.00 0.053 0.000 0.013
91 15 15 3 2 2 100.00 0.053 0.000 0.013
92 16 16 4 3 2 100.00 0.053 0.000 0.013
93 16 16 3 2 2 100.00 0.053 0.000 0.013
94 17 17 4 3 2 100.00 0.053 0.000 0.013
95 17 17 3 2 2 100.00 0.053 0.000 0.013
96 18 18 4 3 2 100.00 0.053 0.000 0.013
97 18 18 3 2 2 100.00 0.053 0.000 0.013
98 19 19 4 3 2 100.00 0.053 0.000 0.013
99 19 19 3 2 2 100.00 0.053 0.000 0.013
100 19 19 2 1 2 100.00 0.053 0.000 0.013
101 20 20 4 3 2 100.00 0.053 0.000 0.013
102 20 20 3 2 2 100.00 0.053 0.000 0.013
103 20 20 2 1 2 100.00 0.053 0.000 0.013
104 21 21 4 3 2 100.00 0.053 0.000 0.013
105 21 21 3 2 2 100.00 0.053 0.000 0.013
106 22 22 4 3 2 100.00 0.053 0.000 0.013
107 22 22 3 2 2 100.00 0.053 0.000 0.013
108 23 23 4 3 2 100.00 0.053 0.000 0.013
109 23 23 3 2 2 100.00 0.053 0.000 0.013
110 23 23 2 1 2 100.00 0.053 0.000 0.013
111 24 24 4 3 2 100.00 0.053 0.000 0.013
112 24 24 3 2 2 100.00 0.053 0.000 0.013
113 7 307 0 0 0 2001.31 0.692 0.119 0.262
114 307 7 0 0 0 2001.31 0.692 0.119 0.262
115 7 308 0 0 0 1481.45 0.497 0.040 0.154
116 308 7 0 0 0 1481.45 0.497 0.040 0.154
117 7 328 0 0 0 1453.14 0.486 0.106 0.201
118 328 7 0 0 0 1453.14 0.486 0.106 0.201
119 7 329 0 0 0 548.23 0.146 0.026 0.056
120 329 7 0 0 0 548.23 0.146 0.026 0.056
121 29 30 0 0 0 1504.29 0.505 0.079 0.186
122 30 29 0 0 0 1504.29 0.505 0.079 0.186
123 29 50 0 0 0 1999.12 0.691 0.093 0.242
124 50 29 0 0 0 1999.12 0.691 0.093 0.242
125 29 51 0 0 0 2502.00 0.880 0.093 0.289
126 51 29 0 0 0 2502.00 0.880 0.093 0.289
127 30 31 0 0 0 1504.29 0.505 0.093 0.196
128 31 30 0 0 0 1504.29 0.505 0.093 0.196
129 30 50 0 0 0 2502.00 0.880 0.093 0.289
130 50 30 0 0 0 2502.00 0.880 0.093 0.289
131 30 51 0 0 0 1999.12 0.691 0.093 0.242
132 51 30 0 0 0 1999.12 0.691 0.093 0.242
133 30 52 0 0 0 2502.00 0.880 0.093 0.289
134 52 30 0 0 0 2502.00 0.880 0.093 0.289
135 31 32 0 0 0 1504.29 0.505 0.079 0.186
136 32 31 0 0 0 1504.29 0.505 0.079 0.186
137 31 51 0 0 0 2502.00 0.880 0.106 0.299
138 51 31 0 0 0 2502.00 0.880 0.106 0.299
139 31 52 0 0 0 1999.12 0.691 0.106 0.252
140 52 31 0 0 0 1999.12 0.691 0.106 0.252
141 31 53 0 0 0 2502.00 0.880 0.093 0.289
142 53 31 0 0 0 2502.00 0.880 0.093 0.289
143 32 33 0 0 0 1504.29 0.505 0.066 0.176
144 33 32 0 0 0 1504.29 0.505 0.066 0.176
145 32 52 0 0 0 2502.00 0.880 0.079 0.280
146 52 32 0 0 0 2502.00 0.880 0.079 0.280
147 32 53 0 0 0 1999.12 0.691 0.066 0.222
148 53 32 0 0 0 1999.12 0.691 0.066 0.222
149 32 54 0 0 0 2502.00 0.880 0.066 0.270
150 54 32 0 0 0 2502.00 0.880 0.066 0.270
151 33 53 0 0 0 2502.00 0.880 0.079 0.280
152 53 33 0 0 0 2502.00 0.880 0.079 0.280
153 33 54 0 0 0 1999.12 0.691 0.079 0.232
154 54 33 0 0 0 1999.12 0.691 0.079 0.232
155 50 51 0 0 0 1504.71 0.506 0.106 0.206
156 51 50 0 0 0 1504.71 0.506 0.106 0.206
157 50 72 0 0 0 2502.25 0.880 0.106 0.299
158 72 50 0 0 0 2502.25 0.880 0.106 0.299
159 51 52 0 0 0 1504.71 0.506 0.106 0.206
160 52 51 0 0 0 1504.71 0.506 0.106 0.206
161 51 72 0 0 0 1999.11 0.691 0.106 0.252
162 72 51 0 0 0 1999.11 0.691 0.106 0.252
163 51 73 0 0 0 2502.25 0.880 0.079 0.280
164 73 51 0 0 0 2502.25 0.880 0.079 0.280
165 52 53 0 0 0 1504.71 0.506 0.093 0.196
166 53 52 0 0 0 1504.71 0.506 0.093 0.196
167 52 72 0 0 0 2502.25 0.880 0.106 0.299
168 72 52 0 0 0 2502.25 0.880 0.106 0.299
169 52 73 0 0 0 1999.11 0.691 0.079 0.232
170 73 52 0 0 0 1999.11 0.691 0.079 0.232
171 52 74 0 0 0 2502.25 0.880 0.079 0.280
172 74 52 0 0 0 2502.25 0.880 0.079 0.280
173 53 54 0 0 0 1504.71 0.506 0.079 0.186
174 54 53 0 0 0 1504.71 0.506 0.079 0.186
175 53 73 0 0 0 2502.25 0.880 0.066 0.270
176 73 53 0 0 0 2502.25 0.880 0.066 0.270
177 53 74 0 0 0 1999.11 0.691 0.066 0.222
178 74 53 0 0 0 1999.11 0.691 0.066 0.222
179 53 75 0 0 0 2502.25 0.880 0.093 0.290
180 75 53 0 0 0 2502.25 0.880 0.093 0.290
181 54 74 0 0 0 2502.25 0.880 0.066 0.270
182 74 54 0 0 0 2502.25 0.880 0.066 0.270
183 54 75 0 0 0 1999.11 0.691 0.093 0.242
184 75 54 0 0 0 1999.11 0.691 0.093 0.242
185 72 73 0 0 0 1505.13 0.506 0.079 0.186
186 73 72 0 0 0 1505.13 0.506 0.079 0.186
187 72 92 0 0 0 2502.49 0.880 0.106 0.299
188 92 72 0 0 0 2502.49 0.880 0.106 0.299
189 72 93 0 0 0 1999.11 0.691 0.079 0.232
190 93 72 0 0 0 1999.11 0.691 0.079 0.232
191 72 94 0 0 0 2502.49 0.880 0.093 0.290
192 94 72 0 0 0 2502.49 0.880 0.093 0.290
193 73 74 0 0 0 1505.13 0.506 0.053 0.166
194 74 73 0 0 0 1505.13 0.506 0.053 0.166
195 73 93 0 0 0 2502.49 0.880 0.053 0.260
196 93 73 0 0 0 2502.49 0.880 0.053 0.260
197 73 94 0 0 0 1999.11 0.691 0.066 0.222
198 94 73 0 0 0 1999.11 0.691 0.066 0.222
199 74 75 0 0 0 1505.13 0.506 0.079 0.186
200 75 74 0 0 0 1505.13 0.506 0.079 0.186
201 74 94 0 0 0 2502.49 0.880 0.066 0.270
202 94 74 0 0 0 2502.49 0.880 0.066 0.270
203 74 95 0 0 0 1999.11 0.691 0.066 0.222
204 95 74 0 0 0 1999.11 0.691 0.066 0.222
205 74 96 0 0 0 2502.49 0.880 0.079 0.280
206 96 74 0 0 0 2502.49 0.880 0.079 0.280
207 75 95 0 0 0 2502.49 0.880 0.093 0.290
208 95 75 0 0 0 2502.49 0.880 0.093 0.290
209 75 96 0 0 0 1999.11 0.691 0.106 0.252
210 96 75 0 0 0 1999.11 0.691 0.106 0.252
211 90 91 0 0 0 1505.54 0.506 0.079 0.186
212 91 90 0 0 0 1505.54 0.506 0.079 0.186
213 91 92 0 0 0 1505.54 0.506 0.093 0.196
214 92 91 0 0 0 1505.54 0.506 0.093 0.196
215 92 93 0 0 0 1505.54 0.506 0.079 0.186
216 93 92 0 0 0 1505.54 0.506 0.079 0.186
217 93 94 0 0 0 1505.54 0.506 0.066 0.176
218 94 93 0 0 0 1505.54 0.506 0.066 0.176
219 94 95 0 0 0 1505.54 0.506 0.079 0.186
220 95 94 0 0 0 1505.54 0.506 0.079 0.186
221 95 96 0 0 0 1505.54 0.506 0.093 0.196
222 96 95 0 0 0 1505.54 0.506 0.093 0.196
223 95 117 0 0 0 2502.74 0.880 0.093 0.290
224 117 95 0 0 0 2502.74 0.880 0.093 0.290
225 96 117 0 0 0 1999.10 0.691 0.106 0.252
226 117 96 0 0 0 1999.10 0.691 0.106 0.252
227 117 138 0 0 0 1999.10 0.691 0.106 0.252
228 138 117 0 0 0 1999.10 0.691 0.106 0.252
229 138 159 0 0 0 1999.09 0.691 0.093 0.242
230 159 138 0 0 0 1999.09 0.691 0.093 0.242
231 261 283 0 0 0 2504.69 0.881 0.251 0.409
232 283 261 0 0 0 2504.69 0.881 0.251 0.409
233 283 284 0 0 0 1509.27 0.507 0.212 0.286
234 284 283 0 0 0 1509.27 0.507 0.212 0.286
235 283 305 0 0 0 2504.94 0.881 0.225 0.389
236 305 283 0 0 0 2504.94 0.881 0.225 0.389
237 284 305 0 0 0 1999.05 0.691 0.251 0.361
238 305 284 0 0 0 1999.05 0.691 0.251 0.361
239 284 306 0 0 0 2504.94 0.881 0.159 0.339
240 306 284 0 0 0 2504.94 0.881 0.159 0.339
241 305 306 0 0 0 1509.69 0.507 0.172 0.256
242 306 305 0 0 0 1509.69 0.507 0.172 0.256
243 305 327 0 0 0 2505.18 0.881 0.278 0.429
244 327 305 0 0 0 2505.18 0.881 0.278 0.429
245 306 307 0 0 0 1509.69 0.507 0.159 0.246
246 307 306 0 0 0 1509.69 0.507 0.159 0.246
247 306 327 0 0 0 1999.04 0.691 0.185 0.312
248 327 306 0 0 0 1999.04 0.691 0.185 0.312
249 306 328 0 0 0 2505.18 0.881 0.145 0.329
250 328 306 0 0 0 2505.18 0.881 0.145 0.329
251 307 308 0 0 0 1509.69 0.507 0.159 0.246
252 308 307 0 0 0 1509.69 0.507 0.159 0.246
253 307 327 0 0 0 2505.18 0.881 0.265 0.419
254 327 307 0 0 0 2505.18 0.881 0.265 0.419
255 307 328 0 0 0 1999.04 0.691 0.225 0.341
256 328 307 0 0 0 1999.04 0.691 0.225 0.341
257 307 329 0 0 0 2505.18 0.881 0.145 0.329
258 329 307 0 0 0 2505.18 0.881 0.145 0.329
259 308 328 0 0 0 2505.18 0.881 0.145 0.329
260 328 308 0 0 0 2505.18 0.881 0.145 0.329
261 308 329 0 0 0 1999.04 0.691 0.066 0.222
262 329 308 0 0 0 1999.04 0.691 0.066 0.222
263 317 318 0 0 0 1510.10 0.508 0.278 0.335
264 318 317 0 0 0 1510.10 0.508 0.278 0.335
265 317 338 0 0 0 1999.03 0.691 0.278 0.381
266 338 317 0 0 0 1999.03 0.691 0.278 0.381
267 318 338 0 0 0 2505.43 0.881 0.238 0.399
268 338 318 0 0 0 2505.43 0.881 0.238 0.399
269 327 328 0 0 0 1510.10 0.508 0.251 0.315
270 328 327 0 0 0 1510.10 0.508 0.251 0.315
271 328 329 0 0 0 1510.10 0.508 0.132 0.226
272 329 328 0 0 0 1510.10 0.508 0.132 0.226
273 5 142 1 1 0 2654.80 0.938 0.500 0.609
274 142 5 1 1 0 2654.80 0.938 0.500 0.609
275 7 307 1 1 0 2001.31 0.692 0.107 0.253
276 307 7 1 1 0 2001.31 0.692 0.107 0.253
277 7 308 1 1 0 1481.45 0.497 0.036 0.151
278 308 7 1 1 0 1481.45 0.497 0.036 0.151
279 7 328 1 1 0 1453.14 0.486 0.095 0.193
280 328 7 1 1 0 1453.14 0.486 0.095 0.193
281 7 329 1 1 0 548.23 0.146 0.024 0.054
282 329 7 1 1 0 548.23 0.146 0.024 0.054
283 10 190 1 1 0 2546.30 0.897 0.036 0.251
284 190 10 1 1 0 2546.30 0.897 0.036 0.251
285 10 191 1 1 0 1394.06 0.464 0.024 0.134
286 191 10 1 1 0 1394.06 0.464 0.024 0.134
287 10 193 1 1 0 2550.00 0.898 0.048 0.260
288 193 10 1 1 0 2550.00 0.898 0.048 0.260
289 10 211 1 1 0 2405.75 0.844 0.036 0.238
290 211 10 1 1 0 2405.75 0.844 0.036 0.238
291 10 212 1 1 0 1116.29 0.360 0.131 0.188
292 212 10 1 1 0 1116.29 0.360 0.131 0.188
293 10 214 1 1 0 2409.66 0.845 0.143 0.319
294 214 10 1 1 0 2409.66 0.845 0.143 0.319
295 13 49 1 1 0 2192.84 0.764 0.036 0.218
296 49 13 1 1 0 2192.84 0.764 0.036 0.218
297 13 50 1 1 0 1582.69 0.535 0.048 0.169
298 50 13 1 1 0 1582.69 0.535 0.048 0.169
299 13 51 1 1 0 2174.98 0.757 0.048 0.225
300 51 13 1 1 0 2174.98 0.757 0.048 0.225
301 13 70 1 1 0 1574.13 0.532 0.048 0.169
302 70 13 1 1 0 1574.13 0.532 0.048 0.169
303 13 71 1 1 0 416.68 0.097 0.024 0.042
304 71 13 1 1 0 416.68 0.097 0.024 0.042
305 13 72 1 1 0 1549.16 0.522 0.048 0.166
306 72 13 1 1 0 1549.16 0.522 0.048 0.166
307 13 92 1 1 0 2415.62 0.848 0.048 0.248
308 92 13 1 1 0 2415.62 0.848 0.048 0.248
309 19 243 1 1 0 1861.41 0.640 0.036 0.187
310 243 19 1 1 0 1861.41 0.640 0.036 0.187
311 19 265 1 1 0 2004.27 0.693 0.048 0.209
312 265 19 1 1 0 2004.27 0.693 0.048 0.209
313 19 266 1 1 0 1146.24 0.371 0.036 0.120
314 266 19 1 1 0 1146.24 0.371 0.036 0.120
315 20 263 1 1 0 2541.80 0.895 0.095 0.295
316 263 20 1 1 0 2541.80 0.895 0.095 0.295
317 20 264 1 1 0 1834.04 0.629 0.048 0.193
318 264 20 1 1 0 1834.04 0.629 0.048 0.193
319 20 265 1 1 0 2195.70 0.765 0.048 0.227
320 265 20 1 1 0 2195.70 0.765 0.048 0.227
321 20 284 1 1 0 1790.54 0.613 0.107 0.234
322 284 20 1 1 0 1790.54 0.613 0.107 0.234
323 20 285 1 1 0 328.82 0.064 0.024 0.034
324 285 20 1 1 0 328.82 0.064 0.024 0.034
325 20 286 1 1 0 1251.36 0.410 0.024 0.120
326 286 20 1 1 0 1251.36 0.410 0.024 0.120
327 20 287 1 1 0 2753.07 0.974 0.036 0.270
328 287 20 1 1 0 2753.07 0.974 0.036 0.270
329 20 305 1 1 0 2818.45 0.999 0.119 0.339
330 305 20 1 1 0 2818.45 0.999 0.119 0.339
331 20 306 1 1 0 2201.12 0.767 0.036 0.219
332 306 20 1 1 0 2201.12 0.767 0.036 0.219
333 20 307 1 1 0 2510.60 0.883 0.107 0.301
334 307 20 1 1 0 2510.60 0.883 0.107 0.301
335 23 320 1 1 0 2189.57 0.763 0.131 0.289
336 320 23 1 1 0 2189.57 0.763 0.131 0.289
337 23 321 1 1 0 1559.59 0.526 0.143 0.239
338 321 23 1 1 0 1559.59 0.526 0.143 0.239
339 23 322 1 1 0 2152.26 0.749 0.083 0.250
340 322 23 1 1 0 2152.26 0.749 0.083 0.250
341 28 29 1 1 0 1504.29 0.505 0.083 0.189
342 29 28 1 1 0 1504.29 0.505 0.083 0.189
343 28 49 1 1 0 1999.12 0.691 0.083 0.235
344 49 28 1 1 0 1999.12 0.691 0.083 0.235
345 28 50 1 1 0 2502.00 0.880 0.095 0.291
346 50 28 1 1 0 2502.00 0.880 0.095 0.291
347 29 30 1 1 0 1504.29 0.505 0.071 0.180
348 30 29 1 1 0 1504.29 0.505 0.071 0.180
349 29 49 1 1 0 2502.00 0.880 0.071 0.274
350 49 29 1 1 0 2502.00 0.880 0.071 0.274
351 29 50 1 1 0 1999.12 0.691 0.083 0.235
352 50 29 1 1 0 1999.12 0.691 0.083 0.235
353 29 51 1 1 0 2502.00 0.880 0.083 0.283
354 51 29 1 1 0 2502.00 0.880 0.083 0.283
355 30 31 1 1 0 1504.29 0.505 0.083 0.189
356 31 30 1 1 0 1504.29 0.505 0.083 0.189
357 30 50 1 1 0 2502.00 0.880 0.083 0.283
358 50 30 1 1 0 2502.00 0.880 0.083 0.283
359 30 51 1 1 0 1999.12 0.691 0.083 0.235
360 51 30 1 1 0 1999.12 0.691 0.083 0.235
361 30 52 1 1 0 2502.00 0.880 0.083 0.283
362 52 30 1 1 0 2502.00 0.880 0.083 0.283
363 31 32 1 1 0 1504.29 0.505 0.071 0.180
364 32 31 1 1 0 1504.29 0.505 0.071 0.180
365 31 51 1 1 0 2502.00 0.880 0.095 0.291
366 51 31 1 1 0 2502.00 0.880 0.095 0.291
367 31 52 1 1 0 1999.12 0.691 0.095 0.244
368 52 31 1 1 0 1999.12 0.691 0.095 0.244
369 31 53 1 1 0 2502.00 0.880 0.083 0.283
370 53 31 1 1 0 2502.00 0.880 0.083 0.283
371 32 33 1 1 0 1504.29 0.505 0.060 0.171
372 33 32 1 1 0 1504.29 0.505 0.060 0.171
373 32 52 1 1 0 2502.00 0.880 0.071 0.274
374 52 32 1 1 0 2502.00 0.880 0.071 0.274
375 32 53 1 1 0 1999.12 0.691 0.060 0.217
376 53 32 1 1 0 1999.12 0.691 0.060 0.217
377 32 54 1 1 0 2502.00 0.880 0.060 0.265
378 54 32 1 1 0 2502.00 0.880 0.060 0.265
379 33 53 1 1 0 2502.00 0.880 0.071 0.274
380 53 33 1 1 0 2502.00 0.880 0.071 0.274
381 33 54 1 1 0 1999.12 0.691 0.071 0.226
382 54 33 1 1 0 1999.12 0.691 0.071 0.226
383 34 35 1 1 0 1504.71 0.506 0.238 0.305
384 35 34 1 1 0 1504.71 0.506 0.238 0.305
385 34 55 1 1 0 1999.11 0.691 0.476 0.530
386 55 34 1 1 0 1999.11 0.691 0.476 0.530
387 34 56 1 1 0 2502.25 0.880 0.429 0.541
388 56 34 1 1 0 2502.25 0.880 0.429 0.541
389 35 55 1 1 0 2502.25 0.880 0.500 0.595
390 55 35 1 1 0 2502.25 0.880 0.500 0.595
391 35 56 1 1 0 1999.11 0.691 0.452 0.512
392 56 35 1 1 0 1999.11 0.691 0.452 0.512
393 35 57 1 1 0 2502.25 0.880 0.476 0.577
394 57 35 1 1 0 2502.25 0.880 0.476 0.577
395 39 40 1 1 0 1504.71 0.506 0.750 0.689
396 40 39 1 1 0 1504.71 0.506 0.750 0.689
397 39 59 1 1 0 2502.25 0.880 1.000 0.970
398 59 39 1 1 0 2502.25 0.880 1.000 0.970
399 40 62 1 1 0 2502.25 0.880 0.571 0.649
400 62 40 1 1 0 2502.25 0.880 0.571 0.649
401 49 50 1 1 0 1504.71 0.506 0.083 0.189
402 50 49 1 1 0 1504.71 0.506 0.083 0.189
403 49 69 1 1 0 2502.25 0.880 0.060 0.265
404 69 49 1 1 0 2502.25 0.880 0.060 0.265
405 49 70 1 1 0 1999.11 0.691 0.083 0.235
406 70 49 1 1 0 1999.11 0.691 0.083 0.235
407 49 71 1 1 0 2502.25 0.880 0.060 0.265
408 71 49 1 1 0 2502.25 0.880 0.060 0.265
409 50 51 1 1 0 1504.71 0.506 0.095 0.198
410 51 50 1 1 0 1504.71 0.506 0.095 0.198
411 50 70 1 1 0 2502.25 0.880 0.095 0.291
412 70 50 1 1 0 2502.25 0.880 0.095 0.291
413 50 71 1 1 0 1999.11 0.691 0.071 0.226
414 71 50 1 1 0 1999.11 0.691 0.071 0.226
415 50 72 1 1 0 2502.25 0.880 0.095 0.291
416 72 50 1 1 0 2502.25 0.880 0.095 0.291
417 51 52 1 1 0 1504.71 0.506 0.095 0.198
418 52 51 1 1 0 1504.71 0.506 0.095 0.198
419 51 71 1 1 0 2502.25 0.880 0.071 0.274
420 71 51 1 1 0 2502.25 0.880 0.071 0.274
421 51 72 1 1 0 1999.11 0.691 0.095 0.244
422 72 51 1 1 0 1999.11 0.691 0.095 0.244
423 51 73 1 1 0 2502.25 0.880 0.071 0.274
424 73 51 1 1 0 2502.25 0.880 0.071 0.274
425 52 53 1 1 0 1504.71 0.506 0.083 0.189
426 53 52 1 1 0 1504.71 0.506 0.083 0.189
427 52 72 1 1 0 2502.25 0.880 0.095 0.291
428 72 52 1 1 0 2502.25 0.880 0.095 0.291
429 52 73 1 1 0 1999.11 0.691 0.071 0.226
430 73 52 1 1 0 1999.11 0.691 0.071 0.226
431 52 74 1 1 0 2502.25 0.880 0.071 0.274
432 74 52 1 1 0 2502.25 0.880 0.071 0.274
433 53 54 1 1 0 1504.71 0.506 0.071 0.180
434 54 53 1 1 0 1504.71 0.506 0.071 0.180
435 53 73 1 1 0 2502.25 0.880 0.060 0.265
436 73 53 1 1 0 2502.25 0.880 0.060 0.265
437 53 74 1 1 0 1999.11 0.691 0.060 0.217
438 74 53 1 1 0 1999.11 0.691 0.060 0.217
439 53 75 1 1 0 2502.25 0.880 0.083 0.283
440 75 53 1 1 0 2502.25 0.880 0.083 0.283
441 54 74 1 1 0 2502.25 0.880 0.060 0.265
442 74 54 1 1 0 2502.25 0.880 0.060 0.265
443 54 75 1 1 0 1999.11 0.691 0.083 0.235
444 75 54 1 1 0 1999.11 0.691 0.083 0.235
445 55 56 1 1 0 1505.13 0.506 0.690 0.644
446 56 55 1 1 0 1505.13 0.506 0.690 0.644
447 56 57 1 1 0 1505.13 0.506 0.667 0.626
448 57 56 1 1 0 1505.13 0.506 0.667 0.626
449 62 63 1 1 0 1505.13 0.506 0.631 0.600
450 63 62 1 1 0 1505.13 0.506 0.631 0.600
451 62 82 1 1 0 2502.49 0.880 0.726 0.765
452 82 62 1 1 0 2502.49 0.880 0.726 0.765
453 62 83 1 1 0 1999.11 0.691 0.714 0.709
454 83 62 1 1 0 1999.11 0.691 0.714 0.709
455 62 84 1 1 0 2502.49 0.880 0.810 0.827
456 84 62 1 1 0 2502.49 0.880 0.810 0.827
457 63 64 1 1 0 1505.13 0.506 0.369 0.403
458 64 63 1 1 0 1505.13 0.506 0.369 0.403
459 63 83 1 1 0 2502.49 0.880 0.750 0.783
460 83 63 1 1 0 2502.49 0.880 0.750 0.783
461 63 84 1 1 0 1999.11 0.691 0.845 0.807
462 84 63 1 1 0 1999.11 0.691 0.845 0.807
463 63 85 1 1 0 2502.49 0.880 0.369 0.497
464 85 63 1 1 0 2502.49 0.880 0.369 0.497
465 64 84 1 1 0 2502.49 0.880 0.548 0.631
466 84 64 1 1 0 2502.49 0.880 0.548 0.631
467 64 85 1 1 0 1999.11 0.691 0.071 0.226
468 85 64 1 1 0 1999.11 0.691 0.071 0.226
469 69 70 1 1 0 1505.13 0.506 0.071 0.180
470 70 69 1 1 0 1505.13 0.506 0.071 0.180
471 69 89 1 1 0 2502.49 0.880 0.060 0.265
472 89 69 1 1 0 2502.49 0.880 0.060 0.265
473 69 90 1 1 0 1999.11 0.691 0.060 0.217
474 90 69 1 1 0 1999.11 0.691 0.060 0.217
475 69 91 1 1 0 2502.49 0.880 0.060 0.265
476 91 69 1 1 0 2502.49 0.880 0.060 0.265
477 70 71 1 1 0 1505.13 0.506 0.071 0.180
478 71 70 1 1 0 1505.13 0.506 0.071 0.180
479 70 90 1 1 0 2502.49 0.880 0.083 0.283
480 90 70 1 1 0 2502.49 0.880 0.083 0.283
481 70 91 1 1 0 1999.11 0.691 0.083 0.235
482 91 70 1 1 0 1999.11 0.691 0.083 0.235
483 70 92 1 1 0 2502.49 0.880 0.095 0.292
484 92 70 1 1 0 2502.49 0.880 0.095 0.292
485 71 72 1 1 0 1505.13 0.506 0.071 0.180
486 72 71 1 1 0 1505.13 0.506 0.071 0.180
487 71 91 1 1 0 2502.49 0.880 0.060 0.265
488 91 71 1 1 0 2502.49 0.880 0.060 0.265
489 71 92 1 1 0 1999.11 0.691 0.071 0.226
490 92 71 1 1 0 1999.11 0.691 0.071 0.226
491 71 93 1 1 0 2502.49 0.880 0.048 0.256
492 93 71 1 1 0 2502.49 0.880 0.048 0.256
493 72 73 1 1 0 1505.13 0.506 0.071 0.180
494 73 72 1 1 0 1505.13 0.506 0.071 0.180
495 72 92 1 1 0 2502.49 0.880 0.095 0.292
496 92 72 1 1 0 2502.49 0.880 0.095 0.292
497 72 93 1 1 0 1999.11 0.691 0.071 0.226
498 93 72 1 1 0 1999.11 0.691 0.071 0.226
499 72 94 1 1 0 2502.49 0.880 0.083 0.283
500 94 72 1 1 0 2502.49 0.880 0.083 0.283
501 73 74 1 1 0 1505.13 0.506 0.048 0.162
502 74 73 1 1 0 1505.13 0.506 0.048 0.162
503 73 93 1 1 0 2502.49 0.880 0.048 0.256
504 93 73 1 1 0 2502.49 0.880 0.048 0.256
505 73 94 1 1 0 1999.11 0.691 0.060 0.217
506 94 73 1 1 0 1999.11 0.691 0.060 0.217
507 74 75 1 1 0 1505.13 0.506 0.071 0.180
508 75 74 1 1 0 1505.13 0.506 0.071 0.180
509 74 94 1 1 0 2502.49 0.880 0.060 0.265
510 94 74 1 1 0 2502.49 0.880 0.060 0.265
511 74 95 1 1 0 1999.11 0.691 0.060 0.217
512 95 74 1 1 0 1999.11 0.691 0.060 0.217
513 74 96 1 1 0 2502.49 0.880 0.071 0.274
514 96 74 1 1 0 2502.49 0.880 0.071 0.274
515 75 95 1 1 0 2502.49 0.880 0.083 0.283
516 95 75 1 1 0 2502.49 0.880 0.083 0.283
517 75 96 1 1 0 1999.11 0.691 0.095 0.244
518 96 75 1 1 0 1999.11 0.691 0.095 0.244
519 82 83 1 1 0 1505.54 0.506 0.845 0.760
520 83 82 1 1 0 1505.54 0.506 0.845 0.760
521 83 84 1 1 0 1505.54 0.506 0.929 0.823
522 84 83 1 1 0 1505.54 0.506 0.929 0.823
523 84 85 1 1 0 1505.54 0.506 0.548 0.537
524 85 84 1 1 0 1505.54 0.506 0.548 0.537
525 87 88 1 1 0 1505.54 0.506 0.071 0.180
526 88 87 1 1 0 1505.54 0.506 0.071 0.180
527 87 109 1 1 0 2502.74 0.880 0.083 0.283
528 109 87 1 1 0 2502.74 0.880 0.083 0.283
529 88 89 1 1 0 1505.54 0.506 0.071 0.180
530 89 88 1 1 0 1505.54 0.506 0.071 0.180
531 88 109 1 1 0 1999.10 0.691 0.083 0.235
532 109 88 1 1 0 1999.10 0.691 0.083 0.235
533 88 110 1 1 0 2502.74 0.880 0.071 0.274
534 110 88 1 1 0 2502.74 0.880 0.071 0.274
535 89 90 1 1 0 1505.54 0.506 0.071 0.180
536 90 89 1 1 0 1505.54 0.506 0.071 0.180
537 89 109 1 1 0 2502.74 0.880 0.083 0.283
538 109 89 1 1 0 2502.74 0.880 0.083 0.283
539 89 110 1 1 0 1999.10 0.691 0.071 0.226
540 110 89 1 1 0 1999.10 0.691 0.071 0.226
541 89 111 1 1 0 2502.74 0.880 0.071 0.274
542 111 89 1 1 0 2502.74 0.880 0.071 0.274
543 90 91 1 1 0 1505.54 0.506 0.071 0.180
544 91 90 1 1 0 1505.54 0.506 0.071 0.180
545 90 110 1 1 0 2502.74 0.880 0.071 0.274
546 110 90 1 1 0 2502.74 0.880 0.071 0.274
547 90 111 1 1 0 1999.10 0.691 0.071 0.226
548 111 90 1 1 0 1999.10 0.691 0.071 0.226
549 90 112 1 1 0 2502.74 0.880 0.083 0.283
550 112 90 1 1 0 2502.74 0.880 0.083 0.283
551 91 92 1 1 0 1505.54 0.506 0.083 0.189
552 92 91 1 1 0 1505.54 0.506 0.083 0.189
553 91 111 1 1 0 2502.74 0.880 0.071 0.274
554 111 91 1 1 0 2502.74 0.880 0.071 0.274
555 91 112 1 1 0 1999.10 0.691 0.083 0.235
556 112 91 1 1 0 1999.10 0.691 0.083 0.235
557 92 93 1 1 0 1505.54 0.506 0.071 0.180
558 93 92 1 1 0 1505.54 0.506 0.071 0.180
559 92 112 1 1 0 2502.74 0.880 0.095 0.292
560 112 92 1 1 0 2502.74 0.880 0.095 0.292
561 92 114 1 1 0 2502.74 0.880 0.071 0.274
562 114 92 1 1 0 2502.74 0.880 0.071 0.274
563 93 94 1 1 0 1505.54 0.506 0.060 0.171
564 94 93 1 1 0 1505.54 0.506 0.060 0.171
565 93 114 1 1 0 1999.10 0.691 0.048 0.209
566 114 93 1 1 0 1999.10 0.691 0.048 0.209
567 93 115 1 1 0 2502.74 0.880 0.060 0.265
568 115 93 1 1 0 2502.74 0.880 0.060 0.265
569 94 95 1 1 0 1505.54 0.506 0.071 0.180
570 95 94 1 1 0 1505.54 0.506 0.071 0.180
571 94 114 1 1 0 2502.74 0.880 0.060 0.265
572 114 94 1 1 0 2502.74 0.880 0.060 0.265
573 94 115 1 1 0 1999.10 0.691 0.071 0.226
574 115 94 1 1 0 1999.10 0.691 0.071 0.226
575 94 116 1 1 0 2502.74 0.880 0.071 0.274
576 116 94 1 1 0 2502.74 0.880 0.071 0.274
577 95 96 1 1 0 1505.54 0.506 0.083 0.189
578 96 95 1 1 0 1505.54 0.506 0.083 0.189
579 95 116 1 1 0 1999.10 0.691 0.071 0.226
580 116 95 1 1 0 1999.10 0.691 0.071 0.226
581 95 117 1 1 0 2502.74 0.880 0.083 0.283
582 117 95 1 1 0 2502.74 0.880 0.083 0.283
583 96 116 1 1 0 2502.74 0.880 0.083 0.283
584 116 96 1 1 0 2502.74 0.880 0.083 0.283
585 96 117 1 1 0 1999.10 0.691 0.095 0.244
586 117 96 1 1 0 1999.10 0.691 0.095 0.244
587 109 110 1 1 0 1505.96 0.506 0.083 0.189
588 110 109 1 1 0 1505.96 0.506 0.083 0.189
589 109 130 1 1 0 1999.10 0.691 0.083 0.235
590 130 109 1 1 0 1999.10 0.691 0.083 0.235
591 109 131 1 1 0 2502.98 0.881 0.095 0.292
592 131 109 1 1 0 2502.98 0.881 0.095 0.292
593 110 111 1 1 0 1505.96 0.506 0.071 0.180
594 111 110 1 1 0 1505.96 0.506 0.071 0.180
595 110 130 1 1 0 2502.98 0.881 0.071 0.274
596 130 110 1 1 0 2502.98 0.881 0.071 0.274
597 110 131 1 1 0 1999.10 0.691 0.083 0.235
598 131 110 1 1 0 1999.10 0.691 0.083 0.235
599 110 132 1 1 0 2502.98 0.881 0.071 0.274
600 132 110 1 1 0 2502.98 0.881 0.071 0.274
601 111 112 1 1 0 1505.96 0.506 0.083 0.189
602 112 111 1 1 0 1505.96 0.506 0.083 0.189
603 111 131 1 1 0 2502.98 0.881 0.083 0.283
604 131 111 1 1 0 2502.98 0.881 0.083 0.283
605 111 132 1 1 0 1999.10 0.691 0.071 0.226
606 132 111 1 1 0 1999.10 0.691 0.071 0.226
607 112 132 1 1 0 2502.98 0.881 0.083 0.283
608 132 112 1 1 0 2502.98 0.881 0.083 0.283
609 114 115 1 1 0 1505.96 0.506 0.060 0.171
610 115 114 1 1 0 1505.96 0.506 0.060 0.171
611 114 136 1 1 0 2502.98 0.881 0.071 0.274
612 136 114 1 1 0 2502.98 0.881 0.071 0.274
613 115 116 1 1 0 1505.96 0.506 0.071 0.180
614 116 115 1 1 0 1505.96 0.506 0.071 0.180
615 115 136 1 1 0 1999.10 0.691 0.083 0.235
616 136 115 1 1 0 1999.10 0.691 0.083 0.235
617 115 137 1 1 0 2502.98 0.881 0.060 0.265
618 137 115 1 1 0 2502.98 0.881 0.060 0.265
619 116 117 1 1 0 1505.96 0.506 0.083 0.189
620 117 116 1 1 0 1505.96 0.506 0.083 0.189
621 116 136 1 1 0 2502.98 0.881 0.083 0.283
622 136 116 1 1 0 2502.98 0.881 0.083 0.283
623 116 137 1 1 0 1999.10 0.691 0.060 0.217
624 137 116 1 1 0 1999.10 0.691 0.060 0.217
625 116 138 1 1 0 2502.98 0.881 0.083 0.283
626 138 116 1 1 0 2502.98 0.881 0.083 0.283
627 117 137 1 1 0 2502.98 0.881 0.071 0.274
628 137 117 1 1 0 2502.98 0.881 0.071 0.274
629 117 138 1 1 0 1999.10 0.691 0.095 0.244
630 138 117 1 1 0 1999.10 0.691 0.095 0.244
631 130 131 1 1 0 1506.37 0.506 0.083 0.189
632 131 130 1 1 0 1506.37 0.506 0.083 0.189
633 130 150 1 1 0 2503.23 0.881 0.060 0.265
634 150 130 1 1 0 2503.23 0.881 0.060 0.265
635 130 151 1 1 0 1999.09 0.691 0.060 0.217
636 151 130 1 1 0 1999.09 0.691 0.060 0.217
637 130 152 1 1 0 2503.23 0.881 0.071 0.274
638 152 130 1 1 0 2503.23 0.881 0.071 0.274
639 131 132 1 1 0 1506.37 0.506 0.083 0.189
640 132 131 1 1 0 1506.37 0.506 0.083 0.189
641 131 151 1 1 0 2503.23 0.881 0.071 0.274
642 151 131 1 1 0 2503.23 0.881 0.071 0.274
643 131 152 1 1 0 1999.09 0.691 0.083 0.235
644 152 131 1 1 0 1999.09 0.691 0.083 0.235
645 131 153 1 1 0 2503.23 0.881 0.071 0.274
646 153 131 1 1 0 2503.23 0.881 0.071 0.274
647 132 152 1 1 0 2503.23 0.881 0.071 0.274
648 152 132 1 1 0 2503.23 0.881 0.071 0.274
649 132 153 1 1 0 1999.09 0.691 0.060 0.217
650 153 132 1 1 0 1999.09 0.691 0.060 0.217
651 136 137 1 1 0 1506.37 0.506 0.071 0.180
652 137 136 1 1 0 1506.37 0.506 0.071 0.180
653 137 138 1 1 0 1506.37 0.506 0.071 0.180
654 138 137 1 1 0 1506.37 0.506 0.071 0.180
655 137 159 1 1 0 2503.23 0.881 0.060 0.265
656 159 137 1 1 0 2503.23 0.881 0.060 0.265
657 138 159 1 1 0 1999.09 0.691 0.083 0.235
658 159 138 1 1 0 1999.09 0.691 0.083 0.235
659 140 160 1 1 0 2503.47 0.881 0.857 0.863
660 160 140 1 1 0 2503.47 0.881 0.857 0.863
661 140 161 1 1 0 1999.08 0.691 0.869 0.825
662 161 140 1 1 0 1999.08 0.691 0.869 0.825
663 140 162 1 1 0 2503.47 0.881 0.845 0.854
664 162 140 1 1 0 2503.47 0.881 0.845 0.854
665 142 162 1 1 0 2503.47 0.881 0.833 0.845
666 162 142 1 1 0 2503.47 0.881 0.833 0.845
667 142 163 1 1 0 1999.08 0.691 0.976 0.905
668 163 142 1 1 0 1999.08 0.691 0.976 0.905
669 142 164 1 1 0 2503.47 0.881 0.964 0.943
670 164 142 1 1 0 2503.47 0.881 0.964 0.943
671 145 165 1 1 0 2503.47 0.881 0.976 0.952
672 165 145 1 1 0 2503.47 0.881 0.976 0.952
673 150 151 1 1 0 1506.79 0.506 0.048 0.162
674 151 150 1 1 0 1506.79 0.506 0.048 0.162
675 150 171 1 1 0 1999.08 0.691 0.048 0.209
676 171 150 1 1 0 1999.08 0.691 0.048 0.209
677 151 152 1 1 0 1506.79 0.506 0.060 0.171
678 152 151 1 1 0 1506.79 0.506 0.060 0.171
679 151 171 1 1 0 2503.47 0.881 0.048 0.256
680 171 151 1 1 0 2503.47 0.881 0.048 0.256
681 152 153 1 1 0 1506.79 0.506 0.060 0.171
682 153 152 1 1 0 1506.79 0.506 0.060 0.171
683 159 179 1 1 0 2503.47 0.881 0.071 0.274
684 179 159 1 1 0 2503.47 0.881 0.071 0.274
685 159 180 1 1 0 1999.08 0.691 0.083 0.235
686 180 159 1 1 0 1999.08 0.691 0.083 0.235
687 160 161 1 1 0 1507.20 0.507 0.702 0.653
688 161 160 1 1 0 1507.20 0.507 0.702 0.653
689 160 181 1 1 0 1999.08 0.691 0.726 0.717
690 181 160 1 1 0 1999.08 0.691 0.726 0.717
691 160 182 1 1 0 2503.71 0.881 0.762 0.792
692 182 160 1 1 0 2503.71 0.881 0.762 0.792
693 161 162 1 1 0 1507.20 0.507 0.690 0.644
694 162 161 1 1 0 1507.20 0.507 0.690 0.644
695 161 181 1 1 0 2503.71 0.881 0.738 0.774
696 181 161 1 1 0 2503.71 0.881 0.738 0.774
697 161 182 1 1 0 1999.08 0.691 0.774 0.753
698 182 161 1 1 0 1999.08 0.691 0.774 0.753
699 161 183 1 1 0 2503.71 0.881 0.774 0.801
700 183 161 1 1 0 2503.71 0.881 0.774 0.801
701 162 163 1 1 0 1507.20 0.507 0.810 0.734
702 163 162 1 1 0 1507.20 0.507 0.810 0.734
703 162 182 1 1 0 2503.71 0.881 0.750 0.783
704 182 162 1 1 0 2503.71 0.881 0.750 0.783
705 162 183 1 1 0 1999.08 0.691 0.750 0.735
706 183 162 1 1 0 1999.08 0.691 0.750 0.735
707 162 184 1 1 0 2503.71 0.881 0.643 0.702
708 184 162 1 1 0 2503.71 0.881 0.643 0.702
709 163 164 1 1 0 1507.20 0.507 0.940 0.832
710 164 163 1 1 0 1507.20 0.507 0.940 0.832
711 163 183 1 1 0 2503.71 0.881 0.893 0.890
712 183 163 1 1 0 2503.71 0.881 0.893 0.890
713 163 184 1 1 0 1999.08 0.691 0.786 0.762
714 184 163 1 1 0 1999.08 0.691 0.786 0.762
715 163 185 1 1 0 2503.71 0.881 0.929 0.917
716 185 163 1 1 0 2503.71 0.881 0.929 0.917
717 164 165 1 1 0 1507.20 0.507 0.929 0.823
718 165 164 1 1 0 1507.20 0.507 0.929 0.823
719 164 184 1 1 0 2503.71 0.881 0.774 0.801
720 184 164 1 1 0 2503.71 0.881 0.774 0.801
721 164 185 1 1 0 1999.08 0.691 0.917 0.860
722 185 164 1 1 0 1999.08 0.691 0.917 0.860
723 165 185 1 1 0 2503.71 0.881 0.917 0.908
724 185 165 1 1 0 2503.71 0.881 0.917 0.908
725 171 191 1 1 0 2503.71 0.881 0.048 0.256
726 191 171 1 1 0 2503.71 0.881 0.048 0.256
727 171 192 1 1 0 1999.08 0.691 0.155 0.289
728 192 171 1 1 0 1999.08 0.691 0.155 0.289
729 171 193 1 1 0 2503.71 0.881 0.071 0.274
730 193 171 1 1 0 2503.71 0.881 0.071 0.274
731 179 180 1 1 0 1507.20 0.507 0.083 0.189
732 180 179 1 1 0 1507.20 0.507 0.083 0.189
733 179 201 1 1 0 2503.71 0.881 0.071 0.274
734 201 179 1 1 0 2503.71 0.881 0.071 0.274
735 180 201 1 1 0 1999.08 0.691 0.083 0.235
736 201 180 1 1 0 1999.08 0.691 0.083 0.235
737 181 182 1 1 0 1507.61 0.507 0.798 0.725
738 182 181 1 1 0 1507.61 0.507 0.798 0.725
739 181 202 1 1 0 1999.07 0.691 0.464 0.521
740 202 181 1 1 0 1999.07 0.691 0.464 0.521
741 181 203 1 1 0 2503.96 0.881 0.488 0.586
742 203 181 1 1 0 2503.96 0.881 0.488 0.586
743 182 183 1 1 0 1507.61 0.507 0.833 0.752
744 183 182 1 1 0 1507.61 0.507 0.833 0.752
745 182 202 1 1 0 2503.96 0.881 0.500 0.595
746 202 182 1 1 0 2503.96 0.881 0.500 0.595
747 182 203 1 1 0 1999.07 0.691 0.524 0.566
748 203 182 1 1 0 1999.07 0.691 0.524 0.566
749 183 184 1 1 0 1507.61 0.507 0.726 0.671
750 184 183 1 1 0 1507.61 0.507 0.726 0.671
751 183 203 1 1 0 2503.96 0.881 0.524 0.613
752 203 183 1 1 0 2503.96 0.881 0.524 0.613
753 184 185 1 1 0 1507.61 0.507 0.762 0.698
754 185 184 1 1 0 1507.61 0.507 0.762 0.698
755 184 206 1 1 0 2503.96 0.881 0.810 0.827
756 206 184 1 1 0 2503.96 0.881 0.810 0.827
757 185 206 1 1 0 1999.07 0.691 0.952 0.887
758 206 185 1 1 0 1999.07 0.691 0.952 0.887
759 190 191 1 1 0 1507.61 0.507 0.060 0.171
760 191 190 1 1 0 1507.61 0.507 0.060 0.171
761 190 211 1 1 0 1999.07 0.691 0.071 0.226
762 211 190 1 1 0 1999.07 0.691 0.071 0.226
763 190 212 1 1 0 2503.96 0.881 0.167 0.345
764 212 190 1 1 0 2503.96 0.881 0.167 0.345
765 191 192 1 1 0 1507.61 0.507 0.155 0.243
766 192 191 1 1 0 1507.61 0.507 0.155 0.243
767 191 211 1 1 0 2503.96 0.881 0.060 0.265
768 211 191 1 1 0 2503.96 0.881 0.060 0.265
769 191 212 1 1 0 1999.07 0.691 0.155 0.289
770 212 191 1 1 0 1999.07 0.691 0.155 0.289
771 192 193 1 1 0 1507.61 0.507 0.179 0.261
772 193 192 1 1 0 1507.61 0.507 0.179 0.261
773 192 212 1 1 0 2503.96 0.881 0.262 0.417
774 212 192 1 1 0 2503.96 0.881 0.262 0.417
775 192 214 1 1 0 2503.96 0.881 0.274 0.426
776 214 192 1 1 0 2503.96 0.881 0.274 0.426
777 193 194 1 1 0 1507.61 0.507 0.083 0.189
778 194 193 1 1 0 1507.61 0.507 0.083 0.189
779 193 214 1 1 0 1999.07 0.691 0.190 0.316
780 214 193 1 1 0 1999.07 0.691 0.190 0.316
781 193 215 1 1 0 2503.96 0.881 0.131 0.318
782 215 193 1 1 0 2503.96 0.881 0.131 0.318
783 194 214 1 1 0 2503.96 0.881 0.179 0.354
784 214 194 1 1 0 2503.96 0.881 0.179 0.354
785 194 215 1 1 0 1999.07 0.691 0.119 0.262
786 215 194 1 1 0 1999.07 0.691 0.119 0.262
787 202 203 1 1 0 1508.03 0.507 0.190 0.270
788 203 202 1 1 0 1508.03 0.507 0.190 0.270
789 202 223 1 1 0 1999.06 0.691 0.214 0.334
790 223 202 1 1 0 1999.06 0.691 0.214 0.334
791 203 223 1 1 0 2504.20 0.881 0.238 0.399
792 223 203 1 1 0 2504.20 0.881 0.238 0.399
793 211 212 1 1 0 1508.03 0.507 0.167 0.252
794 212 211 1 1 0 1508.03 0.507 0.167 0.252
795 211 233 1 1 0 2504.20 0.881 0.143 0.327
796 233 211 1 1 0 2504.20 0.881 0.143 0.327
797 212 233 1 1 0 1999.06 0.691 0.238 0.351
798 233 212 1 1 0 1999.06 0.691 0.238 0.351
799 214 215 1 1 0 1508.03 0.507 0.226 0.296
800 215 214 1 1 0 1508.03 0.507 0.226 0.296
801 214 236 1 1 0 2504.20 0.881 0.286 0.435
802 236 214 1 1 0 2504.20 0.881 0.286 0.435
803 215 236 1 1 0 1999.06 0.691 0.226 0.342
804 236 215 1 1 0 1999.06 0.691 0.226 0.342
805 215 237 1 1 0 2504.20 0.881 0.214 0.381
806 237 215 1 1 0 2504.20 0.881 0.214 0.381
807 217 237 1 1 0 2504.20 0.881 0.214 0.381
808 237 217 1 1 0 2504.20 0.881 0.214 0.381
809 217 238 1 1 0 1999.06 0.691 0.190 0.316
810 238 217 1 1 0 1999.06 0.691 0.190 0.316
811 217 239 1 1 0 2504.20 0.881 0.214 0.381
812 239 217 1 1 0 2504.20 0.881 0.214 0.381
813 223 245 1 1 0 1999.06 0.691 0.250 0.360
814 245 223 1 1 0 1999.06 0.691 0.250 0.360
815 223 246 1 1 0 2504.45 0.881 0.214 0.381
816 246 223 1 1 0 2504.45 0.881 0.214 0.381
817 236 237 1 1 0 1508.44 0.507 0.274 0.332
818 237 236 1 1 0 1508.44 0.507 0.274 0.332
819 236 258 1 1 0 1999.06 0.691 0.274 0.378
820 258 236 1 1 0 1999.06 0.691 0.274 0.378
821 236 259 1 1 0 2504.45 0.881 0.250 0.408
822 259 236 1 1 0 2504.45 0.881 0.250 0.408
823 237 238 1 1 0 1508.44 0.507 0.238 0.305
824 238 237 1 1 0 1508.44 0.507 0.238 0.305
825 237 258 1 1 0 2504.45 0.881 0.262 0.417
826 258 237 1 1 0 2504.45 0.881 0.262 0.417
827 237 259 1 1 0 1999.06 0.691 0.238 0.351
828 259 237 1 1 0 1999.06 0.691 0.238 0.351
829 237 260 1 1 0 2504.45 0.881 0.214 0.381
830 260 237 1 1 0 2504.45 0.881 0.214 0.381
831 238 239 1 1 0 1508.44 0.507 0.238 0.305
832 239 238 1 1 0 1508.44 0.507 0.238 0.305
833 238 259 1 1 0 2504.45 0.881 0.214 0.381
834 259 238 1 1 0 2504.45 0.881 0.214 0.381
835 238 260 1 1 0 1999.06 0.691 0.190 0.316
836 260 238 1 1 0 1999.06 0.691 0.190 0.316
837 238 261 1 1 0 2504.45 0.881 0.250 0.408
838 261 238 1 1 0 2504.45 0.881 0.250 0.408
839 239 240 1 1 0 1508.44 0.507 0.238 0.305
840 240 239 1 1 0 1508.44 0.507 0.238 0.305
841 239 260 1 1 0 2504.45 0.881 0.214 0.381
842 260 239 1 1 0 2504.45 0.881 0.214 0.381
843 239 261 1 1 0 1999.06 0.691 0.274 0.378
844 261 239 1 1 0 1999.06 0.691 0.274 0.378
845 239 262 1 1 0 2504.45 0.881 0.274 0.426
846 262 239 1 1 0 2504.45 0.881 0.274 0.426
847 240 241 1 1 0 1508.44 0.507 0.250 0.314
848 241 240 1 1 0 1508.44 0.507 0.250 0.314
849 240 261 1 1 0 2504.45 0.881 0.250 0.408
850 261 240 1 1 0 2504.45 0.881 0.250 0.408
851 240 262 1 1 0 1999.06 0.691 0.250 0.360
852 262 240 1 1 0 1999.06 0.691 0.250 0.360
853 240 263 1 1 0 2504.45 0.881 0.202 0.372
854 263 240 1 1 0 2504.45 0.881 0.202 0.372
855 241 242 1 1 0 1508.44 0.507 0.238 0.305
856 242 241 1 1 0 1508.44 0.507 0.238 0.305
857 241 262 1 1 0 2504.45 0.881 0.286 0.435
858 262 241 1 1 0 2504.45 0.881 0.286 0.435
859 241 263 1 1 0 1999.06 0.691 0.238 0.351
860 263 241 1 1 0 1999.06 0.691 0.238 0.351
861 241 264 1 1 0 2504.45 0.881 0.190 0.363
862 264 241 1 1 0 2504.45 0.881 0.190 0.363
863 242 243 1 1 0 1508.44 0.507 0.131 0.225
864 243 242 1 1 0 1508.44 0.507 0.131 0.225
865 242 263 1 1 0 2504.45 0.881 0.190 0.363
866 263 242 1 1 0 2504.45 0.881 0.190 0.363
867 242 264 1 1 0 1999.06 0.691 0.143 0.280
868 264 242 1 1 0 1999.06 0.691 0.143 0.280
869 242 265 1 1 0 2504.45 0.881 0.143 0.327
870 265 242 1 1 0 2504.45 0.881 0.143 0.327
871 243 264 1 1 0 2504.45 0.881 0.083 0.283
872 264 243 1 1 0 2504.45 0.881 0.083 0.283
873 243 265 1 1 0 1999.06 0.691 0.083 0.235
874 265 243 1 1 0 1999.06 0.691 0.083 0.235
875 243 266 1 1 0 2504.45 0.881 0.071 0.274
876 266 243 1 1 0 2504.45 0.881 0.071 0.274
877 245 246 1 1 0 1508.86 0.507 0.202 0.279
878 246 245 1 1 0 1508.86 0.507 0.202 0.279
879 245 267 1 1 0 2504.69 0.881 0.250 0.408
880 267 245 1 1 0 2504.69 0.881 0.250 0.408
881 246 247 1 1 0 1508.86 0.507 0.190 0.270
882 247 246 1 1 0 1508.86 0.507 0.190 0.270
883 246 267 1 1 0 1999.05 0.691 0.214 0.334
884 267 246 1 1 0 1999.05 0.691 0.214 0.334
885 246 268 1 1 0 2504.69 0.881 0.179 0.354
886 268 246 1 1 0 2504.69 0.881 0.179 0.354
887 247 248 1 1 0 1508.86 0.507 0.226 0.296
888 248 247 1 1 0 1508.86 0.507 0.226 0.296
889 247 267 1 1 0 2504.69 0.881 0.238 0.399
890 267 247 1 1 0 2504.69 0.881 0.238 0.399
891 247 268 1 1 0 1999.05 0.691 0.202 0.325
892 268 247 1 1 0 1999.05 0.691 0.202 0.325
893 247 269 1 1 0 2504.69 0.881 0.179 0.354
894 269 247 1 1 0 2504.69 0.881 0.179 0.354
895 248 249 1 1 0 1508.86 0.507 0.250 0.314
896 249 248 1 1 0 1508.86 0.507 0.250 0.314
897 248 268 1 1 0 2504.69 0.881 0.214 0.381
898 268 248 1 1 0 2504.69 0.881 0.214 0.381
899 248 269 1 1 0 1999.05 0.691 0.190 0.316
900 269 248 1 1 0 1999.05 0.691 0.190 0.316
901 248 270 1 1 0 2504.69 0.881 0.202 0.372
902 270 248 1 1 0 2504.69 0.881 0.202 0.372
903 249 250 1 1 0 1508.86 0.507 0.226 0.296
904 250 249 1 1 0 1508.86 0.507 0.226 0.296
905 249 269 1 1 0 2504.69 0.881 0.202 0.372
906 269 249 1 1 0 2504.69 0.881 0.202 0.372
907 249 270 1 1 0 1999.05 0.691 0.214 0.334
908 270 249 1 1 0 1999.05 0.691 0.214 0.334
909 249 271 1 1 0 2504.69 0.881 0.226 0.390
910 271 249 1 1 0 2504.69 0.881 0.226 0.390
911 250 270 1 1 0 2504.69 0.881 0.179 0.354
912 270 250 1 1 0 2504.69 0.881 0.179 0.354
913 250 271 1 1 0 1999.05 0.691 0.190 0.316
914 271 250 1 1 0 1999.05 0.691 0.190 0.316
915 258 259 1 1 0 1508.86 0.507 0.238 0.305
916 259 258 1 1 0 1508.86 0.507 0.238 0.305
917 258 278 1 1 0 2504.69 0.881 0.238 0.399
918 278 258 1 1 0 2504.69 0.881 0.238 0.399
919 258 280 1 1 0 2504.69 0.881 0.262 0.417
920 280 258 1 1 0 2504.69 0.881 0.262 0.417
921 259 260 1 1 0 1508.86 0.507 0.190 0.270
922 260 259 1 1 0 1508.86 0.507 0.190 0.270
923 259 280 1 1 0 1999.05 0.691 0.238 0.351
924 280 259 1 1 0 1999.05 0.691 0.238 0.351
925 259 281 1 1 0 2504.69 0.881 0.250 0.408
926 281 259 1 1 0 2504.69 0.881 0.250 0.408
927 260 261 1 1 0 1508.86 0.507 0.226 0.296
928 261 260 1 1 0 1508.86 0.507 0.226 0.296
929 260 280 1 1 0 2504.69 0.881 0.214 0.381
930 280 260 1 1 0 2504.69 0.881 0.214 0.381
931 260 281 1 1 0 1999.05 0.691 0.226 0.342
932 281 260 1 1 0 1999.05 0.691 0.226 0.342
933 260 282 1 1 0 2504.69 0.881 0.190 0.363
934 282 260 1 1 0 2504.69 0.881 0.190 0.363
935 261 262 1 1 0 1508.86 0.507 0.286 0.341
936 262 261 1 1 0 1508.86 0.507 0.286 0.341
937 261 281 1 1 0 2504.69 0.881 0.286 0.435
938 281 261 1 1 0 2504.69 0.881 0.286 0.435
939 261 282 1 1 0 1999.05 0.691 0.250 0.360
940 282 261 1 1 0 1999.05 0.691 0.250 0.360
941 261 283 1 1 0 2504.69 0.881 0.226 0.390
942 283 261 1 1 0 2504.69 0.881 0.226 0.390
943 262 263 1 1 0 1508.86 0.507 0.238 0.305
944 263 262 1 1 0 1508.86 0.507 0.238 0.305
945 262 282 1 1 0 2504.69 0.881 0.250 0.408
946 282 262 1 1 0 2504.69 0.881 0.250 0.408
947 262 283 1 1 0 1999.05 0.691 0.226 0.342
948 283 262 1 1 0 1999.05 0.691 0.226 0.342
949 262 284 1 1 0 2504.69 0.881 0.250 0.408
950 284 262 1 1 0 2504.69 0.881 0.250 0.408
951 263 264 1 1 0 1508.86 0.507 0.143 0.234
952 264 263 1 1 0 1508.86 0.507 0.143 0.234
953 263 283 1 1 0 2504.69 0.881 0.179 0.354
954 283 263 1 1 0 2504.69 0.881 0.179 0.354
955 263 284 1 1 0 1999.05 0.691 0.202 0.325
956 284 263 1 1 0 1999.05 0.691 0.202 0.325
957 263 285 1 1 0 2504.69 0.881 0.119 0.310
958 285 263 1 1 0 2504.69 0.881 0.119 0.310
959 264 265 1 1 0 1508.86 0.507 0.095 0.198
960 265 264 1 1 0 1508.86 0.507 0.095 0.198
961 264 284 1 1 0 2504.69 0.881 0.155 0.336
962 284 264 1 1 0 2504.69 0.881 0.155 0.336
963 264 285 1 1 0 1999.05 0.691 0.071 0.226
964 285 264 1 1 0 1999.05 0.691 0.071 0.226
965 264 286 1 1 0 2504.69 0.881 0.071 0.274
966 286 264 1 1 0 2504.69 0.881 0.071 0.274
967 265 266 1 1 0 1508.86 0.507 0.083 0.189
968 266 265 1 1 0 1508.86 0.507 0.083 0.189
969 265 285 1 1 0 2504.69 0.881 0.071 0.274
970 285 265 1 1 0 2504.69 0.881 0.071 0.274
971 265 286 1 1 0 1999.05 0.691 0.071 0.226
972 286 265 1 1 0 1999.05 0.691 0.071 0.226
973 265 287 1 1 0 2504.69 0.881 0.083 0.283
974 287 265 1 1 0 2504.69 0.881 0.083 0.283
975 266 286 1 1 0 2504.69 0.881 0.060 0.265
976 286 266 1 1 0 2504.69 0.881 0.060 0.265
977 266 287 1 1 0 1999.05 0.691 0.071 0.226
978 287 266 1 1 0 1999.05 0.691 0.071 0.226
979 267 268 1 1 0 1509.27 0.507 0.226 0.296
980 268 267 1 1 0 1509.27 0.507 0.226 0.296
981 267 288 1 1 0 1999.05 0.691 0.262 0.369
982 288 267 1 1 0 1999.05 0.691 0.262 0.369
983 267 289 1 1 0 2504.94 0.881 0.238 0.399
984 289 267 1 1 0 2504.94 0.881 0.238 0.399
985 268 269 1 1 0 1509.27 0.507 0.167 0.252
986 269 268 1 1 0 1509.27 0.507 0.167 0.252
987 268 288 1 1 0 2504.94 0.881 0.226 0.390
988 288 268 1 1 0 2504.94 0.881 0.226 0.390
989 268 289 1 1 0 1999.05 0.691 0.202 0.325
990 289 268 1 1 0 1999.05 0.691 0.202 0.325
991 268 290 1 1 0 2504.94 0.881 0.226 0.390
992 290 268 1 1 0 2504.94 0.881 0.226 0.390
993 269 270 1 1 0 1509.27 0.507 0.155 0.243
994 270 269 1 1 0 1509.27 0.507 0.155 0.243
995 269 289 1 1 0 2504.94 0.881 0.179 0.354
996 289 269 1 1 0 2504.94 0.881 0.179 0.354
997 269 290 1 1 0 1999.05 0.691 0.202 0.325
998 290 269 1 1 0 1999.05 0.691 0.202 0.325
999 269 291 1 1 0 2504.94 0.881 0.155 0.336
1000 291 269 1 1 0 2504.94 0.881 0.155 0.336
1001 270 271 1 1 0 1509.27 0.507 0.179 0.261
1002 271 270 1 1 0 1509.27 0.507 0.179 0.261
1003 270 290 1 1 0 2504.94 0.881 0.214 0.381
1004 290 270 1 1 0 2504.94 0.881 0.214 0.381
1005 270 291 1 1 0 1999.05 0.691 0.167 0.298
1006 291 270 1 1 0 1999.05 0.691 0.167 0.298
1007 270 292 1 1 0 2504.94 0.881 0.214 0.381
1008 292 270 1 1 0 2504.94 0.881 0.214 0.381
1009 271 291 1 1 0 2504.94 0.881 0.179 0.354
1010 291 271 1 1 0 2504.94 0.881 0.179 0.354
1011 271 292 1 1 0 1999.05 0.691 0.226 0.342
1012 292 271 1 1 0 1999.05 0.691 0.226 0.342
1013 273 295 1 1 0 2504.94 0.881 0.226 0.390
1014 295 273 1 1 0 2504.94 0.881 0.226 0.390
1015 275 276 1 1 0 1509.27 0.507 0.262 0.323
1016 276 275 1 1 0 1509.27 0.507 0.262 0.323
1017 275 295 1 1 0 2504.94 0.881 0.238 0.399
1018 295 275 1 1 0 2504.94 0.881 0.238 0.399
1019 275 296 1 1 0 1999.05 0.691 0.250 0.360
1020 296 275 1 1 0 1999.05 0.691 0.250 0.360
1021 275 297 1 1 0 2504.94 0.881 0.262 0.417
1022 297 275 1 1 0 2504.94 0.881 0.262 0.417
1023 276 277 1 1 0 1509.27 0.507 0.226 0.296
1024 277 276 1 1 0 1509.27 0.507 0.226 0.296
1025 276 296 1 1 0 2504.94 0.881 0.226 0.390
1026 296 276 1 1 0 2504.94 0.881 0.226 0.390
1027 276 297 1 1 0 1999.05 0.691 0.238 0.351
1028 297 276 1 1 0 1999.05 0.691 0.238 0.351
1029 276 298 1 1 0 2504.94 0.881 0.262 0.417
1030 298 276 1 1 0 2504.94 0.881 0.262 0.417
1031 277 278 1 1 0 1509.27 0.507 0.214 0.288
1032 278 277 1 1 0 1509.27 0.507 0.214 0.288
1033 277 297 1 1 0 2504.94 0.881 0.226 0.390
1034 297 277 1 1 0 2504.94 0.881 0.226 0.390
1035 277 298 1 1 0 1999.05 0.691 0.250 0.360
1036 298 277 1 1 0 1999.05 0.691 0.250 0.360
1037 277 299 1 1 0 2504.94 0.881 0.190 0.363
1038 299 277 1 1 0 2504.94 0.881 0.190 0.363
1039 278 298 1 1 0 2504.94 0.881 0.250 0.408
1040 298 278 1 1 0 2504.94 0.881 0.250 0.408
1041 278 299 1 1 0 1999.05 0.691 0.190 0.316
1042 299 278 1 1 0 1999.05 0.691 0.190 0.316
1043 278 300 1 1 0 2504.94 0.881 0.226 0.390
1044 300 278 1 1 0 2504.94 0.881 0.226 0.390
1045 280 281 1 1 0 1509.27 0.507 0.274 0.332
1046 281 280 1 1 0 1509.27 0.507 0.274 0.332
1047 280 300 1 1 0 2504.94 0.881 0.250 0.408
1048 300 280 1 1 0 2504.94 0.881 0.250 0.408
1049 280 301 1 1 0 1999.05 0.691 0.238 0.351
1050 301 280 1 1 0 1999.05 0.691 0.238 0.351
1051 280 302 1 1 0 2504.94 0.881 0.226 0.390
1052 302 280 1 1 0 2504.94 0.881 0.226 0.390
1053 281 282 1 1 0 1509.27 0.507 0.250 0.314
1054 282 281 1 1 0 1509.27 0.507 0.250 0.314
1055 281 301 1 1 0 2504.94 0.881 0.250 0.408
1056 301 281 1 1 0 2504.94 0.881 0.250 0.408
1057 281 302 1 1 0 1999.05 0.691 0.238 0.351
1058 302 281 1 1 0 1999.05 0.691 0.238 0.351
1059 281 303 1 1 0 2504.94 0.881 0.226 0.390
1060 303 281 1 1 0 2504.94 0.881 0.226 0.390
1061 282 283 1 1 0 1509.27 0.507 0.190 0.270
1062 283 282 1 1 0 1509.27 0.507 0.190 0.270
1063 282 302 1 1 0 2504.94 0.881 0.202 0.372
1064 302 282 1 1 0 2504.94 0.881 0.202 0.372
1065 282 303 1 1 0 1999.05 0.691 0.190 0.316
1066 303 282 1 1 0 1999.05 0.691 0.190 0.316
1067 282 304 1 1 0 2504.94 0.881 0.226 0.390
1068 304 282 1 1 0 2504.94 0.881 0.226 0.390
1069 283 284 1 1 0 1509.27 0.507 0.190 0.270
1070 284 283 1 1 0 1509.27 0.507 0.190 0.270
1071 283 303 1 1 0 2504.94 0.881 0.167 0.345
1072 303 283 1 1 0 2504.94 0.881 0.167 0.345
1073 283 304 1 1 0 1999.05 0.691 0.202 0.325
1074 304 283 1 1 0 1999.05 0.691 0.202 0.325
1075 283 305 1 1 0 2504.94 0.881 0.202 0.372
1076 305 283 1 1 0 2504.94 0.881 0.202 0.372
1077 284 285 1 1 0 1509.27 0.507 0.131 0.225
1078 285 284 1 1 0 1509.27 0.507 0.131 0.225
1079 284 304 1 1 0 2504.94 0.881 0.226 0.390
1080 304 284 1 1 0 2504.94 0.881 0.226 0.390
1081 284 305 1 1 0 1999.05 0.691 0.226 0.342
1082 305 284 1 1 0 1999.05 0.691 0.226 0.342
1083 284 306 1 1 0 2504.94 0.881 0.143 0.327
1084 306 284 1 1 0 2504.94 0.881 0.143 0.327
1085 285 286 1 1 0 1509.27 0.507 0.048 0.163
1086 286 285 1 1 0 1509.27 0.507 0.048 0.163
1087 285 305 1 1 0 2504.94 0.881 0.143 0.327
1088 305 285 1 1 0 2504.94 0.881 0.143 0.327
1089 285 306 1 1 0 1999.05 0.691 0.060 0.217
1090 306 285 1 1 0 1999.05 0.691 0.060 0.217
1091 285 307 1 1 0 2504.94 0.881 0.131 0.319
1092 307 285 1 1 0 2504.94 0.881 0.131 0.319
1093 286 287 1 1 0 1509.27 0.507 0.060 0.171
1094 287 286 1 1 0 1509.27 0.507 0.060 0.171
1095 286 306 1 1 0 2504.94 0.881 0.060 0.265
1096 306 286 1 1 0 2504.94 0.881 0.060 0.265
1097 286 307 1 1 0 1999.05 0.691 0.131 0.271
1098 307 286 1 1 0 1999.05 0.691 0.131 0.271
1099 286 308 1 1 0 2504.94 0.881 0.060 0.265
1100 308 286 1 1 0 2504.94 0.881 0.060 0.265
1101 287 307 1 1 0 2504.94 0.881 0.143 0.327
1102 307 287 1 1 0 2504.94 0.881 0.143 0.327
1103 287 308 1 1 0 1999.05 0.691 0.071 0.226
1104 308 287 1 1 0 1999.05 0.691 0.071 0.226
1105 288 289 1 1 0 1509.69 0.507 0.238 0.305
1106 289 288 1 1 0 1509.69 0.507 0.238 0.305
1107 288 309 1 1 0 1999.04 0.691 0.214 0.334
1108 309 288 1 1 0 1999.04 0.691 0.214 0.334
1109 288 310 1 1 0 2505.18 0.881 0.262 0.417
1110 310 288 1 1 0 2505.18 0.881 0.262 0.417
1111 289 290 1 1 0 1509.69 0.507 0.238 0.305
1112 290 289 1 1 0 1509.69 0.507 0.238 0.305
1113 289 309 1 1 0 2505.18 0.881 0.190 0.363
1114 309 289 1 1 0 2505.18 0.881 0.190 0.363
1115 289 310 1 1 0 1999.04 0.691 0.238 0.351
1116 310 289 1 1 0 1999.04 0.691 0.238 0.351
1117 289 311 1 1 0 2505.18 0.881 0.226 0.390
1118 311 289 1 1 0 2505.18 0.881 0.226 0.390
1119 290 291 1 1 0 1509.69 0.507 0.214 0.288
1120 291 290 1 1 0 1509.69 0.507 0.214 0.288
1121 290 310 1 1 0 2505.18 0.881 0.262 0.417
1122 310 290 1 1 0 2505.18 0.881 0.262 0.417
1123 290 311 1 1 0 1999.04 0.691 0.250 0.360
1124 311 290 1 1 0 1999.04 0.691 0.250 0.360
1125 290 312 1 1 0 2505.18 0.881 0.262 0.417
1126 312 290 1 1 0 2505.18 0.881 0.262 0.417
1127 291 292 1 1 0 1509.69 0.507 0.214 0.288
1128 292 291 1 1 0 1509.69 0.507 0.214 0.288
1129 291 311 1 1 0 2505.18 0.881 0.202 0.372
1130 311 291 1 1 0 2505.18 0.881 0.202 0.372
1131 291 312 1 1 0 1999.04 0.691 0.214 0.334
1132 312 291 1 1 0 1999.04 0.691 0.214 0.334
1133 292 312 1 1 0 2505.18 0.881 0.262 0.417
1134 312 292 1 1 0 2505.18 0.881 0.262 0.417
1135 292 314 1 1 0 2505.18 0.881 0.262 0.417
1136 314 292 1 1 0 2505.18 0.881 0.262 0.417
1137 295 296 1 1 0 1509.69 0.507 0.202 0.279
1138 296 295 1 1 0 1509.69 0.507 0.202 0.279
1139 295 316 1 1 0 1999.04 0.691 0.167 0.298
1140 316 295 1 1 0 1999.04 0.691 0.167 0.298
1141 295 317 1 1 0 2505.18 0.881 0.238 0.399
1142 317 295 1 1 0 2505.18 0.881 0.238 0.399
1143 296 297 1 1 0 1509.69 0.507 0.226 0.297
1144 297 296 1 1 0 1509.69 0.507 0.226 0.297
1145 296 316 1 1 0 2505.18 0.881 0.179 0.354
1146 316 296 1 1 0 2505.18 0.881 0.179 0.354
1147 296 317 1 1 0 1999.04 0.691 0.250 0.360
1148 317 296 1 1 0 1999.04 0.691 0.250 0.360
1149 296 318 1 1 0 2505.18 0.881 0.214 0.381
1150 318 296 1 1 0 2505.18 0.881 0.214 0.381
1151 297 298 1 1 0 1509.69 0.507 0.262 0.323
1152 298 297 1 1 0 1509.69 0.507 0.262 0.323
1153 297 317 1 1 0 2505.18 0.881 0.262 0.417
1154 317 297 1 1 0 2505.18 0.881 0.262 0.417
1155 297 318 1 1 0 1999.04 0.691 0.226 0.342
1156 318 297 1 1 0 1999.04 0.691 0.226 0.342
1157 297 319 1 1 0 2505.18 0.881 0.226 0.390
1158 319 297 1 1 0 2505.18 0.881 0.226 0.390
1159 298 299 1 1 0 1509.69 0.507 0.226 0.297
1160 299 298 1 1 0 1509.69 0.507 0.226 0.297
1161 298 318 1 1 0 2505.18 0.881 0.250 0.408
1162 318 298 1 1 0 2505.18 0.881 0.250 0.408
1163 298 319 1 1 0 1999.04 0.691 0.250 0.360
1164 319 298 1 1 0 1999.04 0.691 0.250 0.360
1165 298 320 1 1 0 2505.18 0.881 0.274 0.426
1166 320 298 1 1 0 2505.18 0.881 0.274 0.426
1167 299 300 1 1 0 1509.69 0.507 0.202 0.279
1168 300 299 1 1 0 1509.69 0.507 0.202 0.279
1169 299 319 1 1 0 2505.18 0.881 0.190 0.363
1170 319 299 1 1 0 2505.18 0.881 0.190 0.363
1171 299 320 1 1 0 1999.04 0.691 0.214 0.334
1172 320 299 1 1 0 1999.04 0.691 0.214 0.334
1173 299 321 1 1 0 2505.18 0.881 0.226 0.390
1174 321 299 1 1 0 2505.18 0.881 0.226 0.390
1175 300 301 1 1 0 1509.69 0.507 0.226 0.297
1176 301 300 1 1 0 1509.69 0.507 0.226 0.297
1177 300 320 1 1 0 2505.18 0.881 0.250 0.408
1178 320 300 1 1 0 2505.18 0.881 0.250 0.408
1179 300 321 1 1 0 1999.04 0.691 0.262 0.369
1180 321 300 1 1 0 1999.04 0.691 0.262 0.369
1181 300 322 1 1 0 2505.18 0.881 0.202 0.372
1182 322 300 1 1 0 2505.18 0.881 0.202 0.372
1183 301 302 1 1 0 1509.69 0.507 0.202 0.279
1184 302 301 1 1 0 1509.69 0.507 0.202 0.279
1185 301 321 1 1 0 2505.18 0.881 0.250 0.408
1186 321 301 1 1 0 2505.18 0.881 0.250 0.408
1187 301 322 1 1 0 1999.04 0.691 0.190 0.316
1188 322 301 1 1 0 1999.04 0.691 0.190 0.316
1189 301 323 1 1 0 2505.18 0.881 0.190 0.363
1190 323 301 1 1 0 2505.18 0.881 0.190 0.363
1191 302 303 1 1 0 1509.69 0.507 0.179 0.261
1192 303 302 1 1 0 1509.69 0.507 0.179 0.261
1193 302 322 1 1 0 2505.18 0.881 0.179 0.354
1194 322 302 1 1 0 2505.18 0.881 0.179 0.354
1195 302 323 1 1 0 1999.04 0.691 0.179 0.307
1196 323 302 1 1 0 1999.04 0.691 0.179 0.307
1197 302 324 1 1 0 2505.18 0.881 0.214 0.381
1198 324 302 1 1 0 2505.18 0.881 0.214 0.381
1199 303 304 1 1 0 1509.69 0.507 0.202 0.279
1200 304 303 1 1 0 1509.69 0.507 0.202 0.279
1201 303 323 1 1 0 2505.18 0.881 0.167 0.345
1202 323 303 1 1 0 2505.18 0.881 0.167 0.345
1203 303 324 1 1 0 1999.04 0.691 0.202 0.325
1204 324 303 1 1 0 1999.04 0.691 0.202 0.325
1205 303 325 1 1 0 2505.18 0.881 0.226 0.390
1206 325 303 1 1 0 2505.18 0.881 0.226 0.390
1207 304 305 1 1 0 1509.69 0.507 0.238 0.305
1208 305 304 1 1 0 1509.69 0.507 0.238 0.305
1209 304 324 1 1 0 2505.18 0.881 0.238 0.399
1210 324 304 1 1 0 2505.18 0.881 0.238 0.399
1211 304 325 1 1 0 1999.04 0.691 0.262 0.369
1212 325 304 1 1 0 1999.04 0.691 0.262 0.369
1213 304 326 1 1 0 2505.18 0.881 0.238 0.399
1214 326 304 1 1 0 2505.18 0.881 0.238 0.399
1215 305 306 1 1 0 1509.69 0.507 0.155 0.243
1216 306 305 1 1 0 1509.69 0.507 0.155 0.243
1217 305 325 1 1 0 2505.18 0.881 0.262 0.417
1218 325 305 1 1 0 2505.18 0.881 0.262 0.417
1219 305 326 1 1 0 1999.04 0.691 0.238 0.351
1220 326 305 1 1 0 1999.04 0.691 0.238 0.351
1221 305 327 1 1 0 2505.18 0.881 0.250 0.408
1222 327 305 1 1 0 2505.18 0.881 0.250 0.408
1223 306 307 1 1 0 1509.69 0.507 0.143 0.234
1224 307 306 1 1 0 1509.69 0.507 0.143 0.234
1225 306 326 1 1 0 2505.18 0.881 0.155 0.336
1226 326 306 1 1 0 2505.18 0.881 0.155 0.336
1227 306 327 1 1 0 1999.04 0.691 0.167 0.298
1228 327 306 1 1 0 1999.04 0.691 0.167 0.298
1229 306 328 1 1 0 2505.18 0.881 0.131 0.319
1230 328 306 1 1 0 2505.18 0.881 0.131 0.319
1231 307 308 1 1 0 1509.69 0.507 0.143 0.234
1232 308 307 1 1 0 1509.69 0.507 0.143 0.234
1233 307 327 1 1 0 2505.18 0.881 0.238 0.399
1234 327 307 1 1 0 2505.18 0.881 0.238 0.399
1235 307 328 1 1 0 1999.04 0.691 0.202 0.325
1236 328 307 1 1 0 1999.04 0.691 0.202 0.325
1237 307 329 1 1 0 2505.18 0.881 0.131 0.319
1238 329 307 1 1 0 2505.18 0.881 0.131 0.319
1239 308 328 1 1 0 2505.18 0.881 0.131 0.319
1240 328 308 1 1 0 2505.18 0.881 0.131 0.319
1241 308 329 1 1 0 1999.04 0.691 0.060 0.217
1242 329 308 1 1 0 1999.04 0.691 0.060 0.217
1243 309 310 1 1 0 1510.10 0.508 0.214 0.288
1244 310 309 1 1 0 1510.10 0.508 0.214 0.288
1245 309 330 1 1 0 1999.03 0.691 0.179 0.307
1246 330 309 1 1 0 1999.03 0.691 0.179 0.307
1247 309 331 1 1 0 2505.43 0.881 0.214 0.381
1248 331 309 1 1 0 2505.43 0.881 0.214 0.381
1249 310 311 1 1 0 1510.10 0.508 0.250 0.314
1250 311 310 1 1 0 1510.10 0.508 0.250 0.314
1251 310 330 1 1 0 2505.43 0.881 0.226 0.390
1252 330 310 1 1 0 2505.43 0.881 0.226 0.390
1253 310 331 1 1 0 1999.03 0.691 0.262 0.369
1254 331 310 1 1 0 1999.03 0.691 0.262 0.369
1255 310 332 1 1 0 2505.43 0.881 0.274 0.426
1256 332 310 1 1 0 2505.43 0.881 0.274 0.426
1257 311 312 1 1 0 1510.10 0.508 0.250 0.314
1258 312 311 1 1 0 1510.10 0.508 0.250 0.314
1259 311 331 1 1 0 2505.43 0.881 0.250 0.408
1260 331 311 1 1 0 2505.43 0.881 0.250 0.408
1261 311 332 1 1 0 1999.03 0.691 0.262 0.369
1262 332 311 1 1 0 1999.03 0.691 0.262 0.369
1263 311 333 1 1 0 2505.43 0.881 0.214 0.381
1264 333 311 1 1 0 2505.43 0.881 0.214 0.381
1265 312 332 1 1 0 2505.43 0.881 0.274 0.426
1266 332 312 1 1 0 2505.43 0.881 0.274 0.426
1267 312 333 1 1 0 1999.03 0.691 0.226 0.342
1268 333 312 1 1 0 1999.03 0.691 0.226 0.342
1269 312 334 1 1 0 2505.43 0.881 0.214 0.381
1270 334 312 1 1 0 2505.43 0.881 0.214 0.381
1271 314 334 1 1 0 2505.43 0.881 0.214 0.381
1272 334 314 1 1 0 2505.43 0.881 0.214 0.381
1273 314 335 1 1 0 1999.03 0.691 0.250 0.360
1274 335 314 1 1 0 1999.03 0.691 0.250 0.360
1275 314 336 1 1 0 2505.43 0.881 0.274 0.426
1276 336 314 1 1 0 2505.43 0.881 0.274 0.426
1277 316 317 1 1 0 1510.10 0.508 0.214 0.288
1278 317 316 1 1 0 1510.10 0.508 0.214 0.288
1279 316 336 1 1 0 2505.43 0.881 0.214 0.381
1280 336 316 1 1 0 2505.43 0.881 0.214 0.381
1281 316 338 1 1 0 2505.43 0.881 0.179 0.354
1282 338 316 1 1 0 2505.43 0.881 0.179 0.354
1283 317 318 1 1 0 1510.10 0.508 0.250 0.314
1284 318 317 1 1 0 1510.10 0.508 0.250 0.314
1285 317 337 1 1 0 2505.43 0.881 0.226 0.390
1286 337 317 1 1 0 2505.43 0.881 0.226 0.390
1287 317 338 1 1 0 1999.03 0.691 0.250 0.360
1288 338 317 1 1 0 1999.03 0.691 0.250 0.360
1289 317 339 1 1 0 2505.43 0.881 0.286 0.435
1290 339 317 1 1 0 2505.43 0.881 0.286 0.435
1291 318 319 1 1 0 1510.10 0.508 0.214 0.288
1292 319 318 1 1 0 1510.10 0.508 0.214 0.288
1293 318 338 1 1 0 2505.43 0.881 0.214 0.381
1294 338 318 1 1 0 2505.43 0.881 0.214 0.381
1295 318 339 1 1 0 1999.03 0.691 0.250 0.360
1296 339 318 1 1 0 1999.03 0.691 0.250 0.360
1297 319 320 1 1 0 1510.10 0.508 0.238 0.305
1298 320 319 1 1 0 1510.10 0.508 0.238 0.305
1299 319 339 1 1 0 2505.43 0.881 0.250 0.408
1300 339 319 1 1 0 2505.43 0.881 0.250 0.408
1301 320 321 1 1 0 1510.10 0.508 0.274 0.332
1302 321 320 1 1 0 1510.10 0.508 0.274 0.332
1303 321 322 1 1 0 1510.10 0.508 0.226 0.297
1304 322 321 1 1 0 1510.10 0.508 0.226 0.297
1305 322 323 1 1 0 1510.10 0.508 0.167 0.252
1306 323 322 1 1 0 1510.10 0.508 0.167 0.252
1307 323 324 1 1 0 1510.10 0.508 0.202 0.279
1308 324 323 1 1 0 1510.10 0.508 0.202 0.279
1309 324 325 1 1 0 1510.10 0.508 0.262 0.323
1310 325 324 1 1 0 1510.10 0.508 0.262 0.323
1311 325 326 1 1 0 1510.10 0.508 0.262 0.323
1312 326 325 1 1 0 1510.10 0.508 0.262 0.323
1313 326 327 1 1 0 1510.10 0.508 0.250 0.314
1314 327 326 1 1 0 1510.10 0.508 0.250 0.314
1315 327 328 1 1 0 1510.10 0.508 0.226 0.297
1316 328 327 1 1 0 1510.10 0.508 0.226 0.297
1317 328 329 1 1 0 1510.10 0.508 0.119 0.216
1318 329 328 1 1 0 1510.10 0.508 0.119 0.216
1319 331 332 1 1 0 1510.51 0.508 0.274 0.332
1320 332 331 1 1 0 1510.51 0.508 0.274 0.332
1321 332 333 1 1 0 1510.51 0.508 0.238 0.306
1322 333 332 1 1 0 1510.51 0.508 0.238 0.306
1323 333 334 1 1 0 1510.51 0.508 0.179 0.261
1324 334 333 1 1 0 1510.51 0.508 0.179 0.261
1325 334 335 1 1 0 1510.51 0.508 0.202 0.279
1326 335 334 1 1 0 1510.51 0.508 0.202 0.279
1327 335 336 1 1 0 1510.51 0.508 0.262 0.323
1328 336 335 1 1 0 1510.51 0.508 0.262 0.323
1329 336 337 1 1 0 1510.51 0.508 0.226 0.297
1330 337 336 1 1 0 1510.51 0.508 0.226 0.297
1331 337 338 1 1 0 1510.51 0.508 0.190 0.270
1332 338 337 1 1 0 1510.51 0.508 0.190 0.270
1333 338 339 1 1 0 1510.51 0.508 0.250 0.314
1334 339 338 1 1 0 1510.51 0.508 0.250 0.314
1335 0 118 2 2 0 1189.82 0.387 0.466 0.446
1336 118 0 2 2 0 1189.82 0.387 0.466 0.446
1337 0 119 2 2 0 2409.69 0.846 0.317 0.449
1338 119 0 2 2 0 2409.69 0.846 0.317 0.449
1339 0 139 2 2 0 1255.98 0.412 0.392 0.397
1340 139 0 2 2 0 1255.98 0.412 0.392 0.397
1341 0 140 2 2 0 2443.28 0.858 0.455 0.556
1342 140 0 2 2 0 2443.28 0.858 0.455 0.556
1343 1 9 2 2 0 2406.22 0.844 0.000 0.211
1344 9 1 2 2 0 2406.22 0.844 0.000 0.211
1345 1 204 2 2 0 2144.71 0.746 0.106 0.266
1346 204 1 2 2 0 2144.71 0.746 0.106 0.266
1347 1 205 2 2 0 1975.33 0.682 0.074 0.226
1348 205 1 2 2 0 1975.33 0.682 0.074 0.226
1349 1 206 2 2 0 2784.53 0.986 0.444 0.580
1350 206 1 2 2 0 2784.53 0.986 0.444 0.580
1351 1 224 2 2 0 2495.81 0.878 0.074 0.275
1352 224 1 2 2 0 2495.81 0.878 0.074 0.275
1353 1 225 2 2 0 990.08 0.312 0.095 0.150
1354 225 1 2 2 0 990.08 0.312 0.095 0.150
1355 1 226 2 2 0 531.25 0.140 0.116 0.122
1356 226 1 2 2 0 531.25 0.140 0.116 0.122
1357 1 227 2 2 0 2033.45 0.704 0.074 0.232
1358 227 1 2 2 0 2033.45 0.704 0.074 0.232
1359 1 247 2 2 0 2313.70 0.809 0.095 0.274
1360 247 1 2 2 0 2313.70 0.809 0.095 0.274
1361 1 248 2 2 0 2157.54 0.751 0.106 0.267
1362 248 1 2 2 0 2157.54 0.751 0.106 0.267
1363 2 16 2 2 0 1696.50 0.578 0.000 0.144
1364 16 2 2 2 0 1696.50 0.578 0.000 0.144
1365 2 232 2 2 0 2818.34 0.999 0.095 0.321
1366 232 2 2 2 0 2818.34 0.999 0.095 0.321
1367 2 253 2 2 0 1646.57 0.559 0.095 0.211
1368 253 2 2 2 0 1646.57 0.559 0.095 0.211
1369 2 254 2 2 0 822.04 0.249 0.106 0.142
1370 254 2 2 2 0 822.04 0.249 0.106 0.142
1371 2 255 2 2 0 1787.21 0.612 0.085 0.216
1372 255 2 2 2 0 1787.21 0.612 0.085 0.216
1373 2 274 2 2 0 1853.90 0.637 0.116 0.246
1374 274 2 2 2 0 1853.90 0.637 0.116 0.246
1375 2 275 2 2 0 1183.62 0.385 0.127 0.191
1376 275 2 2 2 0 1183.62 0.385 0.127 0.191
1377 2 276 2 2 0 1979.90 0.684 0.106 0.250
1378 276 2 2 2 0 1979.90 0.684 0.106 0.250
1379 5 99 2 2 0 1884.73 0.648 0.275 0.368
1380 99 5 2 2 0 1884.73 0.648 0.275 0.368
1381 5 100 2 2 0 1363.75 0.453 0.466 0.462
1382 100 5 2 2 0 1363.75 0.453 0.466 0.462
1383 5 101 2 2 0 2168.88 0.755 0.381 0.474
1384 101 5 2 2 0 2168.88 0.755 0.381 0.474
1385 5 120 2 2 0 1466.42 0.491 0.402 0.424
1386 120 5 2 2 0 1466.42 0.491 0.402 0.424
1387 5 121 2 2 0 676.41 0.195 0.339 0.303
1388 121 5 2 2 0 676.41 0.195 0.339 0.303
1389 5 122 2 2 0 1817.29 0.623 0.370 0.434
1390 122 5 2 2 0 1817.29 0.623 0.370 0.434
1391 5 142 2 2 0 2654.80 0.938 0.444 0.568
1392 142 5 2 2 0 2654.80 0.938 0.444 0.568
1393 6 132 2 2 0 2719.78 0.962 0.032 0.264
1394 132 6 2 2 0 2719.78 0.962 0.032 0.264
1395 6 152 2 2 0 1554.74 0.524 0.032 0.155
1396 152 6 2 2 0 1554.74 0.524 0.032 0.155
1397 6 153 2 2 0 728.96 0.214 0.021 0.069
1398 153 6 2 2 0 728.96 0.214 0.021 0.069
1399 6 154 2 2 0 1785.16 0.611 0.032 0.177
1400 154 6 2 2 0 1785.16 0.611 0.032 0.177
1401 6 173 2 2 0 1882.72 0.648 0.042 0.194
1402 173 6 2 2 0 1882.72 0.648 0.042 0.194
1403 6 174 2 2 0 1287.73 0.424 0.032 0.130
1404 174 6 2 2 0 1287.73 0.424 0.032 0.130
1405 6 175 2 2 0 2077.11 0.721 0.032 0.204
1406 175 6 2 2 0 2077.11 0.721 0.032 0.204
1407 7 307 2 2 0 2001.31 0.692 0.095 0.244
1408 307 7 2 2 0 2001.31 0.692 0.095 0.244
1409 7 308 2 2 0 1481.45 0.497 0.032 0.148
1410 308 7 2 2 0 1481.45 0.497 0.032 0.148
1411 7 328 2 2 0 1453.14 0.486 0.085 0.185
1412 328 7 2 2 0 1453.14 0.486 0.085 0.185
1413 7 329 2 2 0 548.23 0.146 0.021 0.052
1414 329 7 2 2 0 548.23 0.146 0.021 0.052
1415 8 37 2 2 0 1772.80 0.606 0.444 0.485
1416 37 8 2 2 0 1772.80 0.606 0.444 0.485
1417 8 38 2 2 0 775.04 0.232 0.392 0.352
1418 38 8 2 2 0 775.04 0.232 0.392 0.352
1419 8 39 2 2 0 1608.22 0.544 0.423 0.454
1420 39 8 2 2 0 1608.22 0.544 0.423 0.454
1421 8 59 2 2 0 2770.16 0.981 0.466 0.594
1422 59 8 2 2 0 2770.16 0.981 0.466 0.594
1423 9 21 2 2 0 605.14 0.168 0.000 0.042
1424 21 9 2 2 0 605.14 0.168 0.000 0.042
1425 9 226 2 2 0 1907.36 0.657 0.116 0.252
1426 226 9 2 2 0 1907.36 0.657 0.116 0.252
1427 9 227 2 2 0 1040.47 0.331 0.074 0.138
1428 227 9 2 2 0 1040.47 0.331 0.074 0.138
1429 9 228 2 2 0 1754.60 0.599 0.434 0.475
1430 228 9 2 2 0 1754.60 0.599 0.434 0.475
1431 9 248 2 2 0 1868.57 0.642 0.106 0.240
1432 248 9 2 2 0 1868.57 0.642 0.106 0.240
1433 9 249 2 2 0 967.18 0.304 0.116 0.163
1434 249 9 2 2 0 967.18 0.304 0.116 0.163
1435 9 250 2 2 0 1712.31 0.584 0.085 0.209
1436 250 9 2 2 0 1712.31 0.584 0.085 0.209
1437 10 190 2 2 0 2546.30 0.897 0.032 0.248
1438 190 10 2 2 0 2546.30 0.897 0.032 0.248
1439 10 191 2 2 0 1394.06 0.464 0.021 0.132
1440 191 10 2 2 0 1394.06 0.464 0.021 0.132
1441 10 193 2 2 0 2550.00 0.898 0.042 0.256
1442 193 10 2 2 0 2550.00 0.898 0.042 0.256
1443 10 211 2 2 0 2405.75 0.844 0.032 0.235
1444 211 10 2 2 0 2405.75 0.844 0.032 0.235
1445 10 212 2 2 0 1116.29 0.360 0.116 0.177
1446 212 10 2 2 0 1116.29 0.360 0.116 0.177
1447 10 213 2 2 0 1119.10 0.361 0.106 0.170
1448 213 10 2 2 0 1119.10 0.361 0.106 0.170
1449 10 214 2 2 0 2409.66 0.845 0.127 0.307
1450 214 10 2 2 0 2409.66 0.845 0.127 0.307
1451 11 166 2 2 0 1640.12 0.556 0.476 0.496
1452 166 11 2 2 0 1640.12 0.556 0.476 0.496
1453 11 167 2 2 0 853.09 0.261 0.466 0.414
1454 167 11 2 2 0 853.09 0.261 0.466 0.414
1455 11 168 2 2 0 1819.17 0.624 0.042 0.188
1456 168 11 2 2 0 1819.17 0.624 0.042 0.188
1457 11 187 2 2 0 1816.83 0.623 0.360 0.426
1458 187 11 2 2 0 1816.83 0.623 0.360 0.426
1459 11 188 2 2 0 1156.77 0.375 0.370 0.372
1460 188 11 2 2 0 1156.77 0.375 0.370 0.372
1461 11 189 2 2 0 1980.01 0.684 0.032 0.195
1462 189 11 2 2 0 1980.01 0.684 0.032 0.195
1463 12 234 2 2 0 2134.56 0.742 0.074 0.241
1464 234 12 2 2 0 2134.56 0.742 0.074 0.241
1465 12 235 2 2 0 2278.09 0.796 0.095 0.270
1466 235 12 2 2 0 2278.09 0.796 0.095 0.270
1467 12 255 2 2 0 2054.39 0.712 0.085 0.242
1468 255 12 2 2 0 2054.39 0.712 0.085 0.242
1469 12 256 2 2 0 548.35 0.146 0.074 0.092
1470 256 12 2 2 0 548.35 0.146 0.074 0.092
1471 12 257 2 2 0 966.55 0.303 0.127 0.171
1472 257 12 2 2 0 966.55 0.303 0.127 0.171
1473 12 258 2 2 0 2474.08 0.870 0.116 0.305
1474 258 12 2 2 0 2474.08 0.870 0.116 0.305
1475 12 276 2 2 0 2821.06 1.000 0.106 0.329
1476 276 12 2 2 0 2821.06 1.000 0.106 0.329
1477 12 277 2 2 0 2009.35 0.695 0.095 0.245
1478 277 12 2 2 0 2009.35 0.695 0.095 0.245
1479 12 278 2 2 0 2161.29 0.752 0.095 0.259
1480 278 12 2 2 0 2161.29 0.752 0.095 0.259
1481 13 49 2 2 0 2192.84 0.764 0.032 0.215
1482 49 13 2 2 0 2192.84 0.764 0.032 0.215
1483 13 50 2 2 0 1582.69 0.535 0.042 0.165
1484 50 13 2 2 0 1582.69 0.535 0.042 0.165
1485 13 51 2 2 0 2174.98 0.757 0.042 0.221
1486 51 13 2 2 0 2174.98 0.757 0.042 0.221
1487 13 70 2 2 0 1574.13 0.532 0.042 0.165
1488 70 13 2 2 0 1574.13 0.532 0.042 0.165
1489 13 71 2 2 0 416.68 0.097 0.021 0.040
1490 71 13 2 2 0 416.68 0.097 0.021 0.040
1491 13 72 2 2 0 1549.16 0.522 0.042 0.162
1492 72 13 2 2 0 1549.16 0.522 0.042 0.162
1493 13 92 2 2 0 2415.62 0.848 0.042 0.244
1494 92 13 2 2 0 2415.62 0.848 0.042 0.244
1495 14 177 2 2 0 2418.18 0.849 0.021 0.228
1496 177 14 2 2 0 2418.18 0.849 0.021 0.228
1497 14 178 2 2 0 1638.83 0.556 0.042 0.171
1498 178 14 2 2 0 1638.83 0.556 0.042 0.171
1499 14 179 2 2 0 2016.98 0.698 0.032 0.198
1500 179 14 2 2 0 2016.98 0.698 0.032 0.198
1501 14 198 2 2 0 1843.81 0.633 0.095 0.230
1502 198 14 2 2 0 1843.81 0.633 0.095 0.230
1503 14 199 2 2 0 486.74 0.123 0.063 0.078
1504 199 14 2 2 0 486.74 0.123 0.063 0.078
1505 14 200 2 2 0 1272.70 0.418 0.032 0.128
1506 200 14 2 2 0 1272.70 0.418 0.032 0.128
1507 14 201 2 2 0 2747.40 0.972 0.032 0.267
1508 201 14 2 2 0 2747.40 0.972 0.032 0.267
1509 14 220 2 2 0 2404.30 0.843 0.021 0.227
1510 220 14 2 2 0 2404.30 0.843 0.021 0.227
1511 14 221 2 2 0 2676.55 0.946 0.021 0.252
1512 221 14 2 2 0 2676.55 0.946 0.021 0.252
1513 15 56 2 2 0 2543.33 0.896 0.286 0.438
1514 56 15 2 2 0 2543.33 0.896 0.286 0.438
1515 15 76 2 2 0 1404.68 0.468 0.381 0.403
1516 76 15 2 2 0 1404.68 0.468 0.381 0.403
1517 15 77 2 2 0 574.41 0.156 0.392 0.333
1518 77 15 2 2 0 574.41 0.156 0.392 0.333
1519 15 78 2 2 0 1794.55 0.614 0.360 0.423
1520 78 15 2 2 0 1794.55 0.614 0.360 0.423
1521 15 97 2 2 0 1956.49 0.675 0.434 0.494
1522 97 15 2 2 0 1956.49 0.675 0.434 0.494
1523 15 98 2 2 0 1477.91 0.496 0.339 0.378
1524 98 15 2 2 0 1477.91 0.496 0.339 0.378
1525 15 99 2 2 0 2252.88 0.787 0.275 0.403
1526 99 15 2 2 0 2252.88 0.787 0.275 0.403
1527 16 230 2 2 0 2408.01 0.845 0.042 0.243
1528 230 16 2 2 0 2408.01 0.845 0.042 0.243
1529 16 231 2 2 0 1845.75 0.634 0.021 0.174
1530 231 16 2 2 0 1845.75 0.634 0.021 0.174
1531 16 232 2 2 0 2359.45 0.827 0.095 0.278
1532 232 16 2 2 0 2359.45 0.827 0.095 0.278
1533 16 252 2 2 0 1554.83 0.524 0.042 0.163
1534 252 16 2 2 0 1554.83 0.524 0.042 0.163
1535 16 253 2 2 0 158.42 0.000 0.095 0.071
1536 253 16 2 2 0 158.42 0.000 0.095 0.071
1537 16 254 2 2 0 1478.48 0.496 0.106 0.203
1538 254 16 2 2 0 1478.48 0.496 0.106 0.203
1539 16 273 2 2 0 2651.21 0.936 0.116 0.321
1540 273 16 2 2 0 2651.21 0.936 0.116 0.321
1541 16 274 2 2 0 2153.10 0.749 0.116 0.275
1542 274 16 2 2 0 2153.10 0.749 0.116 0.275
1543 16 275 2 2 0 2607.16 0.920 0.127 0.325
1544 275 16 2 2 0 2607.16 0.920 0.127 0.325
1545 17 196 2 2 0 2067.34 0.717 0.032 0.203
1546 196 17 2 2 0 2067.34 0.717 0.032 0.203
1547 17 197 2 2 0 1719.25 0.586 0.021 0.162
1548 197 17 2 2 0 1719.25 0.586 0.021 0.162
1549 17 198 2 2 0 2486.88 0.874 0.095 0.290
1550 198 17 2 2 0 2486.88 0.874 0.095 0.290
1551 17 216 2 2 0 2716.81 0.961 0.095 0.312
1552 216 17 2 2 0 2716.81 0.961 0.095 0.312
1553 17 217 2 2 0 1230.64 0.403 0.074 0.156
1554 217 17 2 2 0 1230.64 0.403 0.074 0.156
1555 17 218 2 2 0 442.76 0.107 0.095 0.098
1556 218 17 2 2 0 442.76 0.107 0.095 0.098
1557 17 219 2 2 0 1850.86 0.636 0.032 0.183
1558 219 17 2 2 0 1850.86 0.636 0.032 0.183
1559 17 238 2 2 0 2597.62 0.916 0.095 0.300
1560 238 17 2 2 0 2597.62 0.916 0.095 0.300
1561 17 239 2 2 0 2329.98 0.816 0.116 0.291
1562 239 17 2 2 0 2329.98 0.816 0.116 0.291
1563 18 136 2 2 0 2039.00 0.706 0.042 0.208
1564 136 18 2 2 0 2039.00 0.706 0.042 0.208
1565 18 137 2 2 0 1347.40 0.447 0.021 0.128
1566 137 18 2 2 0 1347.40 0.447 0.021 0.128
1567 18 138 2 2 0 2003.14 0.693 0.042 0.205
1568 138 18 2 2 0 2003.14 0.693 0.042 0.205
1569 18 157 2 2 0 1663.81 0.565 0.032 0.165
1570 157 18 2 2 0 1663.81 0.565 0.032 0.165
1571 18 158 2 2 0 652.35 0.185 0.032 0.070
1572 158 18 2 2 0 652.35 0.185 0.032 0.070
1573 18 159 2 2 0 1619.65 0.549 0.032 0.161
1574 159 18 2 2 0 1619.65 0.549 0.032 0.161
1575 18 179 2 2 0 2651.10 0.936 0.032 0.258
1576 179 18 2 2 0 2651.10 0.936 0.032 0.258
1577 19 243 2 2 0 1861.41 0.640 0.032 0.184
1578 243 19 2 2 0 1861.41 0.640 0.032 0.184
1579 19 244 2 2 0 873.12 0.268 0.042 0.099
1580 244 19 2 2 0 873.12 0.268 0.042 0.099
1581 19 265 2 2 0 2004.27 0.693 0.042 0.205
1582 265 19 2 2 0 2004.27 0.693 0.042 0.205
1583 19 266 2 2 0 1146.24 0.371 0.032 0.117
1584 266 19 2 2 0 1146.24 0.371 0.032 0.117
1585 20 263 2 2 0 2541.80 0.895 0.085 0.287
1586 263 20 2 2 0 2541.80 0.895 0.085 0.287
1587 20 264 2 2 0 1834.04 0.629 0.042 0.189
1588 264 20 2 2 0 1834.04 0.629 0.042 0.189
1589 20 265 2 2 0 2195.70 0.765 0.042 0.223
1590 265 20 2 2 0 2195.70 0.765 0.042 0.223
1591 20 284 2 2 0 1790.54 0.613 0.095 0.225
1592 284 20 2 2 0 1790.54 0.613 0.095 0.225
1593 20 285 2 2 0 328.82 0.064 0.021 0.032
1594 285 20 2 2 0 328.82 0.064 0.021 0.032
1595 20 286 2 2 0 1251.36 0.410 0.021 0.118
1596 286 20 2 2 0 1251.36 0.410 0.021 0.118
1597 20 287 2 2 0 2753.07 0.974 0.032 0.267
1598 287 20 2 2 0 2753.07 0.974 0.032 0.267
1599 20 305 2 2 0 2818.45 0.999 0.106 0.329
1600 305 20 2 2 0 2818.45 0.999 0.106 0.329
1601 20 306 2 2 0 2201.12 0.767 0.032 0.216
1602 306 20 2 2 0 2201.12 0.767 0.032 0.216
1603 20 307 2 2 0 2510.60 0.883 0.095 0.292
1604 307 20 2 2 0 2510.60 0.883 0.095 0.292
1605 21 226 2 2 0 2494.37 0.877 0.116 0.307
1606 226 21 2 2 0 2494.37 0.877 0.116 0.307
1607 21 227 2 2 0 1385.14 0.461 0.074 0.171
1608 227 21 2 2 0 1385.14 0.461 0.074 0.171
1609 21 228 2 2 0 1472.05 0.493 0.434 0.449
1610 228 21 2 2 0 1472.05 0.493 0.434 0.449
1611 21 229 2 2 0 2639.47 0.932 0.402 0.535
1612 229 21 2 2 0 2639.47 0.932 0.402 0.535
1613 21 248 2 2 0 2318.79 0.811 0.106 0.282
1614 248 21 2 2 0 2318.79 0.811 0.106 0.282
1615 21 249 2 2 0 1035.56 0.329 0.116 0.170
1616 249 21 2 2 0 1035.56 0.329 0.116 0.170
1617 21 250 2 2 0 1149.24 0.372 0.085 0.157
1618 250 21 2 2 0 1149.24 0.372 0.085 0.157
1619 21 251 2 2 0 2474.26 0.870 0.095 0.289
1620 251 21 2 2 0 2474.26 0.870 0.095 0.289
1621 22 80 2 2 0 2456.62 0.863 0.392 0.509
1622 80 22 2 2 0 2456.62 0.863 0.392 0.509
1623 22 81 2 2 0 1360.48 0.451 0.254 0.303
1624 81 22 2 2 0 1360.48 0.451 0.254 0.303
1625 22 82 2 2 0 1483.54 0.498 0.381 0.410
1626 82 22 2 2 0 1483.54 0.498 0.381 0.410
1627 22 83 2 2 0 2661.76 0.940 0.370 0.513
1628 83 22 2 2 0 2661.76 0.940 0.370 0.513
1629 22 101 2 2 0 2285.92 0.799 0.381 0.485
1630 101 22 2 2 0 2285.92 0.799 0.381 0.485
1631 22 102 2 2 0 1019.90 0.324 0.349 0.343
1632 102 22 2 2 0 1019.90 0.324 0.349 0.343
1633 22 103 2 2 0 1179.10 0.383 0.243 0.278
1634 103 22 2 2 0 1179.10 0.383 0.243 0.278
1635 22 104 2 2 0 2505.13 0.881 0.328 0.466
1636 104 22 2 2 0 2505.13 0.881 0.328 0.466
1637 23 320 2 2 0 2189.57 0.763 0.116 0.278
1638 320 23 2 2 0 2189.57 0.763 0.116 0.278
1639 23 321 2 2 0 1559.59 0.526 0.127 0.227
1640 321 23 2 2 0 1559.59 0.526 0.127 0.227
1641 23 322 2 2 0 2152.26 0.749 0.074 0.243
1642 322 23 2 2 0 2152.26 0.749 0.074 0.243
1643 24 293 2 2 0 2222.71 0.775 0.106 0.273
1644 293 24 2 2 0 2222.71 0.775 0.106 0.273
1645 24 294 2 2 0 1527.10 0.514 0.106 0.208
1646 294 24 2 2 0 1527.10 0.514 0.106 0.208
1647 24 295 2 2 0 2069.51 0.718 0.085 0.243
1648 295 24 2 2 0 2069.51 0.718 0.085 0.243
1649 24 314 2 2 0 1687.42 0.574 0.116 0.231
1650 314 24 2 2 0 1687.42 0.574 0.116 0.231
1651 24 315 2 2 0 488.13 0.124 0.074 0.087
1652 315 24 2 2 0 488.13 0.124 0.074 0.087
1653 24 316 2 2 0 1479.75 0.496 0.063 0.172
1654 316 24 2 2 0 1479.75 0.496 0.063 0.172
1655 24 336 2 2 0 2477.26 0.871 0.127 0.313
1656 336 24 2 2 0 2477.26 0.871 0.127 0.313
1657 25 47 2 2 0 2502.00 0.880 0.053 0.260
1658 47 25 2 2 0 2502.00 0.880 0.053 0.260
1659 27 28 2 2 0 1504.29 0.505 0.074 0.182
1660 28 27 2 2 0 1504.29 0.505 0.074 0.182
1661 27 47 2 2 0 2502.00 0.880 0.063 0.268
1662 47 27 2 2 0 2502.00 0.880 0.063 0.268
1663 27 48 2 2 0 1999.12 0.691 0.063 0.220
1664 48 27 2 2 0 1999.12 0.691 0.063 0.220
1665 27 49 2 2 0 2502.00 0.880 0.063 0.268
1666 49 27 2 2 0 2502.00 0.880 0.063 0.268
1667 28 29 2 2 0 1504.29 0.505 0.074 0.182
1668 29 28 2 2 0 1504.29 0.505 0.074 0.182
1669 28 48 2 2 0 2502.00 0.880 0.074 0.276
1670 48 28 2 2 0 2502.00 0.880 0.074 0.276
1671 28 49 2 2 0 1999.12 0.691 0.074 0.228
1672 49 28 2 2 0 1999.12 0.691 0.074 0.228
1673 28 50 2 2 0 2502.00 0.880 0.085 0.284
1674 50 28 2 2 0 2502.00 0.880 0.085 0.284
1675 29 30 2 2 0 1504.29 0.505 0.063 0.174
1676 30 29 2 2 0 1504.29 0.505 0.063 0.174
1677 29 49 2 2 0 2502.00 0.880 0.063 0.268
1678 49 29 2 2 0 2502.00 0.880 0.063 0.268
1679 29 50 2 2 0 1999.12 0.691 0.074 0.228
1680 50 29 2 2 0 1999.12 0.691 0.074 0.228
1681 29 51 2 2 0 2502.00 0.880 0.074 0.276
1682 51 29 2 2 0 2502.00 0.880 0.074 0.276
1683 30 31 2 2 0 1504.29 0.505 0.074 0.182
1684 31 30 2 2 0 1504.29 0.505 0.074 0.182
1685 30 50 2 2 0 2502.00 0.880 0.074 0.276
1686 50 30 2 2 0 2502.00 0.880 0.074 0.276
1687 30 51 2 2 0 1999.12 0.691 0.074 0.228
1688 51 30 2 2 0 1999.12 0.691 0.074 0.228
1689 30 52 2 2 0 2502.00 0.880 0.074 0.276
1690 52 30 2 2 0 2502.00 0.880 0.074 0.276
1691 31 32 2 2 0 1504.29 0.505 0.063 0.174
1692 32 31 2 2 0 1504.29 0.505 0.063 0.174
1693 31 51 2 2 0 2502.00 0.880 0.085 0.284
1694 51 31 2 2 0 2502.00 0.880 0.085 0.284
1695 31 52 2 2 0 1999.12 0.691 0.085 0.236
1696 52 31 2 2 0 1999.12 0.691 0.085 0.236
1697 31 53 2 2 0 2502.00 0.880 0.074 0.276
1698 53 31 2 2 0 2502.00 0.880 0.074 0.276
1699 32 33 2 2 0 1504.29 0.505 0.053 0.166
1700 33 32 2 2 0 1504.29 0.505 0.053 0.166
1701 32 52 2 2 0 2502.00 0.880 0.063 0.268
1702 52 32 2 2 0 2502.00 0.880 0.063 0.268
1703 32 53 2 2 0 1999.12 0.691 0.053 0.213
1704 53 32 2 2 0 1999.12 0.691 0.053 0.213
1705 32 54 2 2 0 2502.00 0.880 0.053 0.260
1706 54 32 2 2 0 2502.00 0.880 0.053 0.260
1707 33 53 2 2 0 2502.00 0.880 0.063 0.268
1708 53 33 2 2 0 2502.00 0.880 0.063 0.268
1709 33 54 2 2 0 1999.12 0.691 0.063 0.220
1710 54 33 2 2 0 1999.12 0.691 0.063 0.220
1711 34 35 2 2 0 1504.71 0.506 0.212 0.285
1712 35 34 2 2 0 1504.71 0.506 0.212 0.285
1713 34 55 2 2 0 1999.11 0.691 0.423 0.490
1714 55 34 2 2 0 1999.11 0.691 0.423 0.490
1715 34 56 2 2 0 2502.25 0.880 0.381 0.506
1716 56 34 2 2 0 2502.25 0.880 0.381 0.506
1717 35 36 2 2 0 1504.71 0.506 0.529 0.523
1718 36 35 2 2 0 1504.71 0.506 0.529 0.523
1719 35 55 2 2 0 2502.25 0.880 0.444 0.553
1720 55 35 2 2 0 2502.25 0.880 0.444 0.553
1721 35 56 2 2 0 1999.11 0.691 0.402 0.474
1722 56 35 2 2 0 1999.11 0.691 0.402 0.474
1723 35 57 2 2 0 2502.25 0.880 0.423 0.538
1724 57 35 2 2 0 2502.25 0.880 0.423 0.538
1725 36 37 2 2 0 1504.71 0.506 0.857 0.769
1726 37 36 2 2 0 1504.71 0.506 0.857 0.769
1727 36 56 2 2 0 2502.25 0.880 0.698 0.744
1728 56 36 2 2 0 2502.25 0.880 0.698 0.744
1729 36 57 2 2 0 1999.11 0.691 0.720 0.713
1730 57 36 2 2 0 1999.11 0.691 0.720 0.713
1731 36 58 2 2 0 2502.25 0.880 0.783 0.807
1732 58 36 2 2 0 2502.25 0.880 0.783 0.807
1733 37 38 2 2 0 1504.71 0.506 0.836 0.753
1734 38 37 2 2 0 1504.71 0.506 0.836 0.753
1735 37 57 2 2 0 2502.25 0.880 0.751 0.784
1736 57 37 2 2 0 2502.25 0.880 0.751 0.784
1737 37 58 2 2 0 1999.11 0.691 0.815 0.784
1738 58 37 2 2 0 1999.11 0.691 0.815 0.784
1739 37 59 2 2 0 2502.25 0.880 0.910 0.903
1740 59 37 2 2 0 2502.25 0.880 0.910 0.903
1741 38 39 2 2 0 1504.71 0.506 0.815 0.738
1742 39 38 2 2 0 1504.71 0.506 0.815 0.738
1743 38 58 2 2 0 2502.25 0.880 0.762 0.791
1744 58 38 2 2 0 2502.25 0.880 0.762 0.791
1745 38 59 2 2 0 1999.11 0.691 0.857 0.816
1746 59 38 2 2 0 1999.11 0.691 0.857 0.816
1747 38 60 2 2 0 2502.25 0.880 0.730 0.768
1748 60 38 2 2 0 2502.25 0.880 0.730 0.768
1749 39 40 2 2 0 1504.71 0.506 0.667 0.626
1750 40 39 2 2 0 1504.71 0.506 0.667 0.626
1751 39 59 2 2 0 2502.25 0.880 0.889 0.887
1752 59 39 2 2 0 2502.25 0.880 0.889 0.887
1753 39 60 2 2 0 1999.11 0.691 0.762 0.744
1754 60 39 2 2 0 1999.11 0.691 0.762 0.744
1755 39 61 2 2 0 2502.25 0.880 0.730 0.768
1756 61 39 2 2 0 2502.25 0.880 0.730 0.768
1757 40 41 2 2 0 1504.71 0.506 0.593 0.571
1758 41 40 2 2 0 1504.71 0.506 0.593 0.571
1759 40 60 2 2 0 2502.25 0.880 0.582 0.657
1760 60 40 2 2 0 2502.25 0.880 0.582 0.657
1761 40 61 2 2 0 1999.11 0.691 0.550 0.586
1762 61 40 2 2 0 1999.11 0.691 0.550 0.586
1763 40 62 2 2 0 2502.25 0.880 0.508 0.601
1764 62 40 2 2 0 2502.25 0.880 0.508 0.601
1765 41 42 2 2 0 1504.71 0.506 0.709 0.658
1766 42 41 2 2 0 1504.71 0.506 0.709 0.658
1767 41 61 2 2 0 2502.25 0.880 0.656 0.712
1768 61 41 2 2 0 2502.25 0.880 0.656 0.712
1769 41 62 2 2 0 1999.11 0.691 0.614 0.633
1770 62 41 2 2 0 1999.11 0.691 0.614 0.633
1771 41 63 2 2 0 2502.25 0.880 0.645 0.704
1772 63 41 2 2 0 2502.25 0.880 0.645 0.704
1773 42 62 2 2 0 2502.25 0.880 0.624 0.688
1774 62 42 2 2 0 2502.25 0.880 0.624 0.688
1775 42 63 2 2 0 1999.11 0.691 0.656 0.665
1776 63 42 2 2 0 1999.11 0.691 0.656 0.665
1777 42 64 2 2 0 2502.25 0.880 0.392 0.514
1778 64 42 2 2 0 2502.25 0.880 0.392 0.514
1779 44 64 2 2 0 2502.25 0.880 0.074 0.276
1780 64 44 2 2 0 2502.25 0.880 0.074 0.276
1781 44 65 2 2 0 1999.11 0.691 0.074 0.228
1782 65 44 2 2 0 1999.11 0.691 0.074 0.228
1783 44 66 2 2 0 2502.25 0.880 0.063 0.268
1784 66 44 2 2 0 2502.25 0.880 0.063 0.268
1785 47 48 2 2 0 1504.71 0.506 0.063 0.174
1786 48 47 2 2 0 1504.71 0.506 0.063 0.174
1787 47 67 2 2 0 2502.25 0.880 0.063 0.268
1788 67 47 2 2 0 2502.25 0.880 0.063 0.268
1789 47 68 2 2 0 1999.11 0.691 0.074 0.228
1790 68 47 2 2 0 1999.11 0.691 0.074 0.228
1791 47 69 2 2 0 2502.25 0.880 0.053 0.260
1792 69 47 2 2 0 2502.25 0.880 0.053 0.260
1793 48 49 2 2 0 1504.71 0.506 0.063 0.174
1794 49 48 2 2 0 1504.71 0.506 0.063 0.174
1795 48 68 2 2 0 2502.25 0.880 0.074 0.276
1796 68 48 2 2 0 2502.25 0.880 0.074 0.276
1797 48 69 2 2 0 1999.11 0.691 0.053 0.213
1798 69 48 2 2 0 1999.11 0.691 0.053 0.213
1799 48 70 2 2 0 2502.25 0.880 0.074 0.276
1800 70 48 2 2 0 2502.25 0.880 0.074 0.276
1801 49 50 2 2 0 1504.71 0.506 0.074 0.182
1802 50 49 2 2 0 1504.71 0.506 0.074 0.182
1803 49 69 2 2 0 2502.25 0.880 0.053 0.260
1804 69 49 2 2 0 2502.25 0.880 0.053 0.260
1805 49 70 2 2 0 1999.11 0.691 0.074 0.228
1806 70 49 2 2 0 1999.11 0.691 0.074 0.228
1807 49 71 2 2 0 2502.25 0.880 0.053 0.260
1808 71 49 2 2 0 2502.25 0.880 0.053 0.260
1809 50 51 2 2 0 1504.71 0.506 0.085 0.190
1810 51 50 2 2 0 1504.71 0.506 0.085 0.190
1811 50 70 2 2 0 2502.25 0.880 0.085 0.284
1812 70 50 2 2 0 2502.25 0.880 0.085 0.284
1813 50 71 2 2 0 1999.11 0.691 0.063 0.220
1814 71 50 2 2 0 1999.11 0.691 0.063 0.220
1815 50 72 2 2 0 2502.25 0.880 0.085 0.284
1816 72 50 2 2 0 2502.25 0.880 0.085 0.284
1817 51 52 2 2 0 1504.71 0.506 0.085 0.190
1818 52 51 2 2 0 1504.71 0.506 0.085 0.190
1819 51 71 2 2 0 2502.25 0.880 0.063 0.268
1820 71 51 2 2 0 2502.25 0.880 0.063 0.268
1821 51 72 2 2 0 1999.11 0.691 0.085 0.236
1822 72 51 2 2 0 1999.11 0.691 0.085 0.236
1823 51 73 2 2 0 2502.25 0.880 0.063 0.268
1824 73 51 2 2 0 2502.25 0.880 0.063 0.268
1825 52 53 2 2 0 1504.71 0.506 0.074 0.182
1826 53 52 2 2 0 1504.71 0.506 0.074 0.182
1827 52 72 2 2 0 2502.25 0.880 0.085 0.284
1828 72 52 2 2 0 2502.25 0.880 0.085 0.284
1829 52 73 2 2 0 1999.11 0.691 0.063 0.220
1830 73 52 2 2 0 1999.11 0.691 0.063 0.220
1831 52 74 2 2 0 2502.25 0.880 0.063 0.268
1832 74 52 2 2 0 2502.25 0.880 0.063 0.268
1833 53 54 2 2 0 1504.71 0.506 0.063 0.174
1834 54 53 2 2 0 1504.71 0.506 0.063 0.174
1835 53 73 2 2 0 2502.25 0.880 0.053 0.260
1836 73 53 2 2 0 2502.25 0.880 0.053 0.260
1837 53 74 2 2 0 1999.11 0.691 0.053 0.213
1838 74 53 2 2 0 1999.11 0.691 0.053 0.213
1839 53 75 2 2 0 2502.25 0.880 0.074 0.276
1840 75 53 2 2 0 2502.25 0.880 0.074 0.276
1841 54 74 2 2 0 2502.25 0.880 0.053 0.260
1842 74 54 2 2 0 2502.25 0.880 0.053 0.260
1843 54 75 2 2 0 1999.11 0.691 0.074 0.228
1844 75 54 2 2 0 1999.11 0.691 0.074 0.228
1845 55 56 2 2 0 1505.13 0.506 0.614 0.587
1846 56 55 2 2 0 1505.13 0.506 0.614 0.587
1847 55 76 2 2 0 1999.11 0.691 0.709 0.705
1848 76 55 2 2 0 1999.11 0.691 0.709 0.705
1849 55 77 2 2 0 2502.49 0.880 0.720 0.760
1850 77 55 2 2 0 2502.49 0.880 0.720 0.760
1851 56 57 2 2 0 1505.13 0.506 0.593 0.571
1852 57 56 2 2 0 1505.13 0.506 0.593 0.571
1853 56 76 2 2 0 2502.49 0.880 0.667 0.720
1854 76 56 2 2 0 2502.49 0.880 0.667 0.720
1855 56 77 2 2 0 1999.11 0.691 0.677 0.681
1856 77 56 2 2 0 1999.11 0.691 0.677 0.681
1857 56 78 2 2 0 2502.49 0.880 0.645 0.704
1858 78 56 2 2 0 2502.49 0.880 0.645 0.704
1859 57 58 2 2 0 1505.13 0.506 0.677 0.634
1860 58 57 2 2 0 1505.13 0.506 0.677 0.634
1861 57 77 2 2 0 2502.49 0.880 0.698 0.744
1862 77 57 2 2 0 2502.49 0.880 0.698 0.744
1863 57 78 2 2 0 1999.11 0.691 0.667 0.673
1864 78 57 2 2 0 1999.11 0.691 0.667 0.673
1865 57 79 2 2 0 2502.49 0.880 0.667 0.720
1866 79 57 2 2 0 2502.49 0.880 0.667 0.720
1867 58 59 2 2 0 1505.13 0.506 0.836 0.753
1868 59 58 2 2 0 1505.13 0.506 0.836 0.753
1869 58 78 2 2 0 2502.49 0.880 0.730 0.768
1870 78 58 2 2 0 2502.49 0.880 0.730 0.768
1871 58 79 2 2 0 1999.11 0.691 0.730 0.720
1872 79 58 2 2 0 1999.11 0.691 0.730 0.720
1873 58 80 2 2 0 2502.49 0.880 0.762 0.792
1874 80 58 2 2 0 2502.49 0.880 0.762 0.792
1875 59 60 2 2 0 1505.13 0.506 0.804 0.730
1876 60 59 2 2 0 1505.13 0.506 0.804 0.730
1877 59 79 2 2 0 2502.49 0.880 0.825 0.839
1878 79 59 2 2 0 2502.49 0.880 0.825 0.839
1879 59 80 2 2 0 1999.11 0.691 0.857 0.816
1880 80 59 2 2 0 1999.11 0.691 0.857 0.816
1881 59 81 2 2 0 2502.49 0.880 0.720 0.760
1882 81 59 2 2 0 2502.49 0.880 0.720 0.760
1883 60 61 2 2 0 1505.13 0.506 0.645 0.611
1884 61 60 2 2 0 1505.13 0.506 0.645 0.611
1885 60 80 2 2 0 2502.49 0.880 0.730 0.768
1886 80 60 2 2 0 2502.49 0.880 0.730 0.768
1887 60 81 2 2 0 1999.11 0.691 0.593 0.617
1888 81 60 2 2 0 1999.11 0.691 0.593 0.617
1889 60 82 2 2 0 2502.49 0.880 0.720 0.760
1890 82 60 2 2 0 2502.49 0.880 0.720 0.760
1891 61 62 2 2 0 1505.13 0.506 0.571 0.555
1892 62 61 2 2 0 1505.13 0.506 0.571 0.555
1893 61 81 2 2 0 2502.49 0.880 0.561 0.641
1894 81 61 2 2 0 2502.49 0.880 0.561 0.641
1895 61 82 2 2 0 1999.11 0.691 0.688 0.689
1896 82 61 2 2 0 1999.11 0.691 0.688 0.689
1897 61 83 2 2 0 2502.49 0.880 0.677 0.728
1898 83 61 2 2 0 2502.49 0.880 0.677 0.728
1899 62 63 2 2 0 1505.13 0.506 0.561 0.547
1900 63 62 2 2 0 1505.13 0.506 0.561 0.547
1901 62 82 2 2 0 2502.49 0.880 0.645 0.704
1902 82 62 2 2 0 2502.49 0.880 0.645 0.704
1903 62 83 2 2 0 1999.11 0.691 0.635 0.649
1904 83 62 2 2 0 1999.11 0.691 0.635 0.649
1905 62 84 2 2 0 2502.49 0.880 0.720 0.760
1906 84 62 2 2 0 2502.49 0.880 0.720 0.760
1907 63 64 2 2 0 1505.13 0.506 0.328 0.372
1908 64 63 2 2 0 1505.13 0.506 0.328 0.372
1909 63 83 2 2 0 2502.49 0.880 0.667 0.720
1910 83 63 2 2 0 2502.49 0.880 0.667 0.720
1911 63 84 2 2 0 1999.11 0.691 0.751 0.736
1912 84 63 2 2 0 1999.11 0.691 0.751 0.736
1913 63 85 2 2 0 2502.49 0.880 0.328 0.466
1914 85 63 2 2 0 2502.49 0.880 0.328 0.466
1915 64 65 2 2 0 1505.13 0.506 0.063 0.174
1916 65 64 2 2 0 1505.13 0.506 0.063 0.174
1917 64 84 2 2 0 2502.49 0.880 0.487 0.585
1918 84 64 2 2 0 2502.49 0.880 0.487 0.585
1919 64 85 2 2 0 1999.11 0.691 0.063 0.220
1920 85 64 2 2 0 1999.11 0.691 0.063 0.220
1921 64 86 2 2 0 2502.49 0.880 0.063 0.268
1922 86 64 2 2 0 2502.49 0.880 0.063 0.268
1923 65 66 2 2 0 1505.13 0.506 0.053 0.166
1924 66 65 2 2 0 1505.13 0.506 0.053 0.166
1925 65 85 2 2 0 2502.49 0.880 0.063 0.268
1926 85 65 2 2 0 2502.49 0.880 0.063 0.268
1927 65 86 2 2 0 1999.11 0.691 0.063 0.220
1928 86 65 2 2 0 1999.11 0.691 0.063 0.220
1929 65 87 2 2 0 2502.49 0.880 0.063 0.268
1930 87 65 2 2 0 2502.49 0.880 0.063 0.268
1931 66 67 2 2 0 1505.13 0.506 0.053 0.166
1932 67 66 2 2 0 1505.13 0.506 0.053 0.166
1933 66 86 2 2 0 2502.49 0.880 0.053 0.260
1934 86 66 2 2 0 2502.49 0.880 0.053 0.260
1935 66 87 2 2 0 1999.11 0.691 0.053 0.213
1936 87 66 2 2 0 1999.11 0.691 0.053 0.213
1937 66 88 2 2 0 2502.49 0.880 0.053 0.260
1938 88 66 2 2 0 2502.49 0.880 0.053 0.260
1939 67 68 2 2 0 1505.13 0.506 0.074 0.182
1940 68 67 2 2 0 1505.13 0.506 0.074 0.182
1941 67 87 2 2 0 2502.49 0.880 0.063 0.268
1942 87 67 2 2 0 2502.49 0.880 0.063 0.268
1943 67 88 2 2 0 1999.11 0.691 0.063 0.220
1944 88 67 2 2 0 1999.11 0.691 0.063 0.220
1945 67 89 2 2 0 2502.49 0.880 0.063 0.268
1946 89 67 2 2 0 2502.49 0.880 0.063 0.268
1947 68 69 2 2 0 1505.13 0.506 0.063 0.174
1948 69 68 2 2 0 1505.13 0.506 0.063 0.174
1949 68 88 2 2 0 2502.49 0.880 0.074 0.276
1950 88 68 2 2 0 2502.49 0.880 0.074 0.276
1951 68 89 2 2 0 1999.11 0.691 0.074 0.228
1952 89 68 2 2 0 1999.11 0.691 0.074 0.228
1953 68 90 2 2 0 2502.49 0.880 0.074 0.276
1954 90 68 2 2 0 2502.49 0.880 0.074 0.276
1955 69 70 2 2 0 1505.13 0.506 0.063 0.174
1956 70 69 2 2 0 1505.13 0.506 0.063 0.174
1957 69 89 2 2 0 2502.49 0.880 0.053 0.260
1958 89 69 2 2 0 2502.49 0.880 0.053 0.260
1959 69 90 2 2 0 1999.11 0.691 0.053 0.213
1960 90 69 2 2 0 1999.11 0.691 0.053 0.213
1961 69 91 2 2 0 2502.49 0.880 0.053 0.260
1962 91 69 2 2 0 2502.49 0.880 0.053 0.260
1963 70 71 2 2 0 1505.13 0.506 0.063 0.174
1964 71 70 2 2 0 1505.13 0.506 0.063 0.174
1965 70 90 2 2 0 2502.49 0.880 0.074 0.276
1966 90 70 2 2 0 2502.49 0.880 0.074 0.276
1967 70 91 2 2 0 1999.11 0.691 0.074 0.228
1968 91 70 2 2 0 1999.11 0.691 0.074 0.228
1969 70 92 2 2 0 2502.49 0.880 0.085 0.284
1970 92 70 2 2 0 2502.49 0.880 0.085 0.284
1971 71 72 2 2 0 1505.13 0.506 0.063 0.174
1972 72 71 2 2 0 1505.13 0.506 0.063 0.174
1973 71 91 2 2 0 2502.49 0.880 0.053 0.260
1974 91 71 2 2 0 2502.49 0.880 0.053 0.260
1975 71 92 2 2 0 1999.11 0.691 0.063 0.220
1976 92 71 2 2 0 1999.11 0.691 0.063 0.220
1977 71 93 2 2 0 2502.49 0.880 0.042 0.252
1978 93 71 2 2 0 2502.49 0.880 0.042 0.252
1979 72 73 2 2 0 1505.13 0.506 0.063 0.174
1980 73 72 2 2 0 1505.13 0.506 0.063 0.174
1981 72 92 2 2 0 2502.49 0.880 0.085 0.284
1982 92 72 2 2 0 2502.49 0.880 0.085 0.284
1983 72 93 2 2 0 1999.11 0.691 0.063 0.220
1984 93 72 2 2 0 1999.11 0.691 0.063 0.220
1985 72 94 2 2 0 2502.49 0.880 0.074 0.276
1986 94 72 2 2 0 2502.49 0.880 0.074 0.276
1987 73 74 2 2 0 1505.13 0.506 0.042 0.158
1988 74 73 2 2 0 1505.13 0.506 0.042 0.158
1989 73 93 2 2 0 2502.49 0.880 0.042 0.252
1990 93 73 2 2 0 2502.49 0.880 0.042 0.252
1991 73 94 2 2 0 1999.11 0.691 0.053 0.213
1992 94 73 2 2 0 1999.11 0.691 0.053 0.213
1993 74 75 2 2 0 1505.13 0.506 0.063 0.174
1994 75 74 2 2 0 1505.13 0.506 0.063 0.174
1995 74 94 2 2 0 2502.49 0.880 0.053 0.260
1996 94 74 2 2 0 2502.49 0.880 0.053 0.260
1997 74 95 2 2 0 1999.11 0.691 0.053 0.213
1998 95 74 2 2 0 1999.11 0.691 0.053 0.213
1999 74 96 2 2 0 2502.49 0.880 0.063 0.268
2000 96 74 2 2 0 2502.49 0.880 0.063 0.268
2001 75 95 2 2 0 2502.49 0.880 0.074 0.276
2002 95 75 2 2 0 2502.49 0.880 0.074 0.276
2003 75 96 2 2 0 1999.11 0.691 0.085 0.236
2004 96 75 2 2 0 1999.11 0.691 0.085 0.236
2005 76 77 2 2 0 1505.54 0.506 0.772 0.706
2006 77 76 2 2 0 1505.54 0.506 0.772 0.706
2007 76 97 2 2 0 1999.10 0.691 0.815 0.784
2008 97 76 2 2 0 1999.10 0.691 0.815 0.784
2009 76 98 2 2 0 2502.74 0.880 0.720 0.760
2010 98 76 2 2 0 2502.74 0.880 0.720 0.760
2011 77 78 2 2 0 1505.54 0.506 0.751 0.690
2012 78 77 2 2 0 1505.54 0.506 0.751 0.690
2013 77 97 2 2 0 2502.74 0.880 0.825 0.839
2014 97 77 2 2 0 2502.74 0.880 0.825 0.839
2015 77 98 2 2 0 1999.10 0.691 0.730 0.720
2016 98 77 2 2 0 1999.10 0.691 0.730 0.720
2017 77 99 2 2 0 2502.74 0.880 0.667 0.720
2018 99 77 2 2 0 2502.74 0.880 0.667 0.720
2019 78 79 2 2 0 1505.54 0.506 0.720 0.666
2020 79 78 2 2 0 1505.54 0.506 0.720 0.666
2021 78 98 2 2 0 2502.74 0.880 0.698 0.744
2022 98 78 2 2 0 2502.74 0.880 0.698 0.744
2023 78 99 2 2 0 1999.10 0.691 0.635 0.649
2024 99 78 2 2 0 1999.10 0.691 0.635 0.649
2025 78 100 2 2 0 2502.74 0.880 0.825 0.839
2026 100 78 2 2 0 2502.74 0.880 0.825 0.839
2027 79 80 2 2 0 1505.54 0.506 0.751 0.690
2028 80 79 2 2 0 1505.54 0.506 0.751 0.690
2029 79 99 2 2 0 2502.74 0.880 0.635 0.696
2030 99 79 2 2 0 2502.74 0.880 0.635 0.696
2031 79 100 2 2 0 1999.10 0.691 0.825 0.792
2032 100 79 2 2 0 1999.10 0.691 0.825 0.792
2033 79 101 2 2 0 2502.74 0.880 0.741 0.776
2034 101 79 2 2 0 2502.74 0.880 0.741 0.776
2035 80 81 2 2 0 1505.54 0.506 0.645 0.611
2036 81 80 2 2 0 1505.54 0.506 0.645 0.611
2037 80 100 2 2 0 2502.74 0.880 0.857 0.863
2038 100 80 2 2 0 2502.74 0.880 0.857 0.863
2039 80 101 2 2 0 1999.10 0.691 0.772 0.752
2040 101 80 2 2 0 1999.10 0.691 0.772 0.752
2041 80 102 2 2 0 2502.74 0.880 0.741 0.776
2042 102 80 2 2 0 2502.74 0.880 0.741 0.776
2043 81 82 2 2 0 1505.54 0.506 0.635 0.603
2044 82 81 2 2 0 1505.54 0.506 0.635 0.603
2045 81 102 2 2 0 1999.10 0.691 0.603 0.625
2046 102 81 2 2 0 1999.10 0.691 0.603 0.625
2047 81 103 2 2 0 2502.74 0.880 0.497 0.593
2048 103 81 2 2 0 2502.74 0.880 0.497 0.593
2049 82 83 2 2 0 1505.54 0.506 0.751 0.690
2050 83 82 2 2 0 1505.54 0.506 0.751 0.690
2051 82 102 2 2 0 2502.74 0.880 0.730 0.768
2052 102 82 2 2 0 2502.74 0.880 0.730 0.768
2053 82 103 2 2 0 1999.10 0.691 0.624 0.641
2054 103 82 2 2 0 1999.10 0.691 0.624 0.641
2055 82 104 2 2 0 2502.74 0.880 0.709 0.752
2056 104 82 2 2 0 2502.74 0.880 0.709 0.752
2057 83 84 2 2 0 1505.54 0.506 0.825 0.746
2058 84 83 2 2 0 1505.54 0.506 0.825 0.746
2059 83 103 2 2 0 2502.74 0.880 0.614 0.680
2060 103 83 2 2 0 2502.74 0.880 0.614 0.680
2061 83 104 2 2 0 1999.10 0.691 0.698 0.697
2062 104 83 2 2 0 1999.10 0.691 0.698 0.697
2063 83 105 2 2 0 2502.74 0.880 0.624 0.688
2064 105 83 2 2 0 2502.74 0.880 0.624 0.688
2065 84 85 2 2 0 1505.54 0.506 0.487 0.492
2066 85 84 2 2 0 1505.54 0.506 0.487 0.492
2067 84 104 2 2 0 2502.74 0.880 0.783 0.807
2068 104 84 2 2 0 2502.74 0.880 0.783 0.807
2069 84 105 2 2 0 1999.10 0.691 0.709 0.705
2070 105 84 2 2 0 1999.10 0.691 0.709 0.705
2071 84 106 2 2 0 2502.74 0.880 0.497 0.593
2072 106 84 2 2 0 2502.74 0.880 0.497 0.593
2073 85 86 2 2 0 1505.54 0.506 0.063 0.174
2074 86 85 2 2 0 1505.54 0.506 0.063 0.174
2075 85 105 2 2 0 2502.74 0.880 0.286 0.434
2076 105 85 2 2 0 2502.74 0.880 0.286 0.434
2077 85 106 2 2 0 1999.10 0.691 0.074 0.228
2078 106 85 2 2 0 1999.10 0.691 0.074 0.228
2079 85 107 2 2 0 2502.74 0.880 0.074 0.276
2080 107 85 2 2 0 2502.74 0.880 0.074 0.276
2081 86 87 2 2 0 1505.54 0.506 0.063 0.174
2082 87 86 2 2 0 1505.54 0.506 0.063 0.174
2083 86 106 2 2 0 2502.74 0.880 0.074 0.276
2084 106 86 2 2 0 2502.74 0.880 0.074 0.276
2085 86 107 2 2 0 1999.10 0.691 0.074 0.228
2086 107 86 2 2 0 1999.10 0.691 0.074 0.228
2087 86 108 2 2 0 2502.74 0.880 0.053 0.260
2088 108 86 2 2 0 2502.74 0.880 0.053 0.260
2089 87 88 2 2 0 1505.54 0.506 0.063 0.174
2090 88 87 2 2 0 1505.54 0.506 0.063 0.174
2091 87 107 2 2 0 2502.74 0.880 0.074 0.276
2092 107 87 2 2 0 2502.74 0.880 0.074 0.276
2093 87 108 2 2 0 1999.10 0.691 0.053 0.213
2094 108 87 2 2 0 1999.10 0.691 0.053 0.213
2095 87 109 2 2 0 2502.74 0.880 0.074 0.276
2096 109 87 2 2 0 2502.74 0.880 0.074 0.276
2097 88 89 2 2 0 1505.54 0.506 0.063 0.174
2098 89 88 2 2 0 1505.54 0.506 0.063 0.174
2099 88 108 2 2 0 2502.74 0.880 0.053 0.260
2100 108 88 2 2 0 2502.74 0.880 0.053 0.260
2101 88 109 2 2 0 1999.10 0.691 0.074 0.228
2102 109 88 2 2 0 1999.10 0.691 0.074 0.228
2103 88 110 2 2 0 2502.74 0.880 0.063 0.268
2104 110 88 2 2 0 2502.74 0.880 0.063 0.268
2105 89 90 2 2 0 1505.54 0.506 0.063 0.174
2106 90 89 2 2 0 1505.54 0.506 0.063 0.174
2107 89 109 2 2 0 2502.74 0.880 0.074 0.276
2108 109 89 2 2 0 2502.74 0.880 0.074 0.276
2109 89 110 2 2 0 1999.10 0.691 0.063 0.220
2110 110 89 2 2 0 1999.10 0.691 0.063 0.220
2111 89 111 2 2 0 2502.74 0.880 0.063 0.268
2112 111 89 2 2 0 2502.74 0.880 0.063 0.268
2113 90 91 2 2 0 1505.54 0.506 0.063 0.174
2114 91 90 2 2 0 1505.54 0.506 0.063 0.174
2115 90 110 2 2 0 2502.74 0.880 0.063 0.268
2116 110 90 2 2 0 2502.74 0.880 0.063 0.268
2117 90 111 2 2 0 1999.10 0.691 0.063 0.220
2118 111 90 2 2 0 1999.10 0.691 0.063 0.220
2119 90 112 2 2 0 2502.74 0.880 0.074 0.276
2120 112 90 2 2 0 2502.74 0.880 0.074 0.276
2121 91 92 2 2 0 1505.54 0.506 0.074 0.182
2122 92 91 2 2 0 1505.54 0.506 0.074 0.182
2123 91 111 2 2 0 2502.74 0.880 0.063 0.268
2124 111 91 2 2 0 2502.74 0.880 0.063 0.268
2125 91 112 2 2 0 1999.10 0.691 0.074 0.228
2126 112 91 2 2 0 1999.10 0.691 0.074 0.228
2127 91 113 2 2 0 2502.74 0.880 0.063 0.268
2128 113 91 2 2 0 2502.74 0.880 0.063 0.268
2129 92 93 2 2 0 1505.54 0.506 0.063 0.174
2130 93 92 2 2 0 1505.54 0.506 0.063 0.174
2131 92 112 2 2 0 2502.74 0.880 0.085 0.284
2132 112 92 2 2 0 2502.74 0.880 0.085 0.284
2133 92 113 2 2 0 1999.10 0.691 0.074 0.228
2134 113 92 2 2 0 1999.10 0.691 0.074 0.228
2135 92 114 2 2 0 2502.74 0.880 0.063 0.268
2136 114 92 2 2 0 2502.74 0.880 0.063 0.268
2137 93 94 2 2 0 1505.54 0.506 0.053 0.166
2138 94 93 2 2 0 1505.54 0.506 0.053 0.166
2139 93 113 2 2 0 2502.74 0.880 0.053 0.260
2140 113 93 2 2 0 2502.74 0.880 0.053 0.260
2141 93 114 2 2 0 1999.10 0.691 0.042 0.205
2142 114 93 2 2 0 1999.10 0.691 0.042 0.205
2143 93 115 2 2 0 2502.74 0.880 0.053 0.260
2144 115 93 2 2 0 2502.74 0.880 0.053 0.260
2145 94 95 2 2 0 1505.54 0.506 0.063 0.174
2146 95 94 2 2 0 1505.54 0.506 0.063 0.174
2147 94 114 2 2 0 2502.74 0.880 0.053 0.260
2148 114 94 2 2 0 2502.74 0.880 0.053 0.260
2149 94 115 2 2 0 1999.10 0.691 0.063 0.220
2150 115 94 2 2 0 1999.10 0.691 0.063 0.220
2151 94 116 2 2 0 2502.74 0.880 0.063 0.268
2152 116 94 2 2 0 2502.74 0.880 0.063 0.268
2153 95 96 2 2 0 1505.54 0.506 0.074 0.182
2154 96 95 2 2 0 1505.54 0.506 0.074 0.182
2155 95 116 2 2 0 1999.10 0.691 0.063 0.220
2156 116 95 2 2 0 1999.10 0.691 0.063 0.220
2157 95 117 2 2 0 2502.74 0.880 0.074 0.276
2158 117 95 2 2 0 2502.74 0.880 0.074 0.276
2159 96 116 2 2 0 2502.74 0.880 0.074 0.276
2160 116 96 2 2 0 2502.74 0.880 0.074 0.276
2161 96 117 2 2 0 1999.10 0.691 0.085 0.236
2162 117 96 2 2 0 1999.10 0.691 0.085 0.236
2163 97 98 2 2 0 1505.96 0.506 0.772 0.706
2164 98 97 2 2 0 1505.96 0.506 0.772 0.706
2165 97 118 2 2 0 1999.10 0.691 0.899 0.847
2166 118 97 2 2 0 1999.10 0.691 0.899 0.847
2167 97 119 2 2 0 2502.98 0.881 0.751 0.784
2168 119 97 2 2 0 2502.98 0.881 0.751 0.784
2169 98 99 2 2 0 1505.96 0.506 0.614 0.587
2170 99 98 2 2 0 1505.96 0.506 0.614 0.587
2171 98 118 2 2 0 2502.98 0.881 0.804 0.823
2172 118 98 2 2 0 2502.98 0.881 0.804 0.823
2173 98 119 2 2 0 1999.10 0.691 0.656 0.665
2174 119 98 2 2 0 1999.10 0.691 0.656 0.665
2175 98 120 2 2 0 2502.98 0.881 0.741 0.776
2176 120 98 2 2 0 2502.98 0.881 0.741 0.776
2177 99 100 2 2 0 1505.96 0.506 0.741 0.682
2178 100 99 2 2 0 1505.96 0.506 0.741 0.682
2179 99 119 2 2 0 2502.98 0.881 0.593 0.665
2180 119 99 2 2 0 2502.98 0.881 0.593 0.665
2181 99 120 2 2 0 1999.10 0.691 0.677 0.681
2182 120 99 2 2 0 1999.10 0.691 0.677 0.681
2183 99 121 2 2 0 2502.98 0.881 0.614 0.680
2184 121 99 2 2 0 2502.98 0.881 0.614 0.680
2185 100 101 2 2 0 1505.96 0.506 0.847 0.761
2186 101 100 2 2 0 1505.96 0.506 0.847 0.761
2187 100 120 2 2 0 2502.98 0.881 0.868 0.871
2188 120 100 2 2 0 2502.98 0.881 0.868 0.871
2189 100 121 2 2 0 1999.10 0.691 0.804 0.776
2190 121 100 2 2 0 1999.10 0.691 0.804 0.776
2191 100 122 2 2 0 2502.98 0.881 0.836 0.847
2192 122 100 2 2 0 2502.98 0.881 0.836 0.847
2193 101 102 2 2 0 1505.96 0.506 0.730 0.674
2194 102 101 2 2 0 1505.96 0.506 0.730 0.674
2195 101 121 2 2 0 2502.98 0.881 0.720 0.760
2196 121 101 2 2 0 2502.98 0.881 0.720 0.760
2197 101 122 2 2 0 1999.10 0.691 0.751 0.736
2198 122 101 2 2 0 1999.10 0.691 0.751 0.736
2199 101 123 2 2 0 2502.98 0.881 0.677 0.728
2200 123 101 2 2 0 2502.98 0.881 0.677 0.728
2201 102 103 2 2 0 1505.96 0.506 0.593 0.571
2202 103 102 2 2 0 1505.96 0.506 0.593 0.571
2203 102 122 2 2 0 2502.98 0.881 0.720 0.760
2204 122 102 2 2 0 2502.98 0.881 0.720 0.760
2205 102 123 2 2 0 1999.10 0.691 0.645 0.657
2206 123 102 2 2 0 1999.10 0.691 0.645 0.657
2207 102 124 2 2 0 2502.98 0.881 0.720 0.760
2208 124 102 2 2 0 2502.98 0.881 0.720 0.760
2209 103 104 2 2 0 1505.96 0.506 0.571 0.555
2210 104 103 2 2 0 1505.96 0.506 0.571 0.555
2211 103 124 2 2 0 1999.10 0.691 0.614 0.633
2212 124 103 2 2 0 1999.10 0.691 0.614 0.633
2213 103 125 2 2 0 2502.98 0.881 0.508 0.601
2214 125 103 2 2 0 2502.98 0.881 0.508 0.601
2215 104 105 2 2 0 1505.96 0.506 0.582 0.563
2216 105 104 2 2 0 1505.96 0.506 0.582 0.563
2217 104 124 2 2 0 2502.98 0.881 0.698 0.744
2218 124 104 2 2 0 2502.98 0.881 0.698 0.744
2219 104 125 2 2 0 1999.10 0.691 0.593 0.617
2220 125 104 2 2 0 1999.10 0.691 0.593 0.617
2221 104 126 2 2 0 2502.98 0.881 0.360 0.490
2222 126 104 2 2 0 2502.98 0.881 0.360 0.490
2223 105 106 2 2 0 1505.96 0.506 0.296 0.349
2224 106 105 2 2 0 1505.96 0.506 0.296 0.349
2225 105 125 2 2 0 2502.98 0.881 0.519 0.609
2226 125 105 2 2 0 2502.98 0.881 0.519 0.609
2227 105 126 2 2 0 1999.10 0.691 0.286 0.387
2228 126 105 2 2 0 1999.10 0.691 0.286 0.387
2229 105 127 2 2 0 2502.98 0.881 0.296 0.442
2230 127 105 2 2 0 2502.98 0.881 0.296 0.442
2231 106 107 2 2 0 1505.96 0.506 0.085 0.190
2232 107 106 2 2 0 1505.96 0.506 0.085 0.190
2233 106 126 2 2 0 2502.98 0.881 0.074 0.276
2234 126 106 2 2 0 2502.98 0.881 0.074 0.276
2235 106 127 2 2 0 1999.10 0.691 0.085 0.236
2236 127 106 2 2 0 1999.10 0.691 0.085 0.236
2237 106 128 2 2 0 2502.98 0.881 0.074 0.276
2238 128 106 2 2 0 2502.98 0.881 0.074 0.276
2239 107 108 2 2 0 1505.96 0.506 0.063 0.174
2240 108 107 2 2 0 1505.96 0.506 0.063 0.174
2241 107 127 2 2 0 2502.98 0.881 0.085 0.284
2242 127 107 2 2 0 2502.98 0.881 0.085 0.284
2243 107 128 2 2 0 1999.10 0.691 0.074 0.228
2244 128 107 2 2 0 1999.10 0.691 0.074 0.228
2245 107 129 2 2 0 2502.98 0.881 0.074 0.276
2246 129 107 2 2 0 2502.98 0.881 0.074 0.276
2247 108 109 2 2 0 1505.96 0.506 0.063 0.174
2248 109 108 2 2 0 1505.96 0.506 0.063 0.174
2249 108 128 2 2 0 2502.98 0.881 0.053 0.260
2250 128 108 2 2 0 2502.98 0.881 0.053 0.260
2251 108 129 2 2 0 1999.10 0.691 0.053 0.213
2252 129 108 2 2 0 1999.10 0.691 0.053 0.213
2253 108 130 2 2 0 2502.98 0.881 0.053 0.260
2254 130 108 2 2 0 2502.98 0.881 0.053 0.260
2255 109 110 2 2 0 1505.96 0.506 0.074 0.182
2256 110 109 2 2 0 1505.96 0.506 0.074 0.182
2257 109 129 2 2 0 2502.98 0.881 0.074 0.276
2258 129 109 2 2 0 2502.98 0.881 0.074 0.276
2259 109 130 2 2 0 1999.10 0.691 0.074 0.228
2260 130 109 2 2 0 1999.10 0.691 0.074 0.228
2261 109 131 2 2 0 2502.98 0.881 0.085 0.284
2262 131 109 2 2 0 2502.98 0.881 0.085 0.284
2263 110 111 2 2 0 1505.96 0.506 0.063 0.174
2264 111 110 2 2 0 1505.96 0.506 0.063 0.174
2265 110 130 2 2 0 2502.98 0.881 0.063 0.268
2266 130 110 2 2 0 2502.98 0.881 0.063 0.268
2267 110 131 2 2 0 1999.10 0.691 0.074 0.228
2268 131 110 2 2 0 1999.10 0.691 0.074 0.228
2269 110 132 2 2 0 2502.98 0.881 0.063 0.268
2270 132 110 2 2 0 2502.98 0.881 0.063 0.268
2271 111 112 2 2 0 1505.96 0.506 0.074 0.182
2272 112 111 2 2 0 1505.96 0.506 0.074 0.182
2273 111 131 2 2 0 2502.98 0.881 0.074 0.276
2274 131 111 2 2 0 2502.98 0.881 0.074 0.276
2275 111 132 2 2 0 1999.10 0.691 0.063 0.220
2276 132 111 2 2 0 1999.10 0.691 0.063 0.220
2277 111 133 2 2 0 2502.98 0.881 0.063 0.268
2278 133 111 2 2 0 2502.98 0.881 0.063 0.268
2279 112 113 2 2 0 1505.96 0.506 0.074 0.182
2280 113 112 2 2 0 1505.96 0.506 0.074 0.182
2281 112 132 2 2 0 2502.98 0.881 0.074 0.276
2282 132 112 2 2 0 2502.98 0.881 0.074 0.276
2283 112 133 2 2 0 1999.10 0.691 0.074 0.228
2284 133 112 2 2 0 1999.10 0.691 0.074 0.228
2285 112 134 2 2 0 2502.98 0.881 0.085 0.284
2286 134 112 2 2 0 2502.98 0.881 0.085 0.284
2287 113 114 2 2 0 1505.96 0.506 0.053 0.166
2288 114 113 2 2 0 1505.96 0.506 0.053 0.166
2289 113 133 2 2 0 2502.98 0.881 0.063 0.268
2290 133 113 2 2 0 2502.98 0.881 0.063 0.268
2291 113 134 2 2 0 1999.10 0.691 0.074 0.228
2292 134 113 2 2 0 1999.10 0.691 0.074 0.228
2293 114 115 2 2 0 1505.96 0.506 0.053 0.166
2294 115 114 2 2 0 1505.96 0.506 0.053 0.166
2295 114 134 2 2 0 2502.98 0.881 0.063 0.268
2296 134 114 2 2 0 2502.98 0.881 0.063 0.268
2297 114 136 2 2 0 2502.98 0.881 0.063 0.268
2298 136 114 2 2 0 2502.98 0.881 0.063 0.268
2299 115 116 2 2 0 1505.96 0.506 0.063 0.174
2300 116 115 2 2 0 1505.96 0.506 0.063 0.174
2301 115 136 2 2 0 1999.10 0.691 0.074 0.228
2302 136 115 2 2 0 1999.10 0.691 0.074 0.228
2303 115 137 2 2 0 2502.98 0.881 0.053 0.260
2304 137 115 2 2 0 2502.98 0.881 0.053 0.260
2305 116 117 2 2 0 1505.96 0.506 0.074 0.182
2306 117 116 2 2 0 1505.96 0.506 0.074 0.182
2307 116 136 2 2 0 2502.98 0.881 0.074 0.276
2308 136 116 2 2 0 2502.98 0.881 0.074 0.276
2309 116 137 2 2 0 1999.10 0.691 0.053 0.213
2310 137 116 2 2 0 1999.10 0.691 0.053 0.213
2311 116 138 2 2 0 2502.98 0.881 0.074 0.276
2312 138 116 2 2 0 2502.98 0.881 0.074 0.276
2313 117 137 2 2 0 2502.98 0.881 0.063 0.268
2314 137 117 2 2 0 2502.98 0.881 0.063 0.268
2315 117 138 2 2 0 1999.10 0.691 0.085 0.236
2316 138 117 2 2 0 1999.10 0.691 0.085 0.236
2317 118 119 2 2 0 1506.37 0.506 0.783 0.714
2318 119 118 2 2 0 1506.37 0.506 0.783 0.714
2319 118 139 2 2 0 1999.09 0.691 0.857 0.816
2320 139 118 2 2 0 1999.09 0.691 0.857 0.816
2321 118 140 2 2 0 2503.23 0.881 0.921 0.911
2322 140 118 2 2 0 2503.23 0.881 0.921 0.911
2323 119 120 2 2 0 1506.37 0.506 0.720 0.666
2324 120 119 2 2 0 1506.37 0.506 0.720 0.666
2325 119 139 2 2 0 2503.23 0.881 0.709 0.752
2326 139 119 2 2 0 2503.23 0.881 0.709 0.752
2327 119 140 2 2 0 1999.09 0.691 0.772 0.752
2328 140 119 2 2 0 1999.09 0.691 0.772 0.752
2329 119 141 2 2 0 2503.23 0.881 0.582 0.657
2330 141 119 2 2 0 2503.23 0.881 0.582 0.657
2331 120 121 2 2 0 1506.37 0.506 0.741 0.682
2332 121 120 2 2 0 1506.37 0.506 0.741 0.682
2333 120 140 2 2 0 2503.23 0.881 0.857 0.863
2334 140 120 2 2 0 2503.23 0.881 0.857 0.863
2335 120 141 2 2 0 1999.09 0.691 0.667 0.673
2336 141 120 2 2 0 1999.09 0.691 0.667 0.673
2337 120 142 2 2 0 2503.23 0.881 0.847 0.855
2338 142 120 2 2 0 2503.23 0.881 0.847 0.855
2339 121 122 2 2 0 1506.37 0.506 0.709 0.658
2340 122 121 2 2 0 1506.37 0.506 0.709 0.658
2341 121 141 2 2 0 2503.23 0.881 0.603 0.673
2342 141 121 2 2 0 2503.23 0.881 0.603 0.673
2343 121 142 2 2 0 1999.09 0.691 0.783 0.760
2344 142 121 2 2 0 1999.09 0.691 0.783 0.760
2345 121 143 2 2 0 2503.23 0.881 0.582 0.657
2346 143 121 2 2 0 2503.23 0.881 0.582 0.657
2347 122 123 2 2 0 1506.37 0.506 0.667 0.627
2348 123 122 2 2 0 1506.37 0.506 0.667 0.627
2349 122 142 2 2 0 2503.23 0.881 0.815 0.831
2350 142 122 2 2 0 2503.23 0.881 0.815 0.831
2351 122 143 2 2 0 1999.09 0.691 0.614 0.633
2352 143 122 2 2 0 1999.09 0.691 0.614 0.633
2353 122 144 2 2 0 2503.23 0.881 0.624 0.688
2354 144 122 2 2 0 2503.23 0.881 0.624 0.688
2355 123 124 2 2 0 1506.37 0.506 0.667 0.627
2356 124 123 2 2 0 1506.37 0.506 0.667 0.627
2357 123 143 2 2 0 2503.23 0.881 0.540 0.625
2358 143 123 2 2 0 2503.23 0.881 0.540 0.625
2359 123 144 2 2 0 1999.09 0.691 0.550 0.586
2360 144 123 2 2 0 1999.09 0.691 0.550 0.586
2361 123 145 2 2 0 2503.23 0.881 0.751 0.784
2362 145 123 2 2 0 2503.23 0.881 0.751 0.784
2363 124 125 2 2 0 1506.37 0.506 0.635 0.603
2364 125 124 2 2 0 1506.37 0.506 0.635 0.603
2365 124 144 2 2 0 2503.23 0.881 0.624 0.688
2366 144 124 2 2 0 2503.23 0.881 0.624 0.688
2367 124 145 2 2 0 1999.09 0.691 0.825 0.792
2368 145 124 2 2 0 1999.09 0.691 0.825 0.792
2369 124 146 2 2 0 2503.23 0.881 0.741 0.776
2370 146 124 2 2 0 2503.23 0.881 0.741 0.776
2371 125 126 2 2 0 1506.37 0.506 0.296 0.349
2372 126 125 2 2 0 1506.37 0.506 0.296 0.349
2373 125 145 2 2 0 2503.23 0.881 0.720 0.760
2374 145 125 2 2 0 2503.23 0.881 0.720 0.760
2375 125 146 2 2 0 1999.09 0.691 0.635 0.649
2376 146 125 2 2 0 1999.09 0.691 0.635 0.649
2377 125 147 2 2 0 2503.23 0.881 0.286 0.434
2378 147 125 2 2 0 2503.23 0.881 0.286 0.434
2379 126 127 2 2 0 1506.37 0.506 0.074 0.182
2380 127 126 2 2 0 1506.37 0.506 0.074 0.182
2381 126 146 2 2 0 2503.23 0.881 0.402 0.522
2382 146 126 2 2 0 2503.23 0.881 0.402 0.522
2383 126 147 2 2 0 1999.09 0.691 0.053 0.213
2384 147 126 2 2 0 1999.09 0.691 0.053 0.213
2385 126 148 2 2 0 2503.23 0.881 0.053 0.260
2386 148 126 2 2 0 2503.23 0.881 0.053 0.260
2387 127 128 2 2 0 1506.37 0.506 0.074 0.182
2388 128 127 2 2 0 1506.37 0.506 0.074 0.182
2389 127 147 2 2 0 2503.23 0.881 0.063 0.268
2390 147 127 2 2 0 2503.23 0.881 0.063 0.268
2391 127 148 2 2 0 1999.09 0.691 0.063 0.220
2392 148 127 2 2 0 1999.09 0.691 0.063 0.220
2393 127 149 2 2 0 2503.23 0.881 0.074 0.276
2394 149 127 2 2 0 2503.23 0.881 0.074 0.276
2395 128 129 2 2 0 1506.37 0.506 0.063 0.174
2396 129 128 2 2 0 1506.37 0.506 0.063 0.174
2397 128 148 2 2 0 2503.23 0.881 0.053 0.260
2398 148 128 2 2 0 2503.23 0.881 0.053 0.260
2399 128 149 2 2 0 1999.09 0.691 0.063 0.220
2400 149 128 2 2 0 1999.09 0.691 0.063 0.220
2401 128 150 2 2 0 2503.23 0.881 0.053 0.260
2402 150 128 2 2 0 2503.23 0.881 0.053 0.260
2403 129 130 2 2 0 1506.37 0.506 0.063 0.174
2404 130 129 2 2 0 1506.37 0.506 0.063 0.174
2405 129 149 2 2 0 2503.23 0.881 0.063 0.268
2406 149 129 2 2 0 2503.23 0.881 0.063 0.268
2407 129 150 2 2 0 1999.09 0.691 0.053 0.213
2408 150 129 2 2 0 1999.09 0.691 0.053 0.213
2409 129 151 2 2 0 2503.23 0.881 0.053 0.260
2410 151 129 2 2 0 2503.23 0.881 0.053 0.260
2411 130 131 2 2 0 1506.37 0.506 0.074 0.182
2412 131 130 2 2 0 1506.37 0.506 0.074 0.182
2413 130 150 2 2 0 2503.23 0.881 0.053 0.260
2414 150 130 2 2 0 2503.23 0.881 0.053 0.260
2415 130 151 2 2 0 1999.09 0.691 0.053 0.213
2416 151 130 2 2 0 1999.09 0.691 0.053 0.213
2417 130 152 2 2 0 2503.23 0.881 0.063 0.268
2418 152 130 2 2 0 2503.23 0.881 0.063 0.268
2419 131 132 2 2 0 1506.37 0.506 0.074 0.182
2420 132 131 2 2 0 1506.37 0.506 0.074 0.182
2421 131 151 2 2 0 2503.23 0.881 0.063 0.268
2422 151 131 2 2 0 2503.23 0.881 0.063 0.268
2423 131 152 2 2 0 1999.09 0.691 0.074 0.228
2424 152 131 2 2 0 1999.09 0.691 0.074 0.228
2425 131 153 2 2 0 2503.23 0.881 0.063 0.268
2426 153 131 2 2 0 2503.23 0.881 0.063 0.268
2427 132 133 2 2 0 1506.37 0.506 0.063 0.174
2428 133 132 2 2 0 1506.37 0.506 0.063 0.174
2429 132 152 2 2 0 2503.23 0.881 0.063 0.268
2430 152 132 2 2 0 2503.23 0.881 0.063 0.268
2431 132 153 2 2 0 1999.09 0.691 0.053 0.213
2432 153 132 2 2 0 1999.09 0.691 0.053 0.213
2433 132 154 2 2 0 2503.23 0.881 0.063 0.268
2434 154 132 2 2 0 2503.23 0.881 0.063 0.268
2435 133 134 2 2 0 1506.37 0.506 0.074 0.182
2436 134 133 2 2 0 1506.37 0.506 0.074 0.182
2437 133 153 2 2 0 2503.23 0.881 0.053 0.260
2438 153 133 2 2 0 2503.23 0.881 0.053 0.260
2439 133 154 2 2 0 1999.09 0.691 0.063 0.220
2440 154 133 2 2 0 1999.09 0.691 0.063 0.220
2441 133 155 2 2 0 2503.23 0.881 0.063 0.268
2442 155 133 2 2 0 2503.23 0.881 0.063 0.268
2443 134 154 2 2 0 2503.23 0.881 0.074 0.276
2444 154 134 2 2 0 2503.23 0.881 0.074 0.276
2445 134 155 2 2 0 1999.09 0.691 0.074 0.228
2446 155 134 2 2 0 1999.09 0.691 0.074 0.228
2447 134 156 2 2 0 2503.23 0.881 0.074 0.276
2448 156 134 2 2 0 2503.23 0.881 0.074 0.276
2449 136 137 2 2 0 1506.37 0.506 0.063 0.174
2450 137 136 2 2 0 1506.37 0.506 0.063 0.174
2451 136 156 2 2 0 2503.23 0.881 0.074 0.276
2452 156 136 2 2 0 2503.23 0.881 0.074 0.276
2453 136 157 2 2 0 1999.09 0.691 0.074 0.228
2454 157 136 2 2 0 1999.09 0.691 0.074 0.228
2455 136 158 2 2 0 2503.23 0.881 0.074 0.276
2456 158 136 2 2 0 2503.23 0.881 0.074 0.276
2457 137 138 2 2 0 1506.37 0.506 0.063 0.174
2458 138 137 2 2 0 1506.37 0.506 0.063 0.174
2459 137 157 2 2 0 2503.23 0.881 0.053 0.260
2460 157 137 2 2 0 2503.23 0.881 0.053 0.260
2461 137 158 2 2 0 1999.09 0.691 0.053 0.213
2462 158 137 2 2 0 1999.09 0.691 0.053 0.213
2463 137 159 2 2 0 2503.23 0.881 0.053 0.260
2464 159 137 2 2 0 2503.23 0.881 0.053 0.260
2465 138 158 2 2 0 2503.23 0.881 0.074 0.276
2466 158 138 2 2 0 2503.23 0.881 0.074 0.276
2467 138 159 2 2 0 1999.09 0.691 0.074 0.228
2468 159 138 2 2 0 1999.09 0.691 0.074 0.228
2469 139 140 2 2 0 1506.79 0.506 0.847 0.762
2470 140 139 2 2 0 1506.79 0.506 0.847 0.762
2471 139 160 2 2 0 1999.08 0.691 0.698 0.697
2472 160 139 2 2 0 1999.08 0.691 0.698 0.697
2473 139 161 2 2 0 2503.47 0.881 0.709 0.752
2474 161 139 2 2 0 2503.47 0.881 0.709 0.752
2475 140 141 2 2 0 1506.79 0.506 0.720 0.666
2476 141 140 2 2 0 1506.79 0.506 0.720 0.666
2477 140 160 2 2 0 2503.47 0.881 0.762 0.792
2478 160 140 2 2 0 2503.47 0.881 0.762 0.792
2479 140 161 2 2 0 1999.08 0.691 0.772 0.752
2480 161 140 2 2 0 1999.08 0.691 0.772 0.752
2481 140 162 2 2 0 2503.47 0.881 0.751 0.784
2482 162 140 2 2 0 2503.47 0.881 0.751 0.784
2483 141 142 2 2 0 1506.79 0.506 0.709 0.658
2484 142 141 2 2 0 1506.79 0.506 0.709 0.658
2485 141 161 2 2 0 2503.47 0.881 0.582 0.657
2486 161 141 2 2 0 2503.47 0.881 0.582 0.657
2487 141 162 2 2 0 1999.08 0.691 0.561 0.593
2488 162 141 2 2 0 1999.08 0.691 0.561 0.593
2489 141 163 2 2 0 2503.47 0.881 0.688 0.736
2490 163 141 2 2 0 2503.47 0.881 0.688 0.736
2491 142 143 2 2 0 1506.79 0.506 0.688 0.642
2492 143 142 2 2 0 1506.79 0.506 0.688 0.642
2493 142 162 2 2 0 2503.47 0.881 0.741 0.776
2494 162 142 2 2 0 2503.47 0.881 0.741 0.776
2495 142 163 2 2 0 1999.08 0.691 0.868 0.824
2496 163 142 2 2 0 1999.08 0.691 0.868 0.824
2497 142 164 2 2 0 2503.47 0.881 0.857 0.863
2498 164 142 2 2 0 2503.47 0.881 0.857 0.863
2499 143 144 2 2 0 1506.79 0.506 0.497 0.500
2500 144 143 2 2 0 1506.79 0.506 0.497 0.500
2501 143 163 2 2 0 2503.47 0.881 0.667 0.720
2502 163 143 2 2 0 2503.47 0.881 0.667 0.720
2503 143 164 2 2 0 1999.08 0.691 0.656 0.665
2504 164 143 2 2 0 1999.08 0.691 0.656 0.665
2505 143 165 2 2 0 2503.47 0.881 0.656 0.712
2506 165 143 2 2 0 2503.47 0.881 0.656 0.712
2507 144 145 2 2 0 1506.79 0.506 0.709 0.658
2508 145 144 2 2 0 1506.79 0.506 0.709 0.658
2509 144 164 2 2 0 2503.47 0.881 0.667 0.720
2510 164 144 2 2 0 2503.47 0.881 0.667 0.720
2511 144 165 2 2 0 1999.08 0.691 0.667 0.673
2512 165 144 2 2 0 1999.08 0.691 0.667 0.673
2513 144 166 2 2 0 2503.47 0.881 0.730 0.768
2514 166 144 2 2 0 2503.47 0.881 0.730 0.768
2515 145 146 2 2 0 1506.79 0.506 0.825 0.746
2516 146 145 2 2 0 1506.79 0.506 0.825 0.746
2517 145 165 2 2 0 2503.47 0.881 0.868 0.871
2518 165 145 2 2 0 2503.47 0.881 0.868 0.871
2519 145 166 2 2 0 1999.08 0.691 0.931 0.871
2520 166 145 2 2 0 1999.08 0.691 0.931 0.871
2521 145 167 2 2 0 2503.47 0.881 0.921 0.911
2522 167 145 2 2 0 2503.47 0.881 0.921 0.911
2523 146 147 2 2 0 1506.79 0.506 0.392 0.420
2524 147 146 2 2 0 1506.79 0.506 0.392 0.420
2525 146 166 2 2 0 2503.47 0.881 0.847 0.855
2526 166 146 2 2 0 2503.47 0.881 0.847 0.855
2527 146 167 2 2 0 1999.08 0.691 0.836 0.800
2528 167 146 2 2 0 1999.08 0.691 0.836 0.800
2529 146 168 2 2 0 2503.47 0.881 0.413 0.530
2530 168 146 2 2 0 2503.47 0.881 0.413 0.530
2531 147 148 2 2 0 1506.79 0.506 0.042 0.158
2532 148 147 2 2 0 1506.79 0.506 0.042 0.158
2533 147 167 2 2 0 2503.47 0.881 0.487 0.585
2534 167 147 2 2 0 2503.47 0.881 0.487 0.585
2535 147 168 2 2 0 1999.08 0.691 0.063 0.220
2536 168 147 2 2 0 1999.08 0.691 0.063 0.220
2537 147 169 2 2 0 2503.47 0.881 0.053 0.260
2538 169 147 2 2 0 2503.47 0.881 0.053 0.260
2539 148 149 2 2 0 1506.79 0.506 0.053 0.166
2540 149 148 2 2 0 1506.79 0.506 0.053 0.166
2541 148 168 2 2 0 2503.47 0.881 0.063 0.268
2542 168 148 2 2 0 2503.47 0.881 0.063 0.268
2543 148 169 2 2 0 1999.08 0.691 0.053 0.213
2544 169 148 2 2 0 1999.08 0.691 0.053 0.213
2545 148 170 2 2 0 2503.47 0.881 0.063 0.268
2546 170 148 2 2 0 2503.47 0.881 0.063 0.268
2547 149 150 2 2 0 1506.79 0.506 0.053 0.166
2548 150 149 2 2 0 1506.79 0.506 0.053 0.166
2549 149 169 2 2 0 2503.47 0.881 0.063 0.268
2550 169 149 2 2 0 2503.47 0.881 0.063 0.268
2551 149 170 2 2 0 1999.08 0.691 0.074 0.228
2552 170 149 2 2 0 1999.08 0.691 0.074 0.228
2553 149 171 2 2 0 2503.47 0.881 0.053 0.260
2554 171 149 2 2 0 2503.47 0.881 0.053 0.260
2555 150 151 2 2 0 1506.79 0.506 0.042 0.158
2556 151 150 2 2 0 1506.79 0.506 0.042 0.158
2557 150 170 2 2 0 2503.47 0.881 0.063 0.268
2558 170 150 2 2 0 2503.47 0.881 0.063 0.268
2559 150 171 2 2 0 1999.08 0.691 0.042 0.205
2560 171 150 2 2 0 1999.08 0.691 0.042 0.205
2561 150 172 2 2 0 2503.47 0.881 0.053 0.260
2562 172 150 2 2 0 2503.47 0.881 0.053 0.260
2563 151 152 2 2 0 1506.79 0.506 0.053 0.166
2564 152 151 2 2 0 1506.79 0.506 0.053 0.166
2565 151 171 2 2 0 2503.47 0.881 0.042 0.252
2566 171 151 2 2 0 2503.47 0.881 0.042 0.252
2567 151 172 2 2 0 1999.08 0.691 0.053 0.213
2568 172 151 2 2 0 1999.08 0.691 0.053 0.213
2569 151 173 2 2 0 2503.47 0.881 0.063 0.268
2570 173 151 2 2 0 2503.47 0.881 0.063 0.268
2571 152 153 2 2 0 1506.79 0.506 0.053 0.166
2572 153 152 2 2 0 1506.79 0.506 0.053 0.166
2573 152 172 2 2 0 2503.47 0.881 0.063 0.268
2574 172 152 2 2 0 2503.47 0.881 0.063 0.268
2575 152 173 2 2 0 1999.08 0.691 0.074 0.228
2576 173 152 2 2 0 1999.08 0.691 0.074 0.228
2577 152 174 2 2 0 2503.47 0.881 0.063 0.268
2578 174 152 2 2 0 2503.47 0.881 0.063 0.268
2579 153 154 2 2 0 1506.79 0.506 0.053 0.166
2580 154 153 2 2 0 1506.79 0.506 0.053 0.166
2581 153 173 2 2 0 2503.47 0.881 0.063 0.268
2582 173 153 2 2 0 2503.47 0.881 0.063 0.268
2583 153 174 2 2 0 1999.08 0.691 0.053 0.213
2584 174 153 2 2 0 1999.08 0.691 0.053 0.213
2585 153 175 2 2 0 2503.47 0.881 0.053 0.260
2586 175 153 2 2 0 2503.47 0.881 0.053 0.260
2587 154 155 2 2 0 1506.79 0.506 0.063 0.174
2588 155 154 2 2 0 1506.79 0.506 0.063 0.174
2589 154 174 2 2 0 2503.47 0.881 0.063 0.268
2590 174 154 2 2 0 2503.47 0.881 0.063 0.268
2591 154 175 2 2 0 1999.08 0.691 0.063 0.220
2592 175 154 2 2 0 1999.08 0.691 0.063 0.220
2593 155 156 2 2 0 1506.79 0.506 0.063 0.174
2594 156 155 2 2 0 1506.79 0.506 0.063 0.174
2595 155 175 2 2 0 2503.47 0.881 0.063 0.268
2596 175 155 2 2 0 2503.47 0.881 0.063 0.268
2597 155 176 2 2 0 1999.08 0.691 0.074 0.228
2598 176 155 2 2 0 1999.08 0.691 0.074 0.228
2599 155 177 2 2 0 2503.47 0.881 0.053 0.260
2600 177 155 2 2 0 2503.47 0.881 0.053 0.260
2601 156 157 2 2 0 1506.79 0.506 0.063 0.174
2602 157 156 2 2 0 1506.79 0.506 0.063 0.174
2603 156 176 2 2 0 2503.47 0.881 0.074 0.276
2604 176 156 2 2 0 2503.47 0.881 0.074 0.276
2605 156 177 2 2 0 1999.08 0.691 0.053 0.213
2606 177 156 2 2 0 1999.08 0.691 0.053 0.213
2607 156 178 2 2 0 2503.47 0.881 0.074 0.276
2608 178 156 2 2 0 2503.47 0.881 0.074 0.276
2609 157 158 2 2 0 1506.79 0.506 0.063 0.174
2610 158 157 2 2 0 1506.79 0.506 0.063 0.174
2611 157 177 2 2 0 2503.47 0.881 0.053 0.260
2612 177 157 2 2 0 2503.47 0.881 0.053 0.260
2613 157 178 2 2 0 1999.08 0.691 0.074 0.228
2614 178 157 2 2 0 1999.08 0.691 0.074 0.228
2615 157 179 2 2 0 2503.47 0.881 0.063 0.268
2616 179 157 2 2 0 2503.47 0.881 0.063 0.268
2617 158 159 2 2 0 1506.79 0.506 0.063 0.174
2618 159 158 2 2 0 1506.79 0.506 0.063 0.174
2619 158 178 2 2 0 2503.47 0.881 0.074 0.276
2620 178 158 2 2 0 2503.47 0.881 0.074 0.276
2621 158 179 2 2 0 1999.08 0.691 0.063 0.220
2622 179 158 2 2 0 1999.08 0.691 0.063 0.220
2623 158 180 2 2 0 2503.47 0.881 0.074 0.276
2624 180 158 2 2 0 2503.47 0.881 0.074 0.276
2625 159 179 2 2 0 2503.47 0.881 0.063 0.268
2626 179 159 2 2 0 2503.47 0.881 0.063 0.268
2627 159 180 2 2 0 1999.08 0.691 0.074 0.228
2628 180 159 2 2 0 1999.08 0.691 0.074 0.228
2629 160 161 2 2 0 1507.20 0.507 0.624 0.595
2630 161 160 2 2 0 1507.20 0.507 0.624 0.595
2631 160 181 2 2 0 1999.08 0.691 0.645 0.657
2632 181 160 2 2 0 1999.08 0.691 0.645 0.657
2633 160 182 2 2 0 2503.71 0.881 0.677 0.728
2634 182 160 2 2 0 2503.71 0.881 0.677 0.728
2635 161 162 2 2 0 1507.20 0.507 0.614 0.587
2636 162 161 2 2 0 1507.20 0.507 0.614 0.587
2637 161 181 2 2 0 2503.71 0.881 0.656 0.712
2638 181 161 2 2 0 2503.71 0.881 0.656 0.712
2639 161 182 2 2 0 1999.08 0.691 0.688 0.689
2640 182 161 2 2 0 1999.08 0.691 0.688 0.689
2641 161 183 2 2 0 2503.71 0.881 0.688 0.736
2642 183 161 2 2 0 2503.71 0.881 0.688 0.736
2643 162 163 2 2 0 1507.20 0.507 0.720 0.666
2644 163 162 2 2 0 1507.20 0.507 0.720 0.666
2645 162 182 2 2 0 2503.71 0.881 0.667 0.720
2646 182 162 2 2 0 2503.71 0.881 0.667 0.720
2647 162 183 2 2 0 1999.08 0.691 0.667 0.673
2648 183 162 2 2 0 1999.08 0.691 0.667 0.673
2649 162 184 2 2 0 2503.71 0.881 0.571 0.649
2650 184 162 2 2 0 2503.71 0.881 0.571 0.649
2651 163 164 2 2 0 1507.20 0.507 0.836 0.754
2652 164 163 2 2 0 1507.20 0.507 0.836 0.754
2653 163 183 2 2 0 2503.71 0.881 0.794 0.815
2654 183 163 2 2 0 2503.71 0.881 0.794 0.815
2655 163 184 2 2 0 1999.08 0.691 0.698 0.697
2656 184 163 2 2 0 1999.08 0.691 0.698 0.697
2657 163 185 2 2 0 2503.71 0.881 0.825 0.839
2658 185 163 2 2 0 2503.71 0.881 0.825 0.839
2659 164 165 2 2 0 1507.20 0.507 0.825 0.746
2660 165 164 2 2 0 1507.20 0.507 0.825 0.746
2661 164 184 2 2 0 2503.71 0.881 0.688 0.736
2662 184 164 2 2 0 2503.71 0.881 0.688 0.736
2663 164 185 2 2 0 1999.08 0.691 0.815 0.784
2664 185 164 2 2 0 1999.08 0.691 0.815 0.784
2665 164 186 2 2 0 2503.71 0.881 0.815 0.831
2666 186 164 2 2 0 2503.71 0.881 0.815 0.831
2667 165 166 2 2 0 1507.20 0.507 0.889 0.793
2668 166 165 2 2 0 1507.20 0.507 0.889 0.793
2669 165 185 2 2 0 2503.71 0.881 0.815 0.831
2670 185 165 2 2 0 2503.71 0.881 0.815 0.831
2671 165 186 2 2 0 1999.08 0.691 0.815 0.784
2672 186 165 2 2 0 1999.08 0.691 0.815 0.784
2673 165 187 2 2 0 2503.71 0.881 0.772 0.800
2674 187 165 2 2 0 2503.71 0.881 0.772 0.800
2675 166 167 2 2 0 1507.20 0.507 0.942 0.833
2676 167 166 2 2 0 1507.20 0.507 0.942 0.833
2677 166 186 2 2 0 2503.71 0.881 0.878 0.879
2678 186 166 2 2 0 2503.71 0.881 0.878 0.879
2679 166 187 2 2 0 1999.08 0.691 0.836 0.800
2680 187 166 2 2 0 1999.08 0.691 0.836 0.800
2681 166 188 2 2 0 2503.71 0.881 0.847 0.855
2682 188 166 2 2 0 2503.71 0.881 0.847 0.855
2683 167 168 2 2 0 1507.20 0.507 0.508 0.508
2684 168 167 2 2 0 1507.20 0.507 0.508 0.508
2685 167 187 2 2 0 2503.71 0.881 0.825 0.839
2686 187 167 2 2 0 2503.71 0.881 0.825 0.839
2687 167 188 2 2 0 1999.08 0.691 0.836 0.800
2688 188 167 2 2 0 1999.08 0.691 0.836 0.800
2689 167 189 2 2 0 2503.71 0.881 0.497 0.593
2690 189 167 2 2 0 2503.71 0.881 0.497 0.593
2691 168 169 2 2 0 1507.20 0.507 0.074 0.182
2692 169 168 2 2 0 1507.20 0.507 0.074 0.182
2693 168 188 2 2 0 2503.71 0.881 0.413 0.530
2694 188 168 2 2 0 2503.71 0.881 0.413 0.530
2695 168 189 2 2 0 1999.08 0.691 0.074 0.228
2696 189 168 2 2 0 1999.08 0.691 0.074 0.228
2697 168 190 2 2 0 2503.71 0.881 0.074 0.276
2698 190 168 2 2 0 2503.71 0.881 0.074 0.276
2699 169 170 2 2 0 1507.20 0.507 0.074 0.182
2700 170 169 2 2 0 1507.20 0.507 0.074 0.182
2701 169 189 2 2 0 2503.71 0.881 0.063 0.268
2702 189 169 2 2 0 2503.71 0.881 0.063 0.268
2703 169 190 2 2 0 1999.08 0.691 0.063 0.220
2704 190 169 2 2 0 1999.08 0.691 0.063 0.220
2705 169 191 2 2 0 2503.71 0.881 0.053 0.260
2706 191 169 2 2 0 2503.71 0.881 0.053 0.260
2707 170 171 2 2 0 1507.20 0.507 0.063 0.174
2708 171 170 2 2 0 1507.20 0.507 0.063 0.174
2709 170 190 2 2 0 2503.71 0.881 0.074 0.276
2710 190 170 2 2 0 2503.71 0.881 0.074 0.276
2711 170 191 2 2 0 1999.08 0.691 0.063 0.220
2712 191 170 2 2 0 1999.08 0.691 0.063 0.220
2713 170 192 2 2 0 2503.71 0.881 0.159 0.339
2714 192 170 2 2 0 2503.71 0.881 0.159 0.339
2715 171 172 2 2 0 1507.20 0.507 0.053 0.166
2716 172 171 2 2 0 1507.20 0.507 0.053 0.166
2717 171 191 2 2 0 2503.71 0.881 0.042 0.252
2718 191 171 2 2 0 2503.71 0.881 0.042 0.252
2719 171 192 2 2 0 1999.08 0.691 0.138 0.276
2720 192 171 2 2 0 1999.08 0.691 0.138 0.276
2721 171 193 2 2 0 2503.71 0.881 0.063 0.268
2722 193 171 2 2 0 2503.71 0.881 0.063 0.268
2723 172 173 2 2 0 1507.20 0.507 0.074 0.182
2724 173 172 2 2 0 1507.20 0.507 0.074 0.182
2725 172 192 2 2 0 2503.71 0.881 0.148 0.331
2726 192 172 2 2 0 2503.71 0.881 0.148 0.331
2727 172 193 2 2 0 1999.08 0.691 0.074 0.228
2728 193 172 2 2 0 1999.08 0.691 0.074 0.228
2729 172 194 2 2 0 2503.71 0.881 0.063 0.268
2730 194 172 2 2 0 2503.71 0.881 0.063 0.268
2731 173 174 2 2 0 1507.20 0.507 0.074 0.182
2732 174 173 2 2 0 1507.20 0.507 0.074 0.182
2733 173 193 2 2 0 2503.71 0.881 0.085 0.284
2734 193 173 2 2 0 2503.71 0.881 0.085 0.284
2735 173 194 2 2 0 1999.08 0.691 0.074 0.228
2736 194 173 2 2 0 1999.08 0.691 0.074 0.228
2737 173 195 2 2 0 2503.71 0.881 0.074 0.276
2738 195 173 2 2 0 2503.71 0.881 0.074 0.276
2739 174 175 2 2 0 1507.20 0.507 0.063 0.174
2740 175 174 2 2 0 1507.20 0.507 0.063 0.174
2741 174 194 2 2 0 2503.71 0.881 0.063 0.268
2742 194 174 2 2 0 2503.71 0.881 0.063 0.268
2743 174 195 2 2 0 1999.08 0.691 0.063 0.220
2744 195 174 2 2 0 1999.08 0.691 0.063 0.220
2745 174 196 2 2 0 2503.71 0.881 0.063 0.268
2746 196 174 2 2 0 2503.71 0.881 0.063 0.268
2747 175 176 2 2 0 1507.20 0.507 0.074 0.182
2748 176 175 2 2 0 1507.20 0.507 0.074 0.182
2749 175 195 2 2 0 2503.71 0.881 0.063 0.268
2750 195 175 2 2 0 2503.71 0.881 0.063 0.268
2751 175 196 2 2 0 1999.08 0.691 0.063 0.220
2752 196 175 2 2 0 1999.08 0.691 0.063 0.220
2753 175 197 2 2 0 2503.71 0.881 0.053 0.260
2754 197 175 2 2 0 2503.71 0.881 0.053 0.260
2755 176 177 2 2 0 1507.20 0.507 0.063 0.174
2756 177 176 2 2 0 1507.20 0.507 0.063 0.174
2757 176 196 2 2 0 2503.71 0.881 0.074 0.276
2758 196 176 2 2 0 2503.71 0.881 0.074 0.276
2759 176 197 2 2 0 1999.08 0.691 0.063 0.220
2760 197 176 2 2 0 1999.08 0.691 0.063 0.220
2761 176 198 2 2 0 2503.71 0.881 0.138 0.323
2762 198 176 2 2 0 2503.71 0.881 0.138 0.323
2763 177 178 2 2 0 1507.20 0.507 0.063 0.174
2764 178 177 2 2 0 1507.20 0.507 0.063 0.174
2765 177 197 2 2 0 2503.71 0.881 0.042 0.252
2766 197 177 2 2 0 2503.71 0.881 0.042 0.252
2767 177 198 2 2 0 1999.08 0.691 0.116 0.260
2768 198 177 2 2 0 1999.08 0.691 0.116 0.260
2769 177 199 2 2 0 2503.71 0.881 0.085 0.284
2770 199 177 2 2 0 2503.71 0.881 0.085 0.284
2771 178 179 2 2 0 1507.20 0.507 0.074 0.182
2772 179 178 2 2 0 1507.20 0.507 0.074 0.182
2773 178 198 2 2 0 2503.71 0.881 0.138 0.323
2774 198 178 2 2 0 2503.71 0.881 0.138 0.323
2775 178 199 2 2 0 1999.08 0.691 0.106 0.252
2776 199 178 2 2 0 1999.08 0.691 0.106 0.252
2777 178 200 2 2 0 2503.71 0.881 0.074 0.276
2778 200 178 2 2 0 2503.71 0.881 0.074 0.276
2779 179 180 2 2 0 1507.20 0.507 0.074 0.182
2780 180 179 2 2 0 1507.20 0.507 0.074 0.182
2781 179 199 2 2 0 2503.71 0.881 0.095 0.292
2782 199 179 2 2 0 2503.71 0.881 0.095 0.292
2783 179 200 2 2 0 1999.08 0.691 0.063 0.220
2784 200 179 2 2 0 1999.08 0.691 0.063 0.220
2785 179 201 2 2 0 2503.71 0.881 0.063 0.268
2786 201 179 2 2 0 2503.71 0.881 0.063 0.268
2787 180 200 2 2 0 2503.71 0.881 0.074 0.276
2788 200 180 2 2 0 2503.71 0.881 0.074 0.276
2789 180 201 2 2 0 1999.08 0.691 0.074 0.228
2790 201 180 2 2 0 1999.08 0.691 0.074 0.228
2791 181 182 2 2 0 1507.61 0.507 0.709 0.658
2792 182 181 2 2 0 1507.61 0.507 0.709 0.658
2793 181 202 2 2 0 1999.07 0.691 0.413 0.482
2794 202 181 2 2 0 1999.07 0.691 0.413 0.482
2795 181 203 2 2 0 2503.96 0.881 0.434 0.546
2796 203 181 2 2 0 2503.96 0.881 0.434 0.546
2797 182 183 2 2 0 1507.61 0.507 0.741 0.682
2798 183 182 2 2 0 1507.61 0.507 0.741 0.682
2799 182 202 2 2 0 2503.96 0.881 0.444 0.554
2800 202 182 2 2 0 2503.96 0.881 0.444 0.554
2801 182 203 2 2 0 1999.07 0.691 0.466 0.522
2802 203 182 2 2 0 1999.07 0.691 0.466 0.522
2803 182 204 2 2 0 2503.96 0.881 0.476 0.577
2804 204 182 2 2 0 2503.96 0.881 0.476 0.577
2805 183 184 2 2 0 1507.61 0.507 0.645 0.611
2806 184 183 2 2 0 1507.61 0.507 0.645 0.611
2807 183 203 2 2 0 2503.96 0.881 0.466 0.569
2808 203 183 2 2 0 2503.96 0.881 0.466 0.569
2809 183 204 2 2 0 1999.07 0.691 0.476 0.530
2810 204 183 2 2 0 1999.07 0.691 0.476 0.530
2811 183 205 2 2 0 2503.96 0.881 0.444 0.554
2812 205 183 2 2 0 2503.96 0.881 0.444 0.554
2813 184 185 2 2 0 1507.61 0.507 0.677 0.635
2814 185 184 2 2 0 1507.61 0.507 0.677 0.635
2815 184 204 2 2 0 2503.96 0.881 0.381 0.506
2816 204 184 2 2 0 2503.96 0.881 0.381 0.506
2817 184 205 2 2 0 1999.07 0.691 0.349 0.435
2818 205 184 2 2 0 1999.07 0.691 0.349 0.435
2819 184 206 2 2 0 2503.96 0.881 0.720 0.760
2820 206 184 2 2 0 2503.96 0.881 0.720 0.760
2821 185 186 2 2 0 1507.61 0.507 0.804 0.730
2822 186 185 2 2 0 1507.61 0.507 0.804 0.730
2823 185 205 2 2 0 2503.96 0.881 0.476 0.577
2824 205 185 2 2 0 2503.96 0.881 0.476 0.577
2825 185 206 2 2 0 1999.07 0.691 0.847 0.808
2826 206 185 2 2 0 1999.07 0.691 0.847 0.808
2827 185 207 2 2 0 2503.96 0.881 0.783 0.808
2828 207 185 2 2 0 2503.96 0.881 0.783 0.808
2829 186 187 2 2 0 1507.61 0.507 0.762 0.698
2830 187 186 2 2 0 1507.61 0.507 0.762 0.698
2831 186 206 2 2 0 2503.96 0.881 0.847 0.855
2832 206 186 2 2 0 2503.96 0.881 0.847 0.855
2833 186 207 2 2 0 1999.07 0.691 0.783 0.760
2834 207 186 2 2 0 1999.07 0.691 0.783 0.760
2835 186 208 2 2 0 2503.96 0.881 0.783 0.808
2836 208 186 2 2 0 2503.96 0.881 0.783 0.808
2837 187 188 2 2 0 1507.61 0.507 0.730 0.674
2838 188 187 2 2 0 1507.61 0.507 0.730 0.674
2839 187 207 2 2 0 2503.96 0.881 0.741 0.776
2840 207 187 2 2 0 2503.96 0.881 0.741 0.776
2841 187 208 2 2 0 1999.07 0.691 0.741 0.728
2842 208 187 2 2 0 1999.07 0.691 0.741 0.728
2843 187 209 2 2 0 2503.96 0.881 0.381 0.506
2844 209 187 2 2 0 2503.96 0.881 0.381 0.506
2845 188 189 2 2 0 1507.61 0.507 0.402 0.428
2846 189 188 2 2 0 1507.61 0.507 0.402 0.428
2847 188 208 2 2 0 2503.96 0.881 0.751 0.784
2848 208 188 2 2 0 2503.96 0.881 0.751 0.784
2849 188 209 2 2 0 1999.07 0.691 0.392 0.466
2850 209 188 2 2 0 1999.07 0.691 0.392 0.466
2851 188 210 2 2 0 2503.96 0.881 0.413 0.530
2852 210 188 2 2 0 2503.96 0.881 0.413 0.530
2853 189 190 2 2 0 1507.61 0.507 0.063 0.174
2854 190 189 2 2 0 1507.61 0.507 0.063 0.174
2855 189 209 2 2 0 2503.96 0.881 0.053 0.260
2856 209 189 2 2 0 2503.96 0.881 0.053 0.260
2857 189 210 2 2 0 1999.07 0.691 0.074 0.228
2858 210 189 2 2 0 1999.07 0.691 0.074 0.228
2859 189 211 2 2 0 2503.96 0.881 0.063 0.268
2860 211 189 2 2 0 2503.96 0.881 0.063 0.268
2861 190 191 2 2 0 1507.61 0.507 0.053 0.166
2862 191 190 2 2 0 1507.61 0.507 0.053 0.166
2863 190 210 2 2 0 2503.96 0.881 0.074 0.276
2864 210 190 2 2 0 2503.96 0.881 0.074 0.276
2865 190 211 2 2 0 1999.07 0.691 0.063 0.220
2866 211 190 2 2 0 1999.07 0.691 0.063 0.220
2867 190 212 2 2 0 2503.96 0.881 0.148 0.331
2868 212 190 2 2 0 2503.96 0.881 0.148 0.331
2869 191 192 2 2 0 1507.61 0.507 0.138 0.230
2870 192 191 2 2 0 1507.61 0.507 0.138 0.230
2871 191 211 2 2 0 2503.96 0.881 0.053 0.260
2872 211 191 2 2 0 2503.96 0.881 0.053 0.260
2873 191 212 2 2 0 1999.07 0.691 0.138 0.276
2874 212 191 2 2 0 1999.07 0.691 0.138 0.276
2875 191 213 2 2 0 2503.96 0.881 0.127 0.315
2876 213 191 2 2 0 2503.96 0.881 0.127 0.315
2877 192 193 2 2 0 1507.61 0.507 0.159 0.246
2878 193 192 2 2 0 1507.61 0.507 0.159 0.246
2879 192 212 2 2 0 2503.96 0.881 0.233 0.395
2880 212 192 2 2 0 2503.96 0.881 0.233 0.395
2881 192 213 2 2 0 1999.07 0.691 0.222 0.339
2882 213 192 2 2 0 1999.07 0.691 0.222 0.339
2883 192 214 2 2 0 2503.96 0.881 0.243 0.403
2884 214 192 2 2 0 2503.96 0.881 0.243 0.403
2885 193 194 2 2 0 1507.61 0.507 0.074 0.182
2886 194 193 2 2 0 1507.61 0.507 0.074 0.182
2887 193 213 2 2 0 2503.96 0.881 0.148 0.331
2888 213 193 2 2 0 2503.96 0.881 0.148 0.331
2889 193 214 2 2 0 1999.07 0.691 0.169 0.300
2890 214 193 2 2 0 1999.07 0.691 0.169 0.300
2891 193 215 2 2 0 2503.96 0.881 0.116 0.308
2892 215 193 2 2 0 2503.96 0.881 0.116 0.308
2893 194 195 2 2 0 1507.61 0.507 0.063 0.174
2894 195 194 2 2 0 1507.61 0.507 0.063 0.174
2895 194 214 2 2 0 2503.96 0.881 0.159 0.339
2896 214 194 2 2 0 2503.96 0.881 0.159 0.339
2897 194 215 2 2 0 1999.07 0.691 0.106 0.252
2898 215 194 2 2 0 1999.07 0.691 0.106 0.252
2899 194 216 2 2 0 2503.96 0.881 0.127 0.315
2900 216 194 2 2 0 2503.96 0.881 0.127 0.315
2901 195 196 2 2 0 1507.61 0.507 0.063 0.174
2902 196 195 2 2 0 1507.61 0.507 0.063 0.174
2903 195 215 2 2 0 2503.96 0.881 0.106 0.300
2904 215 195 2 2 0 2503.96 0.881 0.106 0.300
2905 195 216 2 2 0 1999.07 0.691 0.127 0.268
2906 216 195 2 2 0 1999.07 0.691 0.127 0.268
2907 195 217 2 2 0 2503.96 0.881 0.106 0.300
2908 217 195 2 2 0 2503.96 0.881 0.106 0.300
2909 196 197 2 2 0 1507.61 0.507 0.053 0.166
2910 197 196 2 2 0 1507.61 0.507 0.053 0.166
2911 196 216 2 2 0 2503.96 0.881 0.127 0.315
2912 216 196 2 2 0 2503.96 0.881 0.127 0.315
2913 196 217 2 2 0 1999.07 0.691 0.106 0.252
2914 217 196 2 2 0 1999.07 0.691 0.106 0.252
2915 196 218 2 2 0 2503.96 0.881 0.127 0.315
2916 218 196 2 2 0 2503.96 0.881 0.127 0.315
2917 197 198 2 2 0 1507.61 0.507 0.116 0.214
2918 198 197 2 2 0 1507.61 0.507 0.116 0.214
2919 197 217 2 2 0 2503.96 0.881 0.095 0.292
2920 217 197 2 2 0 2503.96 0.881 0.095 0.292
2921 197 218 2 2 0 1999.07 0.691 0.116 0.260
2922 218 197 2 2 0 1999.07 0.691 0.116 0.260
2923 197 219 2 2 0 2503.96 0.881 0.053 0.260
2924 219 197 2 2 0 2503.96 0.881 0.053 0.260
2925 198 199 2 2 0 1507.61 0.507 0.159 0.246
2926 199 198 2 2 0 1507.61 0.507 0.159 0.246
2927 198 218 2 2 0 2503.96 0.881 0.190 0.363
2928 218 198 2 2 0 2503.96 0.881 0.190 0.363
2929 198 219 2 2 0 1999.07 0.691 0.127 0.268
2930 219 198 2 2 0 1999.07 0.691 0.127 0.268
2931 198 220 2 2 0 2503.96 0.881 0.116 0.308
2932 220 198 2 2 0 2503.96 0.881 0.116 0.308
2933 199 200 2 2 0 1507.61 0.507 0.095 0.198
2934 200 199 2 2 0 1507.61 0.507 0.095 0.198
2935 199 219 2 2 0 2503.96 0.881 0.095 0.292
2936 219 199 2 2 0 2503.96 0.881 0.095 0.292
2937 199 220 2 2 0 1999.07 0.691 0.085 0.236
2938 220 199 2 2 0 1999.07 0.691 0.085 0.236
2939 199 221 2 2 0 2503.96 0.881 0.085 0.284
2940 221 199 2 2 0 2503.96 0.881 0.085 0.284
2941 200 201 2 2 0 1507.61 0.507 0.063 0.174
2942 201 200 2 2 0 1507.61 0.507 0.063 0.174
2943 200 220 2 2 0 2503.96 0.881 0.053 0.260
2944 220 200 2 2 0 2503.96 0.881 0.053 0.260
2945 200 221 2 2 0 1999.07 0.691 0.053 0.213
2946 221 200 2 2 0 1999.07 0.691 0.053 0.213
2947 200 222 2 2 0 2503.96 0.881 0.074 0.276
2948 222 200 2 2 0 2503.96 0.881 0.074 0.276
2949 201 221 2 2 0 2503.96 0.881 0.053 0.260
2950 221 201 2 2 0 2503.96 0.881 0.053 0.260
2951 201 222 2 2 0 1999.07 0.691 0.074 0.228
2952 222 201 2 2 0 1999.07 0.691 0.074 0.228
2953 202 203 2 2 0 1508.03 0.507 0.169 0.254
2954 203 202 2 2 0 1508.03 0.507 0.169 0.254
2955 202 223 2 2 0 1999.06 0.691 0.190 0.316
2956 223 202 2 2 0 1999.06 0.691 0.190 0.316
2957 202 224 2 2 0 2504.20 0.881 0.148 0.331
2958 224 202 2 2 0 2504.20 0.881 0.148 0.331
2959 203 204 2 2 0 1508.03 0.507 0.201 0.278
2960 204 203 2 2 0 1508.03 0.507 0.201 0.278
2961 203 223 2 2 0 2504.20 0.881 0.212 0.379
2962 223 203 2 2 0 2504.20 0.881 0.212 0.379
2963 203 224 2 2 0 1999.06 0.691 0.169 0.300
2964 224 203 2 2 0 1999.06 0.691 0.169 0.300
2965 203 225 2 2 0 2504.20 0.881 0.190 0.363
2966 225 203 2 2 0 2504.20 0.881 0.190 0.363
2967 204 205 2 2 0 1508.03 0.507 0.180 0.262
2968 205 204 2 2 0 1508.03 0.507 0.180 0.262
2969 204 224 2 2 0 2504.20 0.881 0.180 0.355
2970 224 204 2 2 0 2504.20 0.881 0.180 0.355
2971 204 225 2 2 0 1999.06 0.691 0.201 0.324
2972 225 204 2 2 0 1999.06 0.691 0.201 0.324
2973 204 226 2 2 0 2504.20 0.881 0.222 0.387
2974 226 204 2 2 0 2504.20 0.881 0.222 0.387
2975 205 206 2 2 0 1508.03 0.507 0.519 0.516
2976 206 205 2 2 0 1508.03 0.507 0.519 0.516
2977 205 225 2 2 0 2504.20 0.881 0.169 0.347
2978 225 205 2 2 0 2504.20 0.881 0.169 0.347
2979 205 226 2 2 0 1999.06 0.691 0.190 0.316
2980 226 205 2 2 0 1999.06 0.691 0.190 0.316
2981 205 227 2 2 0 2504.20 0.881 0.148 0.331
2982 227 205 2 2 0 2504.20 0.881 0.148 0.331
2983 206 207 2 2 0 1508.03 0.507 0.825 0.746
2984 207 206 2 2 0 1508.03 0.507 0.825 0.746
2985 206 226 2 2 0 2504.20 0.881 0.561 0.641
2986 226 206 2 2 0 2504.20 0.881 0.561 0.641
2987 206 227 2 2 0 1999.06 0.691 0.519 0.562
2988 227 206 2 2 0 1999.06 0.691 0.519 0.562
2989 206 228 2 2 0 2504.20 0.881 0.878 0.879
2990 228 206 2 2 0 2504.20 0.881 0.878 0.879
2991 207 208 2 2 0 1508.03 0.507 0.762 0.698
2992 208 207 2 2 0 1508.03 0.507 0.762 0.698
2993 207 227 2 2 0 2504.20 0.881 0.455 0.562
2994 227 207 2 2 0 2504.20 0.881 0.455 0.562
2995 207 228 2 2 0 1999.06 0.691 0.815 0.784
2996 228 207 2 2 0 1999.06 0.691 0.815 0.784
2997 207 229 2 2 0 2504.20 0.881 0.783 0.808
2998 229 207 2 2 0 2504.20 0.881 0.783 0.808
2999 208 209 2 2 0 1508.03 0.507 0.402 0.428
3000 209 208 2 2 0 1508.03 0.507 0.402 0.428
3001 208 228 2 2 0 2504.20 0.881 0.815 0.831
3002 228 208 2 2 0 2504.20 0.881 0.815 0.831
3003 208 229 2 2 0 1999.06 0.691 0.783 0.760
3004 229 208 2 2 0 1999.06 0.691 0.783 0.760
3005 208 230 2 2 0 2504.20 0.881 0.423 0.538
3006 230 208 2 2 0 2504.20 0.881 0.423 0.538
3007 209 210 2 2 0 1508.03 0.507 0.063 0.174
3008 210 209 2 2 0 1508.03 0.507 0.063 0.174
3009 209 229 2 2 0 2504.20 0.881 0.423 0.538
3010 229 209 2 2 0 2504.20 0.881 0.423 0.538
3011 209 230 2 2 0 1999.06 0.691 0.063 0.220
3012 230 209 2 2 0 1999.06 0.691 0.063 0.220
3013 209 231 2 2 0 2504.20 0.881 0.042 0.252
3014 231 209 2 2 0 2504.20 0.881 0.042 0.252
3015 210 211 2 2 0 1508.03 0.507 0.074 0.182
3016 211 210 2 2 0 1508.03 0.507 0.074 0.182
3017 210 230 2 2 0 2504.20 0.881 0.085 0.284
3018 230 210 2 2 0 2504.20 0.881 0.085 0.284
3019 210 231 2 2 0 1999.06 0.691 0.063 0.220
3020 231 210 2 2 0 1999.06 0.691 0.063 0.220
3021 210 232 2 2 0 2504.20 0.881 0.138 0.323
3022 232 210 2 2 0 2504.20 0.881 0.138 0.323
3023 211 212 2 2 0 1508.03 0.507 0.148 0.238
3024 212 211 2 2 0 1508.03 0.507 0.148 0.238
3025 211 231 2 2 0 2504.20 0.881 0.053 0.260
3026 231 211 2 2 0 2504.20 0.881 0.053 0.260
3027 211 232 2 2 0 1999.06 0.691 0.127 0.268
3028 232 211 2 2 0 1999.06 0.691 0.127 0.268
3029 211 233 2 2 0 2504.20 0.881 0.127 0.315
3030 233 211 2 2 0 2504.20 0.881 0.127 0.315
3031 212 213 2 2 0 1508.03 0.507 0.222 0.293
3032 213 212 2 2 0 1508.03 0.507 0.222 0.293
3033 212 232 2 2 0 2504.20 0.881 0.212 0.379
3034 232 212 2 2 0 2504.20 0.881 0.212 0.379
3035 212 233 2 2 0 1999.06 0.691 0.212 0.332
3036 233 212 2 2 0 1999.06 0.691 0.212 0.332
3037 212 234 2 2 0 2504.20 0.881 0.190 0.363
3038 234 212 2 2 0 2504.20 0.881 0.190 0.363
3039 213 214 2 2 0 1508.03 0.507 0.233 0.301
3040 214 213 2 2 0 1508.03 0.507 0.233 0.301
3041 213 233 2 2 0 2504.20 0.881 0.201 0.371
3042 233 213 2 2 0 2504.20 0.881 0.201 0.371
3043 213 234 2 2 0 1999.06 0.691 0.180 0.308
3044 234 213 2 2 0 1999.06 0.691 0.180 0.308
3045 213 235 2 2 0 2504.20 0.881 0.201 0.371
3046 235 213 2 2 0 2504.20 0.881 0.201 0.371
3047 214 215 2 2 0 1508.03 0.507 0.201 0.278
3048 215 214 2 2 0 1508.03 0.507 0.201 0.278
3049 214 234 2 2 0 2504.20 0.881 0.201 0.371
3050 234 214 2 2 0 2504.20 0.881 0.201 0.371
3051 214 235 2 2 0 1999.06 0.691 0.222 0.339
3052 235 214 2 2 0 1999.06 0.691 0.222 0.339
3053 214 236 2 2 0 2504.20 0.881 0.254 0.411
3054 236 214 2 2 0 2504.20 0.881 0.254 0.411
3055 215 216 2 2 0 1508.03 0.507 0.169 0.254
3056 216 215 2 2 0 1508.03 0.507 0.169 0.254
3057 215 235 2 2 0 2504.20 0.881 0.169 0.347
3058 235 215 2 2 0 2504.20 0.881 0.169 0.347
3059 215 236 2 2 0 1999.06 0.691 0.201 0.324
3060 236 215 2 2 0 1999.06 0.691 0.201 0.324
3061 215 237 2 2 0 2504.20 0.881 0.190 0.363
3062 237 215 2 2 0 2504.20 0.881 0.190 0.363
3063 216 217 2 2 0 1508.03 0.507 0.169 0.254
3064 217 216 2 2 0 1508.03 0.507 0.169 0.254
3065 216 236 2 2 0 2504.20 0.881 0.222 0.387
3066 236 216 2 2 0 2504.20 0.881 0.222 0.387
3067 216 237 2 2 0 1999.06 0.691 0.212 0.332
3068 237 216 2 2 0 1999.06 0.691 0.212 0.332
3069 216 238 2 2 0 2504.20 0.881 0.190 0.363
3070 238 216 2 2 0 2504.20 0.881 0.190 0.363
3071 217 218 2 2 0 1508.03 0.507 0.169 0.254
3072 218 217 2 2 0 1508.03 0.507 0.169 0.254
3073 217 237 2 2 0 2504.20 0.881 0.190 0.363
3074 237 217 2 2 0 2504.20 0.881 0.190 0.363
3075 217 238 2 2 0 1999.06 0.691 0.169 0.300
3076 238 217 2 2 0 1999.06 0.691 0.169 0.300
3077 217 239 2 2 0 2504.20 0.881 0.190 0.363
3078 239 217 2 2 0 2504.20 0.881 0.190 0.363
3079 218 219 2 2 0 1508.03 0.507 0.127 0.222
3080 219 218 2 2 0 1508.03 0.507 0.127 0.222
3081 218 238 2 2 0 2504.20 0.881 0.190 0.363
3082 238 218 2 2 0 2504.20 0.881 0.190 0.363
3083 218 239 2 2 0 1999.06 0.691 0.212 0.332
3084 239 218 2 2 0 1999.06 0.691 0.212 0.332
3085 218 240 2 2 0 2504.20 0.881 0.190 0.363
3086 240 218 2 2 0 2504.20 0.881 0.190 0.363
3087 219 220 2 2 0 1508.03 0.507 0.053 0.166
3088 220 219 2 2 0 1508.03 0.507 0.053 0.166
3089 219 239 2 2 0 2504.20 0.881 0.148 0.331
3090 239 219 2 2 0 2504.20 0.881 0.148 0.331
3091 219 240 2 2 0 1999.06 0.691 0.127 0.268
3092 240 219 2 2 0 1999.06 0.691 0.127 0.268
3093 219 241 2 2 0 2504.20 0.881 0.159 0.339
3094 241 219 2 2 0 2504.20 0.881 0.159 0.339
3095 220 221 2 2 0 1508.03 0.507 0.042 0.158
3096 221 220 2 2 0 1508.03 0.507 0.042 0.158
3097 220 240 2 2 0 2504.20 0.881 0.116 0.308
3098 240 220 2 2 0 2504.20 0.881 0.116 0.308
3099 220 241 2 2 0 1999.06 0.691 0.148 0.284
3100 241 220 2 2 0 1999.06 0.691 0.148 0.284
3101 220 242 2 2 0 2504.20 0.881 0.106 0.300
3102 242 220 2 2 0 2504.20 0.881 0.106 0.300
3103 221 222 2 2 0 1508.03 0.507 0.063 0.174
3104 222 221 2 2 0 1508.03 0.507 0.063 0.174
3105 221 241 2 2 0 2504.20 0.881 0.148 0.331
3106 241 221 2 2 0 2504.20 0.881 0.148 0.331
3107 221 242 2 2 0 1999.06 0.691 0.106 0.252
3108 242 221 2 2 0 1999.06 0.691 0.106 0.252
3109 221 243 2 2 0 2504.20 0.881 0.053 0.260
3110 243 221 2 2 0 2504.20 0.881 0.053 0.260
3111 222 242 2 2 0 2504.20 0.881 0.127 0.315
3112 242 222 2 2 0 2504.20 0.881 0.127 0.315
3113 222 243 2 2 0 1999.06 0.691 0.074 0.228
3114 243 222 2 2 0 1999.06 0.691 0.074 0.228
3115 222 244 2 2 0 2504.20 0.881 0.085 0.284
3116 244 222 2 2 0 2504.20 0.881 0.085 0.284
3117 223 224 2 2 0 1508.44 0.507 0.190 0.270
3118 224 223 2 2 0 1508.44 0.507 0.190 0.270
3119 223 245 2 2 0 1999.06 0.691 0.222 0.339
3120 245 223 2 2 0 1999.06 0.691 0.222 0.339
3121 223 246 2 2 0 2504.45 0.881 0.190 0.363
3122 246 223 2 2 0 2504.45 0.881 0.190 0.363
3123 224 225 2 2 0 1508.44 0.507 0.169 0.254
3124 225 224 2 2 0 1508.44 0.507 0.169 0.254
3125 224 245 2 2 0 2504.45 0.881 0.180 0.355
3126 245 224 2 2 0 2504.45 0.881 0.180 0.355
3127 224 246 2 2 0 1999.06 0.691 0.148 0.284
3128 246 224 2 2 0 1999.06 0.691 0.148 0.284
3129 224 247 2 2 0 2504.45 0.881 0.169 0.347
3130 247 224 2 2 0 2504.45 0.881 0.169 0.347
3131 225 226 2 2 0 1508.44 0.507 0.212 0.285
3132 226 225 2 2 0 1508.44 0.507 0.212 0.285
3133 225 246 2 2 0 2504.45 0.881 0.169 0.347
3134 246 225 2 2 0 2504.45 0.881 0.169 0.347
3135 225 247 2 2 0 1999.06 0.691 0.190 0.316
3136 247 225 2 2 0 1999.06 0.691 0.190 0.316
3137 225 248 2 2 0 2504.45 0.881 0.201 0.371
3138 248 225 2 2 0 2504.45 0.881 0.201 0.371
3139 226 227 2 2 0 1508.44 0.507 0.190 0.270
3140 227 226 2 2 0 1508.44 0.507 0.190 0.270
3141 226 247 2 2 0 2504.45 0.881 0.212 0.379
3142 247 226 2 2 0 2504.45 0.881 0.212 0.379
3143 226 248 2 2 0 1999.06 0.691 0.222 0.339
3144 248 226 2 2 0 1999.06 0.691 0.222 0.339
3145 226 249 2 2 0 2504.45 0.881 0.233 0.395
3146 249 226 2 2 0 2504.45 0.881 0.233 0.395
3147 227 228 2 2 0 1508.44 0.507 0.508 0.508
3148 228 227 2 2 0 1508.44 0.507 0.508 0.508
3149 227 248 2 2 0 2504.45 0.881 0.180 0.355
3150 248 227 2 2 0 2504.45 0.881 0.180 0.355
3151 227 249 2 2 0 1999.06 0.691 0.190 0.316
3152 249 227 2 2 0 1999.06 0.691 0.190 0.316
3153 227 250 2 2 0 2504.45 0.881 0.159 0.339
3154 250 227 2 2 0 2504.45 0.881 0.159 0.339
3155 228 229 2 2 0 1508.44 0.507 0.836 0.754
3156 229 228 2 2 0 1508.44 0.507 0.836 0.754
3157 228 249 2 2 0 2504.45 0.881 0.550 0.633
3158 249 228 2 2 0 2504.45 0.881 0.550 0.633
3159 228 250 2 2 0 1999.06 0.691 0.519 0.562
3160 250 228 2 2 0 1999.06 0.691 0.519 0.562
3161 228 251 2 2 0 2504.45 0.881 0.529 0.617
3162 251 228 2 2 0 2504.45 0.881 0.529 0.617
3163 229 230 2 2 0 1508.44 0.507 0.444 0.460
3164 230 229 2 2 0 1508.44 0.507 0.444 0.460
3165 229 250 2 2 0 2504.45 0.881 0.487 0.585
3166 250 229 2 2 0 2504.45 0.881 0.487 0.585
3167 229 251 2 2 0 1999.06 0.691 0.497 0.546
3168 251 229 2 2 0 1999.06 0.691 0.497 0.546
3169 229 252 2 2 0 2504.45 0.881 0.444 0.554
3170 252 229 2 2 0 2504.45 0.881 0.444 0.554
3171 230 231 2 2 0 1508.44 0.507 0.063 0.174
3172 231 230 2 2 0 1508.44 0.507 0.063 0.174
3173 230 251 2 2 0 2504.45 0.881 0.138 0.323
3174 251 230 2 2 0 2504.45 0.881 0.138 0.323
3175 230 252 2 2 0 1999.06 0.691 0.085 0.236
3176 252 230 2 2 0 1999.06 0.691 0.085 0.236
3177 230 253 2 2 0 2504.45 0.881 0.138 0.323
3178 253 230 2 2 0 2504.45 0.881 0.138 0.323
3179 231 232 2 2 0 1508.44 0.507 0.116 0.214
3180 232 231 2 2 0 1508.44 0.507 0.116 0.214
3181 231 252 2 2 0 2504.45 0.881 0.063 0.268
3182 252 231 2 2 0 2504.45 0.881 0.063 0.268
3183 231 253 2 2 0 1999.06 0.691 0.116 0.260
3184 253 231 2 2 0 1999.06 0.691 0.116 0.260
3185 231 254 2 2 0 2504.45 0.881 0.127 0.316
3186 254 231 2 2 0 2504.45 0.881 0.127 0.316
3187 232 233 2 2 0 1508.44 0.507 0.190 0.270
3188 233 232 2 2 0 1508.44 0.507 0.190 0.270
3189 232 253 2 2 0 2504.45 0.881 0.190 0.363
3190 253 232 2 2 0 2504.45 0.881 0.190 0.363
3191 232 254 2 2 0 1999.06 0.691 0.201 0.324
3192 254 232 2 2 0 1999.06 0.691 0.201 0.324
3193 232 255 2 2 0 2504.45 0.881 0.180 0.355
3194 255 232 2 2 0 2504.45 0.881 0.180 0.355
3195 233 234 2 2 0 1508.44 0.507 0.169 0.254
3196 234 233 2 2 0 1508.44 0.507 0.169 0.254
3197 233 254 2 2 0 2504.45 0.881 0.201 0.371
3198 254 233 2 2 0 2504.45 0.881 0.201 0.371
3199 233 255 2 2 0 1999.06 0.691 0.180 0.308
3200 255 233 2 2 0 1999.06 0.691 0.180 0.308
3201 233 256 2 2 0 2504.45 0.881 0.169 0.347
3202 256 233 2 2 0 2504.45 0.881 0.169 0.347
3203 234 235 2 2 0 1508.44 0.507 0.169 0.254
3204 235 234 2 2 0 1508.44 0.507 0.169 0.254
3205 234 255 2 2 0 2504.45 0.881 0.159 0.339
3206 255 234 2 2 0 2504.45 0.881 0.159 0.339
3207 234 256 2 2 0 1999.06 0.691 0.148 0.284
3208 256 234 2 2 0 1999.06 0.691 0.148 0.284
3209 234 257 2 2 0 2504.45 0.881 0.201 0.371
3210 257 234 2 2 0 2504.45 0.881 0.201 0.371
3211 235 236 2 2 0 1508.44 0.507 0.222 0.293
3212 236 235 2 2 0 1508.44 0.507 0.222 0.293
3213 235 256 2 2 0 2504.45 0.881 0.169 0.347
3214 256 235 2 2 0 2504.45 0.881 0.169 0.347
3215 235 257 2 2 0 1999.06 0.691 0.222 0.339
3216 257 235 2 2 0 1999.06 0.691 0.222 0.339
3217 235 258 2 2 0 2504.45 0.881 0.212 0.379
3218 258 235 2 2 0 2504.45 0.881 0.212 0.379
3219 236 237 2 2 0 1508.44 0.507 0.243 0.309
3220 237 236 2 2 0 1508.44 0.507 0.243 0.309
3221 236 257 2 2 0 2504.45 0.881 0.254 0.411
3222 257 236 2 2 0 2504.45 0.881 0.254 0.411
3223 236 258 2 2 0 1999.06 0.691 0.243 0.355
3224 258 236 2 2 0 1999.06 0.691 0.243 0.355
3225 236 259 2 2 0 2504.45 0.881 0.222 0.387
3226 259 236 2 2 0 2504.45 0.881 0.222 0.387
3227 237 238 2 2 0 1508.44 0.507 0.212 0.285
3228 238 237 2 2 0 1508.44 0.507 0.212 0.285
3229 237 258 2 2 0 2504.45 0.881 0.233 0.395
3230 258 237 2 2 0 2504.45 0.881 0.233 0.395
3231 237 259 2 2 0 1999.06 0.691 0.212 0.332
3232 259 237 2 2 0 1999.06 0.691 0.212 0.332
3233 237 260 2 2 0 2504.45 0.881 0.190 0.363
3234 260 237 2 2 0 2504.45 0.881 0.190 0.363
3235 238 239 2 2 0 1508.44 0.507 0.212 0.285
3236 239 238 2 2 0 1508.44 0.507 0.212 0.285
3237 238 259 2 2 0 2504.45 0.881 0.190 0.363
3238 259 238 2 2 0 2504.45 0.881 0.190 0.363
3239 238 260 2 2 0 1999.06 0.691 0.169 0.300
3240 260 238 2 2 0 1999.06 0.691 0.169 0.300
3241 238 261 2 2 0 2504.45 0.881 0.222 0.387
3242 261 238 2 2 0 2504.45 0.881 0.222 0.387
3243 239 240 2 2 0 1508.44 0.507 0.212 0.285
3244 240 239 2 2 0 1508.44 0.507 0.212 0.285
3245 239 260 2 2 0 2504.45 0.881 0.190 0.363
3246 260 239 2 2 0 2504.45 0.881 0.190 0.363
3247 239 261 2 2 0 1999.06 0.691 0.243 0.355
3248 261 239 2 2 0 1999.06 0.691 0.243 0.355
3249 239 262 2 2 0 2504.45 0.881 0.243 0.403
3250 262 239 2 2 0 2504.45 0.881 0.243 0.403
3251 240 241 2 2 0 1508.44 0.507 0.222 0.293
3252 241 240 2 2 0 1508.44 0.507 0.222 0.293
3253 240 261 2 2 0 2504.45 0.881 0.222 0.387
3254 261 240 2 2 0 2504.45 0.881 0.222 0.387
3255 240 262 2 2 0 1999.06 0.691 0.222 0.339
3256 262 240 2 2 0 1999.06 0.691 0.222 0.339
3257 240 263 2 2 0 2504.45 0.881 0.180 0.355
3258 263 240 2 2 0 2504.45 0.881 0.180 0.355
3259 241 242 2 2 0 1508.44 0.507 0.212 0.285
3260 242 241 2 2 0 1508.44 0.507 0.212 0.285
3261 241 262 2 2 0 2504.45 0.881 0.254 0.411
3262 262 241 2 2 0 2504.45 0.881 0.254 0.411
3263 241 263 2 2 0 1999.06 0.691 0.212 0.332
3264 263 241 2 2 0 1999.06 0.691 0.212 0.332
3265 241 264 2 2 0 2504.45 0.881 0.169 0.347
3266 264 241 2 2 0 2504.45 0.881 0.169 0.347
3267 242 243 2 2 0 1508.44 0.507 0.116 0.214
3268 243 242 2 2 0 1508.44 0.507 0.116 0.214
3269 242 263 2 2 0 2504.45 0.881 0.169 0.347
3270 263 242 2 2 0 2504.45 0.881 0.169 0.347
3271 242 264 2 2 0 1999.06 0.691 0.127 0.268
3272 264 242 2 2 0 1999.06 0.691 0.127 0.268
3273 242 265 2 2 0 2504.45 0.881 0.127 0.316
3274 265 242 2 2 0 2504.45 0.881 0.127 0.316
3275 243 244 2 2 0 1508.44 0.507 0.074 0.182
3276 244 243 2 2 0 1508.44 0.507 0.074 0.182
3277 243 264 2 2 0 2504.45 0.881 0.074 0.276
3278 264 243 2 2 0 2504.45 0.881 0.074 0.276
3279 243 265 2 2 0 1999.06 0.691 0.074 0.228
3280 265 243 2 2 0 1999.06 0.691 0.074 0.228
3281 243 266 2 2 0 2504.45 0.881 0.063 0.268
3282 266 243 2 2 0 2504.45 0.881 0.063 0.268
3283 244 265 2 2 0 2504.45 0.881 0.085 0.284
3284 265 244 2 2 0 2504.45 0.881 0.085 0.284
3285 244 266 2 2 0 1999.06 0.691 0.074 0.228
3286 266 244 2 2 0 1999.06 0.691 0.074 0.228
3287 245 246 2 2 0 1508.86 0.507 0.180 0.262
3288 246 245 2 2 0 1508.86 0.507 0.180 0.262
3289 245 267 2 2 0 2504.69 0.881 0.222 0.387
3290 267 245 2 2 0 2504.69 0.881 0.222 0.387
3291 246 247 2 2 0 1508.86 0.507 0.169 0.254
3292 247 246 2 2 0 1508.86 0.507 0.169 0.254
3293 246 267 2 2 0 1999.05 0.691 0.190 0.316
3294 267 246 2 2 0 1999.05 0.691 0.190 0.316
3295 246 268 2 2 0 2504.69 0.881 0.159 0.339
3296 268 246 2 2 0 2504.69 0.881 0.159 0.339
3297 247 248 2 2 0 1508.86 0.507 0.201 0.278
3298 248 247 2 2 0 1508.86 0.507 0.201 0.278
3299 247 267 2 2 0 2504.69 0.881 0.212 0.379
3300 267 247 2 2 0 2504.69 0.881 0.212 0.379
3301 247 268 2 2 0 1999.05 0.691 0.180 0.308
3302 268 247 2 2 0 1999.05 0.691 0.180 0.308
3303 247 269 2 2 0 2504.69 0.881 0.159 0.339
3304 269 247 2 2 0 2504.69 0.881 0.159 0.339
3305 248 249 2 2 0 1508.86 0.507 0.222 0.293
3306 249 248 2 2 0 1508.86 0.507 0.222 0.293
3307 248 268 2 2 0 2504.69 0.881 0.190 0.363
3308 268 248 2 2 0 2504.69 0.881 0.190 0.363
3309 248 269 2 2 0 1999.05 0.691 0.169 0.300
3310 269 248 2 2 0 1999.05 0.691 0.169 0.300
3311 248 270 2 2 0 2504.69 0.881 0.180 0.355
3312 270 248 2 2 0 2504.69 0.881 0.180 0.355
3313 249 250 2 2 0 1508.86 0.507 0.201 0.278
3314 250 249 2 2 0 1508.86 0.507 0.201 0.278
3315 249 269 2 2 0 2504.69 0.881 0.180 0.355
3316 269 249 2 2 0 2504.69 0.881 0.180 0.355
3317 249 270 2 2 0 1999.05 0.691 0.190 0.316
3318 270 249 2 2 0 1999.05 0.691 0.190 0.316
3319 249 271 2 2 0 2504.69 0.881 0.201 0.371
3320 271 249 2 2 0 2504.69 0.881 0.201 0.371
3321 250 251 2 2 0 1508.86 0.507 0.180 0.262
3322 251 250 2 2 0 1508.86 0.507 0.180 0.262
3323 250 270 2 2 0 2504.69 0.881 0.159 0.339
3324 270 250 2 2 0 2504.69 0.881 0.159 0.339
3325 250 271 2 2 0 1999.05 0.691 0.169 0.300
3326 271 250 2 2 0 1999.05 0.691 0.169 0.300
3327 250 272 2 2 0 2504.69 0.881 0.180 0.355
3328 272 250 2 2 0 2504.69 0.881 0.180 0.355
3329 251 252 2 2 0 1508.86 0.507 0.138 0.230
3330 252 251 2 2 0 1508.86 0.507 0.138 0.230
3331 251 271 2 2 0 2504.69 0.881 0.180 0.355
3332 271 251 2 2 0 2504.69 0.881 0.180 0.355
3333 251 272 2 2 0 1999.05 0.691 0.190 0.316
3334 272 251 2 2 0 1999.05 0.691 0.190 0.316
3335 251 273 2 2 0 2504.69 0.881 0.212 0.379
3336 273 251 2 2 0 2504.69 0.881 0.212 0.379
3337 252 253 2 2 0 1508.86 0.507 0.138 0.230
3338 253 252 2 2 0 1508.86 0.507 0.138 0.230
3339 252 272 2 2 0 2504.69 0.881 0.138 0.323
3340 272 252 2 2 0 2504.69 0.881 0.138 0.323
3341 252 273 2 2 0 1999.05 0.691 0.159 0.292
3342 273 252 2 2 0 1999.05 0.691 0.159 0.292
3343 252 274 2 2 0 2504.69 0.881 0.159 0.339
3344 274 252 2 2 0 2504.69 0.881 0.159 0.339
3345 253 254 2 2 0 1508.86 0.507 0.201 0.278
3346 254 253 2 2 0 1508.86 0.507 0.201 0.278
3347 253 273 2 2 0 2504.69 0.881 0.212 0.379
3348 273 253 2 2 0 2504.69 0.881 0.212 0.379
3349 253 274 2 2 0 1999.05 0.691 0.212 0.332
3350 274 253 2 2 0 1999.05 0.691 0.212 0.332
3351 253 275 2 2 0 2504.69 0.881 0.222 0.387
3352 275 253 2 2 0 2504.69 0.881 0.222 0.387
3353 254 255 2 2 0 1508.86 0.507 0.190 0.270
3354 255 254 2 2 0 1508.86 0.507 0.190 0.270
3355 254 274 2 2 0 2504.69 0.881 0.222 0.387
3356 274 254 2 2 0 2504.69 0.881 0.222 0.387
3357 254 275 2 2 0 1999.05 0.691 0.233 0.347
3358 275 254 2 2 0 1999.05 0.691 0.233 0.347
3359 254 276 2 2 0 2504.69 0.881 0.212 0.379
3360 276 254 2 2 0 2504.69 0.881 0.212 0.379
3361 255 256 2 2 0 1508.86 0.507 0.159 0.246
3362 256 255 2 2 0 1508.86 0.507 0.159 0.246
3363 255 275 2 2 0 2504.69 0.881 0.212 0.379
3364 275 255 2 2 0 2504.69 0.881 0.212 0.379
3365 255 276 2 2 0 1999.05 0.691 0.190 0.316
3366 276 255 2 2 0 1999.05 0.691 0.190 0.316
3367 255 277 2 2 0 2504.69 0.881 0.180 0.355
3368 277 255 2 2 0 2504.69 0.881 0.180 0.355
3369 256 257 2 2 0 1508.86 0.507 0.201 0.278
3370 257 256 2 2 0 1508.86 0.507 0.201 0.278
3371 256 276 2 2 0 2504.69 0.881 0.180 0.355
3372 276 256 2 2 0 2504.69 0.881 0.180 0.355
3373 256 277 2 2 0 1999.05 0.691 0.169 0.300
3374 277 256 2 2 0 1999.05 0.691 0.169 0.300
3375 256 278 2 2 0 2504.69 0.881 0.169 0.347
3376 278 256 2 2 0 2504.69 0.881 0.169 0.347
3377 257 258 2 2 0 1508.86 0.507 0.243 0.309
3378 258 257 2 2 0 1508.86 0.507 0.243 0.309
3379 257 277 2 2 0 2504.69 0.881 0.222 0.387
3380 277 257 2 2 0 2504.69 0.881 0.222 0.387
3381 257 278 2 2 0 1999.05 0.691 0.222 0.339
3382 278 257 2 2 0 1999.05 0.691 0.222 0.339
3383 257 279 2 2 0 2504.69 0.881 0.243 0.403
3384 279 257 2 2 0 2504.69 0.881 0.243 0.403
3385 258 259 2 2 0 1508.86 0.507 0.212 0.286
3386 259 258 2 2 0 1508.86 0.507 0.212 0.286
3387 258 278 2 2 0 2504.69 0.881 0.212 0.379
3388 278 258 2 2 0 2504.69 0.881 0.212 0.379
3389 258 279 2 2 0 1999.05 0.691 0.233 0.347
3390 279 258 2 2 0 1999.05 0.691 0.233 0.347
3391 258 280 2 2 0 2504.69 0.881 0.233 0.395
3392 280 258 2 2 0 2504.69 0.881 0.233 0.395
3393 259 260 2 2 0 1508.86 0.507 0.169 0.254
3394 260 259 2 2 0 1508.86 0.507 0.169 0.254
3395 259 279 2 2 0 2504.69 0.881 0.212 0.379
3396 279 259 2 2 0 2504.69 0.881 0.212 0.379
3397 259 280 2 2 0 1999.05 0.691 0.212 0.332
3398 280 259 2 2 0 1999.05 0.691 0.212 0.332
3399 259 281 2 2 0 2504.69 0.881 0.222 0.387
3400 281 259 2 2 0 2504.69 0.881 0.222 0.387
3401 260 261 2 2 0 1508.86 0.507 0.201 0.278
3402 261 260 2 2 0 1508.86 0.507 0.201 0.278
3403 260 280 2 2 0 2504.69 0.881 0.190 0.363
3404 280 260 2 2 0 2504.69 0.881 0.190 0.363
3405 260 281 2 2 0 1999.05 0.691 0.201 0.324
3406 281 260 2 2 0 1999.05 0.691 0.201 0.324
3407 260 282 2 2 0 2504.69 0.881 0.169 0.347
3408 282 260 2 2 0 2504.69 0.881 0.169 0.347
3409 261 262 2 2 0 1508.86 0.507 0.254 0.317
3410 262 261 2 2 0 1508.86 0.507 0.254 0.317
3411 261 281 2 2 0 2504.69 0.881 0.254 0.411
3412 281 261 2 2 0 2504.69 0.881 0.254 0.411
3413 261 282 2 2 0 1999.05 0.691 0.222 0.339
3414 282 261 2 2 0 1999.05 0.691 0.222 0.339
3415 261 283 2 2 0 2504.69 0.881 0.201 0.371
3416 283 261 2 2 0 2504.69 0.881 0.201 0.371
3417 262 263 2 2 0 1508.86 0.507 0.212 0.286
3418 263 262 2 2 0 1508.86 0.507 0.212 0.286
3419 262 282 2 2 0 2504.69 0.881 0.222 0.387
3420 282 262 2 2 0 2504.69 0.881 0.222 0.387
3421 262 283 2 2 0 1999.05 0.691 0.201 0.324
3422 283 262 2 2 0 1999.05 0.691 0.201 0.324
3423 262 284 2 2 0 2504.69 0.881 0.222 0.387
3424 284 262 2 2 0 2504.69 0.881 0.222 0.387
3425 263 264 2 2 0 1508.86 0.507 0.127 0.222
3426 264 263 2 2 0 1508.86 0.507 0.127 0.222
3427 263 283 2 2 0 2504.69 0.881 0.159 0.339
3428 283 263 2 2 0 2504.69 0.881 0.159 0.339
3429 263 284 2 2 0 1999.05 0.691 0.180 0.308
3430 284 263 2 2 0 1999.05 0.691 0.180 0.308
3431 263 285 2 2 0 2504.69 0.881 0.106 0.300
3432 285 263 2 2 0 2504.69 0.881 0.106 0.300
3433 264 265 2 2 0 1508.86 0.507 0.085 0.190
3434 265 264 2 2 0 1508.86 0.507 0.085 0.190
3435 264 284 2 2 0 2504.69 0.881 0.138 0.323
3436 284 264 2 2 0 2504.69 0.881 0.138 0.323
3437 264 285 2 2 0 1999.05 0.691 0.063 0.220
3438 285 264 2 2 0 1999.05 0.691 0.063 0.220
3439 264 286 2 2 0 2504.69 0.881 0.063 0.268
3440 286 264 2 2 0 2504.69 0.881 0.063 0.268
3441 265 266 2 2 0 1508.86 0.507 0.074 0.182
3442 266 265 2 2 0 1508.86 0.507 0.074 0.182
3443 265 285 2 2 0 2504.69 0.881 0.063 0.268
3444 285 265 2 2 0 2504.69 0.881 0.063 0.268
3445 265 286 2 2 0 1999.05 0.691 0.063 0.220
3446 286 265 2 2 0 1999.05 0.691 0.063 0.220
3447 265 287 2 2 0 2504.69 0.881 0.074 0.276
3448 287 265 2 2 0 2504.69 0.881 0.074 0.276
3449 266 286 2 2 0 2504.69 0.881 0.053 0.260
3450 286 266 2 2 0 2504.69 0.881 0.053 0.260
3451 266 287 2 2 0 1999.05 0.691 0.063 0.220
3452 287 266 2 2 0 1999.05 0.691 0.063 0.220
3453 267 268 2 2 0 1509.27 0.507 0.201 0.278
3454 268 267 2 2 0 1509.27 0.507 0.201 0.278
3455 267 288 2 2 0 1999.05 0.691 0.233 0.347
3456 288 267 2 2 0 1999.05 0.691 0.233 0.347
3457 267 289 2 2 0 2504.94 0.881 0.212 0.379
3458 289 267 2 2 0 2504.94 0.881 0.212 0.379
3459 268 269 2 2 0 1509.27 0.507 0.148 0.238
3460 269 268 2 2 0 1509.27 0.507 0.148 0.238
3461 268 288 2 2 0 2504.94 0.881 0.201 0.371
3462 288 268 2 2 0 2504.94 0.881 0.201 0.371
3463 268 289 2 2 0 1999.05 0.691 0.180 0.308
3464 289 268 2 2 0 1999.05 0.691 0.180 0.308
3465 268 290 2 2 0 2504.94 0.881 0.201 0.371
3466 290 268 2 2 0 2504.94 0.881 0.201 0.371
3467 269 270 2 2 0 1509.27 0.507 0.138 0.230
3468 270 269 2 2 0 1509.27 0.507 0.138 0.230
3469 269 289 2 2 0 2504.94 0.881 0.159 0.339
3470 289 269 2 2 0 2504.94 0.881 0.159 0.339
3471 269 290 2 2 0 1999.05 0.691 0.180 0.308
3472 290 269 2 2 0 1999.05 0.691 0.180 0.308
3473 269 291 2 2 0 2504.94 0.881 0.138 0.323
3474 291 269 2 2 0 2504.94 0.881 0.138 0.323
3475 270 271 2 2 0 1509.27 0.507 0.159 0.246
3476 271 270 2 2 0 1509.27 0.507 0.159 0.246
3477 270 290 2 2 0 2504.94 0.881 0.190 0.363
3478 290 270 2 2 0 2504.94 0.881 0.190 0.363
3479 270 291 2 2 0 1999.05 0.691 0.148 0.284
3480 291 270 2 2 0 1999.05 0.691 0.148 0.284
3481 270 292 2 2 0 2504.94 0.881 0.190 0.363
3482 292 270 2 2 0 2504.94 0.881 0.190 0.363
3483 271 272 2 2 0 1509.27 0.507 0.180 0.262
3484 272 271 2 2 0 1509.27 0.507 0.180 0.262
3485 271 291 2 2 0 2504.94 0.881 0.159 0.339
3486 291 271 2 2 0 2504.94 0.881 0.159 0.339
3487 271 292 2 2 0 1999.05 0.691 0.201 0.324
3488 292 271 2 2 0 1999.05 0.691 0.201 0.324
3489 271 293 2 2 0 2504.94 0.881 0.190 0.363
3490 293 271 2 2 0 2504.94 0.881 0.190 0.363
3491 272 273 2 2 0 1509.27 0.507 0.212 0.286
3492 273 272 2 2 0 1509.27 0.507 0.212 0.286
3493 272 292 2 2 0 2504.94 0.881 0.212 0.379
3494 292 272 2 2 0 2504.94 0.881 0.212 0.379
3495 272 293 2 2 0 1999.05 0.691 0.201 0.324
3496 293 272 2 2 0 1999.05 0.691 0.201 0.324
3497 273 274 2 2 0 1509.27 0.507 0.233 0.301
3498 274 273 2 2 0 1509.27 0.507 0.233 0.301
3499 273 293 2 2 0 2504.94 0.881 0.222 0.387
3500 293 273 2 2 0 2504.94 0.881 0.222 0.387
3501 273 294 2 2 0 1999.05 0.691 0.222 0.339
3502 294 273 2 2 0 1999.05 0.691 0.222 0.339
3503 273 295 2 2 0 2504.94 0.881 0.201 0.371
3504 295 273 2 2 0 2504.94 0.881 0.201 0.371
3505 274 275 2 2 0 1509.27 0.507 0.243 0.309
3506 275 274 2 2 0 1509.27 0.507 0.243 0.309
3507 274 294 2 2 0 2504.94 0.881 0.222 0.387
3508 294 274 2 2 0 2504.94 0.881 0.222 0.387
3509 274 295 2 2 0 1999.05 0.691 0.201 0.324
3510 295 274 2 2 0 1999.05 0.691 0.201 0.324
3511 274 296 2 2 0 2504.94 0.881 0.212 0.379
3512 296 274 2 2 0 2504.94 0.881 0.212 0.379
3513 275 276 2 2 0 1509.27 0.507 0.233 0.301
3514 276 275 2 2 0 1509.27 0.507 0.233 0.301
3515 275 295 2 2 0 2504.94 0.881 0.212 0.379
3516 295 275 2 2 0 2504.94 0.881 0.212 0.379
3517 275 296 2 2 0 1999.05 0.691 0.222 0.339
3518 296 275 2 2 0 1999.05 0.691 0.222 0.339
3519 275 297 2 2 0 2504.94 0.881 0.233 0.395
3520 297 275 2 2 0 2504.94 0.881 0.233 0.395
3521 276 277 2 2 0 1509.27 0.507 0.201 0.278
3522 277 276 2 2 0 1509.27 0.507 0.201 0.278
3523 276 296 2 2 0 2504.94 0.881 0.201 0.371
3524 296 276 2 2 0 2504.94 0.881 0.201 0.371
3525 276 297 2 2 0 1999.05 0.691 0.212 0.332
3526 297 276 2 2 0 1999.05 0.691 0.212 0.332
3527 276 298 2 2 0 2504.94 0.881 0.233 0.395
3528 298 276 2 2 0 2504.94 0.881 0.233 0.395
3529 277 278 2 2 0 1509.27 0.507 0.190 0.270
3530 278 277 2 2 0 1509.27 0.507 0.190 0.270
3531 277 297 2 2 0 2504.94 0.881 0.201 0.371
3532 297 277 2 2 0 2504.94 0.881 0.201 0.371
3533 277 298 2 2 0 1999.05 0.691 0.222 0.339
3534 298 277 2 2 0 1999.05 0.691 0.222 0.339
3535 277 299 2 2 0 2504.94 0.881 0.169 0.347
3536 299 277 2 2 0 2504.94 0.881 0.169 0.347
3537 278 279 2 2 0 1509.27 0.507 0.212 0.286
3538 279 278 2 2 0 1509.27 0.507 0.212 0.286
3539 278 298 2 2 0 2504.94 0.881 0.222 0.387
3540 298 278 2 2 0 2504.94 0.881 0.222 0.387
3541 278 299 2 2 0 1999.05 0.691 0.169 0.300
3542 299 278 2 2 0 1999.05 0.691 0.169 0.300
3543 278 300 2 2 0 2504.94 0.881 0.201 0.371
3544 300 278 2 2 0 2504.94 0.881 0.201 0.371
3545 279 280 2 2 0 1509.27 0.507 0.233 0.301
3546 280 279 2 2 0 1509.27 0.507 0.233 0.301
3547 279 299 2 2 0 2504.94 0.881 0.190 0.363
3548 299 279 2 2 0 2504.94 0.881 0.190 0.363
3549 279 300 2 2 0 1999.05 0.691 0.222 0.339
3550 300 279 2 2 0 1999.05 0.691 0.222 0.339
3551 279 301 2 2 0 2504.94 0.881 0.212 0.379
3552 301 279 2 2 0 2504.94 0.881 0.212 0.379
3553 280 281 2 2 0 1509.27 0.507 0.243 0.309
3554 281 280 2 2 0 1509.27 0.507 0.243 0.309
3555 280 300 2 2 0 2504.94 0.881 0.222 0.387
3556 300 280 2 2 0 2504.94 0.881 0.222 0.387
3557 280 301 2 2 0 1999.05 0.691 0.212 0.332
3558 301 280 2 2 0 1999.05 0.691 0.212 0.332
3559 280 302 2 2 0 2504.94 0.881 0.201 0.371
3560 302 280 2 2 0 2504.94 0.881 0.201 0.371
3561 281 282 2 2 0 1509.27 0.507 0.222 0.293
3562 282 281 2 2 0 1509.27 0.507 0.222 0.293
3563 281 301 2 2 0 2504.94 0.881 0.222 0.387
3564 301 281 2 2 0 2504.94 0.881 0.222 0.387
3565 281 302 2 2 0 1999.05 0.691 0.212 0.332
3566 302 281 2 2 0 1999.05 0.691 0.212 0.332
3567 281 303 2 2 0 2504.94 0.881 0.201 0.371
3568 303 281 2 2 0 2504.94 0.881 0.201 0.371
3569 282 283 2 2 0 1509.27 0.507 0.169 0.254
3570 283 282 2 2 0 1509.27 0.507 0.169 0.254
3571 282 302 2 2 0 2504.94 0.881 0.180 0.355
3572 302 282 2 2 0 2504.94 0.881 0.180 0.355
3573 282 303 2 2 0 1999.05 0.691 0.169 0.300
3574 303 282 2 2 0 1999.05 0.691 0.169 0.300
3575 282 304 2 2 0 2504.94 0.881 0.201 0.371
3576 304 282 2 2 0 2504.94 0.881 0.201 0.371
3577 283 284 2 2 0 1509.27 0.507 0.169 0.254
3578 284 283 2 2 0 1509.27 0.507 0.169 0.254
3579 283 303 2 2 0 2504.94 0.881 0.148 0.331
3580 303 283 2 2 0 2504.94 0.881 0.148 0.331
3581 283 304 2 2 0 1999.05 0.691 0.180 0.308
3582 304 283 2 2 0 1999.05 0.691 0.180 0.308
3583 283 305 2 2 0 2504.94 0.881 0.180 0.355
3584 305 283 2 2 0 2504.94 0.881 0.180 0.355
3585 284 285 2 2 0 1509.27 0.507 0.116 0.214
3586 285 284 2 2 0 1509.27 0.507 0.116 0.214
3587 284 304 2 2 0 2504.94 0.881 0.201 0.371
3588 304 284 2 2 0 2504.94 0.881 0.201 0.371
3589 284 305 2 2 0 1999.05 0.691 0.201 0.324
3590 305 284 2 2 0 1999.05 0.691 0.201 0.324
3591 284 306 2 2 0 2504.94 0.881 0.127 0.316
3592 306 284 2 2 0 2504.94 0.881 0.127 0.316
3593 285 286 2 2 0 1509.27 0.507 0.042 0.159
3594 286 285 2 2 0 1509.27 0.507 0.042 0.159
3595 285 305 2 2 0 2504.94 0.881 0.127 0.316
3596 305 285 2 2 0 2504.94 0.881 0.127 0.316
3597 285 306 2 2 0 1999.05 0.691 0.053 0.213
3598 306 285 2 2 0 1999.05 0.691 0.053 0.213
3599 285 307 2 2 0 2504.94 0.881 0.116 0.308
3600 307 285 2 2 0 2504.94 0.881 0.116 0.308
3601 286 287 2 2 0 1509.27 0.507 0.053 0.167
3602 287 286 2 2 0 1509.27 0.507 0.053 0.167
3603 286 306 2 2 0 2504.94 0.881 0.053 0.260
3604 306 286 2 2 0 2504.94 0.881 0.053 0.260
3605 286 307 2 2 0 1999.05 0.691 0.116 0.260
3606 307 286 2 2 0 1999.05 0.691 0.116 0.260
3607 286 308 2 2 0 2504.94 0.881 0.053 0.260
3608 308 286 2 2 0 2504.94 0.881 0.053 0.260
3609 287 307 2 2 0 2504.94 0.881 0.127 0.316
3610 307 287 2 2 0 2504.94 0.881 0.127 0.316
3611 287 308 2 2 0 1999.05 0.691 0.063 0.220
3612 308 287 2 2 0 1999.05 0.691 0.063 0.220
3613 288 289 2 2 0 1509.69 0.507 0.212 0.286
3614 289 288 2 2 0 1509.69 0.507 0.212 0.286
3615 288 309 2 2 0 1999.04 0.691 0.190 0.316
3616 309 288 2 2 0 1999.04 0.691 0.190 0.316
3617 288 310 2 2 0 2505.18 0.881 0.233 0.395
3618 310 288 2 2 0 2505.18 0.881 0.233 0.395
3619 289 290 2 2 0 1509.69 0.507 0.212 0.286
3620 290 289 2 2 0 1509.69 0.507 0.212 0.286
3621 289 309 2 2 0 2505.18 0.881 0.169 0.347
3622 309 289 2 2 0 2505.18 0.881 0.169 0.347
3623 289 310 2 2 0 1999.04 0.691 0.212 0.332
3624 310 289 2 2 0 1999.04 0.691 0.212 0.332
3625 289 311 2 2 0 2505.18 0.881 0.201 0.371
3626 311 289 2 2 0 2505.18 0.881 0.201 0.371
3627 290 291 2 2 0 1509.69 0.507 0.190 0.270
3628 291 290 2 2 0 1509.69 0.507 0.190 0.270
3629 290 310 2 2 0 2505.18 0.881 0.233 0.395
3630 310 290 2 2 0 2505.18 0.881 0.233 0.395
3631 290 311 2 2 0 1999.04 0.691 0.222 0.339
3632 311 290 2 2 0 1999.04 0.691 0.222 0.339
3633 290 312 2 2 0 2505.18 0.881 0.233 0.395
3634 312 290 2 2 0 2505.18 0.881 0.233 0.395
3635 291 292 2 2 0 1509.69 0.507 0.190 0.270
3636 292 291 2 2 0 1509.69 0.507 0.190 0.270
3637 291 311 2 2 0 2505.18 0.881 0.180 0.355
3638 311 291 2 2 0 2505.18 0.881 0.180 0.355
3639 291 312 2 2 0 1999.04 0.691 0.190 0.316
3640 312 291 2 2 0 1999.04 0.691 0.190 0.316
3641 291 313 2 2 0 2505.18 0.881 0.201 0.371
3642 313 291 2 2 0 2505.18 0.881 0.201 0.371
3643 292 293 2 2 0 1509.69 0.507 0.222 0.294
3644 293 292 2 2 0 1509.69 0.507 0.222 0.294
3645 292 312 2 2 0 2505.18 0.881 0.233 0.395
3646 312 292 2 2 0 2505.18 0.881 0.233 0.395
3647 292 313 2 2 0 1999.04 0.691 0.243 0.355
3648 313 292 2 2 0 1999.04 0.691 0.243 0.355
3649 292 314 2 2 0 2505.18 0.881 0.233 0.395
3650 314 292 2 2 0 2505.18 0.881 0.233 0.395
3651 293 294 2 2 0 1509.69 0.507 0.212 0.286
3652 294 293 2 2 0 1509.69 0.507 0.212 0.286
3653 293 313 2 2 0 2505.18 0.881 0.233 0.395
3654 313 293 2 2 0 2505.18 0.881 0.233 0.395
3655 293 314 2 2 0 1999.04 0.691 0.222 0.339
3656 314 293 2 2 0 1999.04 0.691 0.222 0.339
3657 293 315 2 2 0 2505.18 0.881 0.180 0.355
3658 315 293 2 2 0 2505.18 0.881 0.180 0.355
3659 294 295 2 2 0 1509.69 0.507 0.190 0.270
3660 295 294 2 2 0 1509.69 0.507 0.190 0.270
3661 294 314 2 2 0 2505.18 0.881 0.222 0.387
3662 314 294 2 2 0 2505.18 0.881 0.222 0.387
3663 294 315 2 2 0 1999.04 0.691 0.180 0.308
3664 315 294 2 2 0 1999.04 0.691 0.180 0.308
3665 294 316 2 2 0 2505.18 0.881 0.169 0.347
3666 316 294 2 2 0 2505.18 0.881 0.169 0.347
3667 295 296 2 2 0 1509.69 0.507 0.180 0.262
3668 296 295 2 2 0 1509.69 0.507 0.180 0.262
3669 295 315 2 2 0 2505.18 0.881 0.159 0.339
3670 315 295 2 2 0 2505.18 0.881 0.159 0.339
3671 295 316 2 2 0 1999.04 0.691 0.148 0.284
3672 316 295 2 2 0 1999.04 0.691 0.148 0.284
3673 295 317 2 2 0 2505.18 0.881 0.212 0.379
3674 317 295 2 2 0 2505.18 0.881 0.212 0.379
3675 296 297 2 2 0 1509.69 0.507 0.201 0.278
3676 297 296 2 2 0 1509.69 0.507 0.201 0.278
3677 296 316 2 2 0 2505.18 0.881 0.159 0.339
3678 316 296 2 2 0 2505.18 0.881 0.159 0.339
3679 296 317 2 2 0 1999.04 0.691 0.222 0.339
3680 317 296 2 2 0 1999.04 0.691 0.222 0.339
3681 296 318 2 2 0 2505.18 0.881 0.190 0.363
3682 318 296 2 2 0 2505.18 0.881 0.190 0.363
3683 297 298 2 2 0 1509.69 0.507 0.233 0.301
3684 298 297 2 2 0 1509.69 0.507 0.233 0.301
3685 297 317 2 2 0 2505.18 0.881 0.233 0.395
3686 317 297 2 2 0 2505.18 0.881 0.233 0.395
3687 297 318 2 2 0 1999.04 0.691 0.201 0.324
3688 318 297 2 2 0 1999.04 0.691 0.201 0.324
3689 297 319 2 2 0 2505.18 0.881 0.201 0.371
3690 319 297 2 2 0 2505.18 0.881 0.201 0.371
3691 298 299 2 2 0 1509.69 0.507 0.201 0.278
3692 299 298 2 2 0 1509.69 0.507 0.201 0.278
3693 298 318 2 2 0 2505.18 0.881 0.222 0.387
3694 318 298 2 2 0 2505.18 0.881 0.222 0.387
3695 298 319 2 2 0 1999.04 0.691 0.222 0.339
3696 319 298 2 2 0 1999.04 0.691 0.222 0.339
3697 298 320 2 2 0 2505.18 0.881 0.243 0.403
3698 320 298 2 2 0 2505.18 0.881 0.243 0.403
3699 299 300 2 2 0 1509.69 0.507 0.180 0.262
3700 300 299 2 2 0 1509.69 0.507 0.180 0.262
3701 299 319 2 2 0 2505.18 0.881 0.169 0.347
3702 319 299 2 2 0 2505.18 0.881 0.169 0.347
3703 299 320 2 2 0 1999.04 0.691 0.190 0.316
3704 320 299 2 2 0 1999.04 0.691 0.190 0.316
3705 299 321 2 2 0 2505.18 0.881 0.201 0.371
3706 321 299 2 2 0 2505.18 0.881 0.201 0.371
3707 300 301 2 2 0 1509.69 0.507 0.201 0.278
3708 301 300 2 2 0 1509.69 0.507 0.201 0.278
3709 300 320 2 2 0 2505.18 0.881 0.222 0.387
3710 320 300 2 2 0 2505.18 0.881 0.222 0.387
3711 300 321 2 2 0 1999.04 0.691 0.233 0.347
3712 321 300 2 2 0 1999.04 0.691 0.233 0.347
3713 300 322 2 2 0 2505.18 0.881 0.180 0.355
3714 322 300 2 2 0 2505.18 0.881 0.180 0.355
3715 301 302 2 2 0 1509.69 0.507 0.180 0.262
3716 302 301 2 2 0 1509.69 0.507 0.180 0.262
3717 301 321 2 2 0 2505.18 0.881 0.222 0.387
3718 321 301 2 2 0 2505.18 0.881 0.222 0.387
3719 301 322 2 2 0 1999.04 0.691 0.169 0.300
3720 322 301 2 2 0 1999.04 0.691 0.169 0.300
3721 301 323 2 2 0 2505.18 0.881 0.169 0.347
3722 323 301 2 2 0 2505.18 0.881 0.169 0.347
3723 302 303 2 2 0 1509.69 0.507 0.159 0.246
3724 303 302 2 2 0 1509.69 0.507 0.159 0.246
3725 302 322 2 2 0 2505.18 0.881 0.159 0.339
3726 322 302 2 2 0 2505.18 0.881 0.159 0.339
3727 302 323 2 2 0 1999.04 0.691 0.159 0.292
3728 323 302 2 2 0 1999.04 0.691 0.159 0.292
3729 302 324 2 2 0 2505.18 0.881 0.190 0.363
3730 324 302 2 2 0 2505.18 0.881 0.190 0.363
3731 303 304 2 2 0 1509.69 0.507 0.180 0.262
3732 304 303 2 2 0 1509.69 0.507 0.180 0.262
3733 303 323 2 2 0 2505.18 0.881 0.148 0.331
3734 323 303 2 2 0 2505.18 0.881 0.148 0.331
3735 303 324 2 2 0 1999.04 0.691 0.180 0.308
3736 324 303 2 2 0 1999.04 0.691 0.180 0.308
3737 303 325 2 2 0 2505.18 0.881 0.201 0.371
3738 325 303 2 2 0 2505.18 0.881 0.201 0.371
3739 304 305 2 2 0 1509.69 0.507 0.212 0.286
3740 305 304 2 2 0 1509.69 0.507 0.212 0.286
3741 304 324 2 2 0 2505.18 0.881 0.212 0.379
3742 324 304 2 2 0 2505.18 0.881 0.212 0.379
3743 304 325 2 2 0 1999.04 0.691 0.233 0.347
3744 325 304 2 2 0 1999.04 0.691 0.233 0.347
3745 304 326 2 2 0 2505.18 0.881 0.212 0.379
3746 326 304 2 2 0 2505.18 0.881 0.212 0.379
3747 305 306 2 2 0 1509.69 0.507 0.138 0.230
3748 306 305 2 2 0 1509.69 0.507 0.138 0.230
3749 305 325 2 2 0 2505.18 0.881 0.233 0.395
3750 325 305 2 2 0 2505.18 0.881 0.233 0.395
3751 305 326 2 2 0 1999.04 0.691 0.212 0.332
3752 326 305 2 2 0 1999.04 0.691 0.212 0.332
3753 305 327 2 2 0 2505.18 0.881 0.222 0.387
3754 327 305 2 2 0 2505.18 0.881 0.222 0.387
3755 306 307 2 2 0 1509.69 0.507 0.127 0.222
3756 307 306 2 2 0 1509.69 0.507 0.127 0.222
3757 306 326 2 2 0 2505.18 0.881 0.138 0.324
3758 326 306 2 2 0 2505.18 0.881 0.138 0.324
3759 306 327 2 2 0 1999.04 0.691 0.148 0.284
3760 327 306 2 2 0 1999.04 0.691 0.148 0.284
3761 306 328 2 2 0 2505.18 0.881 0.116 0.308
3762 328 306 2 2 0 2505.18 0.881 0.116 0.308
3763 307 308 2 2 0 1509.69 0.507 0.127 0.222
3764 308 307 2 2 0 1509.69 0.507 0.127 0.222
3765 307 327 2 2 0 2505.18 0.881 0.212 0.379
3766 327 307 2 2 0 2505.18 0.881 0.212 0.379
3767 307 328 2 2 0 1999.04 0.691 0.180 0.308
3768 328 307 2 2 0 1999.04 0.691 0.180 0.308
3769 307 329 2 2 0 2505.18 0.881 0.116 0.308
3770 329 307 2 2 0 2505.18 0.881 0.116 0.308
3771 308 328 2 2 0 2505.18 0.881 0.116 0.308
3772 328 308 2 2 0 2505.18 0.881 0.116 0.308
3773 308 329 2 2 0 1999.04 0.691 0.053 0.213
3774 329 308 2 2 0 1999.04 0.691 0.053 0.213
3775 309 310 2 2 0 1510.10 0.508 0.190 0.270
3776 310 309 2 2 0 1510.10 0.508 0.190 0.270
3777 309 330 2 2 0 1999.03 0.691 0.159 0.292
3778 330 309 2 2 0 1999.03 0.691 0.159 0.292
3779 309 331 2 2 0 2505.43 0.881 0.190 0.363
3780 331 309 2 2 0 2505.43 0.881 0.190 0.363
3781 310 311 2 2 0 1510.10 0.508 0.222 0.294
3782 311 310 2 2 0 1510.10 0.508 0.222 0.294
3783 310 330 2 2 0 2505.43 0.881 0.201 0.371
3784 330 310 2 2 0 2505.43 0.881 0.201 0.371
3785 310 331 2 2 0 1999.03 0.691 0.233 0.347
3786 331 310 2 2 0 1999.03 0.691 0.233 0.347
3787 310 332 2 2 0 2505.43 0.881 0.243 0.403
3788 332 310 2 2 0 2505.43 0.881 0.243 0.403
3789 311 312 2 2 0 1510.10 0.508 0.222 0.294
3790 312 311 2 2 0 1510.10 0.508 0.222 0.294
3791 311 331 2 2 0 2505.43 0.881 0.222 0.387
3792 331 311 2 2 0 2505.43 0.881 0.222 0.387
3793 311 332 2 2 0 1999.03 0.691 0.233 0.347
3794 332 311 2 2 0 1999.03 0.691 0.233 0.347
3795 311 333 2 2 0 2505.43 0.881 0.190 0.363
3796 333 311 2 2 0 2505.43 0.881 0.190 0.363
3797 312 313 2 2 0 1510.10 0.508 0.243 0.309
3798 313 312 2 2 0 1510.10 0.508 0.243 0.309
3799 312 332 2 2 0 2505.43 0.881 0.243 0.403
3800 332 312 2 2 0 2505.43 0.881 0.243 0.403
3801 312 333 2 2 0 1999.03 0.691 0.201 0.324
3802 333 312 2 2 0 1999.03 0.691 0.201 0.324
3803 312 334 2 2 0 2505.43 0.881 0.190 0.363
3804 334 312 2 2 0 2505.43 0.881 0.190 0.363
3805 313 314 2 2 0 1510.10 0.508 0.243 0.309
3806 314 313 2 2 0 1510.10 0.508 0.243 0.309
3807 313 333 2 2 0 2505.43 0.881 0.212 0.379
3808 333 313 2 2 0 2505.43 0.881 0.212 0.379
3809 313 334 2 2 0 1999.03 0.691 0.201 0.324
3810 334 313 2 2 0 1999.03 0.691 0.201 0.324
3811 313 335 2 2 0 2505.43 0.881 0.233 0.395
3812 335 313 2 2 0 2505.43 0.881 0.233 0.395
3813 314 315 2 2 0 1510.10 0.508 0.190 0.270
3814 315 314 2 2 0 1510.10 0.508 0.190 0.270
3815 314 334 2 2 0 2505.43 0.881 0.190 0.363
3816 334 314 2 2 0 2505.43 0.881 0.190 0.363
3817 314 335 2 2 0 1999.03 0.691 0.222 0.339
3818 335 314 2 2 0 1999.03 0.691 0.222 0.339
3819 314 336 2 2 0 2505.43 0.881 0.243 0.403
3820 336 314 2 2 0 2505.43 0.881 0.243 0.403
3821 315 316 2 2 0 1510.10 0.508 0.138 0.230
3822 316 315 2 2 0 1510.10 0.508 0.138 0.230
3823 315 335 2 2 0 2505.43 0.881 0.180 0.355
3824 335 315 2 2 0 2505.43 0.881 0.180 0.355
3825 315 336 2 2 0 1999.03 0.691 0.201 0.324
3826 336 315 2 2 0 1999.03 0.691 0.201 0.324
3827 315 337 2 2 0 2505.43 0.881 0.148 0.331
3828 337 315 2 2 0 2505.43 0.881 0.148 0.331
3829 316 317 2 2 0 1510.10 0.508 0.190 0.270
3830 317 316 2 2 0 1510.10 0.508 0.190 0.270
3831 316 336 2 2 0 2505.43 0.881 0.190 0.363
3832 336 316 2 2 0 2505.43 0.881 0.190 0.363
3833 316 338 2 2 0 2505.43 0.881 0.159 0.339
3834 338 316 2 2 0 2505.43 0.881 0.159 0.339
3835 317 318 2 2 0 1510.10 0.508 0.222 0.294
3836 318 317 2 2 0 1510.10 0.508 0.222 0.294
3837 317 337 2 2 0 2505.43 0.881 0.201 0.371
3838 337 317 2 2 0 2505.43 0.881 0.201 0.371
3839 317 338 2 2 0 1999.03 0.691 0.222 0.339
3840 338 317 2 2 0 1999.03 0.691 0.222 0.339
3841 317 339 2 2 0 2505.43 0.881 0.254 0.411
3842 339 317 2 2 0 2505.43 0.881 0.254 0.411
3843 318 319 2 2 0 1510.10 0.508 0.190 0.270
3844 319 318 2 2 0 1510.10 0.508 0.190 0.270
3845 318 338 2 2 0 2505.43 0.881 0.190 0.363
3846 338 318 2 2 0 2505.43 0.881 0.190 0.363
3847 318 339 2 2 0 1999.03 0.691 0.222 0.339
3848 339 318 2 2 0 1999.03 0.691 0.222 0.339
3849 319 320 2 2 0 1510.10 0.508 0.212 0.286
3850 320 319 2 2 0 1510.10 0.508 0.212 0.286
3851 319 339 2 2 0 2505.43 0.881 0.222 0.387
3852 339 319 2 2 0 2505.43 0.881 0.222 0.387
3853 320 321 2 2 0 1510.10 0.508 0.243 0.309
3854 321 320 2 2 0 1510.10 0.508 0.243 0.309
3855 321 322 2 2 0 1510.10 0.508 0.201 0.278
3856 322 321 2 2 0 1510.10 0.508 0.201 0.278
3857 322 323 2 2 0 1510.10 0.508 0.148 0.238
3858 323 322 2 2 0 1510.10 0.508 0.148 0.238
3859 323 324 2 2 0 1510.10 0.508 0.180 0.262
3860 324 323 2 2 0 1510.10 0.508 0.180 0.262
3861 324 325 2 2 0 1510.10 0.508 0.233 0.302
3862 325 324 2 2 0 1510.10 0.508 0.233 0.302
3863 325 326 2 2 0 1510.10 0.508 0.233 0.302
3864 326 325 2 2 0 1510.10 0.508 0.233 0.302
3865 326 327 2 2 0 1510.10 0.508 0.222 0.294
3866 327 326 2 2 0 1510.10 0.508 0.222 0.294
3867 327 328 2 2 0 1510.10 0.508 0.201 0.278
3868 328 327 2 2 0 1510.10 0.508 0.201 0.278
3869 328 329 2 2 0 1510.10 0.508 0.106 0.206
3870 329 328 2 2 0 1510.10 0.508 0.106 0.206
3871 331 332 2 2 0 1510.51 0.508 0.243 0.309
3872 332 331 2 2 0 1510.51 0.508 0.243 0.309
3873 332 333 2 2 0 1510.51 0.508 0.212 0.286
3874 333 332 2 2 0 1510.51 0.508 0.212 0.286
3875 333 334 2 2 0 1510.51 0.508 0.159 0.246
3876 334 333 2 2 0 1510.51 0.508 0.159 0.246
3877 334 335 2 2 0 1510.51 0.508 0.180 0.262
3878 335 334 2 2 0 1510.51 0.508 0.180 0.262
3879 335 336 2 2 0 1510.51 0.508 0.233 0.302
3880 336 335 2 2 0 1510.51 0.508 0.233 0.302
3881 336 337 2 2 0 1510.51 0.508 0.201 0.278
3882 337 336 2 2 0 1510.51 0.508 0.201 0.278
3883 337 338 2 2 0 1510.51 0.508 0.169 0.254
3884 338 337 2 2 0 1510.51 0.508 0.169 0.254
3885 338 339 2 2 0 1510.51 0.508 0.222 0.294
3886 339 338 2 2 0 1510.51 0.508 0.222 0.294
3887 0 118 3 3 0 1189.82 0.387 0.407 0.402
3888 118 0 3 3 0 1189.82 0.387 0.407 0.402
3889 0 119 3 3 0 2409.69 0.846 0.278 0.420
3890 119 0 3 3 0 2409.69 0.846 0.278 0.420
3891 0 139 3 3 0 1255.98 0.412 0.343 0.360
3892 139 0 3 3 0 1255.98 0.412 0.343 0.360
3893 0 140 3 3 0 2443.28 0.858 0.398 0.513
3894 140 0 3 3 0 2443.28 0.858 0.398 0.513
3895 1 9 3 3 0 2406.22 0.844 0.000 0.211
3896 9 1 3 3 0 2406.22 0.844 0.000 0.211
3897 1 204 3 3 0 2144.71 0.746 0.093 0.256
3898 204 1 3 3 0 2144.71 0.746 0.093 0.256
3899 1 205 3 3 0 1975.33 0.682 0.065 0.219
3900 205 1 3 3 0 1975.33 0.682 0.065 0.219
3901 1 206 3 3 0 2784.53 0.986 0.389 0.538
3902 206 1 3 3 0 2784.53 0.986 0.389 0.538
3903 1 224 3 3 0 2495.81 0.878 0.065 0.268
3904 224 1 3 3 0 2495.81 0.878 0.065 0.268
3905 1 225 3 3 0 990.08 0.312 0.083 0.141
3906 225 1 3 3 0 990.08 0.312 0.083 0.141
3907 1 226 3 3 0 531.25 0.140 0.102 0.111
3908 226 1 3 3 0 531.25 0.140 0.102 0.111
3909 1 227 3 3 0 2033.45 0.704 0.065 0.225
3910 227 1 3 3 0 2033.45 0.704 0.065 0.225
3911 1 247 3 3 0 2313.70 0.809 0.083 0.265
3912 247 1 3 3 0 2313.70 0.809 0.083 0.265
3913 1 248 3 3 0 2157.54 0.751 0.093 0.257
3914 248 1 3 3 0 2157.54 0.751 0.093 0.257
3915 2 16 3 3 0 1696.50 0.578 0.000 0.144
3916 16 2 3 3 0 1696.50 0.578 0.000 0.144
3917 2 232 3 3 0 2818.34 0.999 0.083 0.312
3918 232 2 3 3 0 2818.34 0.999 0.083 0.312
3919 2 253 3 3 0 1646.57 0.559 0.083 0.202
3920 253 2 3 3 0 1646.57 0.559 0.083 0.202
3921 2 254 3 3 0 822.04 0.249 0.093 0.132
3922 254 2 3 3 0 822.04 0.249 0.093 0.132
3923 2 255 3 3 0 1787.21 0.612 0.074 0.208
3924 255 2 3 3 0 1787.21 0.612 0.074 0.208
3925 2 274 3 3 0 1853.90 0.637 0.102 0.236
3926 274 2 3 3 0 1853.90 0.637 0.102 0.236
3927 2 275 3 3 0 1183.62 0.385 0.111 0.180
3928 275 2 3 3 0 1183.62 0.385 0.111 0.180
3929 2 276 3 3 0 1979.90 0.684 0.093 0.240
3930 276 2 3 3 0 1979.90 0.684 0.093 0.240
3931 3 134 3 3 0 1728.82 0.590 0.037 0.175
3932 134 3 3 3 0 1728.82 0.590 0.037 0.175
3933 3 135 3 3 0 1072.68 0.343 0.028 0.107
3934 135 3 3 3 0 1072.68 0.343 0.028 0.107
3935 3 136 3 3 0 1962.50 0.678 0.037 0.197
3936 136 3 3 3 0 1962.50 0.678 0.037 0.197
3937 3 155 3 3 0 1653.87 0.562 0.028 0.161
3938 155 3 3 3 0 1653.87 0.562 0.028 0.161
3939 3 156 3 3 0 946.89 0.296 0.028 0.095
3940 156 3 3 3 0 946.89 0.296 0.028 0.095
3941 3 157 3 3 0 1896.87 0.653 0.028 0.184
3942 157 3 3 3 0 1896.87 0.653 0.028 0.184
3943 4 25 3 3 0 2171.70 0.756 0.019 0.203
3944 25 4 3 3 0 2171.70 0.756 0.019 0.203
3945 4 44 3 3 0 2040.05 0.707 0.037 0.204
3946 44 4 3 3 0 2040.05 0.707 0.037 0.204
3947 4 45 3 3 0 1973.06 0.682 0.028 0.191
3948 45 4 3 3 0 1973.06 0.682 0.028 0.191
3949 5 99 3 3 0 1884.73 0.648 0.241 0.343
3950 99 5 3 3 0 1884.73 0.648 0.241 0.343
3951 5 100 3 3 0 1363.75 0.453 0.407 0.419
3952 100 5 3 3 0 1363.75 0.453 0.407 0.419
3953 5 101 3 3 0 2168.88 0.755 0.333 0.439
3954 101 5 3 3 0 2168.88 0.755 0.333 0.439
3955 5 120 3 3 0 1466.42 0.491 0.352 0.387
3956 120 5 3 3 0 1466.42 0.491 0.352 0.387
3957 5 121 3 3 0 676.41 0.195 0.296 0.271
3958 121 5 3 3 0 676.41 0.195 0.296 0.271
3959 5 122 3 3 0 1817.29 0.623 0.324 0.399
3960 122 5 3 3 0 1817.29 0.623 0.324 0.399
3961 5 142 3 3 0 2654.80 0.938 0.389 0.526
3962 142 5 3 3 0 2654.80 0.938 0.389 0.526
3963 6 132 3 3 0 2719.78 0.962 0.028 0.261
3964 132 6 3 3 0 2719.78 0.962 0.028 0.261
3965 6 152 3 3 0 1554.74 0.524 0.028 0.152
3966 152 6 3 3 0 1554.74 0.524 0.028 0.152
3967 6 153 3 3 0 728.96 0.214 0.019 0.067
3968 153 6 3 3 0 728.96 0.214 0.019 0.067
3969 6 154 3 3 0 1785.16 0.611 0.028 0.174
3970 154 6 3 3 0 1785.16 0.611 0.028 0.174
3971 6 173 3 3 0 1882.72 0.648 0.037 0.190
3972 173 6 3 3 0 1882.72 0.648 0.037 0.190
3973 6 174 3 3 0 1287.73 0.424 0.028 0.127
3974 174 6 3 3 0 1287.73 0.424 0.028 0.127
3975 6 175 3 3 0 2077.11 0.721 0.028 0.201
3976 175 6 3 3 0 2077.11 0.721 0.028 0.201
3977 7 307 3 3 0 2001.31 0.692 0.083 0.236
3978 307 7 3 3 0 2001.31 0.692 0.083 0.236
3979 7 308 3 3 0 1481.45 0.497 0.028 0.145
3980 308 7 3 3 0 1481.45 0.497 0.028 0.145
3981 7 328 3 3 0 1453.14 0.486 0.074 0.177
3982 328 7 3 3 0 1453.14 0.486 0.074 0.177
3983 7 329 3 3 0 548.23 0.146 0.019 0.050
3984 329 7 3 3 0 548.23 0.146 0.019 0.050
3985 8 37 3 3 0 1772.80 0.606 0.389 0.443
3986 37 8 3 3 0 1772.80 0.606 0.389 0.443
3987 8 38 3 3 0 775.04 0.232 0.343 0.315
3988 38 8 3 3 0 775.04 0.232 0.343 0.315
3989 8 39 3 3 0 1608.22 0.544 0.370 0.414
3990 39 8 3 3 0 1608.22 0.544 0.370 0.414
3991 8 59 3 3 0 2770.16 0.981 0.407 0.551
3992 59 8 3 3 0 2770.16 0.981 0.407 0.551
3993 9 21 3 3 0 605.14 0.168 0.000 0.042
3994 21 9 3 3 0 605.14 0.168 0.000 0.042
3995 9 226 3 3 0 1907.36 0.657 0.102 0.241
3996 226 9 3 3 0 1907.36 0.657 0.102 0.241
3997 9 227 3 3 0 1040.47 0.331 0.065 0.131
3998 227 9 3 3 0 1040.47 0.331 0.065 0.131
3999 9 228 3 3 0 1754.60 0.599 0.380 0.435
4000 228 9 3 3 0 1754.60 0.599 0.380 0.435
4001 9 248 3 3 0 1868.57 0.642 0.093 0.230
4002 248 9 3 3 0 1868.57 0.642 0.093 0.230
4003 9 249 3 3 0 967.18 0.304 0.102 0.152
4004 249 9 3 3 0 967.18 0.304 0.102 0.152
4005 9 250 3 3 0 1712.31 0.584 0.074 0.201
4006 250 9 3 3 0 1712.31 0.584 0.074 0.201
4007 10 190 3 3 0 2546.30 0.897 0.028 0.245
4008 190 10 3 3 0 2546.30 0.897 0.028 0.245
4009 10 191 3 3 0 1394.06 0.464 0.019 0.130
4010 191 10 3 3 0 1394.06 0.464 0.019 0.130
4011 10 193 3 3 0 2550.00 0.898 0.037 0.252
4012 193 10 3 3 0 2550.00 0.898 0.037 0.252
4013 10 211 3 3 0 2405.75 0.844 0.028 0.232
4014 211 10 3 3 0 2405.75 0.844 0.028 0.232
4015 10 212 3 3 0 1116.29 0.360 0.102 0.166
4016 212 10 3 3 0 1116.29 0.360 0.102 0.166
4017 10 213 3 3 0 1119.10 0.361 0.093 0.160
4018 213 10 3 3 0 1119.10 0.361 0.093 0.160
4019 10 214 3 3 0 2409.66 0.845 0.111 0.295
4020 214 10 3 3 0 2409.66 0.845 0.111 0.295
4021 11 166 3 3 0 1640.12 0.556 0.417 0.452
4022 166 11 3 3 0 1640.12 0.556 0.417 0.452
4023 11 167 3 3 0 853.09 0.261 0.407 0.371
4024 167 11 3 3 0 853.09 0.261 0.407 0.371
4025 11 168 3 3 0 1819.17 0.624 0.037 0.184
4026 168 11 3 3 0 1819.17 0.624 0.037 0.184
4027 11 187 3 3 0 1816.83 0.623 0.315 0.392
4028 187 11 3 3 0 1816.83 0.623 0.315 0.392
4029 11 188 3 3 0 1156.77 0.375 0.324 0.337
4030 188 11 3 3 0 1156.77 0.375 0.324 0.337
4031 11 189 3 3 0 1980.01 0.684 0.028 0.192
4032 189 11 3 3 0 1980.01 0.684 0.028 0.192
4033 12 234 3 3 0 2134.56 0.742 0.065 0.234
4034 234 12 3 3 0 2134.56 0.742 0.065 0.234
4035 12 235 3 3 0 2278.09 0.796 0.083 0.262
4036 235 12 3 3 0 2278.09 0.796 0.083 0.262
4037 12 255 3 3 0 2054.39 0.712 0.074 0.234
4038 255 12 3 3 0 2054.39 0.712 0.074 0.234
4039 12 256 3 3 0 548.35 0.146 0.065 0.085
4040 256 12 3 3 0 548.35 0.146 0.065 0.085
4041 12 257 3 3 0 966.55 0.303 0.111 0.159
4042 257 12 3 3 0 966.55 0.303 0.111 0.159
4043 12 258 3 3 0 2474.08 0.870 0.102 0.294
4044 258 12 3 3 0 2474.08 0.870 0.102 0.294
4045 12 276 3 3 0 2821.06 1.000 0.093 0.319
4046 276 12 3 3 0 2821.06 1.000 0.093 0.319
4047 12 277 3 3 0 2009.35 0.695 0.083 0.236
4048 277 12 3 3 0 2009.35 0.695 0.083 0.236
4049 12 278 3 3 0 2161.29 0.752 0.083 0.251
4050 278 12 3 3 0 2161.29 0.752 0.083 0.251
4051 13 49 3 3 0 2192.84 0.764 0.028 0.212
4052 49 13 3 3 0 2192.84 0.764 0.028 0.212
4053 13 50 3 3 0 1582.69 0.535 0.037 0.162
4054 50 13 3 3 0 1582.69 0.535 0.037 0.162
4055 13 51 3 3 0 2174.98 0.757 0.037 0.217
4056 51 13 3 3 0 2174.98 0.757 0.037 0.217
4057 13 70 3 3 0 1574.13 0.532 0.037 0.161
4058 70 13 3 3 0 1574.13 0.532 0.037 0.161
4059 13 71 3 3 0 416.68 0.097 0.019 0.038
4060 71 13 3 3 0 416.68 0.097 0.019 0.038
4061 13 72 3 3 0 1549.16 0.522 0.037 0.158
4062 72 13 3 3 0 1549.16 0.522 0.037 0.158
4063 13 92 3 3 0 2415.62 0.848 0.037 0.240
4064 92 13 3 3 0 2415.62 0.848 0.037 0.240
4065 14 177 3 3 0 2418.18 0.849 0.019 0.226
4066 177 14 3 3 0 2418.18 0.849 0.019 0.226
4067 14 178 3 3 0 1638.83 0.556 0.037 0.167
4068 178 14 3 3 0 1638.83 0.556 0.037 0.167
4069 14 179 3 3 0 2016.98 0.698 0.028 0.195
4070 179 14 3 3 0 2016.98 0.698 0.028 0.195
4071 14 198 3 3 0 1843.81 0.633 0.083 0.221
4072 198 14 3 3 0 1843.81 0.633 0.083 0.221
4073 14 199 3 3 0 486.74 0.123 0.056 0.072
4074 199 14 3 3 0 486.74 0.123 0.056 0.072
4075 14 200 3 3 0 1272.70 0.418 0.028 0.125
4076 200 14 3 3 0 1272.70 0.418 0.028 0.125
4077 14 201 3 3 0 2747.40 0.972 0.028 0.264
4078 201 14 3 3 0 2747.40 0.972 0.028 0.264
4079 14 220 3 3 0 2404.30 0.843 0.019 0.225
4080 220 14 3 3 0 2404.30 0.843 0.019 0.225
4081 14 221 3 3 0 2676.55 0.946 0.019 0.250
4082 221 14 3 3 0 2676.55 0.946 0.019 0.250
4083 15 56 3 3 0 2543.33 0.896 0.250 0.411
4084 56 15 3 3 0 2543.33 0.896 0.250 0.411
4085 15 76 3 3 0 1404.68 0.468 0.333 0.367
4086 76 15 3 3 0 1404.68 0.468 0.333 0.367
4087 15 77 3 3 0 574.41 0.156 0.343 0.296
4088 77 15 3 3 0 574.41 0.156 0.343 0.296
4089 15 78 3 3 0 1794.55 0.614 0.315 0.390
4090 78 15 3 3 0 1794.55 0.614 0.315 0.390
4091 15 97 3 3 0 1956.49 0.675 0.380 0.454
4092 97 15 3 3 0 1956.49 0.675 0.380 0.454
4093 15 98 3 3 0 1477.91 0.496 0.296 0.346
4094 98 15 3 3 0 1477.91 0.496 0.296 0.346
4095 15 99 3 3 0 2252.88 0.787 0.241 0.377
4096 99 15 3 3 0 2252.88 0.787 0.241 0.377
4097 16 230 3 3 0 2408.01 0.845 0.037 0.239
4098 230 16 3 3 0 2408.01 0.845 0.037 0.239
4099 16 231 3 3 0 1845.75 0.634 0.019 0.172
4100 231 16 3 3 0 1845.75 0.634 0.019 0.172
4101 16 232 3 3 0 2359.45 0.827 0.083 0.269
4102 232 16 3 3 0 2359.45 0.827 0.083 0.269
4103 16 252 3 3 0 1554.83 0.524 0.037 0.159
4104 252 16 3 3 0 1554.83 0.524 0.037 0.159
4105 16 253 3 3 0 158.42 0.000 0.083 0.062
4106 253 16 3 3 0 158.42 0.000 0.083 0.062
4107 16 254 3 3 0 1478.48 0.496 0.093 0.193
4108 254 16 3 3 0 1478.48 0.496 0.093 0.193
4109 16 273 3 3 0 2651.21 0.936 0.102 0.310
4110 273 16 3 3 0 2651.21 0.936 0.102 0.310
4111 16 274 3 3 0 2153.10 0.749 0.102 0.264
4112 274 16 3 3 0 2153.10 0.749 0.102 0.264
4113 16 275 3 3 0 2607.16 0.920 0.111 0.313
4114 275 16 3 3 0 2607.16 0.920 0.111 0.313
4115 17 196 3 3 0 2067.34 0.717 0.028 0.200
4116 196 17 3 3 0 2067.34 0.717 0.028 0.200
4117 17 197 3 3 0 1719.25 0.586 0.019 0.160
4118 197 17 3 3 0 1719.25 0.586 0.019 0.160
4119 17 198 3 3 0 2486.88 0.874 0.083 0.281
4120 198 17 3 3 0 2486.88 0.874 0.083 0.281
4121 17 216 3 3 0 2716.81 0.961 0.083 0.303
4122 216 17 3 3 0 2716.81 0.961 0.083 0.303
4123 17 217 3 3 0 1230.64 0.403 0.065 0.149
4124 217 17 3 3 0 1230.64 0.403 0.065 0.149
4125 17 218 3 3 0 442.76 0.107 0.083 0.089
4126 218 17 3 3 0 442.76 0.107 0.083 0.089
4127 17 219 3 3 0 1850.86 0.636 0.028 0.180
4128 219 17 3 3 0 1850.86 0.636 0.028 0.180
4129 17 238 3 3 0 2597.62 0.916 0.083 0.292
4130 238 17 3 3 0 2597.62 0.916 0.083 0.292
4131 17 239 3 3 0 2329.98 0.816 0.102 0.280
4132 239 17 3 3 0 2329.98 0.816 0.102 0.280
4133 18 136 3 3 0 2039.00 0.706 0.037 0.204
4134 136 18 3 3 0 2039.00 0.706 0.037 0.204
4135 18 137 3 3 0 1347.40 0.447 0.019 0.126
4136 137 18 3 3 0 1347.40 0.447 0.019 0.126
4137 18 138 3 3 0 2003.14 0.693 0.037 0.201
4138 138 18 3 3 0 2003.14 0.693 0.037 0.201
4139 18 157 3 3 0 1663.81 0.565 0.028 0.162
4140 157 18 3 3 0 1663.81 0.565 0.028 0.162
4141 18 158 3 3 0 652.35 0.185 0.028 0.067
4142 158 18 3 3 0 652.35 0.185 0.028 0.067
4143 18 159 3 3 0 1619.65 0.549 0.028 0.158
4144 159 18 3 3 0 1619.65 0.549 0.028 0.158
4145 18 179 3 3 0 2651.10 0.936 0.028 0.255
4146 179 18 3 3 0 2651.10 0.936 0.028 0.255
4147 19 243 3 3 0 1861.41 0.640 0.028 0.181
4148 243 19 3 3 0 1861.41 0.640 0.028 0.181
4149 19 244 3 3 0 873.12 0.268 0.037 0.095
4150 244 19 3 3 0 873.12 0.268 0.037 0.095
4151 19 265 3 3 0 2004.27 0.693 0.037 0.201
4152 265 19 3 3 0 2004.27 0.693 0.037 0.201
4153 19 266 3 3 0 1146.24 0.371 0.028 0.114
4154 266 19 3 3 0 1146.24 0.371 0.028 0.114
4155 20 263 3 3 0 2541.80 0.895 0.074 0.279
4156 263 20 3 3 0 2541.80 0.895 0.074 0.279
4157 20 264 3 3 0 1834.04 0.629 0.037 0.185
4158 264 20 3 3 0 1834.04 0.629 0.037 0.185
4159 20 265 3 3 0 2195.70 0.765 0.037 0.219
4160 265 20 3 3 0 2195.70 0.765 0.037 0.219
4161 20 284 3 3 0 1790.54 0.613 0.083 0.216
4162 284 20 3 3 0 1790.54 0.613 0.083 0.216
4163 20 285 3 3 0 328.82 0.064 0.019 0.030
4164 285 20 3 3 0 328.82 0.064 0.019 0.030
4165 20 286 3 3 0 1251.36 0.410 0.019 0.117
4166 286 20 3 3 0 1251.36 0.410 0.019 0.117
4167 20 287 3 3 0 2753.07 0.974 0.028 0.264
4168 287 20 3 3 0 2753.07 0.974 0.028 0.264
4169 20 305 3 3 0 2818.45 0.999 0.093 0.319
4170 305 20 3 3 0 2818.45 0.999 0.093 0.319
4171 20 306 3 3 0 2201.12 0.767 0.028 0.213
4172 306 20 3 3 0 2201.12 0.767 0.028 0.213
4173 20 307 3 3 0 2510.60 0.883 0.083 0.283
4174 307 20 3 3 0 2510.60 0.883 0.083 0.283
4175 21 226 3 3 0 2494.37 0.877 0.102 0.296
4176 226 21 3 3 0 2494.37 0.877 0.102 0.296
4177 21 227 3 3 0 1385.14 0.461 0.065 0.164
4178 227 21 3 3 0 1385.14 0.461 0.065 0.164
4179 21 228 3 3 0 1472.05 0.493 0.380 0.408
4180 228 21 3 3 0 1472.05 0.493 0.380 0.408
4181 21 229 3 3 0 2639.47 0.932 0.352 0.497
4182 229 21 3 3 0 2639.47 0.932 0.352 0.497
4183 21 248 3 3 0 2318.79 0.811 0.093 0.272
4184 248 21 3 3 0 2318.79 0.811 0.093 0.272
4185 21 249 3 3 0 1035.56 0.329 0.102 0.159
4186 249 21 3 3 0 1035.56 0.329 0.102 0.159
4187 21 250 3 3 0 1149.24 0.372 0.074 0.149
4188 250 21 3 3 0 1149.24 0.372 0.074 0.149
4189 21 251 3 3 0 2474.26 0.870 0.083 0.280
4190 251 21 3 3 0 2474.26 0.870 0.083 0.280
4191 22 80 3 3 0 2456.62 0.863 0.343 0.473
4192 80 22 3 3 0 2456.62 0.863 0.343 0.473
4193 22 81 3 3 0 1360.48 0.451 0.222 0.280
4194 81 22 3 3 0 1360.48 0.451 0.222 0.280
4195 22 82 3 3 0 1483.54 0.498 0.333 0.374
4196 82 22 3 3 0 1483.54 0.498 0.333 0.374
4197 22 83 3 3 0 2661.76 0.940 0.324 0.478
4198 83 22 3 3 0 2661.76 0.940 0.324 0.478
4199 22 101 3 3 0 2285.92 0.799 0.333 0.450
4200 101 22 3 3 0 2285.92 0.799 0.333 0.450
4201 22 102 3 3 0 1019.90 0.324 0.306 0.310
4202 102 22 3 3 0 1019.90 0.324 0.306 0.310
4203 22 103 3 3 0 1179.10 0.383 0.213 0.256
4204 103 22 3 3 0 1179.10 0.383 0.213 0.256
4205 22 104 3 3 0 2505.13 0.881 0.287 0.436
4206 104 22 3 3 0 2505.13 0.881 0.287 0.436
4207 23 320 3 3 0 2189.57 0.763 0.102 0.267
4208 320 23 3 3 0 2189.57 0.763 0.102 0.267
4209 23 321 3 3 0 1559.59 0.526 0.111 0.215
4210 321 23 3 3 0 1559.59 0.526 0.111 0.215
4211 23 322 3 3 0 2152.26 0.749 0.065 0.236
4212 322 23 3 3 0 2152.26 0.749 0.065 0.236
4213 24 293 3 3 0 2222.71 0.775 0.093 0.263
4214 293 24 3 3 0 2222.71 0.775 0.093 0.263
4215 24 294 3 3 0 1527.10 0.514 0.093 0.198
4216 294 24 3 3 0 1527.10 0.514 0.093 0.198
4217 24 295 3 3 0 2069.51 0.718 0.074 0.235
4218 295 24 3 3 0 2069.51 0.718 0.074 0.235
4219 24 314 3 3 0 1687.42 0.574 0.102 0.220
4220 314 24 3 3 0 1687.42 0.574 0.102 0.220
4221 24 315 3 3 0 488.13 0.124 0.065 0.080
4222 315 24 3 3 0 488.13 0.124 0.065 0.080
4223 24 316 3 3 0 1479.75 0.496 0.056 0.166
4224 316 24 3 3 0 1479.75 0.496 0.056 0.166
4225 24 336 3 3 0 2477.26 0.871 0.111 0.301
4226 336 24 3 3 0 2477.26 0.871 0.111 0.301
4227 25 26 3 3 0 1504.29 0.505 0.056 0.168
4228 26 25 3 3 0 1504.29 0.505 0.056 0.168
4229 25 45 3 3 0 2502.00 0.880 0.046 0.255
4230 45 25 3 3 0 2502.00 0.880 0.046 0.255
4231 25 47 3 3 0 2502.00 0.880 0.046 0.255
4232 47 25 3 3 0 2502.00 0.880 0.046 0.255
4233 26 27 3 3 0 1504.29 0.505 0.065 0.175
4234 27 26 3 3 0 1504.29 0.505 0.065 0.175
4235 26 46 3 3 0 2502.00 0.880 0.065 0.269
4236 46 26 3 3 0 2502.00 0.880 0.065 0.269
4237 26 47 3 3 0 1999.12 0.691 0.065 0.221
4238 47 26 3 3 0 1999.12 0.691 0.065 0.221
4239 26 48 3 3 0 2502.00 0.880 0.065 0.269
4240 48 26 3 3 0 2502.00 0.880 0.065 0.269
4241 27 28 3 3 0 1504.29 0.505 0.065 0.175
4242 28 27 3 3 0 1504.29 0.505 0.065 0.175
4243 27 47 3 3 0 2502.00 0.880 0.056 0.262
4244 47 27 3 3 0 2502.00 0.880 0.056 0.262
4245 27 48 3 3 0 1999.12 0.691 0.056 0.214
4246 48 27 3 3 0 1999.12 0.691 0.056 0.214
4247 27 49 3 3 0 2502.00 0.880 0.056 0.262
4248 49 27 3 3 0 2502.00 0.880 0.056 0.262
4249 28 29 3 3 0 1504.29 0.505 0.065 0.175
4250 29 28 3 3 0 1504.29 0.505 0.065 0.175
4251 28 48 3 3 0 2502.00 0.880 0.065 0.269
4252 48 28 3 3 0 2502.00 0.880 0.065 0.269
4253 28 49 3 3 0 1999.12 0.691 0.065 0.221
4254 49 28 3 3 0 1999.12 0.691 0.065 0.221
4255 28 50 3 3 0 2502.00 0.880 0.074 0.276
4256 50 28 3 3 0 2502.00 0.880 0.074 0.276
4257 29 30 3 3 0 1504.29 0.505 0.056 0.168
4258 30 29 3 3 0 1504.29 0.505 0.056 0.168
4259 29 49 3 3 0 2502.00 0.880 0.056 0.262
4260 49 29 3 3 0 2502.00 0.880 0.056 0.262
4261 29 50 3 3 0 1999.12 0.691 0.065 0.221
4262 50 29 3 3 0 1999.12 0.691 0.065 0.221
4263 29 51 3 3 0 2502.00 0.880 0.065 0.269
4264 51 29 3 3 0 2502.00 0.880 0.065 0.269
4265 30 31 3 3 0 1504.29 0.505 0.065 0.175
4266 31 30 3 3 0 1504.29 0.505 0.065 0.175
4267 30 50 3 3 0 2502.00 0.880 0.065 0.269
4268 50 30 3 3 0 2502.00 0.880 0.065 0.269
4269 30 51 3 3 0 1999.12 0.691 0.065 0.221
4270 51 30 3 3 0 1999.12 0.691 0.065 0.221
4271 30 52 3 3 0 2502.00 0.880 0.065 0.269
4272 52 30 3 3 0 2502.00 0.880 0.065 0.269
4273 31 32 3 3 0 1504.29 0.505 0.056 0.168
4274 32 31 3 3 0 1504.29 0.505 0.056 0.168
4275 31 51 3 3 0 2502.00 0.880 0.074 0.276
4276 51 31 3 3 0 2502.00 0.880 0.074 0.276
4277 31 52 3 3 0 1999.12 0.691 0.074 0.228
4278 52 31 3 3 0 1999.12 0.691 0.074 0.228
4279 31 53 3 3 0 2502.00 0.880 0.065 0.269
4280 53 31 3 3 0 2502.00 0.880 0.065 0.269
4281 32 33 3 3 0 1504.29 0.505 0.046 0.161
4282 33 32 3 3 0 1504.29 0.505 0.046 0.161
4283 32 52 3 3 0 2502.00 0.880 0.056 0.262
4284 52 32 3 3 0 2502.00 0.880 0.056 0.262
4285 32 53 3 3 0 1999.12 0.691 0.046 0.208
4286 53 32 3 3 0 1999.12 0.691 0.046 0.208
4287 32 54 3 3 0 2502.00 0.880 0.046 0.255
4288 54 32 3 3 0 2502.00 0.880 0.046 0.255
4289 33 53 3 3 0 2502.00 0.880 0.056 0.262
4290 53 33 3 3 0 2502.00 0.880 0.056 0.262
4291 33 54 3 3 0 1999.12 0.691 0.056 0.214
4292 54 33 3 3 0 1999.12 0.691 0.056 0.214
4293 34 35 3 3 0 1504.71 0.506 0.185 0.265
4294 35 34 3 3 0 1504.71 0.506 0.185 0.265
4295 34 55 3 3 0 1999.11 0.691 0.370 0.451
4296 55 34 3 3 0 1999.11 0.691 0.370 0.451
4297 34 56 3 3 0 2502.25 0.880 0.333 0.470
4298 56 34 3 3 0 2502.25 0.880 0.333 0.470
4299 35 36 3 3 0 1504.71 0.506 0.463 0.474
4300 36 35 3 3 0 1504.71 0.506 0.463 0.474
4301 35 55 3 3 0 2502.25 0.880 0.389 0.512
4302 55 35 3 3 0 2502.25 0.880 0.389 0.512
4303 35 56 3 3 0 1999.11 0.691 0.352 0.437
4304 56 35 3 3 0 1999.11 0.691 0.352 0.437
4305 35 57 3 3 0 2502.25 0.880 0.370 0.498
4306 57 35 3 3 0 2502.25 0.880 0.370 0.498
4307 36 37 3 3 0 1504.71 0.506 0.750 0.689
4308 37 36 3 3 0 1504.71 0.506 0.750 0.689
4309 36 56 3 3 0 2502.25 0.880 0.611 0.678
4310 56 36 3 3 0 2502.25 0.880 0.611 0.678
4311 36 57 3 3 0 1999.11 0.691 0.630 0.645
4312 57 36 3 3 0 1999.11 0.691 0.630 0.645
4313 36 58 3 3 0 2502.25 0.880 0.685 0.734
4314 58 36 3 3 0 2502.25 0.880 0.685 0.734
4315 37 38 3 3 0 1504.71 0.506 0.731 0.675
4316 38 37 3 3 0 1504.71 0.506 0.731 0.675
4317 37 57 3 3 0 2502.25 0.880 0.657 0.713
4318 57 37 3 3 0 2502.25 0.880 0.657 0.713
4319 37 58 3 3 0 1999.11 0.691 0.713 0.708
4320 58 37 3 3 0 1999.11 0.691 0.713 0.708
4321 37 59 3 3 0 2502.25 0.880 0.796 0.817
4322 59 37 3 3 0 2502.25 0.880 0.796 0.817
4323 38 39 3 3 0 1504.71 0.506 0.713 0.661
4324 39 38 3 3 0 1504.71 0.506 0.713 0.661
4325 38 58 3 3 0 2502.25 0.880 0.667 0.720
4326 58 38 3 3 0 2502.25 0.880 0.667 0.720
4327 38 59 3 3 0 1999.11 0.691 0.750 0.735
4328 59 38 3 3 0 1999.11 0.691 0.750 0.735
4329 38 60 3 3 0 2502.25 0.880 0.639 0.699
4330 60 38 3 3 0 2502.25 0.880 0.639 0.699
4331 39 40 3 3 0 1504.71 0.506 0.583 0.564
4332 40 39 3 3 0 1504.71 0.506 0.583 0.564
4333 39 59 3 3 0 2502.25 0.880 0.778 0.803
4334 59 39 3 3 0 2502.25 0.880 0.778 0.803
4335 39 60 3 3 0 1999.11 0.691 0.667 0.673
4336 60 39 3 3 0 1999.11 0.691 0.667 0.673
4337 39 61 3 3 0 2502.25 0.880 0.639 0.699
4338 61 39 3 3 0 2502.25 0.880 0.639 0.699
4339 40 41 3 3 0 1504.71 0.506 0.519 0.515
4340 41 40 3 3 0 1504.71 0.506 0.519 0.515
4341 40 60 3 3 0 2502.25 0.880 0.509 0.602
4342 60 40 3 3 0 2502.25 0.880 0.509 0.602
4343 40 61 3 3 0 1999.11 0.691 0.481 0.534
4344 61 40 3 3 0 1999.11 0.691 0.481 0.534
4345 40 62 3 3 0 2502.25 0.880 0.444 0.553
4346 62 40 3 3 0 2502.25 0.880 0.444 0.553
4347 41 42 3 3 0 1504.71 0.506 0.620 0.592
4348 42 41 3 3 0 1504.71 0.506 0.620 0.592
4349 41 61 3 3 0 2502.25 0.880 0.574 0.651
4350 61 41 3 3 0 2502.25 0.880 0.574 0.651
4351 41 62 3 3 0 1999.11 0.691 0.537 0.576
4352 62 41 3 3 0 1999.11 0.691 0.537 0.576
4353 41 63 3 3 0 2502.25 0.880 0.565 0.644
4354 63 41 3 3 0 2502.25 0.880 0.565 0.644
4355 42 43 3 3 0 1504.71 0.506 0.352 0.390
4356 43 42 3 3 0 1504.71 0.506 0.352 0.390
4357 42 62 3 3 0 2502.25 0.880 0.546 0.630
4358 62 42 3 3 0 2502.25 0.880 0.546 0.630
4359 42 63 3 3 0 1999.11 0.691 0.574 0.603
4360 63 42 3 3 0 1999.11 0.691 0.574 0.603
4361 42 64 3 3 0 2502.25 0.880 0.343 0.477
4362 64 42 3 3 0 2502.25 0.880 0.343 0.477
4363 43 44 3 3 0 1504.71 0.506 0.074 0.182
4364 44 43 3 3 0 1504.71 0.506 0.074 0.182
4365 43 63 3 3 0 2502.25 0.880 0.296 0.442
4366 63 43 3 3 0 2502.25 0.880 0.296 0.442
4367 43 64 3 3 0 1999.11 0.691 0.065 0.221
4368 64 43 3 3 0 1999.11 0.691 0.065 0.221
4369 43 65 3 3 0 2502.25 0.880 0.065 0.269
4370 65 43 3 3 0 2502.25 0.880 0.065 0.269
4371 44 45 3 3 0 1504.71 0.506 0.065 0.175
4372 45 44 3 3 0 1504.71 0.506 0.065 0.175
4373 44 64 3 3 0 2502.25 0.880 0.065 0.269
4374 64 44 3 3 0 2502.25 0.880 0.065 0.269
4375 44 65 3 3 0 1999.11 0.691 0.065 0.221
4376 65 44 3 3 0 1999.11 0.691 0.065 0.221
4377 44 66 3 3 0 2502.25 0.880 0.056 0.262
4378 66 44 3 3 0 2502.25 0.880 0.056 0.262
4379 45 46 3 3 0 1504.71 0.506 0.056 0.168
4380 46 45 3 3 0 1504.71 0.506 0.056 0.168
4381 45 65 3 3 0 2502.25 0.880 0.056 0.262
4382 65 45 3 3 0 2502.25 0.880 0.056 0.262
4383 45 66 3 3 0 1999.11 0.691 0.046 0.208
4384 66 45 3 3 0 1999.11 0.691 0.046 0.208
4385 45 67 3 3 0 2502.25 0.880 0.056 0.262
4386 67 45 3 3 0 2502.25 0.880 0.056 0.262
4387 46 47 3 3 0 1504.71 0.506 0.056 0.168
4388 47 46 3 3 0 1504.71 0.506 0.056 0.168
4389 46 66 3 3 0 2502.25 0.880 0.046 0.255
4390 66 46 3 3 0 2502.25 0.880 0.046 0.255
4391 46 67 3 3 0 1999.11 0.691 0.056 0.214
4392 67 46 3 3 0 1999.11 0.691 0.056 0.214
4393 46 68 3 3 0 2502.25 0.880 0.065 0.269
4394 68 46 3 3 0 2502.25 0.880 0.065 0.269
4395 47 48 3 3 0 1504.71 0.506 0.056 0.168
4396 48 47 3 3 0 1504.71 0.506 0.056 0.168
4397 47 67 3 3 0 2502.25 0.880 0.056 0.262
4398 67 47 3 3 0 2502.25 0.880 0.056 0.262
4399 47 68 3 3 0 1999.11 0.691 0.065 0.221
4400 68 47 3 3 0 1999.11 0.691 0.065 0.221
4401 47 69 3 3 0 2502.25 0.880 0.046 0.255
4402 69 47 3 3 0 2502.25 0.880 0.046 0.255
4403 48 49 3 3 0 1504.71 0.506 0.056 0.168
4404 49 48 3 3 0 1504.71 0.506 0.056 0.168
4405 48 68 3 3 0 2502.25 0.880 0.065 0.269
4406 68 48 3 3 0 2502.25 0.880 0.065 0.269
4407 48 69 3 3 0 1999.11 0.691 0.046 0.208
4408 69 48 3 3 0 1999.11 0.691 0.046 0.208
4409 48 70 3 3 0 2502.25 0.880 0.065 0.269
4410 70 48 3 3 0 2502.25 0.880 0.065 0.269
4411 49 50 3 3 0 1504.71 0.506 0.065 0.175
4412 50 49 3 3 0 1504.71 0.506 0.065 0.175
4413 49 69 3 3 0 2502.25 0.880 0.046 0.255
4414 69 49 3 3 0 2502.25 0.880 0.046 0.255
4415 49 70 3 3 0 1999.11 0.691 0.065 0.221
4416 70 49 3 3 0 1999.11 0.691 0.065 0.221
4417 49 71 3 3 0 2502.25 0.880 0.046 0.255
4418 71 49 3 3 0 2502.25 0.880 0.046 0.255
4419 50 51 3 3 0 1504.71 0.506 0.074 0.182
4420 51 50 3 3 0 1504.71 0.506 0.074 0.182
4421 50 70 3 3 0 2502.25 0.880 0.074 0.276
4422 70 50 3 3 0 2502.25 0.880 0.074 0.276
4423 50 71 3 3 0 1999.11 0.691 0.056 0.214
4424 71 50 3 3 0 1999.11 0.691 0.056 0.214
4425 50 72 3 3 0 2502.25 0.880 0.074 0.276
4426 72 50 3 3 0 2502.25 0.880 0.074 0.276
4427 51 52 3 3 0 1504.71 0.506 0.074 0.182
4428 52 51 3 3 0 1504.71 0.506 0.074 0.182
4429 51 71 3 3 0 2502.25 0.880 0.056 0.262
4430 71 51 3 3 0 2502.25 0.880 0.056 0.262
4431 51 72 3 3 0 1999.11 0.691 0.074 0.228
4432 72 51 3 3 0 1999.11 0.691 0.074 0.228
4433 51 73 3 3 0 2502.25 0.880 0.056 0.262
4434 73 51 3 3 0 2502.25 0.880 0.056 0.262
4435 52 53 3 3 0 1504.71 0.506 0.065 0.175
4436 53 52 3 3 0 1504.71 0.506 0.065 0.175
4437 52 72 3 3 0 2502.25 0.880 0.074 0.276
4438 72 52 3 3 0 2502.25 0.880 0.074 0.276
4439 52 73 3 3 0 1999.11 0.691 0.056 0.214
4440 73 52 3 3 0 1999.11 0.691 0.056 0.214
4441 52 74 3 3 0 2502.25 0.880 0.056 0.262
4442 74 52 3 3 0 2502.25 0.880 0.056 0.262
4443 53 54 3 3 0 1504.71 0.506 0.056 0.168
4444 54 53 3 3 0 1504.71 0.506 0.056 0.168
4445 53 73 3 3 0 2502.25 0.880 0.046 0.255
4446 73 53 3 3 0 2502.25 0.880 0.046 0.255
4447 53 74 3 3 0 1999.11 0.691 0.046 0.208
4448 74 53 3 3 0 1999.11 0.691 0.046 0.208
4449 53 75 3 3 0 2502.25 0.880 0.065 0.269
4450 75 53 3 3 0 2502.25 0.880 0.065 0.269
4451 54 74 3 3 0 2502.25 0.880 0.046 0.255
4452 74 54 3 3 0 2502.25 0.880 0.046 0.255
4453 54 75 3 3 0 1999.11 0.691 0.065 0.221
4454 75 54 3 3 0 1999.11 0.691 0.065 0.221
4455 55 56 3 3 0 1505.13 0.506 0.537 0.529
4456 56 55 3 3 0 1505.13 0.506 0.537 0.529
4457 55 76 3 3 0 1999.11 0.691 0.620 0.638
4458 76 55 3 3 0 1999.11 0.691 0.620 0.638
4459 55 77 3 3 0 2502.49 0.880 0.630 0.692
4460 77 55 3 3 0 2502.49 0.880 0.630 0.692
4461 56 57 3 3 0 1505.13 0.506 0.519 0.515
4462 57 56 3 3 0 1505.13 0.506 0.519 0.515
4463 56 76 3 3 0 2502.49 0.880 0.583 0.658
4464 76 56 3 3 0 2502.49 0.880 0.583 0.658
4465 56 77 3 3 0 1999.11 0.691 0.593 0.617
4466 77 56 3 3 0 1999.11 0.691 0.593 0.617
4467 56 78 3 3 0 2502.49 0.880 0.565 0.644
4468 78 56 3 3 0 2502.49 0.880 0.565 0.644
4469 57 58 3 3 0 1505.13 0.506 0.593 0.571
4470 58 57 3 3 0 1505.13 0.506 0.593 0.571
4471 57 77 3 3 0 2502.49 0.880 0.611 0.678
4472 77 57 3 3 0 2502.49 0.880 0.611 0.678
4473 57 78 3 3 0 1999.11 0.691 0.583 0.610
4474 78 57 3 3 0 1999.11 0.691 0.583 0.610
4475 57 79 3 3 0 2502.49 0.880 0.583 0.658
4476 79 57 3 3 0 2502.49 0.880 0.583 0.658
4477 58 59 3 3 0 1505.13 0.506 0.731 0.675
4478 59 58 3 3 0 1505.13 0.506 0.731 0.675
4479 58 78 3 3 0 2502.49 0.880 0.639 0.699
4480 78 58 3 3 0 2502.49 0.880 0.639 0.699
4481 58 79 3 3 0 1999.11 0.691 0.639 0.652
4482 79 58 3 3 0 1999.11 0.691 0.639 0.652
4483 58 80 3 3 0 2502.49 0.880 0.667 0.720
4484 80 58 3 3 0 2502.49 0.880 0.667 0.720
4485 59 60 3 3 0 1505.13 0.506 0.704 0.654
4486 60 59 3 3 0 1505.13 0.506 0.704 0.654
4487 59 79 3 3 0 2502.49 0.880 0.722 0.762
4488 79 59 3 3 0 2502.49 0.880 0.722 0.762
4489 59 80 3 3 0 1999.11 0.691 0.750 0.735
4490 80 59 3 3 0 1999.11 0.691 0.750 0.735
4491 59 81 3 3 0 2502.49 0.880 0.630 0.692
4492 81 59 3 3 0 2502.49 0.880 0.630 0.692
4493 60 61 3 3 0 1505.13 0.506 0.565 0.550
4494 61 60 3 3 0 1505.13 0.506 0.565 0.550
4495 60 80 3 3 0 2502.49 0.880 0.639 0.699
4496 80 60 3 3 0 2502.49 0.880 0.639 0.699
4497 60 81 3 3 0 1999.11 0.691 0.519 0.562
4498 81 60 3 3 0 1999.11 0.691 0.519 0.562
4499 60 82 3 3 0 2502.49 0.880 0.630 0.692
4500 82 60 3 3 0 2502.49 0.880 0.630 0.692
4501 61 62 3 3 0 1505.13 0.506 0.500 0.501
4502 62 61 3 3 0 1505.13 0.506 0.500 0.501
4503 61 81 3 3 0 2502.49 0.880 0.491 0.588
4504 81 61 3 3 0 2502.49 0.880 0.491 0.588
4505 61 82 3 3 0 1999.11 0.691 0.602 0.624
4506 82 61 3 3 0 1999.11 0.691 0.602 0.624
4507 61 83 3 3 0 2502.49 0.880 0.593 0.665
4508 83 61 3 3 0 2502.49 0.880 0.593 0.665
4509 62 63 3 3 0 1505.13 0.506 0.491 0.495
4510 63 62 3 3 0 1505.13 0.506 0.491 0.495
4511 62 82 3 3 0 2502.49 0.880 0.565 0.644
4512 82 62 3 3 0 2502.49 0.880 0.565 0.644
4513 62 83 3 3 0 1999.11 0.691 0.556 0.589
4514 83 62 3 3 0 1999.11 0.691 0.556 0.589
4515 62 84 3 3 0 2502.49 0.880 0.630 0.692
4516 84 62 3 3 0 2502.49 0.880 0.630 0.692
4517 63 64 3 3 0 1505.13 0.506 0.287 0.342
4518 64 63 3 3 0 1505.13 0.506 0.287 0.342
4519 63 83 3 3 0 2502.49 0.880 0.583 0.658
4520 83 63 3 3 0 2502.49 0.880 0.583 0.658
4521 63 84 3 3 0 1999.11 0.691 0.657 0.666
4522 84 63 3 3 0 1999.11 0.691 0.657 0.666
4523 63 85 3 3 0 2502.49 0.880 0.287 0.435
4524 85 63 3 3 0 2502.49 0.880 0.287 0.435
4525 64 65 3 3 0 1505.13 0.506 0.056 0.168
4526 65 64 3 3 0 1505.13 0.506 0.056 0.168
4527 64 84 3 3 0 2502.49 0.880 0.426 0.540
4528 84 64 3 3 0 2502.49 0.880 0.426 0.540
4529 64 85 3 3 0 1999.11 0.691 0.056 0.214
4530 85 64 3 3 0 1999.11 0.691 0.056 0.214
4531 64 86 3 3 0 2502.49 0.880 0.056 0.262
4532 86 64 3 3 0 2502.49 0.880 0.056 0.262
4533 65 66 3 3 0 1505.13 0.506 0.046 0.161
4534 66 65 3 3 0 1505.13 0.506 0.046 0.161
4535 65 85 3 3 0 2502.49 0.880 0.056 0.262
4536 85 65 3 3 0 2502.49 0.880 0.056 0.262
4537 65 86 3 3 0 1999.11 0.691 0.056 0.214
4538 86 65 3 3 0 1999.11 0.691 0.056 0.214
4539 65 87 3 3 0 2502.49 0.880 0.056 0.262
4540 87 65 3 3 0 2502.49 0.880 0.056 0.262
4541 66 67 3 3 0 1505.13 0.506 0.046 0.161
4542 67 66 3 3 0 1505.13 0.506 0.046 0.161
4543 66 86 3 3 0 2502.49 0.880 0.046 0.255
4544 86 66 3 3 0 2502.49 0.880 0.046 0.255
4545 66 87 3 3 0 1999.11 0.691 0.046 0.208
4546 87 66 3 3 0 1999.11 0.691 0.046 0.208
4547 66 88 3 3 0 2502.49 0.880 0.046 0.255
4548 88 66 3 3 0 2502.49 0.880 0.046 0.255
4549 67 68 3 3 0 1505.13 0.506 0.065 0.175
4550 68 67 3 3 0 1505.13 0.506 0.065 0.175
4551 67 87 3 3 0 2502.49 0.880 0.056 0.262
4552 87 67 3 3 0 2502.49 0.880 0.056 0.262
4553 67 88 3 3 0 1999.11 0.691 0.056 0.214
4554 88 67 3 3 0 1999.11 0.691 0.056 0.214
4555 67 89 3 3 0 2502.49 0.880 0.056 0.262
4556 89 67 3 3 0 2502.49 0.880 0.056 0.262
4557 68 69 3 3 0 1505.13 0.506 0.056 0.168
4558 69 68 3 3 0 1505.13 0.506 0.056 0.168
4559 68 88 3 3 0 2502.49 0.880 0.065 0.269
4560 88 68 3 3 0 2502.49 0.880 0.065 0.269
4561 68 89 3 3 0 1999.11 0.691 0.065 0.221
4562 89 68 3 3 0 1999.11 0.691 0.065 0.221
4563 68 90 3 3 0 2502.49 0.880 0.065 0.269
4564 90 68 3 3 0 2502.49 0.880 0.065 0.269
4565 69 70 3 3 0 1505.13 0.506 0.056 0.168
4566 70 69 3 3 0 1505.13 0.506 0.056 0.168
4567 69 89 3 3 0 2502.49 0.880 0.046 0.255
4568 89 69 3 3 0 2502.49 0.880 0.046 0.255
4569 69 90 3 3 0 1999.11 0.691 0.046 0.208
4570 90 69 3 3 0 1999.11 0.691 0.046 0.208
4571 69 91 3 3 0 2502.49 0.880 0.046 0.255
4572 91 69 3 3 0 2502.49 0.880 0.046 0.255
4573 70 71 3 3 0 1505.13 0.506 0.056 0.168
4574 71 70 3 3 0 1505.13 0.506 0.056 0.168
4575 70 90 3 3 0 2502.49 0.880 0.065 0.269
4576 90 70 3 3 0 2502.49 0.880 0.065 0.269
4577 70 91 3 3 0 1999.11 0.691 0.065 0.221
4578 91 70 3 3 0 1999.11 0.691 0.065 0.221
4579 70 92 3 3 0 2502.49 0.880 0.074 0.276
4580 92 70 3 3 0 2502.49 0.880 0.074 0.276
4581 71 72 3 3 0 1505.13 0.506 0.056 0.168
4582 72 71 3 3 0 1505.13 0.506 0.056 0.168
4583 71 91 3 3 0 2502.49 0.880 0.046 0.255
4584 91 71 3 3 0 2502.49 0.880 0.046 0.255
4585 71 92 3 3 0 1999.11 0.691 0.056 0.214
4586 92 71 3 3 0 1999.11 0.691 0.056 0.214
4587 71 93 3 3 0 2502.49 0.880 0.037 0.248
4588 93 71 3 3 0 2502.49 0.880 0.037 0.248
4589 72 73 3 3 0 1505.13 0.506 0.056 0.168
4590 73 72 3 3 0 1505.13 0.506 0.056 0.168
4591 72 92 3 3 0 2502.49 0.880 0.074 0.276
4592 92 72 3 3 0 2502.49 0.880 0.074 0.276
4593 72 93 3 3 0 1999.11 0.691 0.056 0.214
4594 93 72 3 3 0 1999.11 0.691 0.056 0.214
4595 72 94 3 3 0 2502.49 0.880 0.065 0.269
4596 94 72 3 3 0 2502.49 0.880 0.065 0.269
4597 73 74 3 3 0 1505.13 0.506 0.037 0.154
4598 74 73 3 3 0 1505.13 0.506 0.037 0.154
4599 73 93 3 3 0 2502.49 0.880 0.037 0.248
4600 93 73 3 3 0 2502.49 0.880 0.037 0.248
4601 73 94 3 3 0 1999.11 0.691 0.046 0.208
4602 94 73 3 3 0 1999.11 0.691 0.046 0.208
4603 74 75 3 3 0 1505.13 0.506 0.056 0.168
4604 75 74 3 3 0 1505.13 0.506 0.056 0.168
4605 74 94 3 3 0 2502.49 0.880 0.046 0.255
4606 94 74 3 3 0 2502.49 0.880 0.046 0.255
4607 74 95 3 3 0 1999.11 0.691 0.046 0.208
4608 95 74 3 3 0 1999.11 0.691 0.046 0.208
4609 74 96 3 3 0 2502.49 0.880 0.056 0.262
4610 96 74 3 3 0 2502.49 0.880 0.056 0.262
4611 75 95 3 3 0 2502.49 0.880 0.065 0.269
4612 95 75 3 3 0 2502.49 0.880 0.065 0.269
4613 75 96 3 3 0 1999.11 0.691 0.074 0.228
4614 96 75 3 3 0 1999.11 0.691 0.074 0.228
4615 76 77 3 3 0 1505.54 0.506 0.676 0.633
4616 77 76 3 3 0 1505.54 0.506 0.676 0.633
4617 76 97 3 3 0 1999.10 0.691 0.713 0.708
4618 97 76 3 3 0 1999.10 0.691 0.713 0.708
4619 76 98 3 3 0 2502.74 0.880 0.630 0.692
4620 98 76 3 3 0 2502.74 0.880 0.630 0.692
4621 77 78 3 3 0 1505.54 0.506 0.657 0.620
4622 78 77 3 3 0 1505.54 0.506 0.657 0.620
4623 77 97 3 3 0 2502.74 0.880 0.722 0.762
4624 97 77 3 3 0 2502.74 0.880 0.722 0.762
4625 77 98 3 3 0 1999.10 0.691 0.639 0.652
4626 98 77 3 3 0 1999.10 0.691 0.639 0.652
4627 77 99 3 3 0 2502.74 0.880 0.583 0.658
4628 99 77 3 3 0 2502.74 0.880 0.583 0.658
4629 78 79 3 3 0 1505.54 0.506 0.630 0.599
4630 79 78 3 3 0 1505.54 0.506 0.630 0.599
4631 78 98 3 3 0 2502.74 0.880 0.611 0.678
4632 98 78 3 3 0 2502.74 0.880 0.611 0.678
4633 78 99 3 3 0 1999.10 0.691 0.556 0.589
4634 99 78 3 3 0 1999.10 0.691 0.556 0.589
4635 78 100 3 3 0 2502.74 0.880 0.722 0.762
4636 100 78 3 3 0 2502.74 0.880 0.722 0.762
4637 79 80 3 3 0 1505.54 0.506 0.657 0.620
4638 80 79 3 3 0 1505.54 0.506 0.657 0.620
4639 79 99 3 3 0 2502.74 0.880 0.556 0.637
4640 99 79 3 3 0 2502.74 0.880 0.556 0.637
4641 79 100 3 3 0 1999.10 0.691 0.722 0.714
4642 100 79 3 3 0 1999.10 0.691 0.722 0.714
4643 79 101 3 3 0 2502.74 0.880 0.648 0.706
4644 101 79 3 3 0 2502.74 0.880 0.648 0.706
4645 80 81 3 3 0 1505.54 0.506 0.565 0.550
4646 81 80 3 3 0 1505.54 0.506 0.565 0.550
4647 80 100 3 3 0 2502.74 0.880 0.750 0.783
4648 100 80 3 3 0 2502.74 0.880 0.750 0.783
4649 80 101 3 3 0 1999.10 0.691 0.676 0.680
4650 101 80 3 3 0 1999.10 0.691 0.676 0.680
4651 80 102 3 3 0 2502.74 0.880 0.648 0.706
4652 102 80 3 3 0 2502.74 0.880 0.648 0.706
4653 81 82 3 3 0 1505.54 0.506 0.556 0.543
4654 82 81 3 3 0 1505.54 0.506 0.556 0.543
4655 81 102 3 3 0 1999.10 0.691 0.528 0.569
4656 102 81 3 3 0 1999.10 0.691 0.528 0.569
4657 81 103 3 3 0 2502.74 0.880 0.435 0.547
4658 103 81 3 3 0 2502.74 0.880 0.435 0.547
4659 82 83 3 3 0 1505.54 0.506 0.657 0.620
4660 83 82 3 3 0 1505.54 0.506 0.657 0.620
4661 82 102 3 3 0 2502.74 0.880 0.639 0.699
4662 102 82 3 3 0 2502.74 0.880 0.639 0.699
4663 82 103 3 3 0 1999.10 0.691 0.546 0.583
4664 103 82 3 3 0 1999.10 0.691 0.546 0.583
4665 82 104 3 3 0 2502.74 0.880 0.620 0.685
4666 104 82 3 3 0 2502.74 0.880 0.620 0.685
4667 83 84 3 3 0 1505.54 0.506 0.722 0.668
4668 84 83 3 3 0 1505.54 0.506 0.722 0.668
4669 83 103 3 3 0 2502.74 0.880 0.537 0.623
4670 103 83 3 3 0 2502.74 0.880 0.537 0.623
4671 83 104 3 3 0 1999.10 0.691 0.611 0.631
4672 104 83 3 3 0 1999.10 0.691 0.611 0.631
4673 83 105 3 3 0 2502.74 0.880 0.546 0.630
4674 105 83 3 3 0 2502.74 0.880 0.546 0.630
4675 84 85 3 3 0 1505.54 0.506 0.426 0.446
4676 85 84 3 3 0 1505.54 0.506 0.426 0.446
4677 84 104 3 3 0 2502.74 0.880 0.685 0.734
4678 104 84 3 3 0 2502.74 0.880 0.685 0.734
4679 84 105 3 3 0 1999.10 0.691 0.620 0.638
4680 105 84 3 3 0 1999.10 0.691 0.620 0.638
4681 84 106 3 3 0 2502.74 0.880 0.435 0.547
4682 106 84 3 3 0 2502.74 0.880 0.435 0.547
4683 85 86 3 3 0 1505.54 0.506 0.056 0.168
4684 86 85 3 3 0 1505.54 0.506 0.056 0.168
4685 85 105 3 3 0 2502.74 0.880 0.250 0.408
4686 105 85 3 3 0 2502.74 0.880 0.250 0.408
4687 85 106 3 3 0 1999.10 0.691 0.065 0.221
4688 106 85 3 3 0 1999.10 0.691 0.065 0.221
4689 85 107 3 3 0 2502.74 0.880 0.065 0.269
4690 107 85 3 3 0 2502.74 0.880 0.065 0.269
4691 86 87 3 3 0 1505.54 0.506 0.056 0.168
4692 87 86 3 3 0 1505.54 0.506 0.056 0.168
4693 86 106 3 3 0 2502.74 0.880 0.065 0.269
4694 106 86 3 3 0 2502.74 0.880 0.065 0.269
4695 86 107 3 3 0 1999.10 0.691 0.065 0.221
4696 107 86 3 3 0 1999.10 0.691 0.065 0.221
4697 86 108 3 3 0 2502.74 0.880 0.046 0.255
4698 108 86 3 3 0 2502.74 0.880 0.046 0.255
4699 87 88 3 3 0 1505.54 0.506 0.056 0.168
4700 88 87 3 3 0 1505.54 0.506 0.056 0.168
4701 87 107 3 3 0 2502.74 0.880 0.065 0.269
4702 107 87 3 3 0 2502.74 0.880 0.065 0.269
4703 87 108 3 3 0 1999.10 0.691 0.046 0.208
4704 108 87 3 3 0 1999.10 0.691 0.046 0.208
4705 87 109 3 3 0 2502.74 0.880 0.065 0.269
4706 109 87 3 3 0 2502.74 0.880 0.065 0.269
4707 88 89 3 3 0 1505.54 0.506 0.056 0.168
4708 89 88 3 3 0 1505.54 0.506 0.056 0.168
4709 88 108 3 3 0 2502.74 0.880 0.046 0.255
4710 108 88 3 3 0 2502.74 0.880 0.046 0.255
4711 88 109 3 3 0 1999.10 0.691 0.065 0.221
4712 109 88 3 3 0 1999.10 0.691 0.065 0.221
4713 88 110 3 3 0 2502.74 0.880 0.056 0.262
4714 110 88 3 3 0 2502.74 0.880 0.056 0.262
4715 89 90 3 3 0 1505.54 0.506 0.056 0.168
4716 90 89 3 3 0 1505.54 0.506 0.056 0.168
4717 89 109 3 3 0 2502.74 0.880 0.065 0.269
4718 109 89 3 3 0 2502.74 0.880 0.065 0.269
4719 89 110 3 3 0 1999.10 0.691 0.056 0.214
4720 110 89 3 3 0 1999.10 0.691 0.056 0.214
4721 89 111 3 3 0 2502.74 0.880 0.056 0.262
4722 111 89 3 3 0 2502.74 0.880 0.056 0.262
4723 90 91 3 3 0 1505.54 0.506 0.056 0.168
4724 91 90 3 3 0 1505.54 0.506 0.056 0.168
4725 90 110 3 3 0 2502.74 0.880 0.056 0.262
4726 110 90 3 3 0 2502.74 0.880 0.056 0.262
4727 90 111 3 3 0 1999.10 0.691 0.056 0.214
4728 111 90 3 3 0 1999.10 0.691 0.056 0.214
4729 90 112 3 3 0 2502.74 0.880 0.065 0.269
4730 112 90 3 3 0 2502.74 0.880 0.065 0.269
4731 91 92 3 3 0 1505.54 0.506 0.065 0.175
4732 92 91 3 3 0 1505.54 0.506 0.065 0.175
4733 91 111 3 3 0 2502.74 0.880 0.056 0.262
4734 111 91 3 3 0 2502.74 0.880 0.056 0.262
4735 91 112 3 3 0 1999.10 0.691 0.065 0.221
4736 112 91 3 3 0 1999.10 0.691 0.065 0.221
4737 91 113 3 3 0 2502.74 0.880 0.056 0.262
4738 113 91 3 3 0 2502.74 0.880 0.056 0.262
4739 92 93 3 3 0 1505.54 0.506 0.056 0.168
4740 93 92 3 3 0 1505.54 0.506 0.056 0.168
4741 92 112 3 3 0 2502.74 0.880 0.074 0.276
4742 112 92 3 3 0 2502.74 0.880 0.074 0.276
4743 92 113 3 3 0 1999.10 0.691 0.065 0.221
4744 113 92 3 3 0 1999.10 0.691 0.065 0.221
4745 92 114 3 3 0 2502.74 0.880 0.056 0.262
4746 114 92 3 3 0 2502.74 0.880 0.056 0.262
4747 93 94 3 3 0 1505.54 0.506 0.046 0.161
4748 94 93 3 3 0 1505.54 0.506 0.046 0.161
4749 93 113 3 3 0 2502.74 0.880 0.046 0.255
4750 113 93 3 3 0 2502.74 0.880 0.046 0.255
4751 93 114 3 3 0 1999.10 0.691 0.037 0.201
4752 114 93 3 3 0 1999.10 0.691 0.037 0.201
4753 93 115 3 3 0 2502.74 0.880 0.046 0.255
4754 115 93 3 3 0 2502.74 0.880 0.046 0.255
4755 94 95 3 3 0 1505.54 0.506 0.056 0.168
4756 95 94 3 3 0 1505.54 0.506 0.056 0.168
4757 94 114 3 3 0 2502.74 0.880 0.046 0.255
4758 114 94 3 3 0 2502.74 0.880 0.046 0.255
4759 94 115 3 3 0 1999.10 0.691 0.056 0.214
4760 115 94 3 3 0 1999.10 0.691 0.056 0.214
4761 94 116 3 3 0 2502.74 0.880 0.056 0.262
4762 116 94 3 3 0 2502.74 0.880 0.056 0.262
4763 95 96 3 3 0 1505.54 0.506 0.065 0.175
4764 96 95 3 3 0 1505.54 0.506 0.065 0.175
4765 95 116 3 3 0 1999.10 0.691 0.056 0.214
4766 116 95 3 3 0 1999.10 0.691 0.056 0.214
4767 95 117 3 3 0 2502.74 0.880 0.065 0.269
4768 117 95 3 3 0 2502.74 0.880 0.065 0.269
4769 96 116 3 3 0 2502.74 0.880 0.065 0.269
4770 116 96 3 3 0 2502.74 0.880 0.065 0.269
4771 96 117 3 3 0 1999.10 0.691 0.074 0.228
4772 117 96 3 3 0 1999.10 0.691 0.074 0.228
4773 97 98 3 3 0 1505.96 0.506 0.676 0.633
4774 98 97 3 3 0 1505.96 0.506 0.676 0.633
4775 97 118 3 3 0 1999.10 0.691 0.787 0.763
4776 118 97 3 3 0 1999.10 0.691 0.787 0.763
4777 97 119 3 3 0 2502.98 0.881 0.657 0.713
4778 119 97 3 3 0 2502.98 0.881 0.657 0.713
4779 98 99 3 3 0 1505.96 0.506 0.537 0.529
4780 99 98 3 3 0 1505.96 0.506 0.537 0.529
4781 98 118 3 3 0 2502.98 0.881 0.704 0.748
4782 118 98 3 3 0 2502.98 0.881 0.704 0.748
4783 98 119 3 3 0 1999.10 0.691 0.574 0.603
4784 119 98 3 3 0 1999.10 0.691 0.574 0.603
4785 98 120 3 3 0 2502.98 0.881 0.648 0.706
4786 120 98 3 3 0 2502.98 0.881 0.648 0.706
4787 99 100 3 3 0 1505.96 0.506 0.648 0.613
4788 100 99 3 3 0 1505.96 0.506 0.648 0.613
4789 99 119 3 3 0 2502.98 0.881 0.519 0.609
4790 119 99 3 3 0 2502.98 0.881 0.519 0.609
4791 99 120 3 3 0 1999.10 0.691 0.593 0.617
4792 120 99 3 3 0 1999.10 0.691 0.593 0.617
4793 99 121 3 3 0 2502.98 0.881 0.537 0.623
4794 121 99 3 3 0 2502.98 0.881 0.537 0.623
4795 100 101 3 3 0 1505.96 0.506 0.741 0.682
4796 101 100 3 3 0 1505.96 0.506 0.741 0.682
4797 100 120 3 3 0 2502.98 0.881 0.759 0.790
4798 120 100 3 3 0 2502.98 0.881 0.759 0.790
4799 100 121 3 3 0 1999.10 0.691 0.704 0.701
4800 121 100 3 3 0 1999.10 0.691 0.704 0.701
4801 100 122 3 3 0 2502.98 0.881 0.731 0.769
4802 122 100 3 3 0 2502.98 0.881 0.731 0.769
4803 101 102 3 3 0 1505.96 0.506 0.639 0.606
4804 102 101 3 3 0 1505.96 0.506 0.639 0.606
4805 101 121 3 3 0 2502.98 0.881 0.630 0.692
4806 121 101 3 3 0 2502.98 0.881 0.630 0.692
4807 101 122 3 3 0 1999.10 0.691 0.657 0.666
4808 122 101 3 3 0 1999.10 0.691 0.657 0.666
4809 101 123 3 3 0 2502.98 0.881 0.593 0.665
4810 123 101 3 3 0 2502.98 0.881 0.593 0.665
4811 102 103 3 3 0 1505.96 0.506 0.519 0.515
4812 103 102 3 3 0 1505.96 0.506 0.519 0.515
4813 102 122 3 3 0 2502.98 0.881 0.630 0.692
4814 122 102 3 3 0 2502.98 0.881 0.630 0.692
4815 102 123 3 3 0 1999.10 0.691 0.565 0.596
4816 123 102 3 3 0 1999.10 0.691 0.565 0.596
4817 102 124 3 3 0 2502.98 0.881 0.630 0.692
4818 124 102 3 3 0 2502.98 0.881 0.630 0.692
4819 103 104 3 3 0 1505.96 0.506 0.500 0.502
4820 104 103 3 3 0 1505.96 0.506 0.500 0.502
4821 103 124 3 3 0 1999.10 0.691 0.537 0.576
4822 124 103 3 3 0 1999.10 0.691 0.537 0.576
4823 103 125 3 3 0 2502.98 0.881 0.444 0.553
4824 125 103 3 3 0 2502.98 0.881 0.444 0.553
4825 104 105 3 3 0 1505.96 0.506 0.509 0.508
4826 105 104 3 3 0 1505.96 0.506 0.509 0.508
4827 104 124 3 3 0 2502.98 0.881 0.611 0.678
4828 124 104 3 3 0 2502.98 0.881 0.611 0.678
4829 104 125 3 3 0 1999.10 0.691 0.519 0.562
4830 125 104 3 3 0 1999.10 0.691 0.519 0.562
4831 104 126 3 3 0 2502.98 0.881 0.315 0.456
4832 126 104 3 3 0 2502.98 0.881 0.315 0.456
4833 105 106 3 3 0 1505.96 0.506 0.259 0.321
4834 106 105 3 3 0 1505.96 0.506 0.259 0.321
4835 105 125 3 3 0 2502.98 0.881 0.454 0.560
4836 125 105 3 3 0 2502.98 0.881 0.454 0.560
4837 105 126 3 3 0 1999.10 0.691 0.250 0.360
4838 126 105 3 3 0 1999.10 0.691 0.250 0.360
4839 105 127 3 3 0 2502.98 0.881 0.259 0.415
4840 127 105 3 3 0 2502.98 0.881 0.259 0.415
4841 106 107 3 3 0 1505.96 0.506 0.074 0.182
4842 107 106 3 3 0 1505.96 0.506 0.074 0.182
4843 106 126 3 3 0 2502.98 0.881 0.065 0.269
4844 126 106 3 3 0 2502.98 0.881 0.065 0.269
4845 106 127 3 3 0 1999.10 0.691 0.074 0.228
4846 127 106 3 3 0 1999.10 0.691 0.074 0.228
4847 106 128 3 3 0 2502.98 0.881 0.065 0.269
4848 128 106 3 3 0 2502.98 0.881 0.065 0.269
4849 107 108 3 3 0 1505.96 0.506 0.056 0.168
4850 108 107 3 3 0 1505.96 0.506 0.056 0.168
4851 107 127 3 3 0 2502.98 0.881 0.074 0.276
4852 127 107 3 3 0 2502.98 0.881 0.074 0.276
4853 107 128 3 3 0 1999.10 0.691 0.065 0.221
4854 128 107 3 3 0 1999.10 0.691 0.065 0.221
4855 107 129 3 3 0 2502.98 0.881 0.065 0.269
4856 129 107 3 3 0 2502.98 0.881 0.065 0.269
4857 108 109 3 3 0 1505.96 0.506 0.056 0.168
4858 109 108 3 3 0 1505.96 0.506 0.056 0.168
4859 108 128 3 3 0 2502.98 0.881 0.046 0.255
4860 128 108 3 3 0 2502.98 0.881 0.046 0.255
4861 108 129 3 3 0 1999.10 0.691 0.046 0.208
4862 129 108 3 3 0 1999.10 0.691 0.046 0.208
4863 108 130 3 3 0 2502.98 0.881 0.046 0.255
4864 130 108 3 3 0 2502.98 0.881 0.046 0.255
4865 109 110 3 3 0 1505.96 0.506 0.065 0.175
4866 110 109 3 3 0 1505.96 0.506 0.065 0.175
4867 109 129 3 3 0 2502.98 0.881 0.065 0.269
4868 129 109 3 3 0 2502.98 0.881 0.065 0.269
4869 109 130 3 3 0 1999.10 0.691 0.065 0.221
4870 130 109 3 3 0 1999.10 0.691 0.065 0.221
4871 109 131 3 3 0 2502.98 0.881 0.074 0.276
4872 131 109 3 3 0 2502.98 0.881 0.074 0.276
4873 110 111 3 3 0 1505.96 0.506 0.056 0.168
4874 111 110 3 3 0 1505.96 0.506 0.056 0.168
4875 110 130 3 3 0 2502.98 0.881 0.056 0.262
4876 130 110 3 3 0 2502.98 0.881 0.056 0.262
4877 110 131 3 3 0 1999.10 0.691 0.065 0.221
4878 131 110 3 3 0 1999.10 0.691 0.065 0.221
4879 110 132 3 3 0 2502.98 0.881 0.056 0.262
4880 132 110 3 3 0 2502.98 0.881 0.056 0.262
4881 111 112 3 3 0 1505.96 0.506 0.065 0.175
4882 112 111 3 3 0 1505.96 0.506 0.065 0.175
4883 111 131 3 3 0 2502.98 0.881 0.065 0.269
4884 131 111 3 3 0 2502.98 0.881 0.065 0.269
4885 111 132 3 3 0 1999.10 0.691 0.056 0.214
4886 132 111 3 3 0 1999.10 0.691 0.056 0.214
4887 111 133 3 3 0 2502.98 0.881 0.056 0.262
4888 133 111 3 3 0 2502.98 0.881 0.056 0.262
4889 112 113 3 3 0 1505.96 0.506 0.065 0.175
4890 113 112 3 3 0 1505.96 0.506 0.065 0.175
4891 112 132 3 3 0 2502.98 0.881 0.065 0.269
4892 132 112 3 3 0 2502.98 0.881 0.065 0.269
4893 112 133 3 3 0 1999.10 0.691 0.065 0.221
4894 133 112 3 3 0 1999.10 0.691 0.065 0.221
4895 112 134 3 3 0 2502.98 0.881 0.074 0.276
4896 134 112 3 3 0 2502.98 0.881 0.074 0.276
4897 113 114 3 3 0 1505.96 0.506 0.046 0.161
4898 114 113 3 3 0 1505.96 0.506 0.046 0.161
4899 113 133 3 3 0 2502.98 0.881 0.056 0.262
4900 133 113 3 3 0 2502.98 0.881 0.056 0.262
4901 113 134 3 3 0 1999.10 0.691 0.065 0.221
4902 134 113 3 3 0 1999.10 0.691 0.065 0.221
4903 113 135 3 3 0 2502.98 0.881 0.056 0.262
4904 135 113 3 3 0 2502.98 0.881 0.056 0.262
4905 114 115 3 3 0 1505.96 0.506 0.046 0.161
4906 115 114 3 3 0 1505.96 0.506 0.046 0.161
4907 114 134 3 3 0 2502.98 0.881 0.056 0.262
4908 134 114 3 3 0 2502.98 0.881 0.056 0.262
4909 114 135 3 3 0 1999.10 0.691 0.046 0.208
4910 135 114 3 3 0 1999.10 0.691 0.046 0.208
4911 114 136 3 3 0 2502.98 0.881 0.056 0.262
4912 136 114 3 3 0 2502.98 0.881 0.056 0.262
4913 115 116 3 3 0 1505.96 0.506 0.056 0.168
4914 116 115 3 3 0 1505.96 0.506 0.056 0.168
4915 115 135 3 3 0 2502.98 0.881 0.056 0.262
4916 135 115 3 3 0 2502.98 0.881 0.056 0.262
4917 115 136 3 3 0 1999.10 0.691 0.065 0.221
4918 136 115 3 3 0 1999.10 0.691 0.065 0.221
4919 115 137 3 3 0 2502.98 0.881 0.046 0.255
4920 137 115 3 3 0 2502.98 0.881 0.046 0.255
4921 116 117 3 3 0 1505.96 0.506 0.065 0.175
4922 117 116 3 3 0 1505.96 0.506 0.065 0.175
4923 116 136 3 3 0 2502.98 0.881 0.065 0.269
4924 136 116 3 3 0 2502.98 0.881 0.065 0.269
4925 116 137 3 3 0 1999.10 0.691 0.046 0.208
4926 137 116 3 3 0 1999.10 0.691 0.046 0.208
4927 116 138 3 3 0 2502.98 0.881 0.065 0.269
4928 138 116 3 3 0 2502.98 0.881 0.065 0.269
4929 117 137 3 3 0 2502.98 0.881 0.056 0.262
4930 137 117 3 3 0 2502.98 0.881 0.056 0.262
4931 117 138 3 3 0 1999.10 0.691 0.074 0.228
4932 138 117 3 3 0 1999.10 0.691 0.074 0.228
4933 118 119 3 3 0 1506.37 0.506 0.685 0.640
4934 119 118 3 3 0 1506.37 0.506 0.685 0.640
4935 118 139 3 3 0 1999.09 0.691 0.750 0.735
4936 139 118 3 3 0 1999.09 0.691 0.750 0.735
4937 118 140 3 3 0 2503.23 0.881 0.806 0.824
4938 140 118 3 3 0 2503.23 0.881 0.806 0.824
4939 119 120 3 3 0 1506.37 0.506 0.630 0.599
4940 120 119 3 3 0 1506.37 0.506 0.630 0.599
4941 119 139 3 3 0 2503.23 0.881 0.620 0.685
4942 139 119 3 3 0 2503.23 0.881 0.620 0.685
4943 119 140 3 3 0 1999.09 0.691 0.676 0.680
4944 140 119 3 3 0 1999.09 0.691 0.676 0.680
4945 119 141 3 3 0 2503.23 0.881 0.509 0.602
4946 141 119 3 3 0 2503.23 0.881 0.509 0.602
4947 120 121 3 3 0 1506.37 0.506 0.648 0.613
4948 121 120 3 3 0 1506.37 0.506 0.648 0.613
4949 120 140 3 3 0 2503.23 0.881 0.750 0.783
4950 140 120 3 3 0 2503.23 0.881 0.750 0.783
4951 120 141 3 3 0 1999.09 0.691 0.583 0.610
4952 141 120 3 3 0 1999.09 0.691 0.583 0.610
4953 120 142 3 3 0 2503.23 0.881 0.741 0.776
4954 142 120 3 3 0 2503.23 0.881 0.741 0.776
4955 121 122 3 3 0 1506.37 0.506 0.620 0.592
4956 122 121 3 3 0 1506.37 0.506 0.620 0.592
4957 121 141 3 3 0 2503.23 0.881 0.528 0.616
4958 141 121 3 3 0 2503.23 0.881 0.528 0.616
4959 121 142 3 3 0 1999.09 0.691 0.685 0.687
4960 142 121 3 3 0 1999.09 0.691 0.685 0.687
4961 121 143 3 3 0 2503.23 0.881 0.509 0.602
4962 143 121 3 3 0 2503.23 0.881 0.509 0.602
4963 122 123 3 3 0 1506.37 0.506 0.583 0.564
4964 123 122 3 3 0 1506.37 0.506 0.583 0.564
4965 122 142 3 3 0 2503.23 0.881 0.713 0.755
4966 142 122 3 3 0 2503.23 0.881 0.713 0.755
4967 122 143 3 3 0 1999.09 0.691 0.537 0.576
4968 143 122 3 3 0 1999.09 0.691 0.537 0.576
4969 122 144 3 3 0 2503.23 0.881 0.546 0.630
4970 144 122 3 3 0 2503.23 0.881 0.546 0.630
4971 123 124 3 3 0 1506.37 0.506 0.583 0.564
4972 124 123 3 3 0 1506.37 0.506 0.583 0.564
4973 123 143 3 3 0 2503.23 0.881 0.472 0.574
4974 143 123 3 3 0 2503.23 0.881 0.472 0.574
4975 123 144 3 3 0 1999.09 0.691 0.481 0.534
4976 144 123 3 3 0 1999.09 0.691 0.481 0.534
4977 123 145 3 3 0 2503.23 0.881 0.657 0.713
4978 145 123 3 3 0 2503.23 0.881 0.657 0.713
4979 124 125 3 3 0 1506.37 0.506 0.556 0.543
4980 125 124 3 3 0 1506.37 0.506 0.556 0.543
4981 124 144 3 3 0 2503.23 0.881 0.546 0.630
4982 144 124 3 3 0 2503.23 0.881 0.546 0.630
4983 124 145 3 3 0 1999.09 0.691 0.722 0.714
4984 145 124 3 3 0 1999.09 0.691 0.722 0.714
4985 124 146 3 3 0 2503.23 0.881 0.648 0.706
4986 146 124 3 3 0 2503.23 0.881 0.648 0.706
4987 125 126 3 3 0 1506.37 0.506 0.259 0.321
4988 126 125 3 3 0 1506.37 0.506 0.259 0.321
4989 125 145 3 3 0 2503.23 0.881 0.630 0.692
4990 145 125 3 3 0 2503.23 0.881 0.630 0.692
4991 125 146 3 3 0 1999.09 0.691 0.556 0.589
4992 146 125 3 3 0 1999.09 0.691 0.556 0.589
4993 125 147 3 3 0 2503.23 0.881 0.250 0.408
4994 147 125 3 3 0 2503.23 0.881 0.250 0.408
4995 126 127 3 3 0 1506.37 0.506 0.065 0.175
4996 127 126 3 3 0 1506.37 0.506 0.065 0.175
4997 126 146 3 3 0 2503.23 0.881 0.352 0.484
4998 146 126 3 3 0 2503.23 0.881 0.352 0.484
4999 126 147 3 3 0 1999.09 0.691 0.046 0.208
5000 147 126 3 3 0 1999.09 0.691 0.046 0.208
5001 126 148 3 3 0 2503.23 0.881 0.046 0.255
5002 148 126 3 3 0 2503.23 0.881 0.046 0.255
5003 127 128 3 3 0 1506.37 0.506 0.065 0.175
5004 128 127 3 3 0 1506.37 0.506 0.065 0.175
5005 127 147 3 3 0 2503.23 0.881 0.056 0.262
5006 147 127 3 3 0 2503.23 0.881 0.056 0.262
5007 127 148 3 3 0 1999.09 0.691 0.056 0.214
5008 148 127 3 3 0 1999.09 0.691 0.056 0.214
5009 127 149 3 3 0 2503.23 0.881 0.065 0.269
5010 149 127 3 3 0 2503.23 0.881 0.065 0.269
5011 128 129 3 3 0 1506.37 0.506 0.056 0.168
5012 129 128 3 3 0 1506.37 0.506 0.056 0.168
5013 128 148 3 3 0 2503.23 0.881 0.046 0.255
5014 148 128 3 3 0 2503.23 0.881 0.046 0.255
5015 128 149 3 3 0 1999.09 0.691 0.056 0.214
5016 149 128 3 3 0 1999.09 0.691 0.056 0.214
5017 128 150 3 3 0 2503.23 0.881 0.046 0.255
5018 150 128 3 3 0 2503.23 0.881 0.046 0.255
5019 129 130 3 3 0 1506.37 0.506 0.056 0.168
5020 130 129 3 3 0 1506.37 0.506 0.056 0.168
5021 129 149 3 3 0 2503.23 0.881 0.056 0.262
5022 149 129 3 3 0 2503.23 0.881 0.056 0.262
5023 129 150 3 3 0 1999.09 0.691 0.046 0.208
5024 150 129 3 3 0 1999.09 0.691 0.046 0.208
5025 129 151 3 3 0 2503.23 0.881 0.046 0.255
5026 151 129 3 3 0 2503.23 0.881 0.046 0.255
5027 130 131 3 3 0 1506.37 0.506 0.065 0.175
5028 131 130 3 3 0 1506.37 0.506 0.065 0.175
5029 130 150 3 3 0 2503.23 0.881 0.046 0.255
5030 150 130 3 3 0 2503.23 0.881 0.046 0.255
5031 130 151 3 3 0 1999.09 0.691 0.046 0.208
5032 151 130 3 3 0 1999.09 0.691 0.046 0.208
5033 130 152 3 3 0 2503.23 0.881 0.056 0.262
5034 152 130 3 3 0 2503.23 0.881 0.056 0.262
5035 131 132 3 3 0 1506.37 0.506 0.065 0.175
5036 132 131 3 3 0 1506.37 0.506 0.065 0.175
5037 131 151 3 3 0 2503.23 0.881 0.056 0.262
5038 151 131 3 3 0 2503.23 0.881 0.056 0.262
5039 131 152 3 3 0 1999.09 0.691 0.065 0.221
5040 152 131 3 3 0 1999.09 0.691 0.065 0.221
5041 131 153 3 3 0 2503.23 0.881 0.056 0.262
5042 153 131 3 3 0 2503.23 0.881 0.056 0.262
5043 132 133 3 3 0 1506.37 0.506 0.056 0.168
5044 133 132 3 3 0 1506.37 0.506 0.056 0.168
5045 132 152 3 3 0 2503.23 0.881 0.056 0.262
5046 152 132 3 3 0 2503.23 0.881 0.056 0.262
5047 132 153 3 3 0 1999.09 0.691 0.046 0.208
5048 153 132 3 3 0 1999.09 0.691 0.046 0.208
5049 132 154 3 3 0 2503.23 0.881 0.056 0.262
5050 154 132 3 3 0 2503.23 0.881 0.056 0.262
5051 133 134 3 3 0 1506.37 0.506 0.065 0.175
5052 134 133 3 3 0 1506.37 0.506 0.065 0.175
5053 133 153 3 3 0 2503.23 0.881 0.046 0.255
5054 153 133 3 3 0 2503.23 0.881 0.046 0.255
5055 133 154 3 3 0 1999.09 0.691 0.056 0.214
5056 154 133 3 3 0 1999.09 0.691 0.056 0.214
5057 133 155 3 3 0 2503.23 0.881 0.056 0.262
5058 155 133 3 3 0 2503.23 0.881 0.056 0.262
5059 134 135 3 3 0 1506.37 0.506 0.065 0.175
5060 135 134 3 3 0 1506.37 0.506 0.065 0.175
5061 134 154 3 3 0 2503.23 0.881 0.065 0.269
5062 154 134 3 3 0 2503.23 0.881 0.065 0.269
5063 134 155 3 3 0 1999.09 0.691 0.065 0.221
5064 155 134 3 3 0 1999.09 0.691 0.065 0.221
5065 134 156 3 3 0 2503.23 0.881 0.065 0.269
5066 156 134 3 3 0 2503.23 0.881 0.065 0.269
5067 135 136 3 3 0 1506.37 0.506 0.065 0.175
5068 136 135 3 3 0 1506.37 0.506 0.065 0.175
5069 135 155 3 3 0 2503.23 0.881 0.056 0.262
5070 155 135 3 3 0 2503.23 0.881 0.056 0.262
5071 135 156 3 3 0 1999.09 0.691 0.056 0.214
5072 156 135 3 3 0 1999.09 0.691 0.056 0.214
5073 135 157 3 3 0 2503.23 0.881 0.056 0.262
5074 157 135 3 3 0 2503.23 0.881 0.056 0.262
5075 136 137 3 3 0 1506.37 0.506 0.056 0.168
5076 137 136 3 3 0 1506.37 0.506 0.056 0.168
5077 136 156 3 3 0 2503.23 0.881 0.065 0.269
5078 156 136 3 3 0 2503.23 0.881 0.065 0.269
5079 136 157 3 3 0 1999.09 0.691 0.065 0.221
5080 157 136 3 3 0 1999.09 0.691 0.065 0.221
5081 136 158 3 3 0 2503.23 0.881 0.065 0.269
5082 158 136 3 3 0 2503.23 0.881 0.065 0.269
5083 137 138 3 3 0 1506.37 0.506 0.056 0.168
5084 138 137 3 3 0 1506.37 0.506 0.056 0.168
5085 137 157 3 3 0 2503.23 0.881 0.046 0.255
5086 157 137 3 3 0 2503.23 0.881 0.046 0.255
5087 137 158 3 3 0 1999.09 0.691 0.046 0.208
5088 158 137 3 3 0 1999.09 0.691 0.046 0.208
5089 137 159 3 3 0 2503.23 0.881 0.046 0.255
5090 159 137 3 3 0 2503.23 0.881 0.046 0.255
5091 138 158 3 3 0 2503.23 0.881 0.065 0.269
5092 158 138 3 3 0 2503.23 0.881 0.065 0.269
5093 138 159 3 3 0 1999.09 0.691 0.065 0.221
5094 159 138 3 3 0 1999.09 0.691 0.065 0.221
5095 139 140 3 3 0 1506.79 0.506 0.741 0.682
5096 140 139 3 3 0 1506.79 0.506 0.741 0.682
5097 139 160 3 3 0 1999.08 0.691 0.611 0.631
5098 160 139 3 3 0 1999.08 0.691 0.611 0.631
5099 139 161 3 3 0 2503.47 0.881 0.620 0.685
5100 161 139 3 3 0 2503.47 0.881 0.620 0.685
5101 140 141 3 3 0 1506.79 0.506 0.630 0.599
5102 141 140 3 3 0 1506.79 0.506 0.630 0.599
5103 140 160 3 3 0 2503.47 0.881 0.667 0.720
5104 160 140 3 3 0 2503.47 0.881 0.667 0.720
5105 140 161 3 3 0 1999.08 0.691 0.676 0.680
5106 161 140 3 3 0 1999.08 0.691 0.676 0.680
5107 140 162 3 3 0 2503.47 0.881 0.657 0.713
5108 162 140 3 3 0 2503.47 0.881 0.657 0.713
5109 141 142 3 3 0 1506.79 0.506 0.620 0.592
5110 142 141 3 3 0 1506.79 0.506 0.620 0.592
5111 141 161 3 3 0 2503.47 0.881 0.509 0.602
5112 161 141 3 3 0 2503.47 0.881 0.509 0.602
5113 141 162 3 3 0 1999.08 0.691 0.491 0.541
5114 162 141 3 3 0 1999.08 0.691 0.491 0.541
5115 141 163 3 3 0 2503.47 0.881 0.602 0.672
5116 163 141 3 3 0 2503.47 0.881 0.602 0.672
5117 142 143 3 3 0 1506.79 0.506 0.602 0.578
5118 143 142 3 3 0 1506.79 0.506 0.602 0.578
5119 142 162 3 3 0 2503.47 0.881 0.648 0.706
5120 162 142 3 3 0 2503.47 0.881 0.648 0.706
5121 142 163 3 3 0 1999.08 0.691 0.759 0.742
5122 163 142 3 3 0 1999.08 0.691 0.759 0.742
5123 142 164 3 3 0 2503.47 0.881 0.750 0.783
5124 164 142 3 3 0 2503.47 0.881 0.750 0.783
5125 143 144 3 3 0 1506.79 0.506 0.435 0.453
5126 144 143 3 3 0 1506.79 0.506 0.435 0.453
5127 143 163 3 3 0 2503.47 0.881 0.583 0.658
5128 163 143 3 3 0 2503.47 0.881 0.583 0.658
5129 143 164 3 3 0 1999.08 0.691 0.574 0.603
5130 164 143 3 3 0 1999.08 0.691 0.574 0.603
5131 143 165 3 3 0 2503.47 0.881 0.574 0.651
5132 165 143 3 3 0 2503.47 0.881 0.574 0.651
5133 144 145 3 3 0 1506.79 0.506 0.620 0.592
5134 145 144 3 3 0 1506.79 0.506 0.620 0.592
5135 144 164 3 3 0 2503.47 0.881 0.583 0.658
5136 164 144 3 3 0 2503.47 0.881 0.583 0.658
5137 144 165 3 3 0 1999.08 0.691 0.583 0.610
5138 165 144 3 3 0 1999.08 0.691 0.583 0.610
5139 144 166 3 3 0 2503.47 0.881 0.639 0.699
5140 166 144 3 3 0 2503.47 0.881 0.639 0.699
5141 145 146 3 3 0 1506.79 0.506 0.722 0.668
5142 146 145 3 3 0 1506.79 0.506 0.722 0.668
5143 145 165 3 3 0 2503.47 0.881 0.759 0.790
5144 165 145 3 3 0 2503.47 0.881 0.759 0.790
5145 145 166 3 3 0 1999.08 0.691 0.815 0.784
5146 166 145 3 3 0 1999.08 0.691 0.815 0.784
5147 145 167 3 3 0 2503.47 0.881 0.806 0.824
5148 167 145 3 3 0 2503.47 0.881 0.806 0.824
5149 146 147 3 3 0 1506.79 0.506 0.343 0.384
5150 147 146 3 3 0 1506.79 0.506 0.343 0.384
5151 146 166 3 3 0 2503.47 0.881 0.741 0.776
5152 166 146 3 3 0 2503.47 0.881 0.741 0.776
5153 146 167 3 3 0 1999.08 0.691 0.731 0.721
5154 167 146 3 3 0 1999.08 0.691 0.731 0.721
5155 146 168 3 3 0 2503.47 0.881 0.361 0.491
5156 168 146 3 3 0 2503.47 0.881 0.361 0.491
5157 147 148 3 3 0 1506.79 0.506 0.037 0.154
5158 148 147 3 3 0 1506.79 0.506 0.037 0.154
5159 147 167 3 3 0 2503.47 0.881 0.426 0.540
5160 167 147 3 3 0 2503.47 0.881 0.426 0.540
5161 147 168 3 3 0 1999.08 0.691 0.056 0.214
5162 168 147 3 3 0 1999.08 0.691 0.056 0.214
5163 147 169 3 3 0 2503.47 0.881 0.046 0.255
5164 169 147 3 3 0 2503.47 0.881 0.046 0.255
5165 148 149 3 3 0 1506.79 0.506 0.046 0.161
5166 149 148 3 3 0 1506.79 0.506 0.046 0.161
5167 148 168 3 3 0 2503.47 0.881 0.056 0.262
5168 168 148 3 3 0 2503.47 0.881 0.056 0.262
5169 148 169 3 3 0 1999.08 0.691 0.046 0.208
5170 169 148 3 3 0 1999.08 0.691 0.046 0.208
5171 148 170 3 3 0 2503.47 0.881 0.056 0.262
5172 170 148 3 3 0 2503.47 0.881 0.056 0.262
5173 149 150 3 3 0 1506.79 0.506 0.046 0.161
5174 150 149 3 3 0 1506.79 0.506 0.046 0.161
5175 149 169 3 3 0 2503.47 0.881 0.056 0.262
5176 169 149 3 3 0 2503.47 0.881 0.056 0.262
5177 149 170 3 3 0 1999.08 0.691 0.065 0.221
5178 170 149 3 3 0 1999.08 0.691 0.065 0.221
5179 149 171 3 3 0 2503.47 0.881 0.046 0.255
5180 171 149 3 3 0 2503.47 0.881 0.046 0.255
5181 150 151 3 3 0 1506.79 0.506 0.037 0.154
5182 151 150 3 3 0 1506.79 0.506 0.037 0.154
5183 150 170 3 3 0 2503.47 0.881 0.056 0.262
5184 170 150 3 3 0 2503.47 0.881 0.056 0.262
5185 150 171 3 3 0 1999.08 0.691 0.037 0.201
5186 171 150 3 3 0 1999.08 0.691 0.037 0.201
5187 150 172 3 3 0 2503.47 0.881 0.046 0.255
5188 172 150 3 3 0 2503.47 0.881 0.046 0.255
5189 151 152 3 3 0 1506.79 0.506 0.046 0.161
5190 152 151 3 3 0 1506.79 0.506 0.046 0.161
5191 151 171 3 3 0 2503.47 0.881 0.037 0.248
5192 171 151 3 3 0 2503.47 0.881 0.037 0.248
5193 151 172 3 3 0 1999.08 0.691 0.046 0.208
5194 172 151 3 3 0 1999.08 0.691 0.046 0.208
5195 151 173 3 3 0 2503.47 0.881 0.056 0.262
5196 173 151 3 3 0 2503.47 0.881 0.056 0.262
5197 152 153 3 3 0 1506.79 0.506 0.046 0.161
5198 153 152 3 3 0 1506.79 0.506 0.046 0.161
5199 152 172 3 3 0 2503.47 0.881 0.056 0.262
5200 172 152 3 3 0 2503.47 0.881 0.056 0.262
5201 152 173 3 3 0 1999.08 0.691 0.065 0.221
5202 173 152 3 3 0 1999.08 0.691 0.065 0.221
5203 152 174 3 3 0 2503.47 0.881 0.056 0.262
5204 174 152 3 3 0 2503.47 0.881 0.056 0.262
5205 153 154 3 3 0 1506.79 0.506 0.046 0.161
5206 154 153 3 3 0 1506.79 0.506 0.046 0.161
5207 153 173 3 3 0 2503.47 0.881 0.056 0.262
5208 173 153 3 3 0 2503.47 0.881 0.056 0.262
5209 153 174 3 3 0 1999.08 0.691 0.046 0.208
5210 174 153 3 3 0 1999.08 0.691 0.046 0.208
5211 153 175 3 3 0 2503.47 0.881 0.046 0.255
5212 175 153 3 3 0 2503.47 0.881 0.046 0.255
5213 154 155 3 3 0 1506.79 0.506 0.056 0.168
5214 155 154 3 3 0 1506.79 0.506 0.056 0.168
5215 154 174 3 3 0 2503.47 0.881 0.056 0.262
5216 174 154 3 3 0 2503.47 0.881 0.056 0.262
5217 154 175 3 3 0 1999.08 0.691 0.056 0.214
5218 175 154 3 3 0 1999.08 0.691 0.056 0.214
5219 155 156 3 3 0 1506.79 0.506 0.056 0.168
5220 156 155 3 3 0 1506.79 0.506 0.056 0.168
5221 155 175 3 3 0 2503.47 0.881 0.056 0.262
5222 175 155 3 3 0 2503.47 0.881 0.056 0.262
5223 155 176 3 3 0 1999.08 0.691 0.065 0.221
5224 176 155 3 3 0 1999.08 0.691 0.065 0.221
5225 155 177 3 3 0 2503.47 0.881 0.046 0.255
5226 177 155 3 3 0 2503.47 0.881 0.046 0.255
5227 156 157 3 3 0 1506.79 0.506 0.056 0.168
5228 157 156 3 3 0 1506.79 0.506 0.056 0.168
5229 156 176 3 3 0 2503.47 0.881 0.065 0.269
5230 176 156 3 3 0 2503.47 0.881 0.065 0.269
5231 156 177 3 3 0 1999.08 0.691 0.046 0.208
5232 177 156 3 3 0 1999.08 0.691 0.046 0.208
5233 156 178 3 3 0 2503.47 0.881 0.065 0.269
5234 178 156 3 3 0 2503.47 0.881 0.065 0.269
5235 157 158 3 3 0 1506.79 0.506 0.056 0.168
5236 158 157 3 3 0 1506.79 0.506 0.056 0.168
5237 157 177 3 3 0 2503.47 0.881 0.046 0.255
5238 177 157 3 3 0 2503.47 0.881 0.046 0.255
5239 157 178 3 3 0 1999.08 0.691 0.065 0.221
5240 178 157 3 3 0 1999.08 0.691 0.065 0.221
5241 157 179 3 3 0 2503.47 0.881 0.056 0.262
5242 179 157 3 3 0 2503.47 0.881 0.056 0.262
5243 158 159 3 3 0 1506.79 0.506 0.056 0.168
5244 159 158 3 3 0 1506.79 0.506 0.056 0.168
5245 158 178 3 3 0 2503.47 0.881 0.065 0.269
5246 178 158 3 3 0 2503.47 0.881 0.065 0.269
5247 158 179 3 3 0 1999.08 0.691 0.056 0.214
5248 179 158 3 3 0 1999.08 0.691 0.056 0.214
5249 158 180 3 3 0 2503.47 0.881 0.065 0.269
5250 180 158 3 3 0 2503.47 0.881 0.065 0.269
5251 159 179 3 3 0 2503.47 0.881 0.056 0.262
5252 179 159 3 3 0 2503.47 0.881 0.056 0.262
5253 159 180 3 3 0 1999.08 0.691 0.065 0.221
5254 180 159 3 3 0 1999.08 0.691 0.065 0.221
5255 160 161 3 3 0 1507.20 0.507 0.546 0.536
5256 161 160 3 3 0 1507.20 0.507 0.546 0.536
5257 160 181 3 3 0 1999.08 0.691 0.565 0.596
5258 181 160 3 3 0 1999.08 0.691 0.565 0.596
5259 160 182 3 3 0 2503.71 0.881 0.593 0.665
5260 182 160 3 3 0 2503.71 0.881 0.593 0.665
5261 161 162 3 3 0 1507.20 0.507 0.537 0.529
5262 162 161 3 3 0 1507.20 0.507 0.537 0.529
5263 161 181 3 3 0 2503.71 0.881 0.574 0.651
5264 181 161 3 3 0 2503.71 0.881 0.574 0.651
5265 161 182 3 3 0 1999.08 0.691 0.602 0.624
5266 182 161 3 3 0 1999.08 0.691 0.602 0.624
5267 161 183 3 3 0 2503.71 0.881 0.602 0.672
5268 183 161 3 3 0 2503.71 0.881 0.602 0.672
5269 162 163 3 3 0 1507.20 0.507 0.630 0.599
5270 163 162 3 3 0 1507.20 0.507 0.630 0.599
5271 162 182 3 3 0 2503.71 0.881 0.583 0.658
5272 182 162 3 3 0 2503.71 0.881 0.583 0.658
5273 162 183 3 3 0 1999.08 0.691 0.583 0.610
5274 183 162 3 3 0 1999.08 0.691 0.583 0.610
5275 162 184 3 3 0 2503.71 0.881 0.500 0.595
5276 184 162 3 3 0 2503.71 0.881 0.500 0.595
5277 163 164 3 3 0 1507.20 0.507 0.731 0.675
5278 164 163 3 3 0 1507.20 0.507 0.731 0.675
5279 163 183 3 3 0 2503.71 0.881 0.694 0.741
5280 183 163 3 3 0 2503.71 0.881 0.694 0.741
5281 163 184 3 3 0 1999.08 0.691 0.611 0.631
5282 184 163 3 3 0 1999.08 0.691 0.611 0.631
5283 163 185 3 3 0 2503.71 0.881 0.722 0.762
5284 185 163 3 3 0 2503.71 0.881 0.722 0.762
5285 164 165 3 3 0 1507.20 0.507 0.722 0.668
5286 165 164 3 3 0 1507.20 0.507 0.722 0.668
5287 164 184 3 3 0 2503.71 0.881 0.602 0.672
5288 184 164 3 3 0 2503.71 0.881 0.602 0.672
5289 164 185 3 3 0 1999.08 0.691 0.713 0.708
5290 185 164 3 3 0 1999.08 0.691 0.713 0.708
5291 164 186 3 3 0 2503.71 0.881 0.713 0.755
5292 186 164 3 3 0 2503.71 0.881 0.713 0.755
5293 165 166 3 3 0 1507.20 0.507 0.778 0.710
5294 166 165 3 3 0 1507.20 0.507 0.778 0.710
5295 165 185 3 3 0 2503.71 0.881 0.713 0.755
5296 185 165 3 3 0 2503.71 0.881 0.713 0.755
5297 165 186 3 3 0 1999.08 0.691 0.713 0.708
5298 186 165 3 3 0 1999.08 0.691 0.713 0.708
5299 165 187 3 3 0 2503.71 0.881 0.676 0.727
5300 187 165 3 3 0 2503.71 0.881 0.676 0.727
5301 166 167 3 3 0 1507.20 0.507 0.824 0.745
5302 167 166 3 3 0 1507.20 0.507 0.824 0.745
5303 166 186 3 3 0 2503.71 0.881 0.769 0.797
5304 186 166 3 3 0 2503.71 0.881 0.769 0.797
5305 166 187 3 3 0 1999.08 0.691 0.731 0.721
5306 187 166 3 3 0 1999.08 0.691 0.731 0.721
5307 166 188 3 3 0 2503.71 0.881 0.741 0.776
5308 188 166 3 3 0 2503.71 0.881 0.741 0.776
5309 167 168 3 3 0 1507.20 0.507 0.444 0.460
5310 168 167 3 3 0 1507.20 0.507 0.444 0.460
5311 167 187 3 3 0 2503.71 0.881 0.722 0.762
5312 187 167 3 3 0 2503.71 0.881 0.722 0.762
5313 167 188 3 3 0 1999.08 0.691 0.731 0.721
5314 188 167 3 3 0 1999.08 0.691 0.731 0.721
5315 167 189 3 3 0 2503.71 0.881 0.435 0.547
5316 189 167 3 3 0 2503.71 0.881 0.435 0.547
5317 168 169 3 3 0 1507.20 0.507 0.065 0.175
5318 169 168 3 3 0 1507.20 0.507 0.065 0.175
5319 168 188 3 3 0 2503.71 0.881 0.361 0.491
5320 188 168 3 3 0 2503.71 0.881 0.361 0.491
5321 168 189 3 3 0 1999.08 0.691 0.065 0.221
5322 189 168 3 3 0 1999.08 0.691 0.065 0.221
5323 168 190 3 3 0 2503.71 0.881 0.065 0.269
5324 190 168 3 3 0 2503.71 0.881 0.065 0.269
5325 169 170 3 3 0 1507.20 0.507 0.065 0.175
5326 170 169 3 3 0 1507.20 0.507 0.065 0.175
5327 169 189 3 3 0 2503.71 0.881 0.056 0.262
5328 189 169 3 3 0 2503.71 0.881 0.056 0.262
5329 169 190 3 3 0 1999.08 0.691 0.056 0.214
5330 190 169 3 3 0 1999.08 0.691 0.056 0.214
5331 169 191 3 3 0 2503.71 0.881 0.046 0.255
5332 191 169 3 3 0 2503.71 0.881 0.046 0.255
5333 170 171 3 3 0 1507.20 0.507 0.056 0.168
5334 171 170 3 3 0 1507.20 0.507 0.056 0.168
5335 170 190 3 3 0 2503.71 0.881 0.065 0.269
5336 190 170 3 3 0 2503.71 0.881 0.065 0.269
5337 170 191 3 3 0 1999.08 0.691 0.056 0.214
5338 191 170 3 3 0 1999.08 0.691 0.056 0.214
5339 170 192 3 3 0 2503.71 0.881 0.139 0.324
5340 192 170 3 3 0 2503.71 0.881 0.139 0.324
5341 171 172 3 3 0 1507.20 0.507 0.046 0.161
5342 172 171 3 3 0 1507.20 0.507 0.046 0.161
5343 171 191 3 3 0 2503.71 0.881 0.037 0.248
5344 191 171 3 3 0 2503.71 0.881 0.037 0.248
5345 171 192 3 3 0 1999.08 0.691 0.120 0.263
5346 192 171 3 3 0 1999.08 0.691 0.120 0.263
5347 171 193 3 3 0 2503.71 0.881 0.056 0.262
5348 193 171 3 3 0 2503.71 0.881 0.056 0.262
5349 172 173 3 3 0 1507.20 0.507 0.065 0.175
5350 173 172 3 3 0 1507.20 0.507 0.065 0.175
5351 172 192 3 3 0 2503.71 0.881 0.130 0.317
5352 192 172 3 3 0 2503.71 0.881 0.130 0.317
5353 172 193 3 3 0 1999.08 0.691 0.065 0.221
5354 193 172 3 3 0 1999.08 0.691 0.065 0.221
5355 172 194 3 3 0 2503.71 0.881 0.056 0.262
5356 194 172 3 3 0 2503.71 0.881 0.056 0.262
5357 173 174 3 3 0 1507.20 0.507 0.065 0.175
5358 174 173 3 3 0 1507.20 0.507 0.065 0.175
5359 173 193 3 3 0 2503.71 0.881 0.074 0.276
5360 193 173 3 3 0 2503.71 0.881 0.074 0.276
5361 173 194 3 3 0 1999.08 0.691 0.065 0.221
5362 194 173 3 3 0 1999.08 0.691 0.065 0.221
5363 173 195 3 3 0 2503.71 0.881 0.065 0.269
5364 195 173 3 3 0 2503.71 0.881 0.065 0.269
5365 174 175 3 3 0 1507.20 0.507 0.056 0.168
5366 175 174 3 3 0 1507.20 0.507 0.056 0.168
5367 174 194 3 3 0 2503.71 0.881 0.056 0.262
5368 194 174 3 3 0 2503.71 0.881 0.056 0.262
5369 174 195 3 3 0 1999.08 0.691 0.056 0.214
5370 195 174 3 3 0 1999.08 0.691 0.056 0.214
5371 174 196 3 3 0 2503.71 0.881 0.056 0.262
5372 196 174 3 3 0 2503.71 0.881 0.056 0.262
5373 175 176 3 3 0 1507.20 0.507 0.065 0.175
5374 176 175 3 3 0 1507.20 0.507 0.065 0.175
5375 175 195 3 3 0 2503.71 0.881 0.056 0.262
5376 195 175 3 3 0 2503.71 0.881 0.056 0.262
5377 175 196 3 3 0 1999.08 0.691 0.056 0.214
5378 196 175 3 3 0 1999.08 0.691 0.056 0.214
5379 175 197 3 3 0 2503.71 0.881 0.046 0.255
5380 197 175 3 3 0 2503.71 0.881 0.046 0.255
5381 176 177 3 3 0 1507.20 0.507 0.056 0.168
5382 177 176 3 3 0 1507.20 0.507 0.056 0.168
5383 176 196 3 3 0 2503.71 0.881 0.065 0.269
5384 196 176 3 3 0 2503.71 0.881 0.065 0.269
5385 176 197 3 3 0 1999.08 0.691 0.056 0.214
5386 197 176 3 3 0 1999.08 0.691 0.056 0.214
5387 176 198 3 3 0 2503.71 0.881 0.120 0.310
5388 198 176 3 3 0 2503.71 0.881 0.120 0.310
5389 177 178 3 3 0 1507.20 0.507 0.056 0.168
5390 178 177 3 3 0 1507.20 0.507 0.056 0.168
5391 177 197 3 3 0 2503.71 0.881 0.037 0.248
5392 197 177 3 3 0 2503.71 0.881 0.037 0.248
5393 177 198 3 3 0 1999.08 0.691 0.102 0.249
5394 198 177 3 3 0 1999.08 0.691 0.102 0.249
5395 177 199 3 3 0 2503.71 0.881 0.074 0.276
5396 199 177 3 3 0 2503.71 0.881 0.074 0.276
5397 178 179 3 3 0 1507.20 0.507 0.065 0.175
5398 179 178 3 3 0 1507.20 0.507 0.065 0.175
5399 178 198 3 3 0 2503.71 0.881 0.120 0.310
5400 198 178 3 3 0 2503.71 0.881 0.120 0.310
5401 178 199 3 3 0 1999.08 0.691 0.093 0.242
5402 199 178 3 3 0 1999.08 0.691 0.093 0.242
5403 178 200 3 3 0 2503.71 0.881 0.065 0.269
5404 200 178 3 3 0 2503.71 0.881 0.065 0.269
5405 179 180 3 3 0 1507.20 0.507 0.065 0.175
5406 180 179 3 3 0 1507.20 0.507 0.065 0.175
5407 179 199 3 3 0 2503.71 0.881 0.083 0.283
5408 199 179 3 3 0 2503.71 0.881 0.083 0.283
5409 179 200 3 3 0 1999.08 0.691 0.056 0.214
5410 200 179 3 3 0 1999.08 0.691 0.056 0.214
5411 179 201 3 3 0 2503.71 0.881 0.056 0.262
5412 201 179 3 3 0 2503.71 0.881 0.056 0.262
5413 180 200 3 3 0 2503.71 0.881 0.065 0.269
5414 200 180 3 3 0 2503.71 0.881 0.065 0.269
5415 180 201 3 3 0 1999.08 0.691 0.065 0.221
5416 201 180 3 3 0 1999.08 0.691 0.065 0.221
5417 181 182 3 3 0 1507.61 0.507 0.620 0.592
5418 182 181 3 3 0 1507.61 0.507 0.620 0.592
5419 181 202 3 3 0 1999.07 0.691 0.361 0.444
5420 202 181 3 3 0 1999.07 0.691 0.361 0.444
5421 181 203 3 3 0 2503.96 0.881 0.380 0.505
5422 203 181 3 3 0 2503.96 0.881 0.380 0.505
5423 182 183 3 3 0 1507.61 0.507 0.648 0.613
5424 183 182 3 3 0 1507.61 0.507 0.648 0.613
5425 182 202 3 3 0 2503.96 0.881 0.389 0.512
5426 202 182 3 3 0 2503.96 0.881 0.389 0.512
5427 182 203 3 3 0 1999.07 0.691 0.407 0.478
5428 203 182 3 3 0 1999.07 0.691 0.407 0.478
5429 182 204 3 3 0 2503.96 0.881 0.417 0.533
5430 204 182 3 3 0 2503.96 0.881 0.417 0.533
5431 183 184 3 3 0 1507.61 0.507 0.565 0.550
5432 184 183 3 3 0 1507.61 0.507 0.565 0.550
5433 183 203 3 3 0 2503.96 0.881 0.407 0.526
5434 203 183 3 3 0 2503.96 0.881 0.407 0.526
5435 183 204 3 3 0 1999.07 0.691 0.417 0.485
5436 204 183 3 3 0 1999.07 0.691 0.417 0.485
5437 183 205 3 3 0 2503.96 0.881 0.389 0.512
5438 205 183 3 3 0 2503.96 0.881 0.389 0.512
5439 184 185 3 3 0 1507.61 0.507 0.593 0.571
5440 185 184 3 3 0 1507.61 0.507 0.593 0.571
5441 184 204 3 3 0 2503.96 0.881 0.333 0.470
5442 204 184 3 3 0 2503.96 0.881 0.333 0.470
5443 184 205 3 3 0 1999.07 0.691 0.306 0.402
5444 205 184 3 3 0 1999.07 0.691 0.306 0.402
5445 184 206 3 3 0 2503.96 0.881 0.630 0.692
5446 206 184 3 3 0 2503.96 0.881 0.630 0.692
5447 185 186 3 3 0 1507.61 0.507 0.704 0.654
5448 186 185 3 3 0 1507.61 0.507 0.704 0.654
5449 185 205 3 3 0 2503.96 0.881 0.417 0.533
5450 205 185 3 3 0 2503.96 0.881 0.417 0.533
5451 185 206 3 3 0 1999.07 0.691 0.741 0.728
5452 206 185 3 3 0 1999.07 0.691 0.741 0.728
5453 185 207 3 3 0 2503.96 0.881 0.685 0.734
5454 207 185 3 3 0 2503.96 0.881 0.685 0.734
5455 186 187 3 3 0 1507.61 0.507 0.667 0.627
5456 187 186 3 3 0 1507.61 0.507 0.667 0.627
5457 186 206 3 3 0 2503.96 0.881 0.741 0.776
5458 206 186 3 3 0 2503.96 0.881 0.741 0.776
5459 186 207 3 3 0 1999.07 0.691 0.685 0.687
5460 207 186 3 3 0 1999.07 0.691 0.685 0.687
5461 186 208 3 3 0 2503.96 0.881 0.685 0.734
5462 208 186 3 3 0 2503.96 0.881 0.685 0.734
5463 187 188 3 3 0 1507.61 0.507 0.639 0.606
5464 188 187 3 3 0 1507.61 0.507 0.639 0.606
5465 187 207 3 3 0 2503.96 0.881 0.648 0.706
5466 207 187 3 3 0 2503.96 0.881 0.648 0.706
5467 187 208 3 3 0 1999.07 0.691 0.648 0.659
5468 208 187 3 3 0 1999.07 0.691 0.648 0.659
5469 187 209 3 3 0 2503.96 0.881 0.333 0.470
5470 209 187 3 3 0 2503.96 0.881 0.333 0.470
5471 188 189 3 3 0 1507.61 0.507 0.352 0.391
5472 189 188 3 3 0 1507.61 0.507 0.352 0.391
5473 188 208 3 3 0 2503.96 0.881 0.657 0.713
5474 208 188 3 3 0 2503.96 0.881 0.657 0.713
5475 188 209 3 3 0 1999.07 0.691 0.343 0.430
5476 209 188 3 3 0 1999.07 0.691 0.343 0.430
5477 188 210 3 3 0 2503.96 0.881 0.361 0.491
5478 210 188 3 3 0 2503.96 0.881 0.361 0.491
5479 189 190 3 3 0 1507.61 0.507 0.056 0.168
5480 190 189 3 3 0 1507.61 0.507 0.056 0.168
5481 189 209 3 3 0 2503.96 0.881 0.046 0.255
5482 209 189 3 3 0 2503.96 0.881 0.046 0.255
5483 189 210 3 3 0 1999.07 0.691 0.065 0.221
5484 210 189 3 3 0 1999.07 0.691 0.065 0.221
5485 189 211 3 3 0 2503.96 0.881 0.056 0.262
5486 211 189 3 3 0 2503.96 0.881 0.056 0.262
5487 190 191 3 3 0 1507.61 0.507 0.046 0.161
5488 191 190 3 3 0 1507.61 0.507 0.046 0.161
5489 190 210 3 3 0 2503.96 0.881 0.065 0.269
5490 210 190 3 3 0 2503.96 0.881 0.065 0.269
5491 190 211 3 3 0 1999.07 0.691 0.056 0.214
5492 211 190 3 3 0 1999.07 0.691 0.056 0.214
5493 190 212 3 3 0 2503.96 0.881 0.130 0.317
5494 212 190 3 3 0 2503.96 0.881 0.130 0.317
5495 191 192 3 3 0 1507.61 0.507 0.120 0.217
5496 192 191 3 3 0 1507.61 0.507 0.120 0.217
5497 191 211 3 3 0 2503.96 0.881 0.046 0.255
5498 211 191 3 3 0 2503.96 0.881 0.046 0.255
5499 191 212 3 3 0 1999.07 0.691 0.120 0.263
5500 212 191 3 3 0 1999.07 0.691 0.120 0.263
5501 191 213 3 3 0 2503.96 0.881 0.111 0.304
5502 213 191 3 3 0 2503.96 0.881 0.111 0.304
5503 192 193 3 3 0 1507.61 0.507 0.139 0.231
5504 193 192 3 3 0 1507.61 0.507 0.139 0.231
5505 192 212 3 3 0 2503.96 0.881 0.204 0.373
5506 212 192 3 3 0 2503.96 0.881 0.204 0.373
5507 192 213 3 3 0 1999.07 0.691 0.194 0.319
5508 213 192 3 3 0 1999.07 0.691 0.194 0.319
5509 192 214 3 3 0 2503.96 0.881 0.213 0.380
5510 214 192 3 3 0 2503.96 0.881 0.213 0.380
5511 193 194 3 3 0 1507.61 0.507 0.065 0.175
5512 194 193 3 3 0 1507.61 0.507 0.065 0.175
5513 193 213 3 3 0 2503.96 0.881 0.130 0.317
5514 213 193 3 3 0 2503.96 0.881 0.130 0.317
5515 193 214 3 3 0 1999.07 0.691 0.148 0.284
5516 214 193 3 3 0 1999.07 0.691 0.148 0.284
5517 193 215 3 3 0 2503.96 0.881 0.102 0.297
5518 215 193 3 3 0 2503.96 0.881 0.102 0.297
5519 194 195 3 3 0 1507.61 0.507 0.056 0.168
5520 195 194 3 3 0 1507.61 0.507 0.056 0.168
5521 194 214 3 3 0 2503.96 0.881 0.139 0.324
5522 214 194 3 3 0 2503.96 0.881 0.139 0.324
5523 194 215 3 3 0 1999.07 0.691 0.093 0.242
5524 215 194 3 3 0 1999.07 0.691 0.093 0.242
5525 194 216 3 3 0 2503.96 0.881 0.111 0.304
5526 216 194 3 3 0 2503.96 0.881 0.111 0.304
5527 195 196 3 3 0 1507.61 0.507 0.056 0.168
5528 196 195 3 3 0 1507.61 0.507 0.056 0.168
5529 195 215 3 3 0 2503.96 0.881 0.093 0.290
5530 215 195 3 3 0 2503.96 0.881 0.093 0.290
5531 195 216 3 3 0 1999.07 0.691 0.111 0.256
5532 216 195 3 3 0 1999.07 0.691 0.111 0.256
5533 195 217 3 3 0 2503.96 0.881 0.093 0.290
5534 217 195 3 3 0 2503.96 0.881 0.093 0.290
5535 196 197 3 3 0 1507.61 0.507 0.046 0.161
5536 197 196 3 3 0 1507.61 0.507 0.046 0.161
5537 196 216 3 3 0 2503.96 0.881 0.111 0.304
5538 216 196 3 3 0 2503.96 0.881 0.111 0.304
5539 196 217 3 3 0 1999.07 0.691 0.093 0.242
5540 217 196 3 3 0 1999.07 0.691 0.093 0.242
5541 196 218 3 3 0 2503.96 0.881 0.111 0.304
5542 218 196 3 3 0 2503.96 0.881 0.111 0.304
5543 197 198 3 3 0 1507.61 0.507 0.102 0.203
5544 198 197 3 3 0 1507.61 0.507 0.102 0.203
5545 197 217 3 3 0 2503.96 0.881 0.083 0.283
5546 217 197 3 3 0 2503.96 0.881 0.083 0.283
5547 197 218 3 3 0 1999.07 0.691 0.102 0.249
5548 218 197 3 3 0 1999.07 0.691 0.102 0.249
5549 197 219 3 3 0 2503.96 0.881 0.046 0.255
5550 219 197 3 3 0 2503.96 0.881 0.046 0.255
5551 198 199 3 3 0 1507.61 0.507 0.139 0.231
5552 199 198 3 3 0 1507.61 0.507 0.139 0.231
5553 198 218 3 3 0 2503.96 0.881 0.167 0.345
5554 218 198 3 3 0 2503.96 0.881 0.167 0.345
5555 198 219 3 3 0 1999.07 0.691 0.111 0.256
5556 219 198 3 3 0 1999.07 0.691 0.111 0.256
5557 198 220 3 3 0 2503.96 0.881 0.102 0.297
5558 220 198 3 3 0 2503.96 0.881 0.102 0.297
5559 199 200 3 3 0 1507.61 0.507 0.083 0.189
5560 200 199 3 3 0 1507.61 0.507 0.083 0.189
5561 199 219 3 3 0 2503.96 0.881 0.083 0.283
5562 219 199 3 3 0 2503.96 0.881 0.083 0.283
5563 199 220 3 3 0 1999.07 0.691 0.074 0.228
5564 220 199 3 3 0 1999.07 0.691 0.074 0.228
5565 199 221 3 3 0 2503.96 0.881 0.074 0.276
5566 221 199 3 3 0 2503.96 0.881 0.074 0.276
5567 200 201 3 3 0 1507.61 0.507 0.056 0.168
5568 201 200 3 3 0 1507.61 0.507 0.056 0.168
5569 200 220 3 3 0 2503.96 0.881 0.046 0.255
5570 220 200 3 3 0 2503.96 0.881 0.046 0.255
5571 200 221 3 3 0 1999.07 0.691 0.046 0.208
5572 221 200 3 3 0 1999.07 0.691 0.046 0.208
5573 200 222 3 3 0 2503.96 0.881 0.065 0.269
5574 222 200 3 3 0 2503.96 0.881 0.065 0.269
5575 201 221 3 3 0 2503.96 0.881 0.046 0.255
5576 221 201 3 3 0 2503.96 0.881 0.046 0.255
5577 201 222 3 3 0 1999.07 0.691 0.065 0.221
5578 222 201 3 3 0 1999.07 0.691 0.065 0.221
5579 202 203 3 3 0 1508.03 0.507 0.148 0.238
5580 203 202 3 3 0 1508.03 0.507 0.148 0.238
5581 202 223 3 3 0 1999.06 0.691 0.167 0.298
5582 223 202 3 3 0 1999.06 0.691 0.167 0.298
5583 202 224 3 3 0 2504.20 0.881 0.130 0.317
5584 224 202 3 3 0 2504.20 0.881 0.130 0.317
5585 203 204 3 3 0 1508.03 0.507 0.176 0.259
5586 204 203 3 3 0 1508.03 0.507 0.176 0.259
5587 203 223 3 3 0 2504.20 0.881 0.185 0.359
5588 223 203 3 3 0 2504.20 0.881 0.185 0.359
5589 203 224 3 3 0 1999.06 0.691 0.148 0.284
5590 224 203 3 3 0 1999.06 0.691 0.148 0.284
5591 203 225 3 3 0 2504.20 0.881 0.167 0.345
5592 225 203 3 3 0 2504.20 0.881 0.167 0.345
5593 204 205 3 3 0 1508.03 0.507 0.157 0.245
5594 205 204 3 3 0 1508.03 0.507 0.157 0.245
5595 204 224 3 3 0 2504.20 0.881 0.157 0.338
5596 224 204 3 3 0 2504.20 0.881 0.157 0.338
5597 204 225 3 3 0 1999.06 0.691 0.176 0.305
5598 225 204 3 3 0 1999.06 0.691 0.176 0.305
5599 204 226 3 3 0 2504.20 0.881 0.194 0.366
5600 226 204 3 3 0 2504.20 0.881 0.194 0.366
5601 205 206 3 3 0 1508.03 0.507 0.454 0.467
5602 206 205 3 3 0 1508.03 0.507 0.454 0.467
5603 205 225 3 3 0 2504.20 0.881 0.148 0.331
5604 225 205 3 3 0 2504.20 0.881 0.148 0.331
5605 205 226 3 3 0 1999.06 0.691 0.167 0.298
5606 226 205 3 3 0 1999.06 0.691 0.167 0.298
5607 205 227 3 3 0 2504.20 0.881 0.130 0.317
5608 227 205 3 3 0 2504.20 0.881 0.130 0.317
5609 206 207 3 3 0 1508.03 0.507 0.722 0.668
5610 207 206 3 3 0 1508.03 0.507 0.722 0.668
5611 206 226 3 3 0 2504.20 0.881 0.491 0.588
5612 226 206 3 3 0 2504.20 0.881 0.491 0.588
5613 206 227 3 3 0 1999.06 0.691 0.454 0.513
5614 227 206 3 3 0 1999.06 0.691 0.454 0.513
5615 206 228 3 3 0 2504.20 0.881 0.769 0.797
5616 228 206 3 3 0 2504.20 0.881 0.769 0.797
5617 207 208 3 3 0 1508.03 0.507 0.667 0.627
5618 208 207 3 3 0 1508.03 0.507 0.667 0.627
5619 207 227 3 3 0 2504.20 0.881 0.398 0.519
5620 227 207 3 3 0 2504.20 0.881 0.398 0.519
5621 207 228 3 3 0 1999.06 0.691 0.713 0.708
5622 228 207 3 3 0 1999.06 0.691 0.713 0.708
5623 207 229 3 3 0 2504.20 0.881 0.685 0.734
5624 229 207 3 3 0 2504.20 0.881 0.685 0.734
5625 208 209 3 3 0 1508.03 0.507 0.352 0.391
5626 209 208 3 3 0 1508.03 0.507 0.352 0.391
5627 208 228 3 3 0 2504.20 0.881 0.713 0.755
5628 228 208 3 3 0 2504.20 0.881 0.713 0.755
5629 208 229 3 3 0 1999.06 0.691 0.685 0.687
5630 229 208 3 3 0 1999.06 0.691 0.685 0.687
5631 208 230 3 3 0 2504.20 0.881 0.370 0.498
5632 230 208 3 3 0 2504.20 0.881 0.370 0.498
5633 209 210 3 3 0 1508.03 0.507 0.056 0.168
5634 210 209 3 3 0 1508.03 0.507 0.056 0.168
5635 209 229 3 3 0 2504.20 0.881 0.370 0.498
5636 229 209 3 3 0 2504.20 0.881 0.370 0.498
5637 209 230 3 3 0 1999.06 0.691 0.056 0.214
5638 230 209 3 3 0 1999.06 0.691 0.056 0.214
5639 209 231 3 3 0 2504.20 0.881 0.037 0.248
5640 231 209 3 3 0 2504.20 0.881 0.037 0.248
5641 210 211 3 3 0 1508.03 0.507 0.065 0.175
5642 211 210 3 3 0 1508.03 0.507 0.065 0.175
5643 210 230 3 3 0 2504.20 0.881 0.074 0.276
5644 230 210 3 3 0 2504.20 0.881 0.074 0.276
5645 210 231 3 3 0 1999.06 0.691 0.056 0.214
5646 231 210 3 3 0 1999.06 0.691 0.056 0.214
5647 210 232 3 3 0 2504.20 0.881 0.120 0.311
5648 232 210 3 3 0 2504.20 0.881 0.120 0.311
5649 211 212 3 3 0 1508.03 0.507 0.130 0.224
5650 212 211 3 3 0 1508.03 0.507 0.130 0.224
5651 211 231 3 3 0 2504.20 0.881 0.046 0.255
5652 231 211 3 3 0 2504.20 0.881 0.046 0.255
5653 211 232 3 3 0 1999.06 0.691 0.111 0.256
5654 232 211 3 3 0 1999.06 0.691 0.111 0.256
5655 211 233 3 3 0 2504.20 0.881 0.111 0.304
5656 233 211 3 3 0 2504.20 0.881 0.111 0.304
5657 212 213 3 3 0 1508.03 0.507 0.194 0.273
5658 213 212 3 3 0 1508.03 0.507 0.194 0.273
5659 212 232 3 3 0 2504.20 0.881 0.185 0.359
5660 232 212 3 3 0 2504.20 0.881 0.185 0.359
5661 212 233 3 3 0 1999.06 0.691 0.185 0.312
5662 233 212 3 3 0 1999.06 0.691 0.185 0.312
5663 212 234 3 3 0 2504.20 0.881 0.167 0.345
5664 234 212 3 3 0 2504.20 0.881 0.167 0.345
5665 213 214 3 3 0 1508.03 0.507 0.204 0.279
5666 214 213 3 3 0 1508.03 0.507 0.204 0.279
5667 213 233 3 3 0 2504.20 0.881 0.176 0.352
5668 233 213 3 3 0 2504.20 0.881 0.176 0.352
5669 213 234 3 3 0 1999.06 0.691 0.157 0.291
5670 234 213 3 3 0 1999.06 0.691 0.157 0.291
5671 213 235 3 3 0 2504.20 0.881 0.176 0.352
5672 235 213 3 3 0 2504.20 0.881 0.176 0.352
5673 214 215 3 3 0 1508.03 0.507 0.176 0.259
5674 215 214 3 3 0 1508.03 0.507 0.176 0.259
5675 214 234 3 3 0 2504.20 0.881 0.176 0.352
5676 234 214 3 3 0 2504.20 0.881 0.176 0.352
5677 214 235 3 3 0 1999.06 0.691 0.194 0.319
5678 235 214 3 3 0 1999.06 0.691 0.194 0.319
5679 214 236 3 3 0 2504.20 0.881 0.222 0.387
5680 236 214 3 3 0 2504.20 0.881 0.222 0.387
5681 215 216 3 3 0 1508.03 0.507 0.148 0.238
5682 216 215 3 3 0 1508.03 0.507 0.148 0.238
5683 215 235 3 3 0 2504.20 0.881 0.148 0.331
5684 235 215 3 3 0 2504.20 0.881 0.148 0.331
5685 215 236 3 3 0 1999.06 0.691 0.176 0.305
5686 236 215 3 3 0 1999.06 0.691 0.176 0.305
5687 215 237 3 3 0 2504.20 0.881 0.167 0.345
5688 237 215 3 3 0 2504.20 0.881 0.167 0.345
5689 216 217 3 3 0 1508.03 0.507 0.148 0.238
5690 217 216 3 3 0 1508.03 0.507 0.148 0.238
5691 216 236 3 3 0 2504.20 0.881 0.194 0.366
5692 236 216 3 3 0 2504.20 0.881 0.194 0.366
5693 216 237 3 3 0 1999.06 0.691 0.185 0.312
5694 237 216 3 3 0 1999.06 0.691 0.185 0.312
5695 216 238 3 3 0 2504.20 0.881 0.167 0.345
5696 238 216 3 3 0 2504.20 0.881 0.167 0.345
5697 217 218 3 3 0 1508.03 0.507 0.148 0.238
5698 218 217 3 3 0 1508.03 0.507 0.148 0.238
5699 217 237 3 3 0 2504.20 0.881 0.167 0.345
5700 237 217 3 3 0 2504.20 0.881 0.167 0.345
5701 217 238 3 3 0 1999.06 0.691 0.148 0.284
5702 238 217 3 3 0 1999.06 0.691 0.148 0.284
5703 217 239 3 3 0 2504.20 0.881 0.167 0.345
5704 239 217 3 3 0 2504.20 0.881 0.167 0.345
5705 218 219 3 3 0 1508.03 0.507 0.111 0.210
5706 219 218 3 3 0 1508.03 0.507 0.111 0.210
5707 218 238 3 3 0 2504.20 0.881 0.167 0.345
5708 238 218 3 3 0 2504.20 0.881 0.167 0.345
5709 218 239 3 3 0 1999.06 0.691 0.185 0.312
5710 239 218 3 3 0 1999.06 0.691 0.185 0.312
5711 218 240 3 3 0 2504.20 0.881 0.167 0.345
5712 240 218 3 3 0 2504.20 0.881 0.167 0.345
5713 219 220 3 3 0 1508.03 0.507 0.046 0.161
5714 220 219 3 3 0 1508.03 0.507 0.046 0.161
5715 219 239 3 3 0 2504.20 0.881 0.130 0.317
5716 239 219 3 3 0 2504.20 0.881 0.130 0.317
5717 219 240 3 3 0 1999.06 0.691 0.111 0.256
5718 240 219 3 3 0 1999.06 0.691 0.111 0.256
5719 219 241 3 3 0 2504.20 0.881 0.139 0.324
5720 241 219 3 3 0 2504.20 0.881 0.139 0.324
5721 220 221 3 3 0 1508.03 0.507 0.037 0.154
5722 221 220 3 3 0 1508.03 0.507 0.037 0.154
5723 220 240 3 3 0 2504.20 0.881 0.102 0.297
5724 240 220 3 3 0 2504.20 0.881 0.102 0.297
5725 220 241 3 3 0 1999.06 0.691 0.130 0.270
5726 241 220 3 3 0 1999.06 0.691 0.130 0.270
5727 220 242 3 3 0 2504.20 0.881 0.093 0.290
5728 242 220 3 3 0 2504.20 0.881 0.093 0.290
5729 221 222 3 3 0 1508.03 0.507 0.056 0.168
5730 222 221 3 3 0 1508.03 0.507 0.056 0.168
5731 221 241 3 3 0 2504.20 0.881 0.130 0.317
5732 241 221 3 3 0 2504.20 0.881 0.130 0.317
5733 221 242 3 3 0 1999.06 0.691 0.093 0.242
5734 242 221 3 3 0 1999.06 0.691 0.093 0.242
5735 221 243 3 3 0 2504.20 0.881 0.046 0.255
5736 243 221 3 3 0 2504.20 0.881 0.046 0.255
5737 222 242 3 3 0 2504.20 0.881 0.111 0.304
5738 242 222 3 3 0 2504.20 0.881 0.111 0.304
5739 222 243 3 3 0 1999.06 0.691 0.065 0.221
5740 243 222 3 3 0 1999.06 0.691 0.065 0.221
5741 222 244 3 3 0 2504.20 0.881 0.074 0.276
5742 244 222 3 3 0 2504.20 0.881 0.074 0.276
5743 223 224 3 3 0 1508.44 0.507 0.167 0.252
5744 224 223 3 3 0 1508.44 0.507 0.167 0.252
5745 223 245 3 3 0 1999.06 0.691 0.194 0.319
5746 245 223 3 3 0 1999.06 0.691 0.194 0.319
5747 223 246 3 3 0 2504.45 0.881 0.167 0.345
5748 246 223 3 3 0 2504.45 0.881 0.167 0.345
5749 224 225 3 3 0 1508.44 0.507 0.148 0.238
5750 225 224 3 3 0 1508.44 0.507 0.148 0.238
5751 224 245 3 3 0 2504.45 0.881 0.157 0.338
5752 245 224 3 3 0 2504.45 0.881 0.157 0.338
5753 224 246 3 3 0 1999.06 0.691 0.130 0.270
5754 246 224 3 3 0 1999.06 0.691 0.130 0.270
5755 224 247 3 3 0 2504.45 0.881 0.148 0.331
5756 247 224 3 3 0 2504.45 0.881 0.148 0.331
5757 225 226 3 3 0 1508.44 0.507 0.185 0.266
5758 226 225 3 3 0 1508.44 0.507 0.185 0.266
5759 225 246 3 3 0 2504.45 0.881 0.148 0.331
5760 246 225 3 3 0 2504.45 0.881 0.148 0.331
5761 225 247 3 3 0 1999.06 0.691 0.167 0.298
5762 247 225 3 3 0 1999.06 0.691 0.167 0.298
5763 225 248 3 3 0 2504.45 0.881 0.176 0.352
5764 248 225 3 3 0 2504.45 0.881 0.176 0.352
5765 226 227 3 3 0 1508.44 0.507 0.167 0.252
5766 227 226 3 3 0 1508.44 0.507 0.167 0.252
5767 226 247 3 3 0 2504.45 0.881 0.185 0.359
5768 247 226 3 3 0 2504.45 0.881 0.185 0.359
5769 226 248 3 3 0 1999.06 0.691 0.194 0.319
5770 248 226 3 3 0 1999.06 0.691 0.194 0.319
5771 226 249 3 3 0 2504.45 0.881 0.204 0.373
5772 249 226 3 3 0 2504.45 0.881 0.204 0.373
5773 227 228 3 3 0 1508.44 0.507 0.444 0.460
5774 228 227 3 3 0 1508.44 0.507 0.444 0.460
5775 227 248 3 3 0 2504.45 0.881 0.157 0.338
5776 248 227 3 3 0 2504.45 0.881 0.157 0.338
5777 227 249 3 3 0 1999.06 0.691 0.167 0.298
5778 249 227 3 3 0 1999.06 0.691 0.167 0.298
5779 227 250 3 3 0 2504.45 0.881 0.139 0.324
5780 250 227 3 3 0 2504.45 0.881 0.139 0.324
5781 228 229 3 3 0 1508.44 0.507 0.731 0.675
5782 229 228 3 3 0 1508.44 0.507 0.731 0.675
5783 228 249 3 3 0 2504.45 0.881 0.481 0.581
5784 249 228 3 3 0 2504.45 0.881 0.481 0.581
5785 228 250 3 3 0 1999.06 0.691 0.454 0.513
5786 250 228 3 3 0 1999.06 0.691 0.454 0.513
5787 228 251 3 3 0 2504.45 0.881 0.463 0.567
5788 251 228 3 3 0 2504.45 0.881 0.463 0.567
5789 229 230 3 3 0 1508.44 0.507 0.389 0.418
5790 230 229 3 3 0 1508.44 0.507 0.389 0.418
5791 229 250 3 3 0 2504.45 0.881 0.426 0.540
5792 250 229 3 3 0 2504.45 0.881 0.426 0.540
5793 229 251 3 3 0 1999.06 0.691 0.435 0.499
5794 251 229 3 3 0 1999.06 0.691 0.435 0.499
5795 229 252 3 3 0 2504.45 0.881 0.389 0.512
5796 252 229 3 3 0 2504.45 0.881 0.389 0.512
5797 230 231 3 3 0 1508.44 0.507 0.056 0.168
5798 231 230 3 3 0 1508.44 0.507 0.056 0.168
5799 230 251 3 3 0 2504.45 0.881 0.120 0.311
5800 251 230 3 3 0 2504.45 0.881 0.120 0.311
5801 230 252 3 3 0 1999.06 0.691 0.074 0.228
5802 252 230 3 3 0 1999.06 0.691 0.074 0.228
5803 230 253 3 3 0 2504.45 0.881 0.120 0.311
5804 253 230 3 3 0 2504.45 0.881 0.120 0.311
5805 231 232 3 3 0 1508.44 0.507 0.102 0.203
5806 232 231 3 3 0 1508.44 0.507 0.102 0.203
5807 231 252 3 3 0 2504.45 0.881 0.056 0.262
5808 252 231 3 3 0 2504.45 0.881 0.056 0.262
5809 231 253 3 3 0 1999.06 0.691 0.102 0.249
5810 253 231 3 3 0 1999.06 0.691 0.102 0.249
5811 231 254 3 3 0 2504.45 0.881 0.111 0.304
5812 254 231 3 3 0 2504.45 0.881 0.111 0.304
5813 232 233 3 3 0 1508.44 0.507 0.167 0.252
5814 233 232 3 3 0 1508.44 0.507 0.167 0.252
5815 232 253 3 3 0 2504.45 0.881 0.167 0.345
5816 253 232 3 3 0 2504.45 0.881 0.167 0.345
5817 232 254 3 3 0 1999.06 0.691 0.176 0.305
5818 254 232 3 3 0 1999.06 0.691 0.176 0.305
5819 232 255 3 3 0 2504.45 0.881 0.157 0.338
5820 255 232 3 3 0 2504.45 0.881 0.157 0.338
5821 233 234 3 3 0 1508.44 0.507 0.148 0.238
5822 234 233 3 3 0 1508.44 0.507 0.148 0.238
5823 233 254 3 3 0 2504.45 0.881 0.176 0.352
5824 254 233 3 3 0 2504.45 0.881 0.176 0.352
5825 233 255 3 3 0 1999.06 0.691 0.157 0.291
5826 255 233 3 3 0 1999.06 0.691 0.157 0.291
5827 233 256 3 3 0 2504.45 0.881 0.148 0.331
5828 256 233 3 3 0 2504.45 0.881 0.148 0.331
5829 234 235 3 3 0 1508.44 0.507 0.148 0.238
5830 235 234 3 3 0 1508.44 0.507 0.148 0.238
5831 234 255 3 3 0 2504.45 0.881 0.139 0.324
5832 255 234 3 3 0 2504.45 0.881 0.139 0.324
5833 234 256 3 3 0 1999.06 0.691 0.130 0.270
5834 256 234 3 3 0 1999.06 0.691 0.130 0.270
5835 234 257 3 3 0 2504.45 0.881 0.176 0.352
5836 257 234 3 3 0 2504.45 0.881 0.176 0.352
5837 235 236 3 3 0 1508.44 0.507 0.194 0.273
5838 236 235 3 3 0 1508.44 0.507 0.194 0.273
5839 235 256 3 3 0 2504.45 0.881 0.148 0.331
5840 256 235 3 3 0 2504.45 0.881 0.148 0.331
5841 235 257 3 3 0 1999.06 0.691 0.194 0.319
5842 257 235 3 3 0 1999.06 0.691 0.194 0.319
5843 235 258 3 3 0 2504.45 0.881 0.185 0.359
5844 258 235 3 3 0 2504.45 0.881 0.185 0.359
5845 236 237 3 3 0 1508.44 0.507 0.213 0.286
5846 237 236 3 3 0 1508.44 0.507 0.213 0.286
5847 236 257 3 3 0 2504.45 0.881 0.222 0.387
5848 257 236 3 3 0 2504.45 0.881 0.222 0.387
5849 236 258 3 3 0 1999.06 0.691 0.213 0.333
5850 258 236 3 3 0 1999.06 0.691 0.213 0.333
5851 236 259 3 3 0 2504.45 0.881 0.194 0.366
5852 259 236 3 3 0 2504.45 0.881 0.194 0.366
5853 237 238 3 3 0 1508.44 0.507 0.185 0.266
5854 238 237 3 3 0 1508.44 0.507 0.185 0.266
5855 237 258 3 3 0 2504.45 0.881 0.204 0.373
5856 258 237 3 3 0 2504.45 0.881 0.204 0.373
5857 237 259 3 3 0 1999.06 0.691 0.185 0.312
5858 259 237 3 3 0 1999.06 0.691 0.185 0.312
5859 237 260 3 3 0 2504.45 0.881 0.167 0.345
5860 260 237 3 3 0 2504.45 0.881 0.167 0.345
5861 238 239 3 3 0 1508.44 0.507 0.185 0.266
5862 239 238 3 3 0 1508.44 0.507 0.185 0.266
5863 238 259 3 3 0 2504.45 0.881 0.167 0.345
5864 259 238 3 3 0 2504.45 0.881 0.167 0.345
5865 238 260 3 3 0 1999.06 0.691 0.148 0.284
5866 260 238 3 3 0 1999.06 0.691 0.148 0.284
5867 238 261 3 3 0 2504.45 0.881 0.194 0.366
5868 261 238 3 3 0 2504.45 0.881 0.194 0.366
5869 239 240 3 3 0 1508.44 0.507 0.185 0.266
5870 240 239 3 3 0 1508.44 0.507 0.185 0.266
5871 239 260 3 3 0 2504.45 0.881 0.167 0.345
5872 260 239 3 3 0 2504.45 0.881 0.167 0.345
5873 239 261 3 3 0 1999.06 0.691 0.213 0.333
5874 261 239 3 3 0 1999.06 0.691 0.213 0.333
5875 239 262 3 3 0 2504.45 0.881 0.213 0.380
5876 262 239 3 3 0 2504.45 0.881 0.213 0.380
5877 240 241 3 3 0 1508.44 0.507 0.194 0.273
5878 241 240 3 3 0 1508.44 0.507 0.194 0.273
5879 240 261 3 3 0 2504.45 0.881 0.194 0.366
5880 261 240 3 3 0 2504.45 0.881 0.194 0.366
5881 240 262 3 3 0 1999.06 0.691 0.194 0.319
5882 262 240 3 3 0 1999.06 0.691 0.194 0.319
5883 240 263 3 3 0 2504.45 0.881 0.157 0.338
5884 263 240 3 3 0 2504.45 0.881 0.157 0.338
5885 241 242 3 3 0 1508.44 0.507 0.185 0.266
5886 242 241 3 3 0 1508.44 0.507 0.185 0.266
5887 241 262 3 3 0 2504.45 0.881 0.222 0.387
5888 262 241 3 3 0 2504.45 0.881 0.222 0.387
5889 241 263 3 3 0 1999.06 0.691 0.185 0.312
5890 263 241 3 3 0 1999.06 0.691 0.185 0.312
5891 241 264 3 3 0 2504.45 0.881 0.148 0.331
5892 264 241 3 3 0 2504.45 0.881 0.148 0.331
5893 242 243 3 3 0 1508.44 0.507 0.102 0.203
5894 243 242 3 3 0 1508.44 0.507 0.102 0.203
5895 242 263 3 3 0 2504.45 0.881 0.148 0.331
5896 263 242 3 3 0 2504.45 0.881 0.148 0.331
5897 242 264 3 3 0 1999.06 0.691 0.111 0.256
5898 264 242 3 3 0 1999.06 0.691 0.111 0.256
5899 242 265 3 3 0 2504.45 0.881 0.111 0.304
5900 265 242 3 3 0 2504.45 0.881 0.111 0.304
5901 243 244 3 3 0 1508.44 0.507 0.065 0.175
5902 244 243 3 3 0 1508.44 0.507 0.065 0.175
5903 243 264 3 3 0 2504.45 0.881 0.065 0.269
5904 264 243 3 3 0 2504.45 0.881 0.065 0.269
5905 243 265 3 3 0 1999.06 0.691 0.065 0.221
5906 265 243 3 3 0 1999.06 0.691 0.065 0.221
5907 243 266 3 3 0 2504.45 0.881 0.056 0.262
5908 266 243 3 3 0 2504.45 0.881 0.056 0.262
5909 244 265 3 3 0 2504.45 0.881 0.074 0.276
5910 265 244 3 3 0 2504.45 0.881 0.074 0.276
5911 244 266 3 3 0 1999.06 0.691 0.065 0.221
5912 266 244 3 3 0 1999.06 0.691 0.065 0.221
5913 245 246 3 3 0 1508.86 0.507 0.157 0.245
5914 246 245 3 3 0 1508.86 0.507 0.157 0.245
5915 245 267 3 3 0 2504.69 0.881 0.194 0.366
5916 267 245 3 3 0 2504.69 0.881 0.194 0.366
5917 246 247 3 3 0 1508.86 0.507 0.148 0.238
5918 247 246 3 3 0 1508.86 0.507 0.148 0.238
5919 246 267 3 3 0 1999.05 0.691 0.167 0.298
5920 267 246 3 3 0 1999.05 0.691 0.167 0.298
5921 246 268 3 3 0 2504.69 0.881 0.139 0.324
5922 268 246 3 3 0 2504.69 0.881 0.139 0.324
5923 247 248 3 3 0 1508.86 0.507 0.176 0.259
5924 248 247 3 3 0 1508.86 0.507 0.176 0.259
5925 247 267 3 3 0 2504.69 0.881 0.185 0.359
5926 267 247 3 3 0 2504.69 0.881 0.185 0.359
5927 247 268 3 3 0 1999.05 0.691 0.157 0.291
5928 268 247 3 3 0 1999.05 0.691 0.157 0.291
5929 247 269 3 3 0 2504.69 0.881 0.139 0.324
5930 269 247 3 3 0 2504.69 0.881 0.139 0.324
5931 248 249 3 3 0 1508.86 0.507 0.194 0.273
5932 249 248 3 3 0 1508.86 0.507 0.194 0.273
5933 248 268 3 3 0 2504.69 0.881 0.167 0.345
5934 268 248 3 3 0 2504.69 0.881 0.167 0.345
5935 248 269 3 3 0 1999.05 0.691 0.148 0.284
5936 269 248 3 3 0 1999.05 0.691 0.148 0.284
5937 248 270 3 3 0 2504.69 0.881 0.157 0.338
5938 270 248 3 3 0 2504.69 0.881 0.157 0.338
5939 249 250 3 3 0 1508.86 0.507 0.176 0.259
5940 250 249 3 3 0 1508.86 0.507 0.176 0.259
5941 249 269 3 3 0 2504.69 0.881 0.157 0.338
5942 269 249 3 3 0 2504.69 0.881 0.157 0.338
5943 249 270 3 3 0 1999.05 0.691 0.167 0.298
5944 270 249 3 3 0 1999.05 0.691 0.167 0.298
5945 249 271 3 3 0 2504.69 0.881 0.176 0.352
5946 271 249 3 3 0 2504.69 0.881 0.176 0.352
5947 250 251 3 3 0 1508.86 0.507 0.157 0.245
5948 251 250 3 3 0 1508.86 0.507 0.157 0.245
5949 250 270 3 3 0 2504.69 0.881 0.139 0.324
5950 270 250 3 3 0 2504.69 0.881 0.139 0.324
5951 250 271 3 3 0 1999.05 0.691 0.148 0.284
5952 271 250 3 3 0 1999.05 0.691 0.148 0.284
5953 250 272 3 3 0 2504.69 0.881 0.157 0.338
5954 272 250 3 3 0 2504.69 0.881 0.157 0.338
5955 251 252 3 3 0 1508.86 0.507 0.120 0.217
5956 252 251 3 3 0 1508.86 0.507 0.120 0.217
5957 251 271 3 3 0 2504.69 0.881 0.157 0.338
5958 271 251 3 3 0 2504.69 0.881 0.157 0.338
5959 251 272 3 3 0 1999.05 0.691 0.167 0.298
5960 272 251 3 3 0 1999.05 0.691 0.167 0.298
5961 251 273 3 3 0 2504.69 0.881 0.185 0.359
5962 273 251 3 3 0 2504.69 0.881 0.185 0.359
5963 252 253 3 3 0 1508.86 0.507 0.120 0.217
5964 253 252 3 3 0 1508.86 0.507 0.120 0.217
5965 252 272 3 3 0 2504.69 0.881 0.120 0.311
5966 272 252 3 3 0 2504.69 0.881 0.120 0.311
5967 252 273 3 3 0 1999.05 0.691 0.139 0.277
5968 273 252 3 3 0 1999.05 0.691 0.139 0.277
5969 252 274 3 3 0 2504.69 0.881 0.139 0.324
5970 274 252 3 3 0 2504.69 0.881 0.139 0.324
5971 253 254 3 3 0 1508.86 0.507 0.176 0.259
5972 254 253 3 3 0 1508.86 0.507 0.176 0.259
5973 253 273 3 3 0 2504.69 0.881 0.185 0.359
5974 273 253 3 3 0 2504.69 0.881 0.185 0.359
5975 253 274 3 3 0 1999.05 0.691 0.185 0.312
5976 274 253 3 3 0 1999.05 0.691 0.185 0.312
5977 253 275 3 3 0 2504.69 0.881 0.194 0.366
5978 275 253 3 3 0 2504.69 0.881 0.194 0.366
5979 254 255 3 3 0 1508.86 0.507 0.167 0.252
5980 255 254 3 3 0 1508.86 0.507 0.167 0.252
5981 254 274 3 3 0 2504.69 0.881 0.194 0.366
5982 274 254 3 3 0 2504.69 0.881 0.194 0.366
5983 254 275 3 3 0 1999.05 0.691 0.204 0.326
5984 275 254 3 3 0 1999.05 0.691 0.204 0.326
5985 254 276 3 3 0 2504.69 0.881 0.185 0.359
5986 276 254 3 3 0 2504.69 0.881 0.185 0.359
5987 255 256 3 3 0 1508.86 0.507 0.139 0.231
5988 256 255 3 3 0 1508.86 0.507 0.139 0.231
5989 255 275 3 3 0 2504.69 0.881 0.185 0.359
5990 275 255 3 3 0 2504.69 0.881 0.185 0.359
5991 255 276 3 3 0 1999.05 0.691 0.167 0.298
5992 276 255 3 3 0 1999.05 0.691 0.167 0.298
5993 255 277 3 3 0 2504.69 0.881 0.157 0.338
5994 277 255 3 3 0 2504.69 0.881 0.157 0.338
5995 256 257 3 3 0 1508.86 0.507 0.176 0.259
5996 257 256 3 3 0 1508.86 0.507 0.176 0.259
5997 256 276 3 3 0 2504.69 0.881 0.157 0.338
5998 276 256 3 3 0 2504.69 0.881 0.157 0.338
5999 256 277 3 3 0 1999.05 0.691 0.148 0.284
6000 277 256 3 3 0 1999.05 0.691 0.148 0.284
6001 256 278 3 3 0 2504.69 0.881 0.148 0.331
6002 278 256 3 3 0 2504.69 0.881 0.148 0.331
6003 257 258 3 3 0 1508.86 0.507 0.213 0.287
6004 258 257 3 3 0 1508.86 0.507 0.213 0.287
6005 257 277 3 3 0 2504.69 0.881 0.194 0.366
6006 277 257 3 3 0 2504.69 0.881 0.194 0.366
6007 257 278 3 3 0 1999.05 0.691 0.194 0.319
6008 278 257 3 3 0 1999.05 0.691 0.194 0.319
6009 257 279 3 3 0 2504.69 0.881 0.213 0.380
6010 279 257 3 3 0 2504.69 0.881 0.213 0.380
6011 258 259 3 3 0 1508.86 0.507 0.185 0.266
6012 259 258 3 3 0 1508.86 0.507 0.185 0.266
6013 258 278 3 3 0 2504.69 0.881 0.185 0.359
6014 278 258 3 3 0 2504.69 0.881 0.185 0.359
6015 258 279 3 3 0 1999.05 0.691 0.204 0.326
6016 279 258 3 3 0 1999.05 0.691 0.204 0.326
6017 258 280 3 3 0 2504.69 0.881 0.204 0.373
6018 280 258 3 3 0 2504.69 0.881 0.204 0.373
6019 259 260 3 3 0 1508.86 0.507 0.148 0.238
6020 260 259 3 3 0 1508.86 0.507 0.148 0.238
6021 259 279 3 3 0 2504.69 0.881 0.185 0.359
6022 279 259 3 3 0 2504.69 0.881 0.185 0.359
6023 259 280 3 3 0 1999.05 0.691 0.185 0.312
6024 280 259 3 3 0 1999.05 0.691 0.185 0.312
6025 259 281 3 3 0 2504.69 0.881 0.194 0.366
6026 281 259 3 3 0 2504.69 0.881 0.194 0.366
6027 260 261 3 3 0 1508.86 0.507 0.176 0.259
6028 261 260 3 3 0 1508.86 0.507 0.176 0.259
6029 260 280 3 3 0 2504.69 0.881 0.167 0.345
6030 280 260 3 3 0 2504.69 0.881 0.167 0.345
6031 260 281 3 3 0 1999.05 0.691 0.176 0.305
6032 281 260 3 3 0 1999.05 0.691 0.176 0.305
6033 260 282 3 3 0 2504.69 0.881 0.148 0.331
6034 282 260 3 3 0 2504.69 0.881 0.148 0.331
6035 261 262 3 3 0 1508.86 0.507 0.222 0.293
6036 262 261 3 3 0 1508.86 0.507 0.222 0.293
6037 261 281 3 3 0 2504.69 0.881 0.222 0.387
6038 281 261 3 3 0 2504.69 0.881 0.222 0.387
6039 261 282 3 3 0 1999.05 0.691 0.194 0.319
6040 282 261 3 3 0 1999.05 0.691 0.194 0.319
6041 261 283 3 3 0 2504.69 0.881 0.176 0.352
6042 283 261 3 3 0 2504.69 0.881 0.176 0.352
6043 262 263 3 3 0 1508.86 0.507 0.185 0.266
6044 263 262 3 3 0 1508.86 0.507 0.185 0.266
6045 262 282 3 3 0 2504.69 0.881 0.194 0.366
6046 282 262 3 3 0 2504.69 0.881 0.194 0.366
6047 262 283 3 3 0 1999.05 0.691 0.176 0.305
6048 283 262 3 3 0 1999.05 0.691 0.176 0.305
6049 262 284 3 3 0 2504.69 0.881 0.194 0.366
6050 284 262 3 3 0 2504.69 0.881 0.194 0.366
6051 263 264 3 3 0 1508.86 0.507 0.111 0.210
6052 264 263 3 3 0 1508.86 0.507 0.111 0.210
6053 263 283 3 3 0 2504.69 0.881 0.139 0.324
6054 283 263 3 3 0 2504.69 0.881 0.139 0.324
6055 263 284 3 3 0 1999.05 0.691 0.157 0.291
6056 284 263 3 3 0 1999.05 0.691 0.157 0.291
6057 263 285 3 3 0 2504.69 0.881 0.093 0.290
6058 285 263 3 3 0 2504.69 0.881 0.093 0.290
6059 264 265 3 3 0 1508.86 0.507 0.074 0.182
6060 265 264 3 3 0 1508.86 0.507 0.074 0.182
6061 264 284 3 3 0 2504.69 0.881 0.120 0.311
6062 284 264 3 3 0 2504.69 0.881 0.120 0.311
6063 264 285 3 3 0 1999.05 0.691 0.056 0.214
6064 285 264 3 3 0 1999.05 0.691 0.056 0.214
6065 264 286 3 3 0 2504.69 0.881 0.056 0.262
6066 286 264 3 3 0 2504.69 0.881 0.056 0.262
6067 265 266 3 3 0 1508.86 0.507 0.065 0.175
6068 266 265 3 3 0 1508.86 0.507 0.065 0.175
6069 265 285 3 3 0 2504.69 0.881 0.056 0.262
6070 285 265 3 3 0 2504.69 0.881 0.056 0.262
6071 265 286 3 3 0 1999.05 0.691 0.056 0.214
6072 286 265 3 3 0 1999.05 0.691 0.056 0.214
6073 265 287 3 3 0 2504.69 0.881 0.065 0.269
6074 287 265 3 3 0 2504.69 0.881 0.065 0.269
6075 266 286 3 3 0 2504.69 0.881 0.046 0.255
6076 286 266 3 3 0 2504.69 0.881 0.046 0.255
6077 266 287 3 3 0 1999.05 0.691 0.056 0.214
6078 287 266 3 3 0 1999.05 0.691 0.056 0.214
6079 267 268 3 3 0 1509.27 0.507 0.176 0.259
6080 268 267 3 3 0 1509.27 0.507 0.176 0.259
6081 267 288 3 3 0 1999.05 0.691 0.204 0.326
6082 288 267 3 3 0 1999.05 0.691 0.204 0.326
6083 267 289 3 3 0 2504.94 0.881 0.185 0.359
6084 289 267 3 3 0 2504.94 0.881 0.185 0.359
6085 268 269 3 3 0 1509.27 0.507 0.130 0.224
6086 269 268 3 3 0 1509.27 0.507 0.130 0.224
6087 268 288 3 3 0 2504.94 0.881 0.176 0.352
6088 288 268 3 3 0 2504.94 0.881 0.176 0.352
6089 268 289 3 3 0 1999.05 0.691 0.157 0.291
6090 289 268 3 3 0 1999.05 0.691 0.157 0.291
6091 268 290 3 3 0 2504.94 0.881 0.176 0.352
6092 290 268 3 3 0 2504.94 0.881 0.176 0.352
6093 269 270 3 3 0 1509.27 0.507 0.120 0.217
6094 270 269 3 3 0 1509.27 0.507 0.120 0.217
6095 269 289 3 3 0 2504.94 0.881 0.139 0.324
6096 289 269 3 3 0 2504.94 0.881 0.139 0.324
6097 269 290 3 3 0 1999.05 0.691 0.157 0.291
6098 290 269 3 3 0 1999.05 0.691 0.157 0.291
6099 269 291 3 3 0 2504.94 0.881 0.120 0.311
6100 291 269 3 3 0 2504.94 0.881 0.120 0.311
6101 270 271 3 3 0 1509.27 0.507 0.139 0.231
6102 271 270 3 3 0 1509.27 0.507 0.139 0.231
6103 270 290 3 3 0 2504.94 0.881 0.167 0.345
6104 290 270 3 3 0 2504.94 0.881 0.167 0.345
6105 270 291 3 3 0 1999.05 0.691 0.130 0.270
6106 291 270 3 3 0 1999.05 0.691 0.130 0.270
6107 270 292 3 3 0 2504.94 0.881 0.167 0.345
6108 292 270 3 3 0 2504.94 0.881 0.167 0.345
6109 271 272 3 3 0 1509.27 0.507 0.157 0.245
6110 272 271 3 3 0 1509.27 0.507 0.157 0.245
6111 271 291 3 3 0 2504.94 0.881 0.139 0.324
6112 291 271 3 3 0 2504.94 0.881 0.139 0.324
6113 271 292 3 3 0 1999.05 0.691 0.176 0.305
6114 292 271 3 3 0 1999.05 0.691 0.176 0.305
6115 271 293 3 3 0 2504.94 0.881 0.167 0.345
6116 293 271 3 3 0 2504.94 0.881 0.167 0.345
6117 272 273 3 3 0 1509.27 0.507 0.185 0.266
6118 273 272 3 3 0 1509.27 0.507 0.185 0.266
6119 272 292 3 3 0 2504.94 0.881 0.185 0.359
6120 292 272 3 3 0 2504.94 0.881 0.185 0.359
6121 272 293 3 3 0 1999.05 0.691 0.176 0.305
6122 293 272 3 3 0 1999.05 0.691 0.176 0.305
6123 273 274 3 3 0 1509.27 0.507 0.204 0.280
6124 274 273 3 3 0 1509.27 0.507 0.204 0.280
6125 273 293 3 3 0 2504.94 0.881 0.194 0.366
6126 293 273 3 3 0 2504.94 0.881 0.194 0.366
6127 273 294 3 3 0 1999.05 0.691 0.194 0.319
6128 294 273 3 3 0 1999.05 0.691 0.194 0.319
6129 273 295 3 3 0 2504.94 0.881 0.176 0.352
6130 295 273 3 3 0 2504.94 0.881 0.176 0.352
6131 274 275 3 3 0 1509.27 0.507 0.213 0.287
6132 275 274 3 3 0 1509.27 0.507 0.213 0.287
6133 274 294 3 3 0 2504.94 0.881 0.194 0.366
6134 294 274 3 3 0 2504.94 0.881 0.194 0.366
6135 274 295 3 3 0 1999.05 0.691 0.176 0.305
6136 295 274 3 3 0 1999.05 0.691 0.176 0.305
6137 274 296 3 3 0 2504.94 0.881 0.185 0.359
6138 296 274 3 3 0 2504.94 0.881 0.185 0.359
6139 275 276 3 3 0 1509.27 0.507 0.204 0.280
6140 276 275 3 3 0 1509.27 0.507 0.204 0.280
6141 275 295 3 3 0 2504.94 0.881 0.185 0.359
6142 295 275 3 3 0 2504.94 0.881 0.185 0.359
6143 275 296 3 3 0 1999.05 0.691 0.194 0.319
6144 296 275 3 3 0 1999.05 0.691 0.194 0.319
6145 275 297 3 3 0 2504.94 0.881 0.204 0.373
6146 297 275 3 3 0 2504.94 0.881 0.204 0.373
6147 276 277 3 3 0 1509.27 0.507 0.176 0.259
6148 277 276 3 3 0 1509.27 0.507 0.176 0.259
6149 276 296 3 3 0 2504.94 0.881 0.176 0.352
6150 296 276 3 3 0 2504.94 0.881 0.176 0.352
6151 276 297 3 3 0 1999.05 0.691 0.185 0.312
6152 297 276 3 3 0 1999.05 0.691 0.185 0.312
6153 276 298 3 3 0 2504.94 0.881 0.204 0.373
6154 298 276 3 3 0 2504.94 0.881 0.204 0.373
6155 277 278 3 3 0 1509.27 0.507 0.167 0.252
6156 278 277 3 3 0 1509.27 0.507 0.167 0.252
6157 277 297 3 3 0 2504.94 0.881 0.176 0.352
6158 297 277 3 3 0 2504.94 0.881 0.176 0.352
6159 277 298 3 3 0 1999.05 0.691 0.194 0.319
6160 298 277 3 3 0 1999.05 0.691 0.194 0.319
6161 277 299 3 3 0 2504.94 0.881 0.148 0.331
6162 299 277 3 3 0 2504.94 0.881 0.148 0.331
6163 278 279 3 3 0 1509.27 0.507 0.185 0.266
6164 279 278 3 3 0 1509.27 0.507 0.185 0.266
6165 278 298 3 3 0 2504.94 0.881 0.194 0.366
6166 298 278 3 3 0 2504.94 0.881 0.194 0.366
6167 278 299 3 3 0 1999.05 0.691 0.148 0.284
6168 299 278 3 3 0 1999.05 0.691 0.148 0.284
6169 278 300 3 3 0 2504.94 0.881 0.176 0.352
6170 300 278 3 3 0 2504.94 0.881 0.176 0.352
6171 279 280 3 3 0 1509.27 0.507 0.204 0.280
6172 280 279 3 3 0 1509.27 0.507 0.204 0.280
6173 279 299 3 3 0 2504.94 0.881 0.167 0.345
6174 299 279 3 3 0 2504.94 0.881 0.167 0.345
6175 279 300 3 3 0 1999.05 0.691 0.194 0.319
6176 300 279 3 3 0 1999.05 0.691 0.194 0.319
6177 279 301 3 3 0 2504.94 0.881 0.185 0.359
6178 301 279 3 3 0 2504.94 0.881 0.185 0.359
6179 280 281 3 3 0 1509.27 0.507 0.213 0.287
6180 281 280 3 3 0 1509.27 0.507 0.213 0.287
6181 280 300 3 3 0 2504.94 0.881 0.194 0.366
6182 300 280 3 3 0 2504.94 0.881 0.194 0.366
6183 280 301 3 3 0 1999.05 0.691 0.185 0.312
6184 301 280 3 3 0 1999.05 0.691 0.185 0.312
6185 280 302 3 3 0 2504.94 0.881 0.176 0.352
6186 302 280 3 3 0 2504.94 0.881 0.176 0.352
6187 281 282 3 3 0 1509.27 0.507 0.194 0.273
6188 282 281 3 3 0 1509.27 0.507 0.194 0.273
6189 281 301 3 3 0 2504.94 0.881 0.194 0.366
6190 301 281 3 3 0 2504.94 0.881 0.194 0.366
6191 281 302 3 3 0 1999.05 0.691 0.185 0.312
6192 302 281 3 3 0 1999.05 0.691 0.185 0.312
6193 281 303 3 3 0 2504.94 0.881 0.176 0.352
6194 303 281 3 3 0 2504.94 0.881 0.176 0.352
6195 282 283 3 3 0 1509.27 0.507 0.148 0.238
6196 283 282 3 3 0 1509.27 0.507 0.148 0.238
6197 282 302 3 3 0 2504.94 0.881 0.157 0.338
6198 302 282 3 3 0 2504.94 0.881 0.157 0.338
6199 282 303 3 3 0 1999.05 0.691 0.148 0.284
6200 303 282 3 3 0 1999.05 0.691 0.148 0.284
6201 282 304 3 3 0 2504.94 0.881 0.176 0.352
6202 304 282 3 3 0 2504.94 0.881 0.176 0.352
6203 283 284 3 3 0 1509.27 0.507 0.148 0.238
6204 284 283 3 3 0 1509.27 0.507 0.148 0.238
6205 283 303 3 3 0 2504.94 0.881 0.130 0.318
6206 303 283 3 3 0 2504.94 0.881 0.130 0.318
6207 283 304 3 3 0 1999.05 0.691 0.157 0.291
6208 304 283 3 3 0 1999.05 0.691 0.157 0.291
6209 283 305 3 3 0 2504.94 0.881 0.157 0.338
6210 305 283 3 3 0 2504.94 0.881 0.157 0.338
6211 284 285 3 3 0 1509.27 0.507 0.102 0.203
6212 285 284 3 3 0 1509.27 0.507 0.102 0.203
6213 284 304 3 3 0 2504.94 0.881 0.176 0.352
6214 304 284 3 3 0 2504.94 0.881 0.176 0.352
6215 284 305 3 3 0 1999.05 0.691 0.176 0.305
6216 305 284 3 3 0 1999.05 0.691 0.176 0.305
6217 284 306 3 3 0 2504.94 0.881 0.111 0.304
6218 306 284 3 3 0 2504.94 0.881 0.111 0.304
6219 285 286 3 3 0 1509.27 0.507 0.037 0.155
6220 286 285 3 3 0 1509.27 0.507 0.037 0.155
6221 285 305 3 3 0 2504.94 0.881 0.111 0.304
6222 305 285 3 3 0 2504.94 0.881 0.111 0.304
6223 285 306 3 3 0 1999.05 0.691 0.046 0.208
6224 306 285 3 3 0 1999.05 0.691 0.046 0.208
6225 285 307 3 3 0 2504.94 0.881 0.102 0.297
6226 307 285 3 3 0 2504.94 0.881 0.102 0.297
6227 286 287 3 3 0 1509.27 0.507 0.046 0.162
6228 287 286 3 3 0 1509.27 0.507 0.046 0.162
6229 286 306 3 3 0 2504.94 0.881 0.046 0.255
6230 306 286 3 3 0 2504.94 0.881 0.046 0.255
6231 286 307 3 3 0 1999.05 0.691 0.102 0.249
6232 307 286 3 3 0 1999.05 0.691 0.102 0.249
6233 286 308 3 3 0 2504.94 0.881 0.046 0.255
6234 308 286 3 3 0 2504.94 0.881 0.046 0.255
6235 287 307 3 3 0 2504.94 0.881 0.111 0.304
6236 307 287 3 3 0 2504.94 0.881 0.111 0.304
6237 287 308 3 3 0 1999.05 0.691 0.056 0.214
6238 308 287 3 3 0 1999.05 0.691 0.056 0.214
6239 288 289 3 3 0 1509.69 0.507 0.185 0.266
6240 289 288 3 3 0 1509.69 0.507 0.185 0.266
6241 288 309 3 3 0 1999.04 0.691 0.167 0.298
6242 309 288 3 3 0 1999.04 0.691 0.167 0.298
6243 288 310 3 3 0 2505.18 0.881 0.204 0.373
6244 310 288 3 3 0 2505.18 0.881 0.204 0.373
6245 289 290 3 3 0 1509.69 0.507 0.185 0.266
6246 290 289 3 3 0 1509.69 0.507 0.185 0.266
6247 289 309 3 3 0 2505.18 0.881 0.148 0.331
6248 309 289 3 3 0 2505.18 0.881 0.148 0.331
6249 289 310 3 3 0 1999.04 0.691 0.185 0.312
6250 310 289 3 3 0 1999.04 0.691 0.185 0.312
6251 289 311 3 3 0 2505.18 0.881 0.176 0.352
6252 311 289 3 3 0 2505.18 0.881 0.176 0.352
6253 290 291 3 3 0 1509.69 0.507 0.167 0.252
6254 291 290 3 3 0 1509.69 0.507 0.167 0.252
6255 290 310 3 3 0 2505.18 0.881 0.204 0.373
6256 310 290 3 3 0 2505.18 0.881 0.204 0.373
6257 290 311 3 3 0 1999.04 0.691 0.194 0.319
6258 311 290 3 3 0 1999.04 0.691 0.194 0.319
6259 290 312 3 3 0 2505.18 0.881 0.204 0.373
6260 312 290 3 3 0 2505.18 0.881 0.204 0.373
6261 291 292 3 3 0 1509.69 0.507 0.167 0.252
6262 292 291 3 3 0 1509.69 0.507 0.167 0.252
6263 291 311 3 3 0 2505.18 0.881 0.157 0.338
6264 311 291 3 3 0 2505.18 0.881 0.157 0.338
6265 291 312 3 3 0 1999.04 0.691 0.167 0.298
6266 312 291 3 3 0 1999.04 0.691 0.167 0.298
6267 291 313 3 3 0 2505.18 0.881 0.176 0.352
6268 313 291 3 3 0 2505.18 0.881 0.176 0.352
6269 292 293 3 3 0 1509.69 0.507 0.194 0.273
6270 293 292 3 3 0 1509.69 0.507 0.194 0.273
6271 292 312 3 3 0 2505.18 0.881 0.204 0.373
6272 312 292 3 3 0 2505.18 0.881 0.204 0.373
6273 292 313 3 3 0 1999.04 0.691 0.213 0.333
6274 313 292 3 3 0 1999.04 0.691 0.213 0.333
6275 292 314 3 3 0 2505.18 0.881 0.204 0.373
6276 314 292 3 3 0 2505.18 0.881 0.204 0.373
6277 293 294 3 3 0 1509.69 0.507 0.185 0.266
6278 294 293 3 3 0 1509.69 0.507 0.185 0.266
6279 293 313 3 3 0 2505.18 0.881 0.204 0.373
6280 313 293 3 3 0 2505.18 0.881 0.204 0.373
6281 293 314 3 3 0 1999.04 0.691 0.194 0.319
6282 314 293 3 3 0 1999.04 0.691 0.194 0.319
6283 293 315 3 3 0 2505.18 0.881 0.157 0.338
6284 315 293 3 3 0 2505.18 0.881 0.157 0.338
6285 294 295 3 3 0 1509.69 0.507 0.167 0.252
6286 295 294 3 3 0 1509.69 0.507 0.167 0.252
6287 294 314 3 3 0 2505.18 0.881 0.194 0.366
6288 314 294 3 3 0 2505.18 0.881 0.194 0.366
6289 294 315 3 3 0 1999.04 0.691 0.157 0.291
6290 315 294 3 3 0 1999.04 0.691 0.157 0.291
6291 294 316 3 3 0 2505.18 0.881 0.148 0.331
6292 316 294 3 3 0 2505.18 0.881 0.148 0.331
6293 295 296 3 3 0 1509.69 0.507 0.157 0.245
6294 296 295 3 3 0 1509.69 0.507 0.157 0.245
6295 295 315 3 3 0 2505.18 0.881 0.139 0.325
6296 315 295 3 3 0 2505.18 0.881 0.139 0.325
6297 295 316 3 3 0 1999.04 0.691 0.130 0.270
6298 316 295 3 3 0 1999.04 0.691 0.130 0.270
6299 295 317 3 3 0 2505.18 0.881 0.185 0.359
6300 317 295 3 3 0 2505.18 0.881 0.185 0.359
6301 296 297 3 3 0 1509.69 0.507 0.176 0.259
6302 297 296 3 3 0 1509.69 0.507 0.176 0.259
6303 296 316 3 3 0 2505.18 0.881 0.139 0.325
6304 316 296 3 3 0 2505.18 0.881 0.139 0.325
6305 296 317 3 3 0 1999.04 0.691 0.194 0.319
6306 317 296 3 3 0 1999.04 0.691 0.194 0.319
6307 296 318 3 3 0 2505.18 0.881 0.167 0.345
6308 318 296 3 3 0 2505.18 0.881 0.167 0.345
6309 297 298 3 3 0 1509.69 0.507 0.204 0.280
6310 298 297 3 3 0 1509.69 0.507 0.204 0.280
6311 297 317 3 3 0 2505.18 0.881 0.204 0.373
6312 317 297 3 3 0 2505.18 0.881 0.204 0.373
6313 297 318 3 3 0 1999.04 0.691 0.176 0.305
6314 318 297 3 3 0 1999.04 0.691 0.176 0.305
6315 297 319 3 3 0 2505.18 0.881 0.176 0.352
6316 319 297 3 3 0 2505.18 0.881 0.176 0.352
6317 298 299 3 3 0 1509.69 0.507 0.176 0.259
6318 299 298 3 3 0 1509.69 0.507 0.176 0.259
6319 298 318 3 3 0 2505.18 0.881 0.194 0.366
6320 318 298 3 3 0 2505.18 0.881 0.194 0.366
6321 298 319 3 3 0 1999.04 0.691 0.194 0.319
6322 319 298 3 3 0 1999.04 0.691 0.194 0.319
6323 298 320 3 3 0 2505.18 0.881 0.213 0.380
6324 320 298 3 3 0 2505.18 0.881 0.213 0.380
6325 299 300 3 3 0 1509.69 0.507 0.157 0.245
6326 300 299 3 3 0 1509.69 0.507 0.157 0.245
6327 299 319 3 3 0 2505.18 0.881 0.148 0.331
6328 319 299 3 3 0 2505.18 0.881 0.148 0.331
6329 299 320 3 3 0 1999.04 0.691 0.167 0.298
6330 320 299 3 3 0 1999.04 0.691 0.167 0.298
6331 299 321 3 3 0 2505.18 0.881 0.176 0.352
6332 321 299 3 3 0 2505.18 0.881 0.176 0.352
6333 300 301 3 3 0 1509.69 0.507 0.176 0.259
6334 301 300 3 3 0 1509.69 0.507 0.176 0.259
6335 300 320 3 3 0 2505.18 0.881 0.194 0.366
6336 320 300 3 3 0 2505.18 0.881 0.194 0.366
6337 300 321 3 3 0 1999.04 0.691 0.204 0.326
6338 321 300 3 3 0 1999.04 0.691 0.204 0.326
6339 300 322 3 3 0 2505.18 0.881 0.157 0.338
6340 322 300 3 3 0 2505.18 0.881 0.157 0.338
6341 301 302 3 3 0 1509.69 0.507 0.157 0.245
6342 302 301 3 3 0 1509.69 0.507 0.157 0.245
6343 301 321 3 3 0 2505.18 0.881 0.194 0.366
6344 321 301 3 3 0 2505.18 0.881 0.194 0.366
6345 301 322 3 3 0 1999.04 0.691 0.148 0.284
6346 322 301 3 3 0 1999.04 0.691 0.148 0.284
6347 301 323 3 3 0 2505.18 0.881 0.148 0.331
6348 323 301 3 3 0 2505.18 0.881 0.148 0.331
6349 302 303 3 3 0 1509.69 0.507 0.139 0.231
6350 303 302 3 3 0 1509.69 0.507 0.139 0.231
6351 302 322 3 3 0 2505.18 0.881 0.139 0.325
6352 322 302 3 3 0 2505.18 0.881 0.139 0.325
6353 302 323 3 3 0 1999.04 0.691 0.139 0.277
6354 323 302 3 3 0 1999.04 0.691 0.139 0.277
6355 302 324 3 3 0 2505.18 0.881 0.167 0.345
6356 324 302 3 3 0 2505.18 0.881 0.167 0.345
6357 303 304 3 3 0 1509.69 0.507 0.157 0.245
6358 304 303 3 3 0 1509.69 0.507 0.157 0.245
6359 303 323 3 3 0 2505.18 0.881 0.130 0.318
6360 323 303 3 3 0 2505.18 0.881 0.130 0.318
6361 303 324 3 3 0 1999.04 0.691 0.157 0.291
6362 324 303 3 3 0 1999.04 0.691 0.157 0.291
6363 303 325 3 3 0 2505.18 0.881 0.176 0.352
6364 325 303 3 3 0 2505.18 0.881 0.176 0.352
6365 304 305 3 3 0 1509.69 0.507 0.185 0.266
6366 305 304 3 3 0 1509.69 0.507 0.185 0.266
6367 304 324 3 3 0 2505.18 0.881 0.185 0.359
6368 324 304 3 3 0 2505.18 0.881 0.185 0.359
6369 304 325 3 3 0 1999.04 0.691 0.204 0.326
6370 325 304 3 3 0 1999.04 0.691 0.204 0.326
6371 304 326 3 3 0 2505.18 0.881 0.185 0.359
6372 326 304 3 3 0 2505.18 0.881 0.185 0.359
6373 305 306 3 3 0 1509.69 0.507 0.120 0.217
6374 306 305 3 3 0 1509.69 0.507 0.120 0.217
6375 305 325 3 3 0 2505.18 0.881 0.204 0.373
6376 325 305 3 3 0 2505.18 0.881 0.204 0.373
6377 305 326 3 3 0 1999.04 0.691 0.185 0.312
6378 326 305 3 3 0 1999.04 0.691 0.185 0.312
6379 305 327 3 3 0 2505.18 0.881 0.194 0.366
6380 327 305 3 3 0 2505.18 0.881 0.194 0.366
6381 306 307 3 3 0 1509.69 0.507 0.111 0.210
6382 307 306 3 3 0 1509.69 0.507 0.111 0.210
6383 306 326 3 3 0 2505.18 0.881 0.120 0.311
6384 326 306 3 3 0 2505.18 0.881 0.120 0.311
6385 306 327 3 3 0 1999.04 0.691 0.130 0.270
6386 327 306 3 3 0 1999.04 0.691 0.130 0.270
6387 306 328 3 3 0 2505.18 0.881 0.102 0.297
6388 328 306 3 3 0 2505.18 0.881 0.102 0.297
6389 307 308 3 3 0 1509.69 0.507 0.111 0.210
6390 308 307 3 3 0 1509.69 0.507 0.111 0.210
6391 307 327 3 3 0 2505.18 0.881 0.185 0.359
6392 327 307 3 3 0 2505.18 0.881 0.185 0.359
6393 307 328 3 3 0 1999.04 0.691 0.157 0.291
6394 328 307 3 3 0 1999.04 0.691 0.157 0.291
6395 307 329 3 3 0 2505.18 0.881 0.102 0.297
6396 329 307 3 3 0 2505.18 0.881 0.102 0.297
6397 308 328 3 3 0 2505.18 0.881 0.102 0.297
6398 328 308 3 3 0 2505.18 0.881 0.102 0.297
6399 308 329 3 3 0 1999.04 0.691 0.046 0.208
6400 329 308 3 3 0 1999.04 0.691 0.046 0.208
6401 309 310 3 3 0 1510.10 0.508 0.167 0.252
6402 310 309 3 3 0 1510.10 0.508 0.167 0.252
6403 309 330 3 3 0 1999.03 0.691 0.139 0.277
6404 330 309 3 3 0 1999.03 0.691 0.139 0.277
6405 309 331 3 3 0 2505.43 0.881 0.167 0.345
6406 331 309 3 3 0 2505.43 0.881 0.167 0.345
6407 310 311 3 3 0 1510.10 0.508 0.194 0.273
6408 311 310 3 3 0 1510.10 0.508 0.194 0.273
6409 310 330 3 3 0 2505.43 0.881 0.176 0.352
6410 330 310 3 3 0 2505.43 0.881 0.176 0.352
6411 310 331 3 3 0 1999.03 0.691 0.204 0.326
6412 331 310 3 3 0 1999.03 0.691 0.204 0.326
6413 310 332 3 3 0 2505.43 0.881 0.213 0.380
6414 332 310 3 3 0 2505.43 0.881 0.213 0.380
6415 311 312 3 3 0 1510.10 0.508 0.194 0.273
6416 312 311 3 3 0 1510.10 0.508 0.194 0.273
6417 311 331 3 3 0 2505.43 0.881 0.194 0.366
6418 331 311 3 3 0 2505.43 0.881 0.194 0.366
6419 311 332 3 3 0 1999.03 0.691 0.204 0.326
6420 332 311 3 3 0 1999.03 0.691 0.204 0.326
6421 311 333 3 3 0 2505.43 0.881 0.167 0.345
6422 333 311 3 3 0 2505.43 0.881 0.167 0.345
6423 312 313 3 3 0 1510.10 0.508 0.213 0.287
6424 313 312 3 3 0 1510.10 0.508 0.213 0.287
6425 312 332 3 3 0 2505.43 0.881 0.213 0.380
6426 332 312 3 3 0 2505.43 0.881 0.213 0.380
6427 312 333 3 3 0 1999.03 0.691 0.176 0.305
6428 333 312 3 3 0 1999.03 0.691 0.176 0.305
6429 312 334 3 3 0 2505.43 0.881 0.167 0.345
6430 334 312 3 3 0 2505.43 0.881 0.167 0.345
6431 313 314 3 3 0 1510.10 0.508 0.213 0.287
6432 314 313 3 3 0 1510.10 0.508 0.213 0.287
6433 313 333 3 3 0 2505.43 0.881 0.185 0.359
6434 333 313 3 3 0 2505.43 0.881 0.185 0.359
6435 313 334 3 3 0 1999.03 0.691 0.176 0.305
6436 334 313 3 3 0 1999.03 0.691 0.176 0.305
6437 313 335 3 3 0 2505.43 0.881 0.204 0.373
6438 335 313 3 3 0 2505.43 0.881 0.204 0.373
6439 314 315 3 3 0 1510.10 0.508 0.167 0.252
6440 315 314 3 3 0 1510.10 0.508 0.167 0.252
6441 314 334 3 3 0 2505.43 0.881 0.167 0.345
6442 334 314 3 3 0 2505.43 0.881 0.167 0.345
6443 314 335 3 3 0 1999.03 0.691 0.194 0.319
6444 335 314 3 3 0 1999.03 0.691 0.194 0.319
6445 314 336 3 3 0 2505.43 0.881 0.213 0.380
6446 336 314 3 3 0 2505.43 0.881 0.213 0.380
6447 315 316 3 3 0 1510.10 0.508 0.120 0.217
6448 316 315 3 3 0 1510.10 0.508 0.120 0.217
6449 315 335 3 3 0 2505.43 0.881 0.157 0.338
6450 335 315 3 3 0 2505.43 0.881 0.157 0.338
6451 315 336 3 3 0 1999.03 0.691 0.176 0.305
6452 336 315 3 3 0 1999.03 0.691 0.176 0.305
6453 315 337 3 3 0 2505.43 0.881 0.130 0.318
6454 337 315 3 3 0 2505.43 0.881 0.130 0.318
6455 316 317 3 3 0 1510.10 0.508 0.167 0.252
6456 317 316 3 3 0 1510.10 0.508 0.167 0.252
6457 316 336 3 3 0 2505.43 0.881 0.167 0.345
6458 336 316 3 3 0 2505.43 0.881 0.167 0.345
6459 316 338 3 3 0 2505.43 0.881 0.139 0.325
6460 338 316 3 3 0 2505.43 0.881 0.139 0.325
6461 317 318 3 3 0 1510.10 0.508 0.194 0.273
6462 318 317 3 3 0 1510.10 0.508 0.194 0.273
6463 317 337 3 3 0 2505.43 0.881 0.176 0.352
6464 337 317 3 3 0 2505.43 0.881 0.176 0.352
6465 317 338 3 3 0 1999.03 0.691 0.194 0.319
6466 338 317 3 3 0 1999.03 0.691 0.194 0.319
6467 317 339 3 3 0 2505.43 0.881 0.222 0.387
6468 339 317 3 3 0 2505.43 0.881 0.222 0.387
6469 318 319 3 3 0 1510.10 0.508 0.167 0.252
6470 319 318 3 3 0 1510.10 0.508 0.167 0.252
6471 318 338 3 3 0 2505.43 0.881 0.167 0.345
6472 338 318 3 3 0 2505.43 0.881 0.167 0.345
6473 318 339 3 3 0 1999.03 0.691 0.194 0.319
6474 339 318 3 3 0 1999.03 0.691 0.194 0.319
6475 319 320 3 3 0 1510.10 0.508 0.185 0.266
6476 320 319 3 3 0 1510.10 0.508 0.185 0.266
6477 319 339 3 3 0 2505.43 0.881 0.194 0.366
6478 339 319 3 3 0 2505.43 0.881 0.194 0.366
6479 320 321 3 3 0 1510.10 0.508 0.213 0.287
6480 321 320 3 3 0 1510.10 0.508 0.213 0.287
6481 321 322 3 3 0 1510.10 0.508 0.176 0.259
6482 322 321 3 3 0 1510.10 0.508 0.176 0.259
6483 322 323 3 3 0 1510.10 0.508 0.130 0.224
6484 323 322 3 3 0 1510.10 0.508 0.130 0.224
6485 323 324 3 3 0 1510.10 0.508 0.157 0.245
6486 324 323 3 3 0 1510.10 0.508 0.157 0.245
6487 324 325 3 3 0 1510.10 0.508 0.204 0.280
6488 325 324 3 3 0 1510.10 0.508 0.204 0.280
6489 325 326 3 3 0 1510.10 0.508 0.204 0.280
6490 326 325 3 3 0 1510.10 0.508 0.204 0.280
6491 326 327 3 3 0 1510.10 0.508 0.194 0.273
6492 327 326 3 3 0 1510.10 0.508 0.194 0.273
6493 327 328 3 3 0 1510.10 0.508 0.176 0.259
6494 328 327 3 3 0 1510.10 0.508 0.176 0.259
6495 328 329 3 3 0 1510.10 0.508 0.093 0.196
6496 329 328 3 3 0 1510.10 0.508 0.093 0.196
6497 331 332 3 3 0 1510.51 0.508 0.213 0.287
6498 332 331 3 3 0 1510.51 0.508 0.213 0.287
6499 332 333 3 3 0 1510.51 0.508 0.185 0.266
6500 333 332 3 3 0 1510.51 0.508 0.185 0.266
6501 333 334 3 3 0 1510.51 0.508 0.139 0.231
6502 334 333 3 3 0 1510.51 0.508 0.139 0.231
6503 334 335 3 3 0 1510.51 0.508 0.157 0.245
6504 335 334 3 3 0 1510.51 0.508 0.157 0.245
6505 335 336 3 3 0 1510.51 0.508 0.204 0.280
6506 336 335 3 3 0 1510.51 0.508 0.204 0.280
6507 336 337 3 3 0 1510.51 0.508 0.176 0.259
6508 337 336 3 3 0 1510.51 0.508 0.176 0.259
6509 337 338 3 3 0 1510.51 0.508 0.148 0.238
6510 338 337 3 3 0 1510.51 0.508 0.148 0.238
6511 338 339 3 3 0 1510.51 0.508 0.194 0.273
6512 339 338 3 3 0 1510.51 0.508 0.194 0.273
6513 0 118 4 4 0 1189.82 0.387 0.349 0.359
6514 118 0 4 4 0 1189.82 0.387 0.349 0.359
6515 0 119 4 4 0 2409.69 0.846 0.238 0.390
6516 119 0 4 4 0 2409.69 0.846 0.238 0.390
6517 0 139 4 4 0 1255.98 0.412 0.294 0.323
6518 139 0 4 4 0 1255.98 0.412 0.294 0.323
6519 0 140 4 4 0 2443.28 0.858 0.341 0.470
6520 140 0 4 4 0 2443.28 0.858 0.341 0.470
6521 1 9 4 4 0 2406.22 0.844 0.000 0.211
6522 9 1 4 4 0 2406.22 0.844 0.000 0.211
6523 1 204 4 4 0 2144.71 0.746 0.079 0.246
6524 204 1 4 4 0 2144.71 0.746 0.079 0.246
6525 1 205 4 4 0 1975.33 0.682 0.056 0.212
6526 205 1 4 4 0 1975.33 0.682 0.056 0.212
6527 1 206 4 4 0 2784.53 0.986 0.333 0.497
6528 206 1 4 4 0 2784.53 0.986 0.333 0.497
6529 1 224 4 4 0 2495.81 0.878 0.056 0.261
6530 224 1 4 4 0 2495.81 0.878 0.056 0.261
6531 1 225 4 4 0 990.08 0.312 0.071 0.132
6532 225 1 4 4 0 990.08 0.312 0.071 0.132
6533 1 226 4 4 0 531.25 0.140 0.087 0.100
6534 226 1 4 4 0 531.25 0.140 0.087 0.100
6535 1 227 4 4 0 2033.45 0.704 0.056 0.218
6536 227 1 4 4 0 2033.45 0.704 0.056 0.218
6537 1 247 4 4 0 2313.70 0.809 0.071 0.256
6538 247 1 4 4 0 2313.70 0.809 0.071 0.256
6539 1 248 4 4 0 2157.54 0.751 0.079 0.247
6540 248 1 4 4 0 2157.54 0.751 0.079 0.247
6541 2 16 4 4 0 1696.50 0.578 0.000 0.144
6542 16 2 4 4 0 1696.50 0.578 0.000 0.144
6543 2 232 4 4 0 2818.34 0.999 0.071 0.303
6544 232 2 4 4 0 2818.34 0.999 0.071 0.303
6545 2 253 4 4 0 1646.57 0.559 0.071 0.193
6546 253 2 4 4 0 1646.57 0.559 0.071 0.193
6547 2 254 4 4 0 822.04 0.249 0.079 0.122
6548 254 2 4 4 0 822.04 0.249 0.079 0.122
6549 2 255 4 4 0 1787.21 0.612 0.063 0.201
6550 255 2 4 4 0 1787.21 0.612 0.063 0.201
6551 2 274 4 4 0 1853.90 0.637 0.087 0.225
6552 274 2 4 4 0 1853.90 0.637 0.087 0.225
6553 2 275 4 4 0 1183.62 0.385 0.095 0.168
6554 275 2 4 4 0 1183.62 0.385 0.095 0.168
6555 2 276 4 4 0 1979.90 0.684 0.079 0.231
6556 276 2 4 4 0 1979.90 0.684 0.079 0.231
6557 3 134 4 4 0 1728.82 0.590 0.032 0.171
6558 134 3 4 4 0 1728.82 0.590 0.032 0.171
6559 3 135 4 4 0 1072.68 0.343 0.024 0.104
6560 135 3 4 4 0 1072.68 0.343 0.024 0.104
6561 3 136 4 4 0 1962.50 0.678 0.032 0.193
6562 136 3 4 4 0 1962.50 0.678 0.032 0.193
6563 3 155 4 4 0 1653.87 0.562 0.024 0.158
6564 155 3 4 4 0 1653.87 0.562 0.024 0.158
6565 3 156 4 4 0 946.89 0.296 0.024 0.092
6566 156 3 4 4 0 946.89 0.296 0.024 0.092
6567 3 157 4 4 0 1896.87 0.653 0.024 0.181
6568 157 3 4 4 0 1896.87 0.653 0.024 0.181
6569 4 25 4 4 0 2171.70 0.756 0.016 0.201
6570 25 4 4 4 0 2171.70 0.756 0.016 0.201
6571 4 44 4 4 0 2040.05 0.707 0.032 0.200
6572 44 4 4 4 0 2040.05 0.707 0.032 0.200
6573 4 45 4 4 0 1973.06 0.682 0.024 0.188
6574 45 4 4 4 0 1973.06 0.682 0.024 0.188
6575 5 99 4 4 0 1884.73 0.648 0.206 0.317
6576 99 5 4 4 0 1884.73 0.648 0.206 0.317
6577 5 100 4 4 0 1363.75 0.453 0.349 0.375
6578 100 5 4 4 0 1363.75 0.453 0.349 0.375
6579 5 101 4 4 0 2168.88 0.755 0.286 0.403
6580 101 5 4 4 0 2168.88 0.755 0.286 0.403
6581 5 120 4 4 0 1466.42 0.491 0.302 0.349
6582 120 5 4 4 0 1466.42 0.491 0.302 0.349
6583 5 121 4 4 0 676.41 0.195 0.254 0.239
6584 121 5 4 4 0 676.41 0.195 0.254 0.239
6585 5 122 4 4 0 1817.29 0.623 0.278 0.364
6586 122 5 4 4 0 1817.29 0.623 0.278 0.364
6587 5 142 4 4 0 2654.80 0.938 0.333 0.484
6588 142 5 4 4 0 2654.80 0.938 0.333 0.484
6589 6 132 4 4 0 2719.78 0.962 0.024 0.258
6590 132 6 4 4 0 2719.78 0.962 0.024 0.258
6591 6 152 4 4 0 1554.74 0.524 0.024 0.149
6592 152 6 4 4 0 1554.74 0.524 0.024 0.149
6593 6 153 4 4 0 728.96 0.214 0.016 0.065
6594 153 6 4 4 0 728.96 0.214 0.016 0.065
6595 6 154 4 4 0 1785.16 0.611 0.024 0.171
6596 154 6 4 4 0 1785.16 0.611 0.024 0.171
6597 6 173 4 4 0 1882.72 0.648 0.032 0.186
6598 173 6 4 4 0 1882.72 0.648 0.032 0.186
6599 6 174 4 4 0 1287.73 0.424 0.024 0.124
6600 174 6 4 4 0 1287.73 0.424 0.024 0.124
6601 6 175 4 4 0 2077.11 0.721 0.024 0.198
6602 175 6 4 4 0 2077.11 0.721 0.024 0.198
6603 7 307 4 4 0 2001.31 0.692 0.071 0.227
6604 307 7 4 4 0 2001.31 0.692 0.071 0.227
6605 7 308 4 4 0 1481.45 0.497 0.024 0.142
6606 308 7 4 4 0 1481.45 0.497 0.024 0.142
6607 7 328 4 4 0 1453.14 0.486 0.063 0.169
6608 328 7 4 4 0 1453.14 0.486 0.063 0.169
6609 7 329 4 4 0 548.23 0.146 0.016 0.049
6610 329 7 4 4 0 548.23 0.146 0.016 0.049
6611 8 37 4 4 0 1772.80 0.606 0.333 0.402
6612 37 8 4 4 0 1772.80 0.606 0.333 0.402
6613 8 38 4 4 0 775.04 0.232 0.294 0.278
6614 38 8 4 4 0 775.04 0.232 0.294 0.278
6615 8 39 4 4 0 1608.22 0.544 0.317 0.374
6616 39 8 4 4 0 1608.22 0.544 0.317 0.374
6617 8 59 4 4 0 2770.16 0.981 0.349 0.507
6618 59 8 4 4 0 2770.16 0.981 0.349 0.507
6619 9 21 4 4 0 605.14 0.168 0.000 0.042
6620 21 9 4 4 0 605.14 0.168 0.000 0.042
6621 9 226 4 4 0 1907.36 0.657 0.087 0.230
6622 226 9 4 4 0 1907.36 0.657 0.087 0.230
6623 9 227 4 4 0 1040.47 0.331 0.056 0.124
6624 227 9 4 4 0 1040.47 0.331 0.056 0.124
6625 9 228 4 4 0 1754.60 0.599 0.325 0.394
6626 228 9 4 4 0 1754.60 0.599 0.325 0.394
6627 9 248 4 4 0 1868.57 0.642 0.079 0.220
6628 248 9 4 4 0 1868.57 0.642 0.079 0.220
6629 9 249 4 4 0 967.18 0.304 0.087 0.141
6630 249 9 4 4 0 967.18 0.304 0.087 0.141
6631 9 250 4 4 0 1712.31 0.584 0.063 0.194
6632 250 9 4 4 0 1712.31 0.584 0.063 0.194
6633 10 190 4 4 0 2546.30 0.897 0.024 0.242
6634 190 10 4 4 0 2546.30 0.897 0.024 0.242
6635 10 191 4 4 0 1394.06 0.464 0.016 0.128
6636 191 10 4 4 0 1394.06 0.464 0.016 0.128
6637 10 193 4 4 0 2550.00 0.898 0.032 0.248
6638 193 10 4 4 0 2550.00 0.898 0.032 0.248
6639 10 211 4 4 0 2405.75 0.844 0.024 0.229
6640 211 10 4 4 0 2405.75 0.844 0.024 0.229
6641 10 212 4 4 0 1116.29 0.360 0.087 0.155
6642 212 10 4 4 0 1116.29 0.360 0.087 0.155
6643 10 213 4 4 0 1119.10 0.361 0.079 0.150
6644 213 10 4 4 0 1119.10 0.361 0.079 0.150
6645 10 214 4 4 0 2409.66 0.845 0.095 0.283
6646 214 10 4 4 0 2409.66 0.845 0.095 0.283
6647 11 166 4 4 0 1640.12 0.556 0.357 0.407
6648 166 11 4 4 0 1640.12 0.556 0.357 0.407
6649 11 167 4 4 0 853.09 0.261 0.349 0.327
6650 167 11 4 4 0 853.09 0.261 0.349 0.327
6651 11 168 4 4 0 1819.17 0.624 0.032 0.180
6652 168 11 4 4 0 1819.17 0.624 0.032 0.180
6653 11 187 4 4 0 1816.83 0.623 0.270 0.358
6654 187 11 4 4 0 1816.83 0.623 0.270 0.358
6655 11 188 4 4 0 1156.77 0.375 0.278 0.302
6656 188 11 4 4 0 1156.77 0.375 0.278 0.302
6657 11 189 4 4 0 1980.01 0.684 0.024 0.189
6658 189 11 4 4 0 1980.01 0.684 0.024 0.189
6659 12 234 4 4 0 2134.56 0.742 0.056 0.227
6660 234 12 4 4 0 2134.56 0.742 0.056 0.227
6661 12 235 4 4 0 2278.09 0.796 0.071 0.253
6662 235 12 4 4 0 2278.09 0.796 0.071 0.253
6663 12 255 4 4 0 2054.39 0.712 0.063 0.226
6664 255 12 4 4 0 2054.39 0.712 0.063 0.226
6665 12 256 4 4 0 548.35 0.146 0.056 0.078
6666 256 12 4 4 0 548.35 0.146 0.056 0.078
6667 12 257 4 4 0 966.55 0.303 0.095 0.147
6668 257 12 4 4 0 966.55 0.303 0.095 0.147
6669 12 258 4 4 0 2474.08 0.870 0.087 0.283
6670 258 12 4 4 0 2474.08 0.870 0.087 0.283
6671 12 276 4 4 0 2821.06 1.000 0.079 0.310
6672 276 12 4 4 0 2821.06 1.000 0.079 0.310
6673 12 277 4 4 0 2009.35 0.695 0.071 0.227
6674 277 12 4 4 0 2009.35 0.695 0.071 0.227
6675 12 278 4 4 0 2161.29 0.752 0.071 0.242
6676 278 12 4 4 0 2161.29 0.752 0.071 0.242
6677 13 49 4 4 0 2192.84 0.764 0.024 0.209
6678 49 13 4 4 0 2192.84 0.764 0.024 0.209
6679 13 50 4 4 0 1582.69 0.535 0.032 0.158
6680 50 13 4 4 0 1582.69 0.535 0.032 0.158
6681 13 51 4 4 0 2174.98 0.757 0.032 0.213
6682 51 13 4 4 0 2174.98 0.757 0.032 0.213
6683 13 70 4 4 0 1574.13 0.532 0.032 0.157
6684 70 13 4 4 0 1574.13 0.532 0.032 0.157
6685 13 71 4 4 0 416.68 0.097 0.016 0.036
6686 71 13 4 4 0 416.68 0.097 0.016 0.036
6687 13 72 4 4 0 1549.16 0.522 0.032 0.154
6688 72 13 4 4 0 1549.16 0.522 0.032 0.154
6689 13 92 4 4 0 2415.62 0.848 0.032 0.236
6690 92 13 4 4 0 2415.62 0.848 0.032 0.236
6691 14 177 4 4 0 2418.18 0.849 0.016 0.224
6692 177 14 4 4 0 2418.18 0.849 0.016 0.224
6693 14 178 4 4 0 1638.83 0.556 0.032 0.163
6694 178 14 4 4 0 1638.83 0.556 0.032 0.163
6695 14 179 4 4 0 2016.98 0.698 0.024 0.192
6696 179 14 4 4 0 2016.98 0.698 0.024 0.192
6697 14 198 4 4 0 1843.81 0.633 0.071 0.212
6698 198 14 4 4 0 1843.81 0.633 0.071 0.212
6699 14 199 4 4 0 486.74 0.123 0.048 0.067
6700 199 14 4 4 0 486.74 0.123 0.048 0.067
6701 14 200 4 4 0 1272.70 0.418 0.024 0.122
6702 200 14 4 4 0 1272.70 0.418 0.024 0.122
6703 14 201 4 4 0 2747.40 0.972 0.024 0.261
6704 201 14 4 4 0 2747.40 0.972 0.024 0.261
6705 14 220 4 4 0 2404.30 0.843 0.016 0.223
6706 220 14 4 4 0 2404.30 0.843 0.016 0.223
6707 14 221 4 4 0 2676.55 0.946 0.016 0.248
6708 221 14 4 4 0 2676.55 0.946 0.016 0.248
6709 15 56 4 4 0 2543.33 0.896 0.214 0.385
6710 56 15 4 4 0 2543.33 0.896 0.214 0.385
6711 15 76 4 4 0 1404.68 0.468 0.286 0.331
6712 76 15 4 4 0 1404.68 0.468 0.286 0.331
6713 15 77 4 4 0 574.41 0.156 0.294 0.259
6714 77 15 4 4 0 574.41 0.156 0.294 0.259
6715 15 78 4 4 0 1794.55 0.614 0.270 0.356
6716 78 15 4 4 0 1794.55 0.614 0.270 0.356
6717 15 97 4 4 0 1956.49 0.675 0.325 0.413
6718 97 15 4 4 0 1956.49 0.675 0.325 0.413
6719 15 98 4 4 0 1477.91 0.496 0.254 0.314
6720 98 15 4 4 0 1477.91 0.496 0.254 0.314
6721 15 99 4 4 0 2252.88 0.787 0.206 0.351
6722 99 15 4 4 0 2252.88 0.787 0.206 0.351
6723 16 230 4 4 0 2408.01 0.845 0.032 0.235
6724 230 16 4 4 0 2408.01 0.845 0.032 0.235
6725 16 231 4 4 0 1845.75 0.634 0.016 0.170
6726 231 16 4 4 0 1845.75 0.634 0.016 0.170
6727 16 232 4 4 0 2359.45 0.827 0.071 0.260
6728 232 16 4 4 0 2359.45 0.827 0.071 0.260
6729 16 252 4 4 0 1554.83 0.524 0.032 0.155
6730 252 16 4 4 0 1554.83 0.524 0.032 0.155
6731 16 253 4 4 0 158.42 0.000 0.071 0.054
6732 253 16 4 4 0 158.42 0.000 0.071 0.054
6733 16 254 4 4 0 1478.48 0.496 0.079 0.183
6734 254 16 4 4 0 1478.48 0.496 0.079 0.183
6735 16 273 4 4 0 2651.21 0.936 0.087 0.300
6736 273 16 4 4 0 2651.21 0.936 0.087 0.300
6737 16 274 4 4 0 2153.10 0.749 0.087 0.253
6738 274 16 4 4 0 2153.10 0.749 0.087 0.253
6739 16 275 4 4 0 2607.16 0.920 0.095 0.301
6740 275 16 4 4 0 2607.16 0.920 0.095 0.301
6741 17 196 4 4 0 2067.34 0.717 0.024 0.197
6742 196 17 4 4 0 2067.34 0.717 0.024 0.197
6743 17 197 4 4 0 1719.25 0.586 0.016 0.158
6744 197 17 4 4 0 1719.25 0.586 0.016 0.158
6745 17 198 4 4 0 2486.88 0.874 0.071 0.272
6746 198 17 4 4 0 2486.88 0.874 0.071 0.272
6747 17 216 4 4 0 2716.81 0.961 0.071 0.294
6748 216 17 4 4 0 2716.81 0.961 0.071 0.294
6749 17 217 4 4 0 1230.64 0.403 0.056 0.142
6750 217 17 4 4 0 1230.64 0.403 0.056 0.142
6751 17 218 4 4 0 442.76 0.107 0.071 0.080
6752 218 17 4 4 0 442.76 0.107 0.071 0.080
6753 17 219 4 4 0 1850.86 0.636 0.024 0.177
6754 219 17 4 4 0 1850.86 0.636 0.024 0.177
6755 17 238 4 4 0 2597.62 0.916 0.071 0.283
6756 238 17 4 4 0 2597.62 0.916 0.071 0.283
6757 17 239 4 4 0 2329.98 0.816 0.087 0.269
6758 239 17 4 4 0 2329.98 0.816 0.087 0.269
6759 18 136 4 4 0 2039.00 0.706 0.032 0.200
6760 136 18 4 4 0 2039.00 0.706 0.032 0.200
6761 18 137 4 4 0 1347.40 0.447 0.016 0.124
6762 137 18 4 4 0 1347.40 0.447 0.016 0.124
6763 18 138 4 4 0 2003.14 0.693 0.032 0.197
6764 138 18 4 4 0 2003.14 0.693 0.032 0.197
6765 18 157 4 4 0 1663.81 0.565 0.024 0.159
6766 157 18 4 4 0 1663.81 0.565 0.024 0.159
6767 18 158 4 4 0 652.35 0.185 0.024 0.064
6768 158 18 4 4 0 652.35 0.185 0.024 0.064
6769 18 159 4 4 0 1619.65 0.549 0.024 0.155
6770 159 18 4 4 0 1619.65 0.549 0.024 0.155
6771 18 179 4 4 0 2651.10 0.936 0.024 0.252
6772 179 18 4 4 0 2651.10 0.936 0.024 0.252
6773 19 243 4 4 0 1861.41 0.640 0.024 0.178
6774 243 19 4 4 0 1861.41 0.640 0.024 0.178
6775 19 244 4 4 0 873.12 0.268 0.032 0.091
6776 244 19 4 4 0 873.12 0.268 0.032 0.091
6777 19 265 4 4 0 2004.27 0.693 0.032 0.197
6778 265 19 4 4 0 2004.27 0.693 0.032 0.197
6779 19 266 4 4 0 1146.24 0.371 0.024 0.111
6780 266 19 4 4 0 1146.24 0.371 0.024 0.111
6781 20 263 4 4 0 2541.80 0.895 0.063 0.271
6782 263 20 4 4 0 2541.80 0.895 0.063 0.271
6783 20 264 4 4 0 1834.04 0.629 0.032 0.181
6784 264 20 4 4 0 1834.04 0.629 0.032 0.181
6785 20 265 4 4 0 2195.70 0.765 0.032 0.215
6786 265 20 4 4 0 2195.70 0.765 0.032 0.215
6787 20 284 4 4 0 1790.54 0.613 0.071 0.207
6788 284 20 4 4 0 1790.54 0.613 0.071 0.207
6789 20 285 4 4 0 328.82 0.064 0.016 0.028
6790 285 20 4 4 0 328.82 0.064 0.016 0.028
6791 20 286 4 4 0 1251.36 0.410 0.016 0.115
6792 286 20 4 4 0 1251.36 0.410 0.016 0.115
6793 20 287 4 4 0 2753.07 0.974 0.024 0.261
6794 287 20 4 4 0 2753.07 0.974 0.024 0.261
6795 20 305 4 4 0 2818.45 0.999 0.079 0.309
6796 305 20 4 4 0 2818.45 0.999 0.079 0.309
6797 20 306 4 4 0 2201.12 0.767 0.024 0.210
6798 306 20 4 4 0 2201.12 0.767 0.024 0.210
6799 20 307 4 4 0 2510.60 0.883 0.071 0.274
6800 307 20 4 4 0 2510.60 0.883 0.071 0.274
6801 21 226 4 4 0 2494.37 0.877 0.087 0.285
6802 226 21 4 4 0 2494.37 0.877 0.087 0.285
6803 21 227 4 4 0 1385.14 0.461 0.056 0.157
6804 227 21 4 4 0 1385.14 0.461 0.056 0.157
6805 21 228 4 4 0 1472.05 0.493 0.325 0.367
6806 228 21 4 4 0 1472.05 0.493 0.325 0.367
6807 21 229 4 4 0 2639.47 0.932 0.302 0.459
6808 229 21 4 4 0 2639.47 0.932 0.302 0.459
6809 21 248 4 4 0 2318.79 0.811 0.079 0.262
6810 248 21 4 4 0 2318.79 0.811 0.079 0.262
6811 21 249 4 4 0 1035.56 0.329 0.087 0.148
6812 249 21 4 4 0 1035.56 0.329 0.087 0.148
6813 21 250 4 4 0 1149.24 0.372 0.063 0.141
6814 250 21 4 4 0 1149.24 0.372 0.063 0.141
6815 21 251 4 4 0 2474.26 0.870 0.071 0.271
6816 251 21 4 4 0 2474.26 0.870 0.071 0.271
6817 22 80 4 4 0 2456.62 0.863 0.294 0.436
6818 80 22 4 4 0 2456.62 0.863 0.294 0.436
6819 22 81 4 4 0 1360.48 0.451 0.190 0.256
6820 81 22 4 4 0 1360.48 0.451 0.190 0.256
6821 22 82 4 4 0 1483.54 0.498 0.286 0.339
6822 82 22 4 4 0 1483.54 0.498 0.286 0.339
6823 22 83 4 4 0 2661.76 0.940 0.278 0.443
6824 83 22 4 4 0 2661.76 0.940 0.278 0.443
6825 22 101 4 4 0 2285.92 0.799 0.286 0.414
6826 101 22 4 4 0 2285.92 0.799 0.286 0.414
6827 22 102 4 4 0 1019.90 0.324 0.262 0.277
6828 102 22 4 4 0 1019.90 0.324 0.262 0.277
6829 22 103 4 4 0 1179.10 0.383 0.183 0.233
6830 103 22 4 4 0 1179.10 0.383 0.183 0.233
6831 22 104 4 4 0 2505.13 0.881 0.246 0.405
6832 104 22 4 4 0 2505.13 0.881 0.246 0.405
6833 23 320 4 4 0 2189.57 0.763 0.087 0.256
6834 320 23 4 4 0 2189.57 0.763 0.087 0.256
6835 23 321 4 4 0 1559.59 0.526 0.095 0.203
6836 321 23 4 4 0 1559.59 0.526 0.095 0.203
6837 23 322 4 4 0 2152.26 0.749 0.056 0.229
6838 322 23 4 4 0 2152.26 0.749 0.056 0.229
6839 24 293 4 4 0 2222.71 0.775 0.079 0.253
6840 293 24 4 4 0 2222.71 0.775 0.079 0.253
6841 24 294 4 4 0 1527.10 0.514 0.079 0.188
6842 294 24 4 4 0 1527.10 0.514 0.079 0.188
6843 24 295 4 4 0 2069.51 0.718 0.063 0.227
6844 295 24 4 4 0 2069.51 0.718 0.063 0.227
6845 24 314 4 4 0 1687.42 0.574 0.087 0.209
6846 314 24 4 4 0 1687.42 0.574 0.087 0.209
6847 24 315 4 4 0 488.13 0.124 0.056 0.073
6848 315 24 4 4 0 488.13 0.124 0.056 0.073
6849 24 316 4 4 0 1479.75 0.496 0.048 0.160
6850 316 24 4 4 0 1479.75 0.496 0.048 0.160
6851 24 336 4 4 0 2477.26 0.871 0.095 0.289
6852 336 24 4 4 0 2477.26 0.871 0.095 0.289
6853 25 26 4 4 0 1504.29 0.505 0.048 0.162
6854 26 25 4 4 0 1504.29 0.505 0.048 0.162
6855 25 45 4 4 0 2502.00 0.880 0.040 0.250
6856 45 25 4 4 0 2502.00 0.880 0.040 0.250
6857 25 47 4 4 0 2502.00 0.880 0.040 0.250
6858 47 25 4 4 0 2502.00 0.880 0.040 0.250
6859 26 27 4 4 0 1504.29 0.505 0.056 0.168
6860 27 26 4 4 0 1504.29 0.505 0.056 0.168
6861 26 46 4 4 0 2502.00 0.880 0.056 0.262
6862 46 26 4 4 0 2502.00 0.880 0.056 0.262
6863 26 47 4 4 0 1999.12 0.691 0.056 0.214
6864 47 26 4 4 0 1999.12 0.691 0.056 0.214
6865 26 48 4 4 0 2502.00 0.880 0.056 0.262
6866 48 26 4 4 0 2502.00 0.880 0.056 0.262
6867 27 28 4 4 0 1504.29 0.505 0.056 0.168
6868 28 27 4 4 0 1504.29 0.505 0.056 0.168
6869 27 47 4 4 0 2502.00 0.880 0.048 0.256
6870 47 27 4 4 0 2502.00 0.880 0.048 0.256
6871 27 48 4 4 0 1999.12 0.691 0.048 0.209
6872 48 27 4 4 0 1999.12 0.691 0.048 0.209
6873 27 49 4 4 0 2502.00 0.880 0.048 0.256
6874 49 27 4 4 0 2502.00 0.880 0.048 0.256
6875 28 29 4 4 0 1504.29 0.505 0.056 0.168
6876 29 28 4 4 0 1504.29 0.505 0.056 0.168
6877 28 48 4 4 0 2502.00 0.880 0.056 0.262
6878 48 28 4 4 0 2502.00 0.880 0.056 0.262
6879 28 49 4 4 0 1999.12 0.691 0.056 0.214
6880 49 28 4 4 0 1999.12 0.691 0.056 0.214
6881 28 50 4 4 0 2502.00 0.880 0.063 0.268
6882 50 28 4 4 0 2502.00 0.880 0.063 0.268
6883 29 30 4 4 0 1504.29 0.505 0.048 0.162
6884 30 29 4 4 0 1504.29 0.505 0.048 0.162
6885 29 49 4 4 0 2502.00 0.880 0.048 0.256
6886 49 29 4 4 0 2502.00 0.880 0.048 0.256
6887 29 50 4 4 0 1999.12 0.691 0.056 0.214
6888 50 29 4 4 0 1999.12 0.691 0.056 0.214
6889 29 51 4 4 0 2502.00 0.880 0.056 0.262
6890 51 29 4 4 0 2502.00 0.880 0.056 0.262
6891 30 31 4 4 0 1504.29 0.505 0.056 0.168
6892 31 30 4 4 0 1504.29 0.505 0.056 0.168
6893 30 50 4 4 0 2502.00 0.880 0.056 0.262
6894 50 30 4 4 0 2502.00 0.880 0.056 0.262
6895 30 51 4 4 0 1999.12 0.691 0.056 0.214
6896 51 30 4 4 0 1999.12 0.691 0.056 0.214
6897 30 52 4 4 0 2502.00 0.880 0.056 0.262
6898 52 30 4 4 0 2502.00 0.880 0.056 0.262
6899 31 32 4 4 0 1504.29 0.505 0.048 0.162
6900 32 31 4 4 0 1504.29 0.505 0.048 0.162
6901 31 51 4 4 0 2502.00 0.880 0.063 0.268
6902 51 31 4 4 0 2502.00 0.880 0.063 0.268
6903 31 52 4 4 0 1999.12 0.691 0.063 0.220
6904 52 31 4 4 0 1999.12 0.691 0.063 0.220
6905 31 53 4 4 0 2502.00 0.880 0.056 0.262
6906 53 31 4 4 0 2502.00 0.880 0.056 0.262
6907 32 33 4 4 0 1504.29 0.505 0.040 0.156
6908 33 32 4 4 0 1504.29 0.505 0.040 0.156
6909 32 52 4 4 0 2502.00 0.880 0.048 0.256
6910 52 32 4 4 0 2502.00 0.880 0.048 0.256
6911 32 53 4 4 0 1999.12 0.691 0.040 0.203
6912 53 32 4 4 0 1999.12 0.691 0.040 0.203
6913 32 54 4 4 0 2502.00 0.880 0.040 0.250
6914 54 32 4 4 0 2502.00 0.880 0.040 0.250
6915 33 53 4 4 0 2502.00 0.880 0.048 0.256
6916 53 33 4 4 0 2502.00 0.880 0.048 0.256
6917 33 54 4 4 0 1999.12 0.691 0.048 0.209
6918 54 33 4 4 0 1999.12 0.691 0.048 0.209
6919 34 35 4 4 0 1504.71 0.506 0.159 0.245
6920 35 34 4 4 0 1504.71 0.506 0.159 0.245
6921 34 55 4 4 0 1999.11 0.691 0.317 0.411
6922 55 34 4 4 0 1999.11 0.691 0.317 0.411
6923 34 56 4 4 0 2502.25 0.880 0.286 0.434
6924 56 34 4 4 0 2502.25 0.880 0.286 0.434
6925 35 36 4 4 0 1504.71 0.506 0.397 0.424
6926 36 35 4 4 0 1504.71 0.506 0.397 0.424
6927 35 55 4 4 0 2502.25 0.880 0.333 0.470
6928 55 35 4 4 0 2502.25 0.880 0.333 0.470
6929 35 56 4 4 0 1999.11 0.691 0.302 0.399
6930 56 35 4 4 0 1999.11 0.691 0.302 0.399
6931 35 57 4 4 0 2502.25 0.880 0.317 0.458
6932 57 35 4 4 0 2502.25 0.880 0.317 0.458
6933 36 37 4 4 0 1504.71 0.506 0.643 0.609
6934 37 36 4 4 0 1504.71 0.506 0.643 0.609
6935 36 56 4 4 0 2502.25 0.880 0.524 0.613
6936 56 36 4 4 0 2502.25 0.880 0.524 0.613
6937 36 57 4 4 0 1999.11 0.691 0.540 0.578
6938 57 36 4 4 0 1999.11 0.691 0.540 0.578
6939 36 58 4 4 0 2502.25 0.880 0.587 0.661
6940 58 36 4 4 0 2502.25 0.880 0.587 0.661
6941 37 38 4 4 0 1504.71 0.506 0.627 0.597
6942 38 37 4 4 0 1504.71 0.506 0.627 0.597
6943 37 57 4 4 0 2502.25 0.880 0.563 0.643
6944 57 37 4 4 0 2502.25 0.880 0.563 0.643
6945 37 58 4 4 0 1999.11 0.691 0.611 0.631
6946 58 37 4 4 0 1999.11 0.691 0.611 0.631
6947 37 59 4 4 0 2502.25 0.880 0.683 0.732
6948 59 37 4 4 0 2502.25 0.880 0.683 0.732
6949 38 39 4 4 0 1504.71 0.506 0.611 0.585
6950 39 38 4 4 0 1504.71 0.506 0.611 0.585
6951 38 58 4 4 0 2502.25 0.880 0.571 0.649
6952 58 38 4 4 0 2502.25 0.880 0.571 0.649
6953 38 59 4 4 0 1999.11 0.691 0.643 0.655
6954 59 38 4 4 0 1999.11 0.691 0.643 0.655
6955 38 60 4 4 0 2502.25 0.880 0.548 0.631
6956 60 38 4 4 0 2502.25 0.880 0.548 0.631
6957 39 40 4 4 0 1504.71 0.506 0.500 0.501
6958 40 39 4 4 0 1504.71 0.506 0.500 0.501
6959 39 59 4 4 0 2502.25 0.880 0.667 0.720
6960 59 39 4 4 0 2502.25 0.880 0.667 0.720
6961 39 60 4 4 0 1999.11 0.691 0.571 0.601
6962 60 39 4 4 0 1999.11 0.691 0.571 0.601
6963 39 61 4 4 0 2502.25 0.880 0.548 0.631
6964 61 39 4 4 0 2502.25 0.880 0.548 0.631
6965 40 41 4 4 0 1504.71 0.506 0.444 0.460
6966 41 40 4 4 0 1504.71 0.506 0.444 0.460
6967 40 60 4 4 0 2502.25 0.880 0.437 0.547
6968 60 40 4 4 0 2502.25 0.880 0.437 0.547
6969 40 61 4 4 0 1999.11 0.691 0.413 0.482
6970 61 40 4 4 0 1999.11 0.691 0.413 0.482
6971 40 62 4 4 0 2502.25 0.880 0.381 0.506
6972 62 40 4 4 0 2502.25 0.880 0.381 0.506
6973 41 42 4 4 0 1504.71 0.506 0.532 0.525
6974 42 41 4 4 0 1504.71 0.506 0.532 0.525
6975 41 61 4 4 0 2502.25 0.880 0.492 0.589
6976 61 41 4 4 0 2502.25 0.880 0.492 0.589
6977 41 62 4 4 0 1999.11 0.691 0.460 0.518
6978 62 41 4 4 0 1999.11 0.691 0.460 0.518
6979 41 63 4 4 0 2502.25 0.880 0.484 0.583
6980 63 41 4 4 0 2502.25 0.880 0.484 0.583
6981 42 43 4 4 0 1504.71 0.506 0.302 0.353
6982 43 42 4 4 0 1504.71 0.506 0.302 0.353
6983 42 62 4 4 0 2502.25 0.880 0.468 0.571
6984 62 42 4 4 0 2502.25 0.880 0.468 0.571
6985 42 63 4 4 0 1999.11 0.691 0.492 0.542
6986 63 42 4 4 0 1999.11 0.691 0.492 0.542
6987 42 64 4 4 0 2502.25 0.880 0.294 0.440
6988 64 42 4 4 0 2502.25 0.880 0.294 0.440
6989 43 44 4 4 0 1504.71 0.506 0.063 0.174
6990 44 43 4 4 0 1504.71 0.506 0.063 0.174
6991 43 63 4 4 0 2502.25 0.880 0.254 0.411
6992 63 43 4 4 0 2502.25 0.880 0.254 0.411
6993 43 64 4 4 0 1999.11 0.691 0.056 0.214
6994 64 43 4 4 0 1999.11 0.691 0.056 0.214
6995 43 65 4 4 0 2502.25 0.880 0.056 0.262
6996 65 43 4 4 0 2502.25 0.880 0.056 0.262
6997 44 45 4 4 0 1504.71 0.506 0.056 0.168
6998 45 44 4 4 0 1504.71 0.506 0.056 0.168
6999 44 64 4 4 0 2502.25 0.880 0.056 0.262
7000 64 44 4 4 0 2502.25 0.880 0.056 0.262
7001 44 65 4 4 0 1999.11 0.691 0.056 0.214
7002 65 44 4 4 0 1999.11 0.691 0.056 0.214
7003 44 66 4 4 0 2502.25 0.880 0.048 0.256
7004 66 44 4 4 0 2502.25 0.880 0.048 0.256
7005 45 46 4 4 0 1504.71 0.506 0.048 0.162
7006 46 45 4 4 0 1504.71 0.506 0.048 0.162
7007 45 65 4 4 0 2502.25 0.880 0.048 0.256
7008 65 45 4 4 0 2502.25 0.880 0.048 0.256
7009 45 66 4 4 0 1999.11 0.691 0.040 0.203
7010 66 45 4 4 0 1999.11 0.691 0.040 0.203
7011 45 67 4 4 0 2502.25 0.880 0.048 0.256
7012 67 45 4 4 0 2502.25 0.880 0.048 0.256
7013 46 47 4 4 0 1504.71 0.506 0.048 0.162
7014 47 46 4 4 0 1504.71 0.506 0.048 0.162
7015 46 66 4 4 0 2502.25 0.880 0.040 0.250
7016 66 46 4 4 0 2502.25 0.880 0.040 0.250
7017 46 67 4 4 0 1999.11 0.691 0.048 0.209
7018 67 46 4 4 0 1999.11 0.691 0.048 0.209
7019 46 68 4 4 0 2502.25 0.880 0.056 0.262
7020 68 46 4 4 0 2502.25 0.880 0.056 0.262
7021 47 48 4 4 0 1504.71 0.506 0.048 0.162
7022 48 47 4 4 0 1504.71 0.506 0.048 0.162
7023 47 67 4 4 0 2502.25 0.880 0.048 0.256
7024 67 47 4 4 0 2502.25 0.880 0.048 0.256
7025 47 68 4 4 0 1999.11 0.691 0.056 0.214
7026 68 47 4 4 0 1999.11 0.691 0.056 0.214
7027 47 69 4 4 0 2502.25 0.880 0.040 0.250
7028 69 47 4 4 0 2502.25 0.880 0.040 0.250
7029 48 49 4 4 0 1504.71 0.506 0.048 0.162
7030 49 48 4 4 0 1504.71 0.506 0.048 0.162
7031 48 68 4 4 0 2502.25 0.880 0.056 0.262
7032 68 48 4 4 0 2502.25 0.880 0.056 0.262
7033 48 69 4 4 0 1999.11 0.691 0.040 0.203
7034 69 48 4 4 0 1999.11 0.691 0.040 0.203
7035 48 70 4 4 0 2502.25 0.880 0.056 0.262
7036 70 48 4 4 0 2502.25 0.880 0.056 0.262
7037 49 50 4 4 0 1504.71 0.506 0.056 0.168
7038 50 49 4 4 0 1504.71 0.506 0.056 0.168
7039 49 69 4 4 0 2502.25 0.880 0.040 0.250
7040 69 49 4 4 0 2502.25 0.880 0.040 0.250
7041 49 70 4 4 0 1999.11 0.691 0.056 0.214
7042 70 49 4 4 0 1999.11 0.691 0.056 0.214
7043 49 71 4 4 0 2502.25 0.880 0.040 0.250
7044 71 49 4 4 0 2502.25 0.880 0.040 0.250
7045 50 51 4 4 0 1504.71 0.506 0.063 0.174
7046 51 50 4 4 0 1504.71 0.506 0.063 0.174
7047 50 70 4 4 0 2502.25 0.880 0.063 0.268
7048 70 50 4 4 0 2502.25 0.880 0.063 0.268
7049 50 71 4 4 0 1999.11 0.691 0.048 0.209
7050 71 50 4 4 0 1999.11 0.691 0.048 0.209
7051 50 72 4 4 0 2502.25 0.880 0.063 0.268
7052 72 50 4 4 0 2502.25 0.880 0.063 0.268
7053 51 52 4 4 0 1504.71 0.506 0.063 0.174
7054 52 51 4 4 0 1504.71 0.506 0.063 0.174
7055 51 71 4 4 0 2502.25 0.880 0.048 0.256
7056 71 51 4 4 0 2502.25 0.880 0.048 0.256
7057 51 72 4 4 0 1999.11 0.691 0.063 0.220
7058 72 51 4 4 0 1999.11 0.691 0.063 0.220
7059 51 73 4 4 0 2502.25 0.880 0.048 0.256
7060 73 51 4 4 0 2502.25 0.880 0.048 0.256
7061 52 53 4 4 0 1504.71 0.506 0.056 0.168
7062 53 52 4 4 0 1504.71 0.506 0.056 0.168
7063 52 72 4 4 0 2502.25 0.880 0.063 0.268
7064 72 52 4 4 0 2502.25 0.880 0.063 0.268
7065 52 73 4 4 0 1999.11 0.691 0.048 0.209
7066 73 52 4 4 0 1999.11 0.691 0.048 0.209
7067 52 74 4 4 0 2502.25 0.880 0.048 0.256
7068 74 52 4 4 0 2502.25 0.880 0.048 0.256
7069 53 54 4 4 0 1504.71 0.506 0.048 0.162
7070 54 53 4 4 0 1504.71 0.506 0.048 0.162
7071 53 73 4 4 0 2502.25 0.880 0.040 0.250
7072 73 53 4 4 0 2502.25 0.880 0.040 0.250
7073 53 74 4 4 0 1999.11 0.691 0.040 0.203
7074 74 53 4 4 0 1999.11 0.691 0.040 0.203
7075 53 75 4 4 0 2502.25 0.880 0.056 0.262
7076 75 53 4 4 0 2502.25 0.880 0.056 0.262
7077 54 74 4 4 0 2502.25 0.880 0.040 0.250
7078 74 54 4 4 0 2502.25 0.880 0.040 0.250
7079 54 75 4 4 0 1999.11 0.691 0.056 0.214
7080 75 54 4 4 0 1999.11 0.691 0.056 0.214
7081 55 56 4 4 0 1505.13 0.506 0.460 0.472
7082 56 55 4 4 0 1505.13 0.506 0.460 0.472
7083 55 76 4 4 0 1999.11 0.691 0.532 0.572
7084 76 55 4 4 0 1999.11 0.691 0.532 0.572
7085 55 77 4 4 0 2502.49 0.880 0.540 0.625
7086 77 55 4 4 0 2502.49 0.880 0.540 0.625
7087 56 57 4 4 0 1505.13 0.506 0.444 0.460
7088 57 56 4 4 0 1505.13 0.506 0.444 0.460
7089 56 76 4 4 0 2502.49 0.880 0.500 0.595
7090 76 56 4 4 0 2502.49 0.880 0.500 0.595
7091 56 77 4 4 0 1999.11 0.691 0.508 0.554
7092 77 56 4 4 0 1999.11 0.691 0.508 0.554
7093 56 78 4 4 0 2502.49 0.880 0.484 0.583
7094 78 56 4 4 0 2502.49 0.880 0.484 0.583
7095 57 58 4 4 0 1505.13 0.506 0.508 0.507
7096 58 57 4 4 0 1505.13 0.506 0.508 0.507
7097 57 77 4 4 0 2502.49 0.880 0.524 0.613
7098 77 57 4 4 0 2502.49 0.880 0.524 0.613
7099 57 78 4 4 0 1999.11 0.691 0.500 0.548
7100 78 57 4 4 0 1999.11 0.691 0.500 0.548
7101 57 79 4 4 0 2502.49 0.880 0.500 0.595
7102 79 57 4 4 0 2502.49 0.880 0.500 0.595
7103 58 59 4 4 0 1505.13 0.506 0.627 0.597
7104 59 58 4 4 0 1505.13 0.506 0.627 0.597
7105 58 78 4 4 0 2502.49 0.880 0.548 0.631
7106 78 58 4 4 0 2502.49 0.880 0.548 0.631
7107 58 79 4 4 0 1999.11 0.691 0.548 0.584
7108 79 58 4 4 0 1999.11 0.691 0.548 0.584
7109 58 80 4 4 0 2502.49 0.880 0.571 0.649
7110 80 58 4 4 0 2502.49 0.880 0.571 0.649
7111 59 60 4 4 0 1505.13 0.506 0.603 0.579
7112 60 59 4 4 0 1505.13 0.506 0.603 0.579
7113 59 79 4 4 0 2502.49 0.880 0.619 0.684
7114 79 59 4 4 0 2502.49 0.880 0.619 0.684
7115 59 80 4 4 0 1999.11 0.691 0.643 0.655
7116 80 59 4 4 0 1999.11 0.691 0.643 0.655
7117 59 81 4 4 0 2502.49 0.880 0.540 0.625
7118 81 59 4 4 0 2502.49 0.880 0.540 0.625
7119 60 61 4 4 0 1505.13 0.506 0.484 0.490
7120 61 60 4 4 0 1505.13 0.506 0.484 0.490
7121 60 80 4 4 0 2502.49 0.880 0.548 0.631
7122 80 60 4 4 0 2502.49 0.880 0.548 0.631
7123 60 81 4 4 0 1999.11 0.691 0.444 0.506
7124 81 60 4 4 0 1999.11 0.691 0.444 0.506
7125 60 82 4 4 0 2502.49 0.880 0.540 0.625
7126 82 60 4 4 0 2502.49 0.880 0.540 0.625
7127 61 62 4 4 0 1505.13 0.506 0.429 0.448
7128 62 61 4 4 0 1505.13 0.506 0.429 0.448
7129 61 81 4 4 0 2502.49 0.880 0.421 0.536
7130 81 61 4 4 0 2502.49 0.880 0.421 0.536
7131 61 82 4 4 0 1999.11 0.691 0.516 0.560
7132 82 61 4 4 0 1999.11 0.691 0.516 0.560
7133 61 83 4 4 0 2502.49 0.880 0.508 0.601
7134 83 61 4 4 0 2502.49 0.880 0.508 0.601
7135 62 63 4 4 0 1505.13 0.506 0.421 0.442
7136 63 62 4 4 0 1505.13 0.506 0.421 0.442
7137 62 82 4 4 0 2502.49 0.880 0.484 0.583
7138 82 62 4 4 0 2502.49 0.880 0.484 0.583
7139 62 83 4 4 0 1999.11 0.691 0.476 0.530
7140 83 62 4 4 0 1999.11 0.691 0.476 0.530
7141 62 84 4 4 0 2502.49 0.880 0.540 0.625
7142 84 62 4 4 0 2502.49 0.880 0.540 0.625
7143 63 64 4 4 0 1505.13 0.506 0.246 0.311
7144 64 63 4 4 0 1505.13 0.506 0.246 0.311
7145 63 83 4 4 0 2502.49 0.880 0.500 0.595
7146 83 63 4 4 0 2502.49 0.880 0.500 0.595
7147 63 84 4 4 0 1999.11 0.691 0.563 0.595
7148 84 63 4 4 0 1999.11 0.691 0.563 0.595
7149 63 85 4 4 0 2502.49 0.880 0.246 0.405
7150 85 63 4 4 0 2502.49 0.880 0.246 0.405
7151 64 65 4 4 0 1505.13 0.506 0.048 0.162
7152 65 64 4 4 0 1505.13 0.506 0.048 0.162
7153 64 84 4 4 0 2502.49 0.880 0.365 0.494
7154 84 64 4 4 0 2502.49 0.880 0.365 0.494
7155 64 85 4 4 0 1999.11 0.691 0.048 0.209
7156 85 64 4 4 0 1999.11 0.691 0.048 0.209
7157 64 86 4 4 0 2502.49 0.880 0.048 0.256
7158 86 64 4 4 0 2502.49 0.880 0.048 0.256
7159 65 66 4 4 0 1505.13 0.506 0.040 0.156
7160 66 65 4 4 0 1505.13 0.506 0.040 0.156
7161 65 85 4 4 0 2502.49 0.880 0.048 0.256
7162 85 65 4 4 0 2502.49 0.880 0.048 0.256
7163 65 86 4 4 0 1999.11 0.691 0.048 0.209
7164 86 65 4 4 0 1999.11 0.691 0.048 0.209
7165 65 87 4 4 0 2502.49 0.880 0.048 0.256
7166 87 65 4 4 0 2502.49 0.880 0.048 0.256
7167 66 67 4 4 0 1505.13 0.506 0.040 0.156
7168 67 66 4 4 0 1505.13 0.506 0.040 0.156
7169 66 86 4 4 0 2502.49 0.880 0.040 0.250
7170 86 66 4 4 0 2502.49 0.880 0.040 0.250
7171 66 87 4 4 0 1999.11 0.691 0.040 0.203
7172 87 66 4 4 0 1999.11 0.691 0.040 0.203
7173 66 88 4 4 0 2502.49 0.880 0.040 0.250
7174 88 66 4 4 0 2502.49 0.880 0.040 0.250
7175 67 68 4 4 0 1505.13 0.506 0.056 0.168
7176 68 67 4 4 0 1505.13 0.506 0.056 0.168
7177 67 87 4 4 0 2502.49 0.880 0.048 0.256
7178 87 67 4 4 0 2502.49 0.880 0.048 0.256
7179 67 88 4 4 0 1999.11 0.691 0.048 0.209
7180 88 67 4 4 0 1999.11 0.691 0.048 0.209
7181 67 89 4 4 0 2502.49 0.880 0.048 0.256
7182 89 67 4 4 0 2502.49 0.880 0.048 0.256
7183 68 69 4 4 0 1505.13 0.506 0.048 0.162
7184 69 68 4 4 0 1505.13 0.506 0.048 0.162
7185 68 88 4 4 0 2502.49 0.880 0.056 0.262
7186 88 68 4 4 0 2502.49 0.880 0.056 0.262
7187 68 89 4 4 0 1999.11 0.691 0.056 0.214
7188 89 68 4 4 0 1999.11 0.691 0.056 0.214
7189 68 90 4 4 0 2502.49 0.880 0.056 0.262
7190 90 68 4 4 0 2502.49 0.880 0.056 0.262
7191 69 70 4 4 0 1505.13 0.506 0.048 0.162
7192 70 69 4 4 0 1505.13 0.506 0.048 0.162
7193 69 89 4 4 0 2502.49 0.880 0.040 0.250
7194 89 69 4 4 0 2502.49 0.880 0.040 0.250
7195 69 90 4 4 0 1999.11 0.691 0.040 0.203
7196 90 69 4 4 0 1999.11 0.691 0.040 0.203
7197 69 91 4 4 0 2502.49 0.880 0.040 0.250
7198 91 69 4 4 0 2502.49 0.880 0.040 0.250
7199 70 71 4 4 0 1505.13 0.506 0.048 0.162
7200 71 70 4 4 0 1505.13 0.506 0.048 0.162
7201 70 90 4 4 0 2502.49 0.880 0.056 0.262
7202 90 70 4 4 0 2502.49 0.880 0.056 0.262
7203 70 91 4 4 0 1999.11 0.691 0.056 0.214
7204 91 70 4 4 0 1999.11 0.691 0.056 0.214
7205 70 92 4 4 0 2502.49 0.880 0.063 0.268
7206 92 70 4 4 0 2502.49 0.880 0.063 0.268
7207 71 72 4 4 0 1505.13 0.506 0.048 0.162
7208 72 71 4 4 0 1505.13 0.506 0.048 0.162
7209 71 91 4 4 0 2502.49 0.880 0.040 0.250
7210 91 71 4 4 0 2502.49 0.880 0.040 0.250
7211 71 92 4 4 0 1999.11 0.691 0.048 0.209
7212 92 71 4 4 0 1999.11 0.691 0.048 0.209
7213 71 93 4 4 0 2502.49 0.880 0.032 0.244
7214 93 71 4 4 0 2502.49 0.880 0.032 0.244
7215 72 73 4 4 0 1505.13 0.506 0.048 0.162
7216 73 72 4 4 0 1505.13 0.506 0.048 0.162
7217 72 92 4 4 0 2502.49 0.880 0.063 0.268
7218 92 72 4 4 0 2502.49 0.880 0.063 0.268
7219 72 93 4 4 0 1999.11 0.691 0.048 0.209
7220 93 72 4 4 0 1999.11 0.691 0.048 0.209
7221 72 94 4 4 0 2502.49 0.880 0.056 0.262
7222 94 72 4 4 0 2502.49 0.880 0.056 0.262
7223 73 74 4 4 0 1505.13 0.506 0.032 0.150
7224 74 73 4 4 0 1505.13 0.506 0.032 0.150
7225 73 93 4 4 0 2502.49 0.880 0.032 0.244
7226 93 73 4 4 0 2502.49 0.880 0.032 0.244
7227 73 94 4 4 0 1999.11 0.691 0.040 0.203
7228 94 73 4 4 0 1999.11 0.691 0.040 0.203
7229 74 75 4 4 0 1505.13 0.506 0.048 0.162
7230 75 74 4 4 0 1505.13 0.506 0.048 0.162
7231 74 94 4 4 0 2502.49 0.880 0.040 0.250
7232 94 74 4 4 0 2502.49 0.880 0.040 0.250
7233 74 95 4 4 0 1999.11 0.691 0.040 0.203
7234 95 74 4 4 0 1999.11 0.691 0.040 0.203
7235 74 96 4 4 0 2502.49 0.880 0.048 0.256
7236 96 74 4 4 0 2502.49 0.880 0.048 0.256
7237 75 95 4 4 0 2502.49 0.880 0.056 0.262
7238 95 75 4 4 0 2502.49 0.880 0.056 0.262
7239 75 96 4 4 0 1999.11 0.691 0.063 0.220
7240 96 75 4 4 0 1999.11 0.691 0.063 0.220
7241 76 77 4 4 0 1505.54 0.506 0.579 0.561
7242 77 76 4 4 0 1505.54 0.506 0.579 0.561
7243 76 97 4 4 0 1999.10 0.691 0.611 0.631
7244 97 76 4 4 0 1999.10 0.691 0.611 0.631
7245 76 98 4 4 0 2502.74 0.880 0.540 0.625
7246 98 76 4 4 0 2502.74 0.880 0.540 0.625
7247 77 78 4 4 0 1505.54 0.506 0.563 0.549
7248 78 77 4 4 0 1505.54 0.506 0.563 0.549
7249 77 97 4 4 0 2502.74 0.880 0.619 0.684
7250 97 77 4 4 0 2502.74 0.880 0.619 0.684
7251 77 98 4 4 0 1999.10 0.691 0.548 0.584
7252 98 77 4 4 0 1999.10 0.691 0.548 0.584
7253 77 99 4 4 0 2502.74 0.880 0.500 0.595
7254 99 77 4 4 0 2502.74 0.880 0.500 0.595
7255 78 79 4 4 0 1505.54 0.506 0.540 0.531
7256 79 78 4 4 0 1505.54 0.506 0.540 0.531
7257 78 98 4 4 0 2502.74 0.880 0.524 0.613
7258 98 78 4 4 0 2502.74 0.880 0.524 0.613
7259 78 99 4 4 0 1999.10 0.691 0.476 0.530
7260 99 78 4 4 0 1999.10 0.691 0.476 0.530
7261 78 100 4 4 0 2502.74 0.880 0.619 0.684
7262 100 78 4 4 0 2502.74 0.880 0.619 0.684
7263 79 80 4 4 0 1505.54 0.506 0.563 0.549
7264 80 79 4 4 0 1505.54 0.506 0.563 0.549
7265 79 99 4 4 0 2502.74 0.880 0.476 0.577
7266 99 79 4 4 0 2502.74 0.880 0.476 0.577
7267 79 100 4 4 0 1999.10 0.691 0.619 0.637
7268 100 79 4 4 0 1999.10 0.691 0.619 0.637
7269 79 101 4 4 0 2502.74 0.880 0.556 0.637
7270 101 79 4 4 0 2502.74 0.880 0.556 0.637
7271 80 81 4 4 0 1505.54 0.506 0.484 0.490
7272 81 80 4 4 0 1505.54 0.506 0.484 0.490
7273 80 100 4 4 0 2502.74 0.880 0.643 0.702
7274 100 80 4 4 0 2502.74 0.880 0.643 0.702
7275 80 101 4 4 0 1999.10 0.691 0.579 0.607
7276 101 80 4 4 0 1999.10 0.691 0.579 0.607
7277 80 102 4 4 0 2502.74 0.880 0.556 0.637
7278 102 80 4 4 0 2502.74 0.880 0.556 0.637
7279 81 82 4 4 0 1505.54 0.506 0.476 0.484
7280 82 81 4 4 0 1505.54 0.506 0.476 0.484
7281 81 102 4 4 0 1999.10 0.691 0.452 0.512
7282 102 81 4 4 0 1999.10 0.691 0.452 0.512
7283 81 103 4 4 0 2502.74 0.880 0.373 0.500
7284 103 81 4 4 0 2502.74 0.880 0.373 0.500
7285 82 83 4 4 0 1505.54 0.506 0.563 0.549
7286 83 82 4 4 0 1505.54 0.506 0.563 0.549
7287 82 102 4 4 0 2502.74 0.880 0.548 0.631
7288 102 82 4 4 0 2502.74 0.880 0.548 0.631
7289 82 103 4 4 0 1999.10 0.691 0.468 0.524
7290 103 82 4 4 0 1999.10 0.691 0.468 0.524
7291 82 104 4 4 0 2502.74 0.880 0.532 0.619
7292 104 82 4 4 0 2502.74 0.880 0.532 0.619
7293 83 84 4 4 0 1505.54 0.506 0.619 0.591
7294 84 83 4 4 0 1505.54 0.506 0.619 0.591
7295 83 103 4 4 0 2502.74 0.880 0.460 0.565
7296 103 83 4 4 0 2502.74 0.880 0.460 0.565
7297 83 104 4 4 0 1999.10 0.691 0.524 0.566
7298 104 83 4 4 0 1999.10 0.691 0.524 0.566
7299 83 105 4 4 0 2502.74 0.880 0.468 0.571
7300 105 83 4 4 0 2502.74 0.880 0.468 0.571
7301 84 85 4 4 0 1505.54 0.506 0.365 0.400
7302 85 84 4 4 0 1505.54 0.506 0.365 0.400
7303 84 104 4 4 0 2502.74 0.880 0.587 0.661
7304 104 84 4 4 0 2502.74 0.880 0.587 0.661
7305 84 105 4 4 0 1999.10 0.691 0.532 0.572
7306 105 84 4 4 0 1999.10 0.691 0.532 0.572
7307 84 106 4 4 0 2502.74 0.880 0.373 0.500
7308 106 84 4 4 0 2502.74 0.880 0.373 0.500
7309 85 86 4 4 0 1505.54 0.506 0.048 0.162
7310 86 85 4 4 0 1505.54 0.506 0.048 0.162
7311 85 105 4 4 0 2502.74 0.880 0.214 0.381
7312 105 85 4 4 0 2502.74 0.880 0.214 0.381
7313 85 106 4 4 0 1999.10 0.691 0.056 0.214
7314 106 85 4 4 0 1999.10 0.691 0.056 0.214
7315 85 107 4 4 0 2502.74 0.880 0.056 0.262
7316 107 85 4 4 0 2502.74 0.880 0.056 0.262
7317 86 87 4 4 0 1505.54 0.506 0.048 0.162
7318 87 86 4 4 0 1505.54 0.506 0.048 0.162
7319 86 106 4 4 0 2502.74 0.880 0.056 0.262
7320 106 86 4 4 0 2502.74 0.880 0.056 0.262
7321 86 107 4 4 0 1999.10 0.691 0.056 0.214
7322 107 86 4 4 0 1999.10 0.691 0.056 0.214
7323 86 108 4 4 0 2502.74 0.880 0.040 0.250
7324 108 86 4 4 0 2502.74 0.880 0.040 0.250
7325 87 88 4 4 0 1505.54 0.506 0.048 0.162
7326 88 87 4 4 0 1505.54 0.506 0.048 0.162
7327 87 107 4 4 0 2502.74 0.880 0.056 0.262
7328 107 87 4 4 0 2502.74 0.880 0.056 0.262
7329 87 108 4 4 0 1999.10 0.691 0.040 0.203
7330 108 87 4 4 0 1999.10 0.691 0.040 0.203
7331 87 109 4 4 0 2502.74 0.880 0.056 0.262
7332 109 87 4 4 0 2502.74 0.880 0.056 0.262
7333 88 89 4 4 0 1505.54 0.506 0.048 0.162
7334 89 88 4 4 0 1505.54 0.506 0.048 0.162
7335 88 108 4 4 0 2502.74 0.880 0.040 0.250
7336 108 88 4 4 0 2502.74 0.880 0.040 0.250
7337 88 109 4 4 0 1999.10 0.691 0.056 0.214
7338 109 88 4 4 0 1999.10 0.691 0.056 0.214
7339 88 110 4 4 0 2502.74 0.880 0.048 0.256
7340 110 88 4 4 0 2502.74 0.880 0.048 0.256
7341 89 90 4 4 0 1505.54 0.506 0.048 0.162
7342 90 89 4 4 0 1505.54 0.506 0.048 0.162
7343 89 109 4 4 0 2502.74 0.880 0.056 0.262
7344 109 89 4 4 0 2502.74 0.880 0.056 0.262
7345 89 110 4 4 0 1999.10 0.691 0.048 0.209
7346 110 89 4 4 0 1999.10 0.691 0.048 0.209
7347 89 111 4 4 0 2502.74 0.880 0.048 0.256
7348 111 89 4 4 0 2502.74 0.880 0.048 0.256
7349 90 91 4 4 0 1505.54 0.506 0.048 0.162
7350 91 90 4 4 0 1505.54 0.506 0.048 0.162
7351 90 110 4 4 0 2502.74 0.880 0.048 0.256
7352 110 90 4 4 0 2502.74 0.880 0.048 0.256
7353 90 111 4 4 0 1999.10 0.691 0.048 0.209
7354 111 90 4 4 0 1999.10 0.691 0.048 0.209
7355 90 112 4 4 0 2502.74 0.880 0.056 0.262
7356 112 90 4 4 0 2502.74 0.880 0.056 0.262
7357 91 92 4 4 0 1505.54 0.506 0.056 0.168
7358 92 91 4 4 0 1505.54 0.506 0.056 0.168
7359 91 111 4 4 0 2502.74 0.880 0.048 0.256
7360 111 91 4 4 0 2502.74 0.880 0.048 0.256
7361 91 112 4 4 0 1999.10 0.691 0.056 0.214
7362 112 91 4 4 0 1999.10 0.691 0.056 0.214
7363 91 113 4 4 0 2502.74 0.880 0.048 0.256
7364 113 91 4 4 0 2502.74 0.880 0.048 0.256
7365 92 93 4 4 0 1505.54 0.506 0.048 0.162
7366 93 92 4 4 0 1505.54 0.506 0.048 0.162
7367 92 112 4 4 0 2502.74 0.880 0.063 0.268
7368 112 92 4 4 0 2502.74 0.880 0.063 0.268
7369 92 113 4 4 0 1999.10 0.691 0.056 0.214
7370 113 92 4 4 0 1999.10 0.691 0.056 0.214
7371 92 114 4 4 0 2502.74 0.880 0.048 0.256
7372 114 92 4 4 0 2502.74 0.880 0.048 0.256
7373 93 94 4 4 0 1505.54 0.506 0.040 0.156
7374 94 93 4 4 0 1505.54 0.506 0.040 0.156
7375 93 113 4 4 0 2502.74 0.880 0.040 0.250
7376 113 93 4 4 0 2502.74 0.880 0.040 0.250
7377 93 114 4 4 0 1999.10 0.691 0.032 0.197
7378 114 93 4 4 0 1999.10 0.691 0.032 0.197
7379 93 115 4 4 0 2502.74 0.880 0.040 0.250
7380 115 93 4 4 0 2502.74 0.880 0.040 0.250
7381 94 95 4 4 0 1505.54 0.506 0.048 0.162
7382 95 94 4 4 0 1505.54 0.506 0.048 0.162
7383 94 114 4 4 0 2502.74 0.880 0.040 0.250
7384 114 94 4 4 0 2502.74 0.880 0.040 0.250
7385 94 115 4 4 0 1999.10 0.691 0.048 0.209
7386 115 94 4 4 0 1999.10 0.691 0.048 0.209
7387 94 116 4 4 0 2502.74 0.880 0.048 0.256
7388 116 94 4 4 0 2502.74 0.880 0.048 0.256
7389 95 96 4 4 0 1505.54 0.506 0.056 0.168
7390 96 95 4 4 0 1505.54 0.506 0.056 0.168
7391 95 116 4 4 0 1999.10 0.691 0.048 0.209
7392 116 95 4 4 0 1999.10 0.691 0.048 0.209
7393 95 117 4 4 0 2502.74 0.880 0.056 0.262
7394 117 95 4 4 0 2502.74 0.880 0.056 0.262
7395 96 116 4 4 0 2502.74 0.880 0.056 0.262
7396 116 96 4 4 0 2502.74 0.880 0.056 0.262
7397 96 117 4 4 0 1999.10 0.691 0.063 0.220
7398 117 96 4 4 0 1999.10 0.691 0.063 0.220
7399 97 98 4 4 0 1505.96 0.506 0.579 0.561
7400 98 97 4 4 0 1505.96 0.506 0.579 0.561
7401 97 118 4 4 0 1999.10 0.691 0.675 0.679
7402 118 97 4 4 0 1999.10 0.691 0.675 0.679
7403 97 119 4 4 0 2502.98 0.881 0.563 0.643
7404 119 97 4 4 0 2502.98 0.881 0.563 0.643
7405 98 99 4 4 0 1505.96 0.506 0.460 0.472
7406 99 98 4 4 0 1505.96 0.506 0.460 0.472
7407 98 118 4 4 0 2502.98 0.881 0.603 0.673
7408 118 98 4 4 0 2502.98 0.881 0.603 0.673
7409 98 119 4 4 0 1999.10 0.691 0.492 0.542
7410 119 98 4 4 0 1999.10 0.691 0.492 0.542
7411 98 120 4 4 0 2502.98 0.881 0.556 0.637
7412 120 98 4 4 0 2502.98 0.881 0.556 0.637
7413 99 100 4 4 0 1505.96 0.506 0.556 0.543
7414 100 99 4 4 0 1505.96 0.506 0.556 0.543
7415 99 119 4 4 0 2502.98 0.881 0.444 0.553
7416 119 99 4 4 0 2502.98 0.881 0.444 0.553
7417 99 120 4 4 0 1999.10 0.691 0.508 0.554
7418 120 99 4 4 0 1999.10 0.691 0.508 0.554
7419 99 121 4 4 0 2502.98 0.881 0.460 0.565
7420 121 99 4 4 0 2502.98 0.881 0.460 0.565
7421 100 101 4 4 0 1505.96 0.506 0.635 0.603
7422 101 100 4 4 0 1505.96 0.506 0.635 0.603
7423 100 120 4 4 0 2502.98 0.881 0.651 0.708
7424 120 100 4 4 0 2502.98 0.881 0.651 0.708
7425 100 121 4 4 0 1999.10 0.691 0.603 0.625
7426 121 100 4 4 0 1999.10 0.691 0.603 0.625
7427 100 122 4 4 0 2502.98 0.881 0.627 0.690
7428 122 100 4 4 0 2502.98 0.881 0.627 0.690
7429 101 102 4 4 0 1505.96 0.506 0.548 0.537
7430 102 101 4 4 0 1505.96 0.506 0.548 0.537
7431 101 121 4 4 0 2502.98 0.881 0.540 0.625
7432 121 101 4 4 0 2502.98 0.881 0.540 0.625
7433 101 122 4 4 0 1999.10 0.691 0.563 0.595
7434 122 101 4 4 0 1999.10 0.691 0.563 0.595
7435 101 123 4 4 0 2502.98 0.881 0.508 0.601
7436 123 101 4 4 0 2502.98 0.881 0.508 0.601
7437 102 103 4 4 0 1505.96 0.506 0.444 0.460
7438 103 102 4 4 0 1505.96 0.506 0.444 0.460
7439 102 122 4 4 0 2502.98 0.881 0.540 0.625
7440 122 102 4 4 0 2502.98 0.881 0.540 0.625
7441 102 123 4 4 0 1999.10 0.691 0.484 0.536
7442 123 102 4 4 0 1999.10 0.691 0.484 0.536
7443 102 124 4 4 0 2502.98 0.881 0.540 0.625
7444 124 102 4 4 0 2502.98 0.881 0.540 0.625
7445 103 104 4 4 0 1505.96 0.506 0.429 0.448
7446 104 103 4 4 0 1505.96 0.506 0.429 0.448
7447 103 124 4 4 0 1999.10 0.691 0.460 0.518
7448 124 103 4 4 0 1999.10 0.691 0.460 0.518
7449 103 125 4 4 0 2502.98 0.881 0.381 0.506
7450 125 103 4 4 0 2502.98 0.881 0.381 0.506
7451 104 105 4 4 0 1505.96 0.506 0.437 0.454
7452 105 104 4 4 0 1505.96 0.506 0.437 0.454
7453 104 124 4 4 0 2502.98 0.881 0.524 0.613
7454 124 104 4 4 0 2502.98 0.881 0.524 0.613
7455 104 125 4 4 0 1999.10 0.691 0.444 0.506
7456 125 104 4 4 0 1999.10 0.691 0.444 0.506
7457 104 126 4 4 0 2502.98 0.881 0.270 0.423
7458 126 104 4 4 0 2502.98 0.881 0.270 0.423
7459 105 106 4 4 0 1505.96 0.506 0.222 0.293
7460 106 105 4 4 0 1505.96 0.506 0.222 0.293
7461 105 125 4 4 0 2502.98 0.881 0.389 0.512
7462 125 105 4 4 0 2502.98 0.881 0.389 0.512
7463 105 126 4 4 0 1999.10 0.691 0.214 0.334
7464 126 105 4 4 0 1999.10 0.691 0.214 0.334
7465 105 127 4 4 0 2502.98 0.881 0.222 0.387
7466 127 105 4 4 0 2502.98 0.881 0.222 0.387
7467 106 107 4 4 0 1505.96 0.506 0.063 0.174
7468 107 106 4 4 0 1505.96 0.506 0.063 0.174
7469 106 126 4 4 0 2502.98 0.881 0.056 0.262
7470 126 106 4 4 0 2502.98 0.881 0.056 0.262
7471 106 127 4 4 0 1999.10 0.691 0.063 0.220
7472 127 106 4 4 0 1999.10 0.691 0.063 0.220
7473 106 128 4 4 0 2502.98 0.881 0.056 0.262
7474 128 106 4 4 0 2502.98 0.881 0.056 0.262
7475 107 108 4 4 0 1505.96 0.506 0.048 0.162
7476 108 107 4 4 0 1505.96 0.506 0.048 0.162
7477 107 127 4 4 0 2502.98 0.881 0.063 0.268
7478 127 107 4 4 0 2502.98 0.881 0.063 0.268
7479 107 128 4 4 0 1999.10 0.691 0.056 0.214
7480 128 107 4 4 0 1999.10 0.691 0.056 0.214
7481 107 129 4 4 0 2502.98 0.881 0.056 0.262
7482 129 107 4 4 0 2502.98 0.881 0.056 0.262
7483 108 109 4 4 0 1505.96 0.506 0.048 0.162
7484 109 108 4 4 0 1505.96 0.506 0.048 0.162
7485 108 128 4 4 0 2502.98 0.881 0.040 0.250
7486 128 108 4 4 0 2502.98 0.881 0.040 0.250
7487 108 129 4 4 0 1999.10 0.691 0.040 0.203
7488 129 108 4 4 0 1999.10 0.691 0.040 0.203
7489 108 130 4 4 0 2502.98 0.881 0.040 0.250
7490 130 108 4 4 0 2502.98 0.881 0.040 0.250
7491 109 110 4 4 0 1505.96 0.506 0.056 0.168
7492 110 109 4 4 0 1505.96 0.506 0.056 0.168
7493 109 129 4 4 0 2502.98 0.881 0.056 0.262
7494 129 109 4 4 0 2502.98 0.881 0.056 0.262
7495 109 130 4 4 0 1999.10 0.691 0.056 0.214
7496 130 109 4 4 0 1999.10 0.691 0.056 0.214
7497 109 131 4 4 0 2502.98 0.881 0.063 0.268
7498 131 109 4 4 0 2502.98 0.881 0.063 0.268
7499 110 111 4 4 0 1505.96 0.506 0.048 0.162
7500 111 110 4 4 0 1505.96 0.506 0.048 0.162
7501 110 130 4 4 0 2502.98 0.881 0.048 0.256
7502 130 110 4 4 0 2502.98 0.881 0.048 0.256
7503 110 131 4 4 0 1999.10 0.691 0.056 0.214
7504 131 110 4 4 0 1999.10 0.691 0.056 0.214
7505 110 132 4 4 0 2502.98 0.881 0.048 0.256
7506 132 110 4 4 0 2502.98 0.881 0.048 0.256
7507 111 112 4 4 0 1505.96 0.506 0.056 0.168
7508 112 111 4 4 0 1505.96 0.506 0.056 0.168
7509 111 131 4 4 0 2502.98 0.881 0.056 0.262
7510 131 111 4 4 0 2502.98 0.881 0.056 0.262
7511 111 132 4 4 0 1999.10 0.691 0.048 0.209
7512 132 111 4 4 0 1999.10 0.691 0.048 0.209
7513 111 133 4 4 0 2502.98 0.881 0.048 0.256
7514 133 111 4 4 0 2502.98 0.881 0.048 0.256
7515 112 113 4 4 0 1505.96 0.506 0.056 0.168
7516 113 112 4 4 0 1505.96 0.506 0.056 0.168
7517 112 132 4 4 0 2502.98 0.881 0.056 0.262
7518 132 112 4 4 0 2502.98 0.881 0.056 0.262
7519 112 133 4 4 0 1999.10 0.691 0.056 0.214
7520 133 112 4 4 0 1999.10 0.691 0.056 0.214
7521 112 134 4 4 0 2502.98 0.881 0.063 0.268
7522 134 112 4 4 0 2502.98 0.881 0.063 0.268
7523 113 114 4 4 0 1505.96 0.506 0.040 0.156
7524 114 113 4 4 0 1505.96 0.506 0.040 0.156
7525 113 133 4 4 0 2502.98 0.881 0.048 0.256
7526 133 113 4 4 0 2502.98 0.881 0.048 0.256
7527 113 134 4 4 0 1999.10 0.691 0.056 0.214
7528 134 113 4 4 0 1999.10 0.691 0.056 0.214
7529 113 135 4 4 0 2502.98 0.881 0.048 0.256
7530 135 113 4 4 0 2502.98 0.881 0.048 0.256
7531 114 115 4 4 0 1505.96 0.506 0.040 0.156
7532 115 114 4 4 0 1505.96 0.506 0.040 0.156
7533 114 134 4 4 0 2502.98 0.881 0.048 0.256
7534 134 114 4 4 0 2502.98 0.881 0.048 0.256
7535 114 135 4 4 0 1999.10 0.691 0.040 0.203
7536 135 114 4 4 0 1999.10 0.691 0.040 0.203
7537 114 136 4 4 0 2502.98 0.881 0.048 0.256
7538 136 114 4 4 0 2502.98 0.881 0.048 0.256
7539 115 116 4 4 0 1505.96 0.506 0.048 0.162
7540 116 115 4 4 0 1505.96 0.506 0.048 0.162
7541 115 135 4 4 0 2502.98 0.881 0.048 0.256
7542 135 115 4 4 0 2502.98 0.881 0.048 0.256
7543 115 136 4 4 0 1999.10 0.691 0.056 0.214
7544 136 115 4 4 0 1999.10 0.691 0.056 0.214
7545 115 137 4 4 0 2502.98 0.881 0.040 0.250
7546 137 115 4 4 0 2502.98 0.881 0.040 0.250
7547 116 117 4 4 0 1505.96 0.506 0.056 0.168
7548 117 116 4 4 0 1505.96 0.506 0.056 0.168
7549 116 136 4 4 0 2502.98 0.881 0.056 0.262
7550 136 116 4 4 0 2502.98 0.881 0.056 0.262
7551 116 137 4 4 0 1999.10 0.691 0.040 0.203
7552 137 116 4 4 0 1999.10 0.691 0.040 0.203
7553 116 138 4 4 0 2502.98 0.881 0.056 0.262
7554 138 116 4 4 0 2502.98 0.881 0.056 0.262
7555 117 137 4 4 0 2502.98 0.881 0.048 0.256
7556 137 117 4 4 0 2502.98 0.881 0.048 0.256
7557 117 138 4 4 0 1999.10 0.691 0.063 0.220
7558 138 117 4 4 0 1999.10 0.691 0.063 0.220
7559 118 119 4 4 0 1506.37 0.506 0.587 0.567
7560 119 118 4 4 0 1506.37 0.506 0.587 0.567
7561 118 139 4 4 0 1999.09 0.691 0.643 0.655
7562 139 118 4 4 0 1999.09 0.691 0.643 0.655
7563 118 140 4 4 0 2503.23 0.881 0.690 0.738
7564 140 118 4 4 0 2503.23 0.881 0.690 0.738
7565 119 120 4 4 0 1506.37 0.506 0.540 0.531
7566 120 119 4 4 0 1506.37 0.506 0.540 0.531
7567 119 139 4 4 0 2503.23 0.881 0.532 0.619
7568 139 119 4 4 0 2503.23 0.881 0.532 0.619
7569 119 140 4 4 0 1999.09 0.691 0.579 0.607
7570 140 119 4 4 0 1999.09 0.691 0.579 0.607
7571 119 141 4 4 0 2503.23 0.881 0.437 0.548
7572 141 119 4 4 0 2503.23 0.881 0.437 0.548
7573 120 121 4 4 0 1506.37 0.506 0.556 0.543
7574 121 120 4 4 0 1506.37 0.506 0.556 0.543
7575 120 140 4 4 0 2503.23 0.881 0.643 0.702
7576 140 120 4 4 0 2503.23 0.881 0.643 0.702
7577 120 141 4 4 0 1999.09 0.691 0.500 0.548
7578 141 120 4 4 0 1999.09 0.691 0.500 0.548
7579 120 142 4 4 0 2503.23 0.881 0.635 0.696
7580 142 120 4 4 0 2503.23 0.881 0.635 0.696
7581 121 122 4 4 0 1506.37 0.506 0.532 0.525
7582 122 121 4 4 0 1506.37 0.506 0.532 0.525
7583 121 141 4 4 0 2503.23 0.881 0.452 0.559
7584 141 121 4 4 0 2503.23 0.881 0.452 0.559
7585 121 142 4 4 0 1999.09 0.691 0.587 0.613
7586 142 121 4 4 0 1999.09 0.691 0.587 0.613
7587 121 143 4 4 0 2503.23 0.881 0.437 0.548
7588 143 121 4 4 0 2503.23 0.881 0.437 0.548
7589 122 123 4 4 0 1506.37 0.506 0.500 0.502
7590 123 122 4 4 0 1506.37 0.506 0.500 0.502
7591 122 142 4 4 0 2503.23 0.881 0.611 0.678
7592 142 122 4 4 0 2503.23 0.881 0.611 0.678
7593 122 143 4 4 0 1999.09 0.691 0.460 0.518
7594 143 122 4 4 0 1999.09 0.691 0.460 0.518
7595 122 144 4 4 0 2503.23 0.881 0.468 0.571
7596 144 122 4 4 0 2503.23 0.881 0.468 0.571
7597 123 124 4 4 0 1506.37 0.506 0.500 0.502
7598 124 123 4 4 0 1506.37 0.506 0.500 0.502
7599 123 143 4 4 0 2503.23 0.881 0.405 0.524
7600 143 123 4 4 0 2503.23 0.881 0.405 0.524
7601 123 144 4 4 0 1999.09 0.691 0.413 0.482
7602 144 123 4 4 0 1999.09 0.691 0.413 0.482
7603 123 145 4 4 0 2503.23 0.881 0.563 0.643
7604 145 123 4 4 0 2503.23 0.881 0.563 0.643
7605 124 125 4 4 0 1506.37 0.506 0.476 0.484
7606 125 124 4 4 0 1506.37 0.506 0.476 0.484
7607 124 144 4 4 0 2503.23 0.881 0.468 0.571
7608 144 124 4 4 0 2503.23 0.881 0.468 0.571
7609 124 145 4 4 0 1999.09 0.691 0.619 0.637
7610 145 124 4 4 0 1999.09 0.691 0.619 0.637
7611 124 146 4 4 0 2503.23 0.881 0.556 0.637
7612 146 124 4 4 0 2503.23 0.881 0.556 0.637
7613 125 126 4 4 0 1506.37 0.506 0.222 0.293
7614 126 125 4 4 0 1506.37 0.506 0.222 0.293
7615 125 145 4 4 0 2503.23 0.881 0.540 0.625
7616 145 125 4 4 0 2503.23 0.881 0.540 0.625
7617 125 146 4 4 0 1999.09 0.691 0.476 0.530
7618 146 125 4 4 0 1999.09 0.691 0.476 0.530
7619 125 147 4 4 0 2503.23 0.881 0.214 0.381
7620 147 125 4 4 0 2503.23 0.881 0.214 0.381
7621 126 127 4 4 0 1506.37 0.506 0.056 0.168
7622 127 126 4 4 0 1506.37 0.506 0.056 0.168
7623 126 146 4 4 0 2503.23 0.881 0.302 0.446
7624 146 126 4 4 0 2503.23 0.881 0.302 0.446
7625 126 147 4 4 0 1999.09 0.691 0.040 0.203
7626 147 126 4 4 0 1999.09 0.691 0.040 0.203
7627 126 148 4 4 0 2503.23 0.881 0.040 0.250
7628 148 126 4 4 0 2503.23 0.881 0.040 0.250
7629 127 128 4 4 0 1506.37 0.506 0.056 0.168
7630 128 127 4 4 0 1506.37 0.506 0.056 0.168
7631 127 147 4 4 0 2503.23 0.881 0.048 0.256
7632 147 127 4 4 0 2503.23 0.881 0.048 0.256
7633 127 148 4 4 0 1999.09 0.691 0.048 0.209
7634 148 127 4 4 0 1999.09 0.691 0.048 0.209
7635 127 149 4 4 0 2503.23 0.881 0.056 0.262
7636 149 127 4 4 0 2503.23 0.881 0.056 0.262
7637 128 129 4 4 0 1506.37 0.506 0.048 0.162
7638 129 128 4 4 0 1506.37 0.506 0.048 0.162
7639 128 148 4 4 0 2503.23 0.881 0.040 0.250
7640 148 128 4 4 0 2503.23 0.881 0.040 0.250
7641 128 149 4 4 0 1999.09 0.691 0.048 0.209
7642 149 128 4 4 0 1999.09 0.691 0.048 0.209
7643 128 150 4 4 0 2503.23 0.881 0.040 0.250
7644 150 128 4 4 0 2503.23 0.881 0.040 0.250
7645 129 130 4 4 0 1506.37 0.506 0.048 0.162
7646 130 129 4 4 0 1506.37 0.506 0.048 0.162
7647 129 149 4 4 0 2503.23 0.881 0.048 0.256
7648 149 129 4 4 0 2503.23 0.881 0.048 0.256
7649 129 150 4 4 0 1999.09 0.691 0.040 0.203
7650 150 129 4 4 0 1999.09 0.691 0.040 0.203
7651 129 151 4 4 0 2503.23 0.881 0.040 0.250
7652 151 129 4 4 0 2503.23 0.881 0.040 0.250
7653 130 131 4 4 0 1506.37 0.506 0.056 0.168
7654 131 130 4 4 0 1506.37 0.506 0.056 0.168
7655 130 150 4 4 0 2503.23 0.881 0.040 0.250
7656 150 130 4 4 0 2503.23 0.881 0.040 0.250
7657 130 151 4 4 0 1999.09 0.691 0.040 0.203
7658 151 130 4 4 0 1999.09 0.691 0.040 0.203
7659 130 152 4 4 0 2503.23 0.881 0.048 0.256
7660 152 130 4 4 0 2503.23 0.881 0.048 0.256
7661 131 132 4 4 0 1506.37 0.506 0.056 0.168
7662 132 131 4 4 0 1506.37 0.506 0.056 0.168
7663 131 151 4 4 0 2503.23 0.881 0.048 0.256
7664 151 131 4 4 0 2503.23 0.881 0.048 0.256
7665 131 152 4 4 0 1999.09 0.691 0.056 0.214
7666 152 131 4 4 0 1999.09 0.691 0.056 0.214
7667 131 153 4 4 0 2503.23 0.881 0.048 0.256
7668 153 131 4 4 0 2503.23 0.881 0.048 0.256
7669 132 133 4 4 0 1506.37 0.506 0.048 0.162
7670 133 132 4 4 0 1506.37 0.506 0.048 0.162
7671 132 152 4 4 0 2503.23 0.881 0.048 0.256
7672 152 132 4 4 0 2503.23 0.881 0.048 0.256
7673 132 153 4 4 0 1999.09 0.691 0.040 0.203
7674 153 132 4 4 0 1999.09 0.691 0.040 0.203
7675 132 154 4 4 0 2503.23 0.881 0.048 0.256
7676 154 132 4 4 0 2503.23 0.881 0.048 0.256
7677 133 134 4 4 0 1506.37 0.506 0.056 0.168
7678 134 133 4 4 0 1506.37 0.506 0.056 0.168
7679 133 153 4 4 0 2503.23 0.881 0.040 0.250
7680 153 133 4 4 0 2503.23 0.881 0.040 0.250
7681 133 154 4 4 0 1999.09 0.691 0.048 0.209
7682 154 133 4 4 0 1999.09 0.691 0.048 0.209
7683 133 155 4 4 0 2503.23 0.881 0.048 0.256
7684 155 133 4 4 0 2503.23 0.881 0.048 0.256
7685 134 135 4 4 0 1506.37 0.506 0.056 0.168
7686 135 134 4 4 0 1506.37 0.506 0.056 0.168
7687 134 154 4 4 0 2503.23 0.881 0.056 0.262
7688 154 134 4 4 0 2503.23 0.881 0.056 0.262
7689 134 155 4 4 0 1999.09 0.691 0.056 0.214
7690 155 134 4 4 0 1999.09 0.691 0.056 0.214
7691 134 156 4 4 0 2503.23 0.881 0.056 0.262
7692 156 134 4 4 0 2503.23 0.881 0.056 0.262
7693 135 136 4 4 0 1506.37 0.506 0.056 0.168
7694 136 135 4 4 0 1506.37 0.506 0.056 0.168
7695 135 155 4 4 0 2503.23 0.881 0.048 0.256
7696 155 135 4 4 0 2503.23 0.881 0.048 0.256
7697 135 156 4 4 0 1999.09 0.691 0.048 0.209
7698 156 135 4 4 0 1999.09 0.691 0.048 0.209
7699 135 157 4 4 0 2503.23 0.881 0.048 0.256
7700 157 135 4 4 0 2503.23 0.881 0.048 0.256
7701 136 137 4 4 0 1506.37 0.506 0.048 0.162
7702 137 136 4 4 0 1506.37 0.506 0.048 0.162
7703 136 156 4 4 0 2503.23 0.881 0.056 0.262
7704 156 136 4 4 0 2503.23 0.881 0.056 0.262
7705 136 157 4 4 0 1999.09 0.691 0.056 0.214
7706 157 136 4 4 0 1999.09 0.691 0.056 0.214
7707 136 158 4 4 0 2503.23 0.881 0.056 0.262
7708 158 136 4 4 0 2503.23 0.881 0.056 0.262
7709 137 138 4 4 0 1506.37 0.506 0.048 0.162
7710 138 137 4 4 0 1506.37 0.506 0.048 0.162
7711 137 157 4 4 0 2503.23 0.881 0.040 0.250
7712 157 137 4 4 0 2503.23 0.881 0.040 0.250
7713 137 158 4 4 0 1999.09 0.691 0.040 0.203
7714 158 137 4 4 0 1999.09 0.691 0.040 0.203
7715 137 159 4 4 0 2503.23 0.881 0.040 0.250
7716 159 137 4 4 0 2503.23 0.881 0.040 0.250
7717 138 158 4 4 0 2503.23 0.881 0.056 0.262
7718 158 138 4 4 0 2503.23 0.881 0.056 0.262
7719 138 159 4 4 0 1999.09 0.691 0.056 0.214
7720 159 138 4 4 0 1999.09 0.691 0.056 0.214
7721 139 140 4 4 0 1506.79 0.506 0.635 0.603
7722 140 139 4 4 0 1506.79 0.506 0.635 0.603
7723 139 160 4 4 0 1999.08 0.691 0.524 0.566
7724 160 139 4 4 0 1999.08 0.691 0.524 0.566
7725 139 161 4 4 0 2503.47 0.881 0.532 0.619
7726 161 139 4 4 0 2503.47 0.881 0.532 0.619
7727 140 141 4 4 0 1506.79 0.506 0.540 0.531
7728 141 140 4 4 0 1506.79 0.506 0.540 0.531
7729 140 160 4 4 0 2503.47 0.881 0.571 0.649
7730 160 140 4 4 0 2503.47 0.881 0.571 0.649
7731 140 161 4 4 0 1999.08 0.691 0.579 0.607
7732 161 140 4 4 0 1999.08 0.691 0.579 0.607
7733 140 162 4 4 0 2503.47 0.881 0.563 0.643
7734 162 140 4 4 0 2503.47 0.881 0.563 0.643
7735 141 142 4 4 0 1506.79 0.506 0.532 0.525
7736 142 141 4 4 0 1506.79 0.506 0.532 0.525
7737 141 161 4 4 0 2503.47 0.881 0.437 0.548
7738 161 141 4 4 0 2503.47 0.881 0.437 0.548
7739 141 162 4 4 0 1999.08 0.691 0.421 0.488
7740 162 141 4 4 0 1999.08 0.691 0.421 0.488
7741 141 163 4 4 0 2503.47 0.881 0.516 0.607
7742 163 141 4 4 0 2503.47 0.881 0.516 0.607
7743 142 143 4 4 0 1506.79 0.506 0.516 0.514
7744 143 142 4 4 0 1506.79 0.506 0.516 0.514
7745 142 162 4 4 0 2503.47 0.881 0.556 0.637
7746 162 142 4 4 0 2503.47 0.881 0.556 0.637
7747 142 163 4 4 0 1999.08 0.691 0.651 0.661
7748 163 142 4 4 0 1999.08 0.691 0.651 0.661
7749 142 164 4 4 0 2503.47 0.881 0.643 0.702
7750 164 142 4 4 0 2503.47 0.881 0.643 0.702
7751 143 144 4 4 0 1506.79 0.506 0.373 0.406
7752 144 143 4 4 0 1506.79 0.506 0.373 0.406
7753 143 163 4 4 0 2503.47 0.881 0.500 0.595
7754 163 143 4 4 0 2503.47 0.881 0.500 0.595
7755 143 164 4 4 0 1999.08 0.691 0.492 0.542
7756 164 143 4 4 0 1999.08 0.691 0.492 0.542
7757 143 165 4 4 0 2503.47 0.881 0.492 0.589
7758 165 143 4 4 0 2503.47 0.881 0.492 0.589
7759 144 145 4 4 0 1506.79 0.506 0.532 0.525
7760 145 144 4 4 0 1506.79 0.506 0.532 0.525
7761 144 164 4 4 0 2503.47 0.881 0.500 0.595
7762 164 144 4 4 0 2503.47 0.881 0.500 0.595
7763 144 165 4 4 0 1999.08 0.691 0.500 0.548
7764 165 144 4 4 0 1999.08 0.691 0.500 0.548
7765 144 166 4 4 0 2503.47 0.881 0.548 0.631
7766 166 144 4 4 0 2503.47 0.881 0.548 0.631
7767 145 146 4 4 0 1506.79 0.506 0.619 0.591
7768 146 145 4 4 0 1506.79 0.506 0.619 0.591
7769 145 165 4 4 0 2503.47 0.881 0.651 0.708
7770 165 145 4 4 0 2503.47 0.881 0.651 0.708
7771 145 166 4 4 0 1999.08 0.691 0.698 0.697
7772 166 145 4 4 0 1999.08 0.691 0.698 0.697
7773 145 167 4 4 0 2503.47 0.881 0.690 0.738
7774 167 145 4 4 0 2503.47 0.881 0.690 0.738
7775 146 147 4 4 0 1506.79 0.506 0.294 0.347
7776 147 146 4 4 0 1506.79 0.506 0.294 0.347
7777 146 166 4 4 0 2503.47 0.881 0.635 0.696
7778 166 146 4 4 0 2503.47 0.881 0.635 0.696
7779 146 167 4 4 0 1999.08 0.691 0.627 0.643
7780 167 146 4 4 0 1999.08 0.691 0.627 0.643
7781 146 168 4 4 0 2503.47 0.881 0.310 0.452
7782 168 146 4 4 0 2503.47 0.881 0.310 0.452
7783 147 148 4 4 0 1506.79 0.506 0.032 0.150
7784 148 147 4 4 0 1506.79 0.506 0.032 0.150
7785 147 167 4 4 0 2503.47 0.881 0.365 0.494
7786 167 147 4 4 0 2503.47 0.881 0.365 0.494
7787 147 168 4 4 0 1999.08 0.691 0.048 0.209
7788 168 147 4 4 0 1999.08 0.691 0.048 0.209
7789 147 169 4 4 0 2503.47 0.881 0.040 0.250
7790 169 147 4 4 0 2503.47 0.881 0.040 0.250
7791 148 149 4 4 0 1506.79 0.506 0.040 0.156
7792 149 148 4 4 0 1506.79 0.506 0.040 0.156
7793 148 168 4 4 0 2503.47 0.881 0.048 0.256
7794 168 148 4 4 0 2503.47 0.881 0.048 0.256
7795 148 169 4 4 0 1999.08 0.691 0.040 0.203
7796 169 148 4 4 0 1999.08 0.691 0.040 0.203
7797 148 170 4 4 0 2503.47 0.881 0.048 0.256
7798 170 148 4 4 0 2503.47 0.881 0.048 0.256
7799 149 150 4 4 0 1506.79 0.506 0.040 0.156
7800 150 149 4 4 0 1506.79 0.506 0.040 0.156
7801 149 169 4 4 0 2503.47 0.881 0.048 0.256
7802 169 149 4 4 0 2503.47 0.881 0.048 0.256
7803 149 170 4 4 0 1999.08 0.691 0.056 0.214
7804 170 149 4 4 0 1999.08 0.691 0.056 0.214
7805 149 171 4 4 0 2503.47 0.881 0.040 0.250
7806 171 149 4 4 0 2503.47 0.881 0.040 0.250
7807 150 151 4 4 0 1506.79 0.506 0.032 0.150
7808 151 150 4 4 0 1506.79 0.506 0.032 0.150
7809 150 170 4 4 0 2503.47 0.881 0.048 0.256
7810 170 150 4 4 0 2503.47 0.881 0.048 0.256
7811 150 171 4 4 0 1999.08 0.691 0.032 0.197
7812 171 150 4 4 0 1999.08 0.691 0.032 0.197
7813 150 172 4 4 0 2503.47 0.881 0.040 0.250
7814 172 150 4 4 0 2503.47 0.881 0.040 0.250
7815 151 152 4 4 0 1506.79 0.506 0.040 0.156
7816 152 151 4 4 0 1506.79 0.506 0.040 0.156
7817 151 171 4 4 0 2503.47 0.881 0.032 0.244
7818 171 151 4 4 0 2503.47 0.881 0.032 0.244
7819 151 172 4 4 0 1999.08 0.691 0.040 0.203
7820 172 151 4 4 0 1999.08 0.691 0.040 0.203
7821 151 173 4 4 0 2503.47 0.881 0.048 0.256
7822 173 151 4 4 0 2503.47 0.881 0.048 0.256
7823 152 153 4 4 0 1506.79 0.506 0.040 0.156
7824 153 152 4 4 0 1506.79 0.506 0.040 0.156
7825 152 172 4 4 0 2503.47 0.881 0.048 0.256
7826 172 152 4 4 0 2503.47 0.881 0.048 0.256
7827 152 173 4 4 0 1999.08 0.691 0.056 0.214
7828 173 152 4 4 0 1999.08 0.691 0.056 0.214
7829 152 174 4 4 0 2503.47 0.881 0.048 0.256
7830 174 152 4 4 0 2503.47 0.881 0.048 0.256
7831 153 154 4 4 0 1506.79 0.506 0.040 0.156
7832 154 153 4 4 0 1506.79 0.506 0.040 0.156
7833 153 173 4 4 0 2503.47 0.881 0.048 0.256
7834 173 153 4 4 0 2503.47 0.881 0.048 0.256
7835 153 174 4 4 0 1999.08 0.691 0.040 0.203
7836 174 153 4 4 0 1999.08 0.691 0.040 0.203
7837 153 175 4 4 0 2503.47 0.881 0.040 0.250
7838 175 153 4 4 0 2503.47 0.881 0.040 0.250
7839 154 155 4 4 0 1506.79 0.506 0.048 0.162
7840 155 154 4 4 0 1506.79 0.506 0.048 0.162
7841 154 174 4 4 0 2503.47 0.881 0.048 0.256
7842 174 154 4 4 0 2503.47 0.881 0.048 0.256
7843 154 175 4 4 0 1999.08 0.691 0.048 0.209
7844 175 154 4 4 0 1999.08 0.691 0.048 0.209
7845 155 156 4 4 0 1506.79 0.506 0.048 0.162
7846 156 155 4 4 0 1506.79 0.506 0.048 0.162
7847 155 175 4 4 0 2503.47 0.881 0.048 0.256
7848 175 155 4 4 0 2503.47 0.881 0.048 0.256
7849 155 176 4 4 0 1999.08 0.691 0.056 0.214
7850 176 155 4 4 0 1999.08 0.691 0.056 0.214
7851 155 177 4 4 0 2503.47 0.881 0.040 0.250
7852 177 155 4 4 0 2503.47 0.881 0.040 0.250
7853 156 157 4 4 0 1506.79 0.506 0.048 0.162
7854 157 156 4 4 0 1506.79 0.506 0.048 0.162
7855 156 176 4 4 0 2503.47 0.881 0.056 0.262
7856 176 156 4 4 0 2503.47 0.881 0.056 0.262
7857 156 177 4 4 0 1999.08 0.691 0.040 0.203
7858 177 156 4 4 0 1999.08 0.691 0.040 0.203
7859 156 178 4 4 0 2503.47 0.881 0.056 0.262
7860 178 156 4 4 0 2503.47 0.881 0.056 0.262
7861 157 158 4 4 0 1506.79 0.506 0.048 0.162
7862 158 157 4 4 0 1506.79 0.506 0.048 0.162
7863 157 177 4 4 0 2503.47 0.881 0.040 0.250
7864 177 157 4 4 0 2503.47 0.881 0.040 0.250
7865 157 178 4 4 0 1999.08 0.691 0.056 0.214
7866 178 157 4 4 0 1999.08 0.691 0.056 0.214
7867 157 179 4 4 0 2503.47 0.881 0.048 0.256
7868 179 157 4 4 0 2503.47 0.881 0.048 0.256
7869 158 159 4 4 0 1506.79 0.506 0.048 0.162
7870 159 158 4 4 0 1506.79 0.506 0.048 0.162
7871 158 178 4 4 0 2503.47 0.881 0.056 0.262
7872 178 158 4 4 0 2503.47 0.881 0.056 0.262
7873 158 179 4 4 0 1999.08 0.691 0.048 0.209
7874 179 158 4 4 0 1999.08 0.691 0.048 0.209
7875 158 180 4 4 0 2503.47 0.881 0.056 0.262
7876 180 158 4 4 0 2503.47 0.881 0.056 0.262
7877 159 179 4 4 0 2503.47 0.881 0.048 0.256
7878 179 159 4 4 0 2503.47 0.881 0.048 0.256
7879 159 180 4 4 0 1999.08 0.691 0.056 0.214
7880 180 159 4 4 0 1999.08 0.691 0.056 0.214
7881 160 161 4 4 0 1507.20 0.507 0.468 0.478
7882 161 160 4 4 0 1507.20 0.507 0.468 0.478
7883 160 181 4 4 0 1999.08 0.691 0.484 0.536
7884 181 160 4 4 0 1999.08 0.691 0.484 0.536
7885 160 182 4 4 0 2503.71 0.881 0.508 0.601
7886 182 160 4 4 0 2503.71 0.881 0.508 0.601
7887 161 162 4 4 0 1507.20 0.507 0.460 0.472
7888 162 161 4 4 0 1507.20 0.507 0.460 0.472
7889 161 181 4 4 0 2503.71 0.881 0.492 0.589
7890 181 161 4 4 0 2503.71 0.881 0.492 0.589
7891 161 182 4 4 0 1999.08 0.691 0.516 0.560
7892 182 161 4 4 0 1999.08 0.691 0.516 0.560
7893 161 183 4 4 0 2503.71 0.881 0.516 0.607
7894 183 161 4 4 0 2503.71 0.881 0.516 0.607
7895 162 163 4 4 0 1507.20 0.507 0.540 0.531
7896 163 162 4 4 0 1507.20 0.507 0.540 0.531
7897 162 182 4 4 0 2503.71 0.881 0.500 0.595
7898 182 162 4 4 0 2503.71 0.881 0.500 0.595
7899 162 183 4 4 0 1999.08 0.691 0.500 0.548
7900 183 162 4 4 0 1999.08 0.691 0.500 0.548
7901 162 184 4 4 0 2503.71 0.881 0.429 0.542
7902 184 162 4 4 0 2503.71 0.881 0.429 0.542
7903 163 164 4 4 0 1507.20 0.507 0.627 0.597
7904 164 163 4 4 0 1507.20 0.507 0.627 0.597
7905 163 183 4 4 0 2503.71 0.881 0.595 0.667
7906 183 163 4 4 0 2503.71 0.881 0.595 0.667
7907 163 184 4 4 0 1999.08 0.691 0.524 0.566
7908 184 163 4 4 0 1999.08 0.691 0.524 0.566
7909 163 185 4 4 0 2503.71 0.881 0.619 0.684
7910 185 163 4 4 0 2503.71 0.881 0.619 0.684
7911 164 165 4 4 0 1507.20 0.507 0.619 0.591
7912 165 164 4 4 0 1507.20 0.507 0.619 0.591
7913 164 184 4 4 0 2503.71 0.881 0.516 0.607
7914 184 164 4 4 0 2503.71 0.881 0.516 0.607
7915 164 185 4 4 0 1999.08 0.691 0.611 0.631
7916 185 164 4 4 0 1999.08 0.691 0.611 0.631
7917 164 186 4 4 0 2503.71 0.881 0.611 0.679
7918 186 164 4 4 0 2503.71 0.881 0.611 0.679
7919 165 166 4 4 0 1507.20 0.507 0.667 0.627
7920 166 165 4 4 0 1507.20 0.507 0.667 0.627
7921 165 185 4 4 0 2503.71 0.881 0.611 0.679
7922 185 165 4 4 0 2503.71 0.881 0.611 0.679
7923 165 186 4 4 0 1999.08 0.691 0.611 0.631
7924 186 165 4 4 0 1999.08 0.691 0.611 0.631
7925 165 187 4 4 0 2503.71 0.881 0.579 0.655
7926 187 165 4 4 0 2503.71 0.881 0.579 0.655
7927 166 167 4 4 0 1507.20 0.507 0.706 0.656
7928 167 166 4 4 0 1507.20 0.507 0.706 0.656
7929 166 186 4 4 0 2503.71 0.881 0.659 0.714
7930 186 166 4 4 0 2503.71 0.881 0.659 0.714
7931 166 187 4 4 0 1999.08 0.691 0.627 0.643
7932 187 166 4 4 0 1999.08 0.691 0.627 0.643
7933 166 188 4 4 0 2503.71 0.881 0.635 0.696
7934 188 166 4 4 0 2503.71 0.881 0.635 0.696
7935 167 168 4 4 0 1507.20 0.507 0.381 0.412
7936 168 167 4 4 0 1507.20 0.507 0.381 0.412
7937 167 187 4 4 0 2503.71 0.881 0.619 0.684
7938 187 167 4 4 0 2503.71 0.881 0.619 0.684
7939 167 188 4 4 0 1999.08 0.691 0.627 0.643
7940 188 167 4 4 0 1999.08 0.691 0.627 0.643
7941 167 189 4 4 0 2503.71 0.881 0.373 0.500
7942 189 167 4 4 0 2503.71 0.881 0.373 0.500
7943 168 169 4 4 0 1507.20 0.507 0.056 0.168
7944 169 168 4 4 0 1507.20 0.507 0.056 0.168
7945 168 188 4 4 0 2503.71 0.881 0.310 0.452
7946 188 168 4 4 0 2503.71 0.881 0.310 0.452
7947 168 189 4 4 0 1999.08 0.691 0.056 0.214
7948 189 168 4 4 0 1999.08 0.691 0.056 0.214
7949 168 190 4 4 0 2503.71 0.881 0.056 0.262
7950 190 168 4 4 0 2503.71 0.881 0.056 0.262
7951 169 170 4 4 0 1507.20 0.507 0.056 0.168
7952 170 169 4 4 0 1507.20 0.507 0.056 0.168
7953 169 189 4 4 0 2503.71 0.881 0.048 0.256
7954 189 169 4 4 0 2503.71 0.881 0.048 0.256
7955 169 190 4 4 0 1999.08 0.691 0.048 0.209
7956 190 169 4 4 0 1999.08 0.691 0.048 0.209
7957 169 191 4 4 0 2503.71 0.881 0.040 0.250
7958 191 169 4 4 0 2503.71 0.881 0.040 0.250
7959 170 171 4 4 0 1507.20 0.507 0.048 0.162
7960 171 170 4 4 0 1507.20 0.507 0.048 0.162
7961 170 190 4 4 0 2503.71 0.881 0.056 0.262
7962 190 170 4 4 0 2503.71 0.881 0.056 0.262
7963 170 191 4 4 0 1999.08 0.691 0.048 0.209
7964 191 170 4 4 0 1999.08 0.691 0.048 0.209
7965 170 192 4 4 0 2503.71 0.881 0.119 0.309
7966 192 170 4 4 0 2503.71 0.881 0.119 0.309
7967 171 172 4 4 0 1507.20 0.507 0.040 0.156
7968 172 171 4 4 0 1507.20 0.507 0.040 0.156
7969 171 191 4 4 0 2503.71 0.881 0.032 0.244
7970 191 171 4 4 0 2503.71 0.881 0.032 0.244
7971 171 192 4 4 0 1999.08 0.691 0.103 0.250
7972 192 171 4 4 0 1999.08 0.691 0.103 0.250
7973 171 193 4 4 0 2503.71 0.881 0.048 0.256
7974 193 171 4 4 0 2503.71 0.881 0.048 0.256
7975 172 173 4 4 0 1507.20 0.507 0.056 0.168
7976 173 172 4 4 0 1507.20 0.507 0.056 0.168
7977 172 192 4 4 0 2503.71 0.881 0.111 0.304
7978 192 172 4 4 0 2503.71 0.881 0.111 0.304
7979 172 193 4 4 0 1999.08 0.691 0.056 0.214
7980 193 172 4 4 0 1999.08 0.691 0.056 0.214
7981 172 194 4 4 0 2503.71 0.881 0.048 0.256
7982 194 172 4 4 0 2503.71 0.881 0.048 0.256
7983 173 174 4 4 0 1507.20 0.507 0.056 0.168
7984 174 173 4 4 0 1507.20 0.507 0.056 0.168
7985 173 193 4 4 0 2503.71 0.881 0.063 0.268
7986 193 173 4 4 0 2503.71 0.881 0.063 0.268
7987 173 194 4 4 0 1999.08 0.691 0.056 0.214
7988 194 173 4 4 0 1999.08 0.691 0.056 0.214
7989 173 195 4 4 0 2503.71 0.881 0.056 0.262
7990 195 173 4 4 0 2503.71 0.881 0.056 0.262
7991 174 175 4 4 0 1507.20 0.507 0.048 0.162
7992 175 174 4 4 0 1507.20 0.507 0.048 0.162
7993 174 194 4 4 0 2503.71 0.881 0.048 0.256
7994 194 174 4 4 0 2503.71 0.881 0.048 0.256
7995 174 195 4 4 0 1999.08 0.691 0.048 0.209
7996 195 174 4 4 0 1999.08 0.691 0.048 0.209
7997 174 196 4 4 0 2503.71 0.881 0.048 0.256
7998 196 174 4 4 0 2503.71 0.881 0.048 0.256
7999 175 176 4 4 0 1507.20 0.507 0.056 0.168
8000 176 175 4 4 0 1507.20 0.507 0.056 0.168
8001 175 195 4 4 0 2503.71 0.881 0.048 0.256
8002 195 175 4 4 0 2503.71 0.881 0.048 0.256
8003 175 196 4 4 0 1999.08 0.691 0.048 0.209
8004 196 175 4 4 0 1999.08 0.691 0.048 0.209
8005 175 197 4 4 0 2503.71 0.881 0.040 0.250
8006 197 175 4 4 0 2503.71 0.881 0.040 0.250
8007 176 177 4 4 0 1507.20 0.507 0.048 0.162
8008 177 176 4 4 0 1507.20 0.507 0.048 0.162
8009 176 196 4 4 0 2503.71 0.881 0.056 0.262
8010 196 176 4 4 0 2503.71 0.881 0.056 0.262
8011 176 197 4 4 0 1999.08 0.691 0.048 0.209
8012 197 176 4 4 0 1999.08 0.691 0.048 0.209
8013 176 198 4 4 0 2503.71 0.881 0.103 0.298
8014 198 176 4 4 0 2503.71 0.881 0.103 0.298
8015 177 178 4 4 0 1507.20 0.507 0.048 0.162
8016 178 177 4 4 0 1507.20 0.507 0.048 0.162
8017 177 197 4 4 0 2503.71 0.881 0.032 0.244
8018 197 177 4 4 0 2503.71 0.881 0.032 0.244
8019 177 198 4 4 0 1999.08 0.691 0.087 0.238
8020 198 177 4 4 0 1999.08 0.691 0.087 0.238
8021 177 199 4 4 0 2503.71 0.881 0.063 0.268
8022 199 177 4 4 0 2503.71 0.881 0.063 0.268
8023 178 179 4 4 0 1507.20 0.507 0.056 0.168
8024 179 178 4 4 0 1507.20 0.507 0.056 0.168
8025 178 198 4 4 0 2503.71 0.881 0.103 0.298
8026 198 178 4 4 0 2503.71 0.881 0.103 0.298
8027 178 199 4 4 0 1999.08 0.691 0.079 0.232
8028 199 178 4 4 0 1999.08 0.691 0.079 0.232
8029 178 200 4 4 0 2503.71 0.881 0.056 0.262
8030 200 178 4 4 0 2503.71 0.881 0.056 0.262
8031 179 180 4 4 0 1507.20 0.507 0.056 0.168
8032 180 179 4 4 0 1507.20 0.507 0.056 0.168
8033 179 199 4 4 0 2503.71 0.881 0.071 0.274
8034 199 179 4 4 0 2503.71 0.881 0.071 0.274
8035 179 200 4 4 0 1999.08 0.691 0.048 0.209
8036 200 179 4 4 0 1999.08 0.691 0.048 0.209
8037 179 201 4 4 0 2503.71 0.881 0.048 0.256
8038 201 179 4 4 0 2503.71 0.881 0.048 0.256
8039 180 200 4 4 0 2503.71 0.881 0.056 0.262
8040 200 180 4 4 0 2503.71 0.881 0.056 0.262
8041 180 201 4 4 0 1999.08 0.691 0.056 0.214
8042 201 180 4 4 0 1999.08 0.691 0.056 0.214
8043 181 182 4 4 0 1507.61 0.507 0.532 0.525
8044 182 181 4 4 0 1507.61 0.507 0.532 0.525
8045 181 202 4 4 0 1999.07 0.691 0.310 0.405
8046 202 181 4 4 0 1999.07 0.691 0.310 0.405
8047 181 203 4 4 0 2503.96 0.881 0.325 0.464
8048 203 181 4 4 0 2503.96 0.881 0.325 0.464
8049 182 183 4 4 0 1507.61 0.507 0.556 0.543
8050 183 182 4 4 0 1507.61 0.507 0.556 0.543
8051 182 202 4 4 0 2503.96 0.881 0.333 0.470
8052 202 182 4 4 0 2503.96 0.881 0.333 0.470
8053 182 203 4 4 0 1999.07 0.691 0.349 0.435
8054 203 182 4 4 0 1999.07 0.691 0.349 0.435
8055 182 204 4 4 0 2503.96 0.881 0.357 0.488
8056 204 182 4 4 0 2503.96 0.881 0.357 0.488
8057 183 184 4 4 0 1507.61 0.507 0.484 0.490
8058 184 183 4 4 0 1507.61 0.507 0.484 0.490
8059 183 203 4 4 0 2503.96 0.881 0.349 0.482
8060 203 183 4 4 0 2503.96 0.881 0.349 0.482
8061 183 204 4 4 0 1999.07 0.691 0.357 0.441
8062 204 183 4 4 0 1999.07 0.691 0.357 0.441
8063 183 205 4 4 0 2503.96 0.881 0.333 0.470
8064 205 183 4 4 0 2503.96 0.881 0.333 0.470
8065 184 185 4 4 0 1507.61 0.507 0.508 0.508
8066 185 184 4 4 0 1507.61 0.507 0.508 0.508
8067 184 204 4 4 0 2503.96 0.881 0.286 0.435
8068 204 184 4 4 0 2503.96 0.881 0.286 0.435
8069 184 205 4 4 0 1999.07 0.691 0.262 0.369
8070 205 184 4 4 0 1999.07 0.691 0.262 0.369
8071 184 206 4 4 0 2503.96 0.881 0.540 0.625
8072 206 184 4 4 0 2503.96 0.881 0.540 0.625
8073 185 186 4 4 0 1507.61 0.507 0.603 0.579
8074 186 185 4 4 0 1507.61 0.507 0.603 0.579
8075 185 205 4 4 0 2503.96 0.881 0.357 0.488
8076 205 185 4 4 0 2503.96 0.881 0.357 0.488
8077 185 206 4 4 0 1999.07 0.691 0.635 0.649
8078 206 185 4 4 0 1999.07 0.691 0.635 0.649
8079 185 207 4 4 0 2503.96 0.881 0.587 0.661
8080 207 185 4 4 0 2503.96 0.881 0.587 0.661
8081 186 187 4 4 0 1507.61 0.507 0.571 0.555
8082 187 186 4 4 0 1507.61 0.507 0.571 0.555
8083 186 206 4 4 0 2503.96 0.881 0.635 0.696
8084 206 186 4 4 0 2503.96 0.881 0.635 0.696
8085 186 207 4 4 0 1999.07 0.691 0.587 0.613
8086 207 186 4 4 0 1999.07 0.691 0.587 0.613
8087 186 208 4 4 0 2503.96 0.881 0.587 0.661
8088 208 186 4 4 0 2503.96 0.881 0.587 0.661
8089 187 188 4 4 0 1507.61 0.507 0.548 0.537
8090 188 187 4 4 0 1507.61 0.507 0.548 0.537
8091 187 207 4 4 0 2503.96 0.881 0.556 0.637
8092 207 187 4 4 0 2503.96 0.881 0.556 0.637
8093 187 208 4 4 0 1999.07 0.691 0.556 0.589
8094 208 187 4 4 0 1999.07 0.691 0.556 0.589
8095 187 209 4 4 0 2503.96 0.881 0.286 0.435
8096 209 187 4 4 0 2503.96 0.881 0.286 0.435
8097 188 189 4 4 0 1507.61 0.507 0.302 0.353
8098 189 188 4 4 0 1507.61 0.507 0.302 0.353
8099 188 208 4 4 0 2503.96 0.881 0.563 0.643
8100 208 188 4 4 0 2503.96 0.881 0.563 0.643
8101 188 209 4 4 0 1999.07 0.691 0.294 0.393
8102 209 188 4 4 0 1999.07 0.691 0.294 0.393
8103 188 210 4 4 0 2503.96 0.881 0.310 0.452
8104 210 188 4 4 0 2503.96 0.881 0.310 0.452
8105 189 190 4 4 0 1507.61 0.507 0.048 0.162
8106 190 189 4 4 0 1507.61 0.507 0.048 0.162
8107 189 209 4 4 0 2503.96 0.881 0.040 0.250
8108 209 189 4 4 0 2503.96 0.881 0.040 0.250
8109 189 210 4 4 0 1999.07 0.691 0.056 0.214
8110 210 189 4 4 0 1999.07 0.691 0.056 0.214
8111 189 211 4 4 0 2503.96 0.881 0.048 0.256
8112 211 189 4 4 0 2503.96 0.881 0.048 0.256
8113 190 191 4 4 0 1507.61 0.507 0.040 0.156
8114 191 190 4 4 0 1507.61 0.507 0.040 0.156
8115 190 210 4 4 0 2503.96 0.881 0.056 0.262
8116 210 190 4 4 0 2503.96 0.881 0.056 0.262
8117 190 211 4 4 0 1999.07 0.691 0.048 0.209
8118 211 190 4 4 0 1999.07 0.691 0.048 0.209
8119 190 212 4 4 0 2503.96 0.881 0.111 0.304
8120 212 190 4 4 0 2503.96 0.881 0.111 0.304
8121 191 192 4 4 0 1507.61 0.507 0.103 0.204
8122 192 191 4 4 0 1507.61 0.507 0.103 0.204
8123 191 211 4 4 0 2503.96 0.881 0.040 0.250
8124 211 191 4 4 0 2503.96 0.881 0.040 0.250
8125 191 212 4 4 0 1999.07 0.691 0.103 0.250
8126 212 191 4 4 0 1999.07 0.691 0.103 0.250
8127 191 213 4 4 0 2503.96 0.881 0.095 0.292
8128 213 191 4 4 0 2503.96 0.881 0.095 0.292
8129 192 193 4 4 0 1507.61 0.507 0.119 0.216
8130 193 192 4 4 0 1507.61 0.507 0.119 0.216
8131 192 212 4 4 0 2503.96 0.881 0.175 0.351
8132 212 192 4 4 0 2503.96 0.881 0.175 0.351
8133 192 213 4 4 0 1999.07 0.691 0.167 0.298
8134 213 192 4 4 0 1999.07 0.691 0.167 0.298
8135 192 214 4 4 0 2503.96 0.881 0.183 0.357
8136 214 192 4 4 0 2503.96 0.881 0.183 0.357
8137 193 194 4 4 0 1507.61 0.507 0.056 0.168
8138 194 193 4 4 0 1507.61 0.507 0.056 0.168
8139 193 213 4 4 0 2503.96 0.881 0.111 0.304
8140 213 193 4 4 0 2503.96 0.881 0.111 0.304
8141 193 214 4 4 0 1999.07 0.691 0.127 0.268
8142 214 193 4 4 0 1999.07 0.691 0.127 0.268
8143 193 215 4 4 0 2503.96 0.881 0.087 0.286
8144 215 193 4 4 0 2503.96 0.881 0.087 0.286
8145 194 195 4 4 0 1507.61 0.507 0.048 0.162
8146 195 194 4 4 0 1507.61 0.507 0.048 0.162
8147 194 214 4 4 0 2503.96 0.881 0.119 0.310
8148 214 194 4 4 0 2503.96 0.881 0.119 0.310
8149 194 215 4 4 0 1999.07 0.691 0.079 0.232
8150 215 194 4 4 0 1999.07 0.691 0.079 0.232
8151 194 216 4 4 0 2503.96 0.881 0.095 0.292
8152 216 194 4 4 0 2503.96 0.881 0.095 0.292
8153 195 196 4 4 0 1507.61 0.507 0.048 0.162
8154 196 195 4 4 0 1507.61 0.507 0.048 0.162
8155 195 215 4 4 0 2503.96 0.881 0.079 0.280
8156 215 195 4 4 0 2503.96 0.881 0.079 0.280
8157 195 216 4 4 0 1999.07 0.691 0.095 0.244
8158 216 195 4 4 0 1999.07 0.691 0.095 0.244
8159 195 217 4 4 0 2503.96 0.881 0.079 0.280
8160 217 195 4 4 0 2503.96 0.881 0.079 0.280
8161 196 197 4 4 0 1507.61 0.507 0.040 0.156
8162 197 196 4 4 0 1507.61 0.507 0.040 0.156
8163 196 216 4 4 0 2503.96 0.881 0.095 0.292
8164 216 196 4 4 0 2503.96 0.881 0.095 0.292
8165 196 217 4 4 0 1999.07 0.691 0.079 0.232
8166 217 196 4 4 0 1999.07 0.691 0.079 0.232
8167 196 218 4 4 0 2503.96 0.881 0.095 0.292
8168 218 196 4 4 0 2503.96 0.881 0.095 0.292
8169 197 198 4 4 0 1507.61 0.507 0.087 0.192
8170 198 197 4 4 0 1507.61 0.507 0.087 0.192
8171 197 217 4 4 0 2503.96 0.881 0.071 0.274
8172 217 197 4 4 0 2503.96 0.881 0.071 0.274
8173 197 218 4 4 0 1999.07 0.691 0.087 0.238
8174 218 197 4 4 0 1999.07 0.691 0.087 0.238
8175 197 219 4 4 0 2503.96 0.881 0.040 0.250
8176 219 197 4 4 0 2503.96 0.881 0.040 0.250
8177 198 199 4 4 0 1507.61 0.507 0.119 0.216
8178 199 198 4 4 0 1507.61 0.507 0.119 0.216
8179 198 218 4 4 0 2503.96 0.881 0.143 0.327
8180 218 198 4 4 0 2503.96 0.881 0.143 0.327
8181 198 219 4 4 0 1999.07 0.691 0.095 0.244
8182 219 198 4 4 0 1999.07 0.691 0.095 0.244
8183 198 220 4 4 0 2503.96 0.881 0.087 0.286
8184 220 198 4 4 0 2503.96 0.881 0.087 0.286
8185 199 200 4 4 0 1507.61 0.507 0.071 0.180
8186 200 199 4 4 0 1507.61 0.507 0.071 0.180
8187 199 219 4 4 0 2503.96 0.881 0.071 0.274
8188 219 199 4 4 0 2503.96 0.881 0.071 0.274
8189 199 220 4 4 0 1999.07 0.691 0.063 0.220
8190 220 199 4 4 0 1999.07 0.691 0.063 0.220
8191 199 221 4 4 0 2503.96 0.881 0.063 0.268
8192 221 199 4 4 0 2503.96 0.881 0.063 0.268
8193 200 201 4 4 0 1507.61 0.507 0.048 0.162
8194 201 200 4 4 0 1507.61 0.507 0.048 0.162
8195 200 220 4 4 0 2503.96 0.881 0.040 0.250
8196 220 200 4 4 0 2503.96 0.881 0.040 0.250
8197 200 221 4 4 0 1999.07 0.691 0.040 0.203
8198 221 200 4 4 0 1999.07 0.691 0.040 0.203
8199 200 222 4 4 0 2503.96 0.881 0.056 0.262
8200 222 200 4 4 0 2503.96 0.881 0.056 0.262
8201 201 221 4 4 0 2503.96 0.881 0.040 0.250
8202 221 201 4 4 0 2503.96 0.881 0.040 0.250
8203 201 222 4 4 0 1999.07 0.691 0.056 0.214
8204 222 201 4 4 0 1999.07 0.691 0.056 0.214
8205 202 203 4 4 0 1508.03 0.507 0.127 0.222
8206 203 202 4 4 0 1508.03 0.507 0.127 0.222
8207 202 223 4 4 0 1999.06 0.691 0.143 0.280
8208 223 202 4 4 0 1999.06 0.691 0.143 0.280
8209 202 224 4 4 0 2504.20 0.881 0.111 0.304
8210 224 202 4 4 0 2504.20 0.881 0.111 0.304
8211 203 204 4 4 0 1508.03 0.507 0.151 0.240
8212 204 203 4 4 0 1508.03 0.507 0.151 0.240
8213 203 223 4 4 0 2504.20 0.881 0.159 0.339
8214 223 203 4 4 0 2504.20 0.881 0.159 0.339
8215 203 224 4 4 0 1999.06 0.691 0.127 0.268
8216 224 203 4 4 0 1999.06 0.691 0.127 0.268
8217 203 225 4 4 0 2504.20 0.881 0.143 0.327
8218 225 203 4 4 0 2504.20 0.881 0.143 0.327
8219 204 205 4 4 0 1508.03 0.507 0.135 0.228
8220 205 204 4 4 0 1508.03 0.507 0.135 0.228
8221 204 224 4 4 0 2504.20 0.881 0.135 0.321
8222 224 204 4 4 0 2504.20 0.881 0.135 0.321
8223 204 225 4 4 0 1999.06 0.691 0.151 0.286
8224 225 204 4 4 0 1999.06 0.691 0.151 0.286
8225 204 226 4 4 0 2504.20 0.881 0.167 0.345
8226 226 204 4 4 0 2504.20 0.881 0.167 0.345
8227 205 206 4 4 0 1508.03 0.507 0.389 0.418
8228 206 205 4 4 0 1508.03 0.507 0.389 0.418
8229 205 225 4 4 0 2504.20 0.881 0.127 0.315
8230 225 205 4 4 0 2504.20 0.881 0.127 0.315
8231 205 226 4 4 0 1999.06 0.691 0.143 0.280
8232 226 205 4 4 0 1999.06 0.691 0.143 0.280
8233 205 227 4 4 0 2504.20 0.881 0.111 0.304
8234 227 205 4 4 0 2504.20 0.881 0.111 0.304
8235 206 207 4 4 0 1508.03 0.507 0.619 0.591
8236 207 206 4 4 0 1508.03 0.507 0.619 0.591
8237 206 226 4 4 0 2504.20 0.881 0.421 0.536
8238 226 206 4 4 0 2504.20 0.881 0.421 0.536
8239 206 227 4 4 0 1999.06 0.691 0.389 0.464
8240 227 206 4 4 0 1999.06 0.691 0.389 0.464
8241 206 228 4 4 0 2504.20 0.881 0.659 0.714
8242 228 206 4 4 0 2504.20 0.881 0.659 0.714
8243 207 208 4 4 0 1508.03 0.507 0.571 0.555
8244 208 207 4 4 0 1508.03 0.507 0.571 0.555
8245 207 227 4 4 0 2504.20 0.881 0.341 0.476
8246 227 207 4 4 0 2504.20 0.881 0.341 0.476
8247 207 228 4 4 0 1999.06 0.691 0.611 0.631
8248 228 207 4 4 0 1999.06 0.691 0.611 0.631
8249 207 229 4 4 0 2504.20 0.881 0.587 0.661
8250 229 207 4 4 0 2504.20 0.881 0.587 0.661
8251 208 209 4 4 0 1508.03 0.507 0.302 0.353
8252 209 208 4 4 0 1508.03 0.507 0.302 0.353
8253 208 228 4 4 0 2504.20 0.881 0.611 0.679
8254 228 208 4 4 0 2504.20 0.881 0.611 0.679
8255 208 229 4 4 0 1999.06 0.691 0.587 0.613
8256 229 208 4 4 0 1999.06 0.691 0.587 0.613
8257 208 230 4 4 0 2504.20 0.881 0.317 0.458
8258 230 208 4 4 0 2504.20 0.881 0.317 0.458
8259 209 210 4 4 0 1508.03 0.507 0.048 0.162
8260 210 209 4 4 0 1508.03 0.507 0.048 0.162
8261 209 229 4 4 0 2504.20 0.881 0.317 0.458
8262 229 209 4 4 0 2504.20 0.881 0.317 0.458
8263 209 230 4 4 0 1999.06 0.691 0.048 0.209
8264 230 209 4 4 0 1999.06 0.691 0.048 0.209
8265 209 231 4 4 0 2504.20 0.881 0.032 0.244
8266 231 209 4 4 0 2504.20 0.881 0.032 0.244
8267 210 211 4 4 0 1508.03 0.507 0.056 0.168
8268 211 210 4 4 0 1508.03 0.507 0.056 0.168
8269 210 230 4 4 0 2504.20 0.881 0.063 0.268
8270 230 210 4 4 0 2504.20 0.881 0.063 0.268
8271 210 231 4 4 0 1999.06 0.691 0.048 0.209
8272 231 210 4 4 0 1999.06 0.691 0.048 0.209
8273 210 232 4 4 0 2504.20 0.881 0.103 0.298
8274 232 210 4 4 0 2504.20 0.881 0.103 0.298
8275 211 212 4 4 0 1508.03 0.507 0.111 0.210
8276 212 211 4 4 0 1508.03 0.507 0.111 0.210
8277 211 231 4 4 0 2504.20 0.881 0.040 0.250
8278 231 211 4 4 0 2504.20 0.881 0.040 0.250
8279 211 232 4 4 0 1999.06 0.691 0.095 0.244
8280 232 211 4 4 0 1999.06 0.691 0.095 0.244
8281 211 233 4 4 0 2504.20 0.881 0.095 0.292
8282 233 211 4 4 0 2504.20 0.881 0.095 0.292
8283 212 213 4 4 0 1508.03 0.507 0.167 0.252
8284 213 212 4 4 0 1508.03 0.507 0.167 0.252
8285 212 232 4 4 0 2504.20 0.881 0.159 0.339
8286 232 212 4 4 0 2504.20 0.881 0.159 0.339
8287 212 233 4 4 0 1999.06 0.691 0.159 0.292
8288 233 212 4 4 0 1999.06 0.691 0.159 0.292
8289 212 234 4 4 0 2504.20 0.881 0.143 0.327
8290 234 212 4 4 0 2504.20 0.881 0.143 0.327
8291 213 214 4 4 0 1508.03 0.507 0.175 0.258
8292 214 213 4 4 0 1508.03 0.507 0.175 0.258
8293 213 233 4 4 0 2504.20 0.881 0.151 0.333
8294 233 213 4 4 0 2504.20 0.881 0.151 0.333
8295 213 234 4 4 0 1999.06 0.691 0.135 0.274
8296 234 213 4 4 0 1999.06 0.691 0.135 0.274
8297 213 235 4 4 0 2504.20 0.881 0.151 0.333
8298 235 213 4 4 0 2504.20 0.881 0.151 0.333
8299 214 215 4 4 0 1508.03 0.507 0.151 0.240
8300 215 214 4 4 0 1508.03 0.507 0.151 0.240
8301 214 234 4 4 0 2504.20 0.881 0.151 0.333
8302 234 214 4 4 0 2504.20 0.881 0.151 0.333
8303 214 235 4 4 0 1999.06 0.691 0.167 0.298
8304 235 214 4 4 0 1999.06 0.691 0.167 0.298
8305 214 236 4 4 0 2504.20 0.881 0.190 0.363
8306 236 214 4 4 0 2504.20 0.881 0.190 0.363
8307 215 216 4 4 0 1508.03 0.507 0.127 0.222
8308 216 215 4 4 0 1508.03 0.507 0.127 0.222
8309 215 235 4 4 0 2504.20 0.881 0.127 0.315
8310 235 215 4 4 0 2504.20 0.881 0.127 0.315
8311 215 236 4 4 0 1999.06 0.691 0.151 0.286
8312 236 215 4 4 0 1999.06 0.691 0.151 0.286
8313 215 237 4 4 0 2504.20 0.881 0.143 0.327
8314 237 215 4 4 0 2504.20 0.881 0.143 0.327
8315 216 217 4 4 0 1508.03 0.507 0.127 0.222
8316 217 216 4 4 0 1508.03 0.507 0.127 0.222
8317 216 236 4 4 0 2504.20 0.881 0.167 0.345
8318 236 216 4 4 0 2504.20 0.881 0.167 0.345
8319 216 237 4 4 0 1999.06 0.691 0.159 0.292
8320 237 216 4 4 0 1999.06 0.691 0.159 0.292
8321 216 238 4 4 0 2504.20 0.881 0.143 0.327
8322 238 216 4 4 0 2504.20 0.881 0.143 0.327
8323 217 218 4 4 0 1508.03 0.507 0.127 0.222
8324 218 217 4 4 0 1508.03 0.507 0.127 0.222
8325 217 237 4 4 0 2504.20 0.881 0.143 0.327
8326 237 217 4 4 0 2504.20 0.881 0.143 0.327
8327 217 238 4 4 0 1999.06 0.691 0.127 0.268
8328 238 217 4 4 0 1999.06 0.691 0.127 0.268
8329 217 239 4 4 0 2504.20 0.881 0.143 0.327
8330 239 217 4 4 0 2504.20 0.881 0.143 0.327
8331 218 219 4 4 0 1508.03 0.507 0.095 0.198
8332 219 218 4 4 0 1508.03 0.507 0.095 0.198
8333 218 238 4 4 0 2504.20 0.881 0.143 0.327
8334 238 218 4 4 0 2504.20 0.881 0.143 0.327
8335 218 239 4 4 0 1999.06 0.691 0.159 0.292
8336 239 218 4 4 0 1999.06 0.691 0.159 0.292
8337 218 240 4 4 0 2504.20 0.881 0.143 0.327
8338 240 218 4 4 0 2504.20 0.881 0.143 0.327
8339 219 220 4 4 0 1508.03 0.507 0.040 0.156
8340 220 219 4 4 0 1508.03 0.507 0.040 0.156
8341 219 239 4 4 0 2504.20 0.881 0.111 0.304
8342 239 219 4 4 0 2504.20 0.881 0.111 0.304
8343 219 240 4 4 0 1999.06 0.691 0.095 0.244
8344 240 219 4 4 0 1999.06 0.691 0.095 0.244
8345 219 241 4 4 0 2504.20 0.881 0.119 0.310
8346 241 219 4 4 0 2504.20 0.881 0.119 0.310
8347 220 221 4 4 0 1508.03 0.507 0.032 0.151
8348 221 220 4 4 0 1508.03 0.507 0.032 0.151
8349 220 240 4 4 0 2504.20 0.881 0.087 0.286
8350 240 220 4 4 0 2504.20 0.881 0.087 0.286
8351 220 241 4 4 0 1999.06 0.691 0.111 0.256
8352 241 220 4 4 0 1999.06 0.691 0.111 0.256
8353 220 242 4 4 0 2504.20 0.881 0.079 0.280
8354 242 220 4 4 0 2504.20 0.881 0.079 0.280
8355 221 222 4 4 0 1508.03 0.507 0.048 0.162
8356 222 221 4 4 0 1508.03 0.507 0.048 0.162
8357 221 241 4 4 0 2504.20 0.881 0.111 0.304
8358 241 221 4 4 0 2504.20 0.881 0.111 0.304
8359 221 242 4 4 0 1999.06 0.691 0.079 0.232
8360 242 221 4 4 0 1999.06 0.691 0.079 0.232
8361 221 243 4 4 0 2504.20 0.881 0.040 0.250
8362 243 221 4 4 0 2504.20 0.881 0.040 0.250
8363 222 242 4 4 0 2504.20 0.881 0.095 0.292
8364 242 222 4 4 0 2504.20 0.881 0.095 0.292
8365 222 243 4 4 0 1999.06 0.691 0.056 0.214
8366 243 222 4 4 0 1999.06 0.691 0.056 0.214
8367 222 244 4 4 0 2504.20 0.881 0.063 0.268
8368 244 222 4 4 0 2504.20 0.881 0.063 0.268
8369 223 224 4 4 0 1508.44 0.507 0.143 0.234
8370 224 223 4 4 0 1508.44 0.507 0.143 0.234
8371 223 245 4 4 0 1999.06 0.691 0.167 0.298
8372 245 223 4 4 0 1999.06 0.691 0.167 0.298
8373 223 246 4 4 0 2504.45 0.881 0.143 0.327
8374 246 223 4 4 0 2504.45 0.881 0.143 0.327
8375 224 225 4 4 0 1508.44 0.507 0.127 0.222
8376 225 224 4 4 0 1508.44 0.507 0.127 0.222
8377 224 245 4 4 0 2504.45 0.881 0.135 0.321
8378 245 224 4 4 0 2504.45 0.881 0.135 0.321
8379 224 246 4 4 0 1999.06 0.691 0.111 0.256
8380 246 224 4 4 0 1999.06 0.691 0.111 0.256
8381 224 247 4 4 0 2504.45 0.881 0.127 0.316
8382 247 224 4 4 0 2504.45 0.881 0.127 0.316
8383 225 226 4 4 0 1508.44 0.507 0.159 0.246
8384 226 225 4 4 0 1508.44 0.507 0.159 0.246
8385 225 246 4 4 0 2504.45 0.881 0.127 0.316
8386 246 225 4 4 0 2504.45 0.881 0.127 0.316
8387 225 247 4 4 0 1999.06 0.691 0.143 0.280
8388 247 225 4 4 0 1999.06 0.691 0.143 0.280
8389 225 248 4 4 0 2504.45 0.881 0.151 0.333
8390 248 225 4 4 0 2504.45 0.881 0.151 0.333
8391 226 227 4 4 0 1508.44 0.507 0.143 0.234
8392 227 226 4 4 0 1508.44 0.507 0.143 0.234
8393 226 247 4 4 0 2504.45 0.881 0.159 0.339
8394 247 226 4 4 0 2504.45 0.881 0.159 0.339
8395 226 248 4 4 0 1999.06 0.691 0.167 0.298
8396 248 226 4 4 0 1999.06 0.691 0.167 0.298
8397 226 249 4 4 0 2504.45 0.881 0.175 0.351
8398 249 226 4 4 0 2504.45 0.881 0.175 0.351
8399 227 228 4 4 0 1508.44 0.507 0.381 0.412
8400 228 227 4 4 0 1508.44 0.507 0.381 0.412
8401 227 248 4 4 0 2504.45 0.881 0.135 0.321
8402 248 227 4 4 0 2504.45 0.881 0.135 0.321
8403 227 249 4 4 0 1999.06 0.691 0.143 0.280
8404 249 227 4 4 0 1999.06 0.691 0.143 0.280
8405 227 250 4 4 0 2504.45 0.881 0.119 0.310
8406 250 227 4 4 0 2504.45 0.881 0.119 0.310
8407 228 229 4 4 0 1508.44 0.507 0.627 0.597
8408 229 228 4 4 0 1508.44 0.507 0.627 0.597
8409 228 249 4 4 0 2504.45 0.881 0.413 0.530
8410 249 228 4 4 0 2504.45 0.881 0.413 0.530
8411 228 250 4 4 0 1999.06 0.691 0.389 0.464
8412 250 228 4 4 0 1999.06 0.691 0.389 0.464
8413 228 251 4 4 0 2504.45 0.881 0.397 0.518
8414 251 228 4 4 0 2504.45 0.881 0.397 0.518
8415 229 230 4 4 0 1508.44 0.507 0.333 0.377
8416 230 229 4 4 0 1508.44 0.507 0.333 0.377
8417 229 250 4 4 0 2504.45 0.881 0.365 0.494
8418 250 229 4 4 0 2504.45 0.881 0.365 0.494
8419 229 251 4 4 0 1999.06 0.691 0.373 0.453
8420 251 229 4 4 0 1999.06 0.691 0.373 0.453
8421 229 252 4 4 0 2504.45 0.881 0.333 0.470
8422 252 229 4 4 0 2504.45 0.881 0.333 0.470
8423 230 231 4 4 0 1508.44 0.507 0.048 0.162
8424 231 230 4 4 0 1508.44 0.507 0.048 0.162
8425 230 251 4 4 0 2504.45 0.881 0.103 0.298
8426 251 230 4 4 0 2504.45 0.881 0.103 0.298
8427 230 252 4 4 0 1999.06 0.691 0.063 0.220
8428 252 230 4 4 0 1999.06 0.691 0.063 0.220
8429 230 253 4 4 0 2504.45 0.881 0.103 0.298
8430 253 230 4 4 0 2504.45 0.881 0.103 0.298
8431 231 232 4 4 0 1508.44 0.507 0.087 0.192
8432 232 231 4 4 0 1508.44 0.507 0.087 0.192
8433 231 252 4 4 0 2504.45 0.881 0.048 0.256
8434 252 231 4 4 0 2504.45 0.881 0.048 0.256
8435 231 253 4 4 0 1999.06 0.691 0.087 0.238
8436 253 231 4 4 0 1999.06 0.691 0.087 0.238
8437 231 254 4 4 0 2504.45 0.881 0.095 0.292
8438 254 231 4 4 0 2504.45 0.881 0.095 0.292
8439 232 233 4 4 0 1508.44 0.507 0.143 0.234
8440 233 232 4 4 0 1508.44 0.507 0.143 0.234
8441 232 253 4 4 0 2504.45 0.881 0.143 0.327
8442 253 232 4 4 0 2504.45 0.881 0.143 0.327
8443 232 254 4 4 0 1999.06 0.691 0.151 0.286
8444 254 232 4 4 0 1999.06 0.691 0.151 0.286
8445 232 255 4 4 0 2504.45 0.881 0.135 0.321
8446 255 232 4 4 0 2504.45 0.881 0.135 0.321
8447 233 234 4 4 0 1508.44 0.507 0.127 0.222
8448 234 233 4 4 0 1508.44 0.507 0.127 0.222
8449 233 254 4 4 0 2504.45 0.881 0.151 0.333
8450 254 233 4 4 0 2504.45 0.881 0.151 0.333
8451 233 255 4 4 0 1999.06 0.691 0.135 0.274
8452 255 233 4 4 0 1999.06 0.691 0.135 0.274
8453 233 256 4 4 0 2504.45 0.881 0.127 0.316
8454 256 233 4 4 0 2504.45 0.881 0.127 0.316
8455 234 235 4 4 0 1508.44 0.507 0.127 0.222
8456 235 234 4 4 0 1508.44 0.507 0.127 0.222
8457 234 255 4 4 0 2504.45 0.881 0.119 0.310
8458 255 234 4 4 0 2504.45 0.881 0.119 0.310
8459 234 256 4 4 0 1999.06 0.691 0.111 0.256
8460 256 234 4 4 0 1999.06 0.691 0.111 0.256
8461 234 257 4 4 0 2504.45 0.881 0.151 0.333
8462 257 234 4 4 0 2504.45 0.881 0.151 0.333
8463 235 236 4 4 0 1508.44 0.507 0.167 0.252
8464 236 235 4 4 0 1508.44 0.507 0.167 0.252
8465 235 256 4 4 0 2504.45 0.881 0.127 0.316
8466 256 235 4 4 0 2504.45 0.881 0.127 0.316
8467 235 257 4 4 0 1999.06 0.691 0.167 0.298
8468 257 235 4 4 0 1999.06 0.691 0.167 0.298
8469 235 258 4 4 0 2504.45 0.881 0.159 0.339
8470 258 235 4 4 0 2504.45 0.881 0.159 0.339
8471 236 237 4 4 0 1508.44 0.507 0.183 0.264
8472 237 236 4 4 0 1508.44 0.507 0.183 0.264
8473 236 257 4 4 0 2504.45 0.881 0.190 0.363
8474 257 236 4 4 0 2504.45 0.881 0.190 0.363
8475 236 258 4 4 0 1999.06 0.691 0.183 0.310
8476 258 236 4 4 0 1999.06 0.691 0.183 0.310
8477 236 259 4 4 0 2504.45 0.881 0.167 0.345
8478 259 236 4 4 0 2504.45 0.881 0.167 0.345
8479 237 238 4 4 0 1508.44 0.507 0.159 0.246
8480 238 237 4 4 0 1508.44 0.507 0.159 0.246
8481 237 258 4 4 0 2504.45 0.881 0.175 0.351
8482 258 237 4 4 0 2504.45 0.881 0.175 0.351
8483 237 259 4 4 0 1999.06 0.691 0.159 0.292
8484 259 237 4 4 0 1999.06 0.691 0.159 0.292
8485 237 260 4 4 0 2504.45 0.881 0.143 0.327
8486 260 237 4 4 0 2504.45 0.881 0.143 0.327
8487 238 239 4 4 0 1508.44 0.507 0.159 0.246
8488 239 238 4 4 0 1508.44 0.507 0.159 0.246
8489 238 259 4 4 0 2504.45 0.881 0.143 0.327
8490 259 238 4 4 0 2504.45 0.881 0.143 0.327
8491 238 260 4 4 0 1999.06 0.691 0.127 0.268
8492 260 238 4 4 0 1999.06 0.691 0.127 0.268
8493 238 261 4 4 0 2504.45 0.881 0.167 0.345
8494 261 238 4 4 0 2504.45 0.881 0.167 0.345
8495 239 240 4 4 0 1508.44 0.507 0.159 0.246
8496 240 239 4 4 0 1508.44 0.507 0.159 0.246
8497 239 260 4 4 0 2504.45 0.881 0.143 0.327
8498 260 239 4 4 0 2504.45 0.881 0.143 0.327
8499 239 261 4 4 0 1999.06 0.691 0.183 0.310
8500 261 239 4 4 0 1999.06 0.691 0.183 0.310
8501 239 262 4 4 0 2504.45 0.881 0.183 0.357
8502 262 239 4 4 0 2504.45 0.881 0.183 0.357
8503 240 241 4 4 0 1508.44 0.507 0.167 0.252
8504 241 240 4 4 0 1508.44 0.507 0.167 0.252
8505 240 261 4 4 0 2504.45 0.881 0.167 0.345
8506 261 240 4 4 0 2504.45 0.881 0.167 0.345
8507 240 262 4 4 0 1999.06 0.691 0.167 0.298
8508 262 240 4 4 0 1999.06 0.691 0.167 0.298
8509 240 263 4 4 0 2504.45 0.881 0.135 0.321
8510 263 240 4 4 0 2504.45 0.881 0.135 0.321
8511 241 242 4 4 0 1508.44 0.507 0.159 0.246
8512 242 241 4 4 0 1508.44 0.507 0.159 0.246
8513 241 262 4 4 0 2504.45 0.881 0.190 0.363
8514 262 241 4 4 0 2504.45 0.881 0.190 0.363
8515 241 263 4 4 0 1999.06 0.691 0.159 0.292
8516 263 241 4 4 0 1999.06 0.691 0.159 0.292
8517 241 264 4 4 0 2504.45 0.881 0.127 0.316
8518 264 241 4 4 0 2504.45 0.881 0.127 0.316
8519 242 243 4 4 0 1508.44 0.507 0.087 0.192
8520 243 242 4 4 0 1508.44 0.507 0.087 0.192
8521 242 263 4 4 0 2504.45 0.881 0.127 0.316
8522 263 242 4 4 0 2504.45 0.881 0.127 0.316
8523 242 264 4 4 0 1999.06 0.691 0.095 0.244
8524 264 242 4 4 0 1999.06 0.691 0.095 0.244
8525 242 265 4 4 0 2504.45 0.881 0.095 0.292
8526 265 242 4 4 0 2504.45 0.881 0.095 0.292
8527 243 244 4 4 0 1508.44 0.507 0.056 0.168
8528 244 243 4 4 0 1508.44 0.507 0.056 0.168
8529 243 264 4 4 0 2504.45 0.881 0.056 0.262
8530 264 243 4 4 0 2504.45 0.881 0.056 0.262
8531 243 265 4 4 0 1999.06 0.691 0.056 0.214
8532 265 243 4 4 0 1999.06 0.691 0.056 0.214
8533 243 266 4 4 0 2504.45 0.881 0.048 0.256
8534 266 243 4 4 0 2504.45 0.881 0.048 0.256
8535 244 265 4 4 0 2504.45 0.881 0.063 0.268
8536 265 244 4 4 0 2504.45 0.881 0.063 0.268
8537 244 266 4 4 0 1999.06 0.691 0.056 0.214
8538 266 244 4 4 0 1999.06 0.691 0.056 0.214
8539 245 246 4 4 0 1508.86 0.507 0.135 0.228
8540 246 245 4 4 0 1508.86 0.507 0.135 0.228
8541 245 267 4 4 0 2504.69 0.881 0.167 0.345
8542 267 245 4 4 0 2504.69 0.881 0.167 0.345
8543 246 247 4 4 0 1508.86 0.507 0.127 0.222
8544 247 246 4 4 0 1508.86 0.507 0.127 0.222
8545 246 267 4 4 0 1999.05 0.691 0.143 0.280
8546 267 246 4 4 0 1999.05 0.691 0.143 0.280
8547 246 268 4 4 0 2504.69 0.881 0.119 0.310
8548 268 246 4 4 0 2504.69 0.881 0.119 0.310
8549 247 248 4 4 0 1508.86 0.507 0.151 0.240
8550 248 247 4 4 0 1508.86 0.507 0.151 0.240
8551 247 267 4 4 0 2504.69 0.881 0.159 0.339
8552 267 247 4 4 0 2504.69 0.881 0.159 0.339
8553 247 268 4 4 0 1999.05 0.691 0.135 0.274
8554 268 247 4 4 0 1999.05 0.691 0.135 0.274
8555 247 269 4 4 0 2504.69 0.881 0.119 0.310
8556 269 247 4 4 0 2504.69 0.881 0.119 0.310
8557 248 249 4 4 0 1508.86 0.507 0.167 0.252
8558 249 248 4 4 0 1508.86 0.507 0.167 0.252
8559 248 268 4 4 0 2504.69 0.881 0.143 0.327
8560 268 248 4 4 0 2504.69 0.881 0.143 0.327
8561 248 269 4 4 0 1999.05 0.691 0.127 0.268
8562 269 248 4 4 0 1999.05 0.691 0.127 0.268
8563 248 270 4 4 0 2504.69 0.881 0.135 0.321
8564 270 248 4 4 0 2504.69 0.881 0.135 0.321
8565 249 250 4 4 0 1508.86 0.507 0.151 0.240
8566 250 249 4 4 0 1508.86 0.507 0.151 0.240
8567 249 269 4 4 0 2504.69 0.881 0.135 0.321
8568 269 249 4 4 0 2504.69 0.881 0.135 0.321
8569 249 270 4 4 0 1999.05 0.691 0.143 0.280
8570 270 249 4 4 0 1999.05 0.691 0.143 0.280
8571 249 271 4 4 0 2504.69 0.881 0.151 0.333
8572 271 249 4 4 0 2504.69 0.881 0.151 0.333
8573 250 251 4 4 0 1508.86 0.507 0.135 0.228
8574 251 250 4 4 0 1508.86 0.507 0.135 0.228
8575 250 270 4 4 0 2504.69 0.881 0.119 0.310
8576 270 250 4 4 0 2504.69 0.881 0.119 0.310
8577 250 271 4 4 0 1999.05 0.691 0.127 0.268
8578 271 250 4 4 0 1999.05 0.691 0.127 0.268
8579 250 272 4 4 0 2504.69 0.881 0.135 0.321
8580 272 250 4 4 0 2504.69 0.881 0.135 0.321
8581 251 252 4 4 0 1508.86 0.507 0.103 0.204
8582 252 251 4 4 0 1508.86 0.507 0.103 0.204
8583 251 271 4 4 0 2504.69 0.881 0.135 0.321
8584 271 251 4 4 0 2504.69 0.881 0.135 0.321
8585 251 272 4 4 0 1999.05 0.691 0.143 0.280
8586 272 251 4 4 0 1999.05 0.691 0.143 0.280
8587 251 273 4 4 0 2504.69 0.881 0.159 0.339
8588 273 251 4 4 0 2504.69 0.881 0.159 0.339
8589 252 253 4 4 0 1508.86 0.507 0.103 0.204
8590 253 252 4 4 0 1508.86 0.507 0.103 0.204
8591 252 272 4 4 0 2504.69 0.881 0.103 0.298
8592 272 252 4 4 0 2504.69 0.881 0.103 0.298
8593 252 273 4 4 0 1999.05 0.691 0.119 0.262
8594 273 252 4 4 0 1999.05 0.691 0.119 0.262
8595 252 274 4 4 0 2504.69 0.881 0.119 0.310
8596 274 252 4 4 0 2504.69 0.881 0.119 0.310
8597 253 254 4 4 0 1508.86 0.507 0.151 0.240
8598 254 253 4 4 0 1508.86 0.507 0.151 0.240
8599 253 273 4 4 0 2504.69 0.881 0.159 0.339
8600 273 253 4 4 0 2504.69 0.881 0.159 0.339
8601 253 274 4 4 0 1999.05 0.691 0.159 0.292
8602 274 253 4 4 0 1999.05 0.691 0.159 0.292
8603 253 275 4 4 0 2504.69 0.881 0.167 0.345
8604 275 253 4 4 0 2504.69 0.881 0.167 0.345
8605 254 255 4 4 0 1508.86 0.507 0.143 0.234
8606 255 254 4 4 0 1508.86 0.507 0.143 0.234
8607 254 274 4 4 0 2504.69 0.881 0.167 0.345
8608 274 254 4 4 0 2504.69 0.881 0.167 0.345
8609 254 275 4 4 0 1999.05 0.691 0.175 0.304
8610 275 254 4 4 0 1999.05 0.691 0.175 0.304
8611 254 276 4 4 0 2504.69 0.881 0.159 0.339
8612 276 254 4 4 0 2504.69 0.881 0.159 0.339
8613 255 256 4 4 0 1508.86 0.507 0.119 0.216
8614 256 255 4 4 0 1508.86 0.507 0.119 0.216
8615 255 275 4 4 0 2504.69 0.881 0.159 0.339
8616 275 255 4 4 0 2504.69 0.881 0.159 0.339
8617 255 276 4 4 0 1999.05 0.691 0.143 0.280
8618 276 255 4 4 0 1999.05 0.691 0.143 0.280
8619 255 277 4 4 0 2504.69 0.881 0.135 0.321
8620 277 255 4 4 0 2504.69 0.881 0.135 0.321
8621 256 257 4 4 0 1508.86 0.507 0.151 0.240
8622 257 256 4 4 0 1508.86 0.507 0.151 0.240
8623 256 276 4 4 0 2504.69 0.881 0.135 0.321
8624 276 256 4 4 0 2504.69 0.881 0.135 0.321
8625 256 277 4 4 0 1999.05 0.691 0.127 0.268
8626 277 256 4 4 0 1999.05 0.691 0.127 0.268
8627 256 278 4 4 0 2504.69 0.881 0.127 0.316
8628 278 256 4 4 0 2504.69 0.881 0.127 0.316
8629 257 258 4 4 0 1508.86 0.507 0.183 0.264
8630 258 257 4 4 0 1508.86 0.507 0.183 0.264
8631 257 277 4 4 0 2504.69 0.881 0.167 0.345
8632 277 257 4 4 0 2504.69 0.881 0.167 0.345
8633 257 278 4 4 0 1999.05 0.691 0.167 0.298
8634 278 257 4 4 0 1999.05 0.691 0.167 0.298
8635 257 279 4 4 0 2504.69 0.881 0.183 0.357
8636 279 257 4 4 0 2504.69 0.881 0.183 0.357
8637 258 259 4 4 0 1508.86 0.507 0.159 0.246
8638 259 258 4 4 0 1508.86 0.507 0.159 0.246
8639 258 278 4 4 0 2504.69 0.881 0.159 0.339
8640 278 258 4 4 0 2504.69 0.881 0.159 0.339
8641 258 279 4 4 0 1999.05 0.691 0.175 0.304
8642 279 258 4 4 0 1999.05 0.691 0.175 0.304
8643 258 280 4 4 0 2504.69 0.881 0.175 0.351
8644 280 258 4 4 0 2504.69 0.881 0.175 0.351
8645 259 260 4 4 0 1508.86 0.507 0.127 0.222
8646 260 259 4 4 0 1508.86 0.507 0.127 0.222
8647 259 279 4 4 0 2504.69 0.881 0.159 0.339
8648 279 259 4 4 0 2504.69 0.881 0.159 0.339
8649 259 280 4 4 0 1999.05 0.691 0.159 0.292
8650 280 259 4 4 0 1999.05 0.691 0.159 0.292
8651 259 281 4 4 0 2504.69 0.881 0.167 0.345
8652 281 259 4 4 0 2504.69 0.881 0.167 0.345
8653 260 261 4 4 0 1508.86 0.507 0.151 0.240
8654 261 260 4 4 0 1508.86 0.507 0.151 0.240
8655 260 280 4 4 0 2504.69 0.881 0.143 0.327
8656 280 260 4 4 0 2504.69 0.881 0.143 0.327
8657 260 281 4 4 0 1999.05 0.691 0.151 0.286
8658 281 260 4 4 0 1999.05 0.691 0.151 0.286
8659 260 282 4 4 0 2504.69 0.881 0.127 0.316
8660 282 260 4 4 0 2504.69 0.881 0.127 0.316
8661 261 262 4 4 0 1508.86 0.507 0.190 0.270
8662 262 261 4 4 0 1508.86 0.507 0.190 0.270
8663 261 281 4 4 0 2504.69 0.881 0.190 0.363
8664 281 261 4 4 0 2504.69 0.881 0.190 0.363
8665 261 282 4 4 0 1999.05 0.691 0.167 0.298
8666 282 261 4 4 0 1999.05 0.691 0.167 0.298
8667 261 283 4 4 0 2504.69 0.881 0.151 0.333
8668 283 261 4 4 0 2504.69 0.881 0.151 0.333
8669 262 263 4 4 0 1508.86 0.507 0.159 0.246
8670 263 262 4 4 0 1508.86 0.507 0.159 0.246
8671 262 282 4 4 0 2504.69 0.881 0.167 0.345
8672 282 262 4 4 0 2504.69 0.881 0.167 0.345
8673 262 283 4 4 0 1999.05 0.691 0.151 0.286
8674 283 262 4 4 0 1999.05 0.691 0.151 0.286
8675 262 284 4 4 0 2504.69 0.881 0.167 0.345
8676 284 262 4 4 0 2504.69 0.881 0.167 0.345
8677 263 264 4 4 0 1508.86 0.507 0.095 0.198
8678 264 263 4 4 0 1508.86 0.507 0.095 0.198
8679 263 283 4 4 0 2504.69 0.881 0.119 0.310
8680 283 263 4 4 0 2504.69 0.881 0.119 0.310
8681 263 284 4 4 0 1999.05 0.691 0.135 0.274
8682 284 263 4 4 0 1999.05 0.691 0.135 0.274
8683 263 285 4 4 0 2504.69 0.881 0.079 0.280
8684 285 263 4 4 0 2504.69 0.881 0.079 0.280
8685 264 265 4 4 0 1508.86 0.507 0.063 0.174
8686 265 264 4 4 0 1508.86 0.507 0.063 0.174
8687 264 284 4 4 0 2504.69 0.881 0.103 0.298
8688 284 264 4 4 0 2504.69 0.881 0.103 0.298
8689 264 285 4 4 0 1999.05 0.691 0.048 0.209
8690 285 264 4 4 0 1999.05 0.691 0.048 0.209
8691 264 286 4 4 0 2504.69 0.881 0.048 0.256
8692 286 264 4 4 0 2504.69 0.881 0.048 0.256
8693 265 266 4 4 0 1508.86 0.507 0.056 0.168
8694 266 265 4 4 0 1508.86 0.507 0.056 0.168
8695 265 285 4 4 0 2504.69 0.881 0.048 0.256
8696 285 265 4 4 0 2504.69 0.881 0.048 0.256
8697 265 286 4 4 0 1999.05 0.691 0.048 0.209
8698 286 265 4 4 0 1999.05 0.691 0.048 0.209
8699 265 287 4 4 0 2504.69 0.881 0.056 0.262
8700 287 265 4 4 0 2504.69 0.881 0.056 0.262
8701 266 286 4 4 0 2504.69 0.881 0.040 0.250
8702 286 266 4 4 0 2504.69 0.881 0.040 0.250
8703 266 287 4 4 0 1999.05 0.691 0.048 0.209
8704 287 266 4 4 0 1999.05 0.691 0.048 0.209
8705 267 268 4 4 0 1509.27 0.507 0.151 0.240
8706 268 267 4 4 0 1509.27 0.507 0.151 0.240
8707 267 288 4 4 0 1999.05 0.691 0.175 0.304
8708 288 267 4 4 0 1999.05 0.691 0.175 0.304
8709 267 289 4 4 0 2504.94 0.881 0.159 0.339
8710 289 267 4 4 0 2504.94 0.881 0.159 0.339
8711 268 269 4 4 0 1509.27 0.507 0.111 0.210
8712 269 268 4 4 0 1509.27 0.507 0.111 0.210
8713 268 288 4 4 0 2504.94 0.881 0.151 0.333
8714 288 268 4 4 0 2504.94 0.881 0.151 0.333
8715 268 289 4 4 0 1999.05 0.691 0.135 0.274
8716 289 268 4 4 0 1999.05 0.691 0.135 0.274
8717 268 290 4 4 0 2504.94 0.881 0.151 0.333
8718 290 268 4 4 0 2504.94 0.881 0.151 0.333
8719 269 270 4 4 0 1509.27 0.507 0.103 0.204
8720 270 269 4 4 0 1509.27 0.507 0.103 0.204
8721 269 289 4 4 0 2504.94 0.881 0.119 0.310
8722 289 269 4 4 0 2504.94 0.881 0.119 0.310
8723 269 290 4 4 0 1999.05 0.691 0.135 0.274
8724 290 269 4 4 0 1999.05 0.691 0.135 0.274
8725 269 291 4 4 0 2504.94 0.881 0.103 0.298
8726 291 269 4 4 0 2504.94 0.881 0.103 0.298
8727 270 271 4 4 0 1509.27 0.507 0.119 0.216
8728 271 270 4 4 0 1509.27 0.507 0.119 0.216
8729 270 290 4 4 0 2504.94 0.881 0.143 0.327
8730 290 270 4 4 0 2504.94 0.881 0.143 0.327
8731 270 291 4 4 0 1999.05 0.691 0.111 0.256
8732 291 270 4 4 0 1999.05 0.691 0.111 0.256
8733 270 292 4 4 0 2504.94 0.881 0.143 0.327
8734 292 270 4 4 0 2504.94 0.881 0.143 0.327
8735 271 272 4 4 0 1509.27 0.507 0.135 0.228
8736 272 271 4 4 0 1509.27 0.507 0.135 0.228
8737 271 291 4 4 0 2504.94 0.881 0.119 0.310
8738 291 271 4 4 0 2504.94 0.881 0.119 0.310
8739 271 292 4 4 0 1999.05 0.691 0.151 0.286
8740 292 271 4 4 0 1999.05 0.691 0.151 0.286
8741 271 293 4 4 0 2504.94 0.881 0.143 0.327
8742 293 271 4 4 0 2504.94 0.881 0.143 0.327
8743 272 273 4 4 0 1509.27 0.507 0.159 0.246
8744 273 272 4 4 0 1509.27 0.507 0.159 0.246
8745 272 292 4 4 0 2504.94 0.881 0.159 0.339
8746 292 272 4 4 0 2504.94 0.881 0.159 0.339
8747 272 293 4 4 0 1999.05 0.691 0.151 0.286
8748 293 272 4 4 0 1999.05 0.691 0.151 0.286
8749 273 274 4 4 0 1509.27 0.507 0.175 0.258
8750 274 273 4 4 0 1509.27 0.507 0.175 0.258
8751 273 293 4 4 0 2504.94 0.881 0.167 0.345
8752 293 273 4 4 0 2504.94 0.881 0.167 0.345
8753 273 294 4 4 0 1999.05 0.691 0.167 0.298
8754 294 273 4 4 0 1999.05 0.691 0.167 0.298
8755 273 295 4 4 0 2504.94 0.881 0.151 0.333
8756 295 273 4 4 0 2504.94 0.881 0.151 0.333
8757 274 275 4 4 0 1509.27 0.507 0.183 0.264
8758 275 274 4 4 0 1509.27 0.507 0.183 0.264
8759 274 294 4 4 0 2504.94 0.881 0.167 0.345
8760 294 274 4 4 0 2504.94 0.881 0.167 0.345
8761 274 295 4 4 0 1999.05 0.691 0.151 0.286
8762 295 274 4 4 0 1999.05 0.691 0.151 0.286
8763 274 296 4 4 0 2504.94 0.881 0.159 0.339
8764 296 274 4 4 0 2504.94 0.881 0.159 0.339
8765 275 276 4 4 0 1509.27 0.507 0.175 0.258
8766 276 275 4 4 0 1509.27 0.507 0.175 0.258
8767 275 295 4 4 0 2504.94 0.881 0.159 0.339
8768 295 275 4 4 0 2504.94 0.881 0.159 0.339
8769 275 296 4 4 0 1999.05 0.691 0.167 0.298
8770 296 275 4 4 0 1999.05 0.691 0.167 0.298
8771 275 297 4 4 0 2504.94 0.881 0.175 0.351
8772 297 275 4 4 0 2504.94 0.881 0.175 0.351
8773 276 277 4 4 0 1509.27 0.507 0.151 0.240
8774 277 276 4 4 0 1509.27 0.507 0.151 0.240
8775 276 296 4 4 0 2504.94 0.881 0.151 0.333
8776 296 276 4 4 0 2504.94 0.881 0.151 0.333
8777 276 297 4 4 0 1999.05 0.691 0.159 0.292
8778 297 276 4 4 0 1999.05 0.691 0.159 0.292
8779 276 298 4 4 0 2504.94 0.881 0.175 0.351
8780 298 276 4 4 0 2504.94 0.881 0.175 0.351
8781 277 278 4 4 0 1509.27 0.507 0.143 0.234
8782 278 277 4 4 0 1509.27 0.507 0.143 0.234
8783 277 297 4 4 0 2504.94 0.881 0.151 0.333
8784 297 277 4 4 0 2504.94 0.881 0.151 0.333
8785 277 298 4 4 0 1999.05 0.691 0.167 0.298
8786 298 277 4 4 0 1999.05 0.691 0.167 0.298
8787 277 299 4 4 0 2504.94 0.881 0.127 0.316
8788 299 277 4 4 0 2504.94 0.881 0.127 0.316
8789 278 279 4 4 0 1509.27 0.507 0.159 0.246
8790 279 278 4 4 0 1509.27 0.507 0.159 0.246
8791 278 298 4 4 0 2504.94 0.881 0.167 0.345
8792 298 278 4 4 0 2504.94 0.881 0.167 0.345
8793 278 299 4 4 0 1999.05 0.691 0.127 0.268
8794 299 278 4 4 0 1999.05 0.691 0.127 0.268
8795 278 300 4 4 0 2504.94 0.881 0.151 0.333
8796 300 278 4 4 0 2504.94 0.881 0.151 0.333
8797 279 280 4 4 0 1509.27 0.507 0.175 0.258
8798 280 279 4 4 0 1509.27 0.507 0.175 0.258
8799 279 299 4 4 0 2504.94 0.881 0.143 0.327
8800 299 279 4 4 0 2504.94 0.881 0.143 0.327
8801 279 300 4 4 0 1999.05 0.691 0.167 0.298
8802 300 279 4 4 0 1999.05 0.691 0.167 0.298
8803 279 301 4 4 0 2504.94 0.881 0.159 0.339
8804 301 279 4 4 0 2504.94 0.881 0.159 0.339
8805 280 281 4 4 0 1509.27 0.507 0.183 0.264
8806 281 280 4 4 0 1509.27 0.507 0.183 0.264
8807 280 300 4 4 0 2504.94 0.881 0.167 0.345
8808 300 280 4 4 0 2504.94 0.881 0.167 0.345
8809 280 301 4 4 0 1999.05 0.691 0.159 0.292
8810 301 280 4 4 0 1999.05 0.691 0.159 0.292
8811 280 302 4 4 0 2504.94 0.881 0.151 0.333
8812 302 280 4 4 0 2504.94 0.881 0.151 0.333
8813 281 282 4 4 0 1509.27 0.507 0.167 0.252
8814 282 281 4 4 0 1509.27 0.507 0.167 0.252
8815 281 301 4 4 0 2504.94 0.881 0.167 0.345
8816 301 281 4 4 0 2504.94 0.881 0.167 0.345
8817 281 302 4 4 0 1999.05 0.691 0.159 0.292
8818 302 281 4 4 0 1999.05 0.691 0.159 0.292
8819 281 303 4 4 0 2504.94 0.881 0.151 0.333
8820 303 281 4 4 0 2504.94 0.881 0.151 0.333
8821 282 283 4 4 0 1509.27 0.507 0.127 0.222
8822 283 282 4 4 0 1509.27 0.507 0.127 0.222
8823 282 302 4 4 0 2504.94 0.881 0.135 0.322
8824 302 282 4 4 0 2504.94 0.881 0.135 0.322
8825 282 303 4 4 0 1999.05 0.691 0.127 0.268
8826 303 282 4 4 0 1999.05 0.691 0.127 0.268
8827 282 304 4 4 0 2504.94 0.881 0.151 0.333
8828 304 282 4 4 0 2504.94 0.881 0.151 0.333
8829 283 284 4 4 0 1509.27 0.507 0.127 0.222
8830 284 283 4 4 0 1509.27 0.507 0.127 0.222
8831 283 303 4 4 0 2504.94 0.881 0.111 0.304
8832 303 283 4 4 0 2504.94 0.881 0.111 0.304
8833 283 304 4 4 0 1999.05 0.691 0.135 0.274
8834 304 283 4 4 0 1999.05 0.691 0.135 0.274
8835 283 305 4 4 0 2504.94 0.881 0.135 0.322
8836 305 283 4 4 0 2504.94 0.881 0.135 0.322
8837 284 285 4 4 0 1509.27 0.507 0.087 0.192
8838 285 284 4 4 0 1509.27 0.507 0.087 0.192
8839 284 304 4 4 0 2504.94 0.881 0.151 0.333
8840 304 284 4 4 0 2504.94 0.881 0.151 0.333
8841 284 305 4 4 0 1999.05 0.691 0.151 0.286
8842 305 284 4 4 0 1999.05 0.691 0.151 0.286
8843 284 306 4 4 0 2504.94 0.881 0.095 0.292
8844 306 284 4 4 0 2504.94 0.881 0.095 0.292
8845 285 286 4 4 0 1509.27 0.507 0.032 0.151
8846 286 285 4 4 0 1509.27 0.507 0.032 0.151
8847 285 305 4 4 0 2504.94 0.881 0.095 0.292
8848 305 285 4 4 0 2504.94 0.881 0.095 0.292
8849 285 306 4 4 0 1999.05 0.691 0.040 0.203
8850 306 285 4 4 0 1999.05 0.691 0.040 0.203
8851 285 307 4 4 0 2504.94 0.881 0.087 0.286
8852 307 285 4 4 0 2504.94 0.881 0.087 0.286
8853 286 287 4 4 0 1509.27 0.507 0.040 0.157
8854 287 286 4 4 0 1509.27 0.507 0.040 0.157
8855 286 306 4 4 0 2504.94 0.881 0.040 0.250
8856 306 286 4 4 0 2504.94 0.881 0.040 0.250
8857 286 307 4 4 0 1999.05 0.691 0.087 0.238
8858 307 286 4 4 0 1999.05 0.691 0.087 0.238
8859 286 308 4 4 0 2504.94 0.881 0.040 0.250
8860 308 286 4 4 0 2504.94 0.881 0.040 0.250
8861 287 307 4 4 0 2504.94 0.881 0.095 0.292
8862 307 287 4 4 0 2504.94 0.881 0.095 0.292
8863 287 308 4 4 0 1999.05 0.691 0.048 0.209
8864 308 287 4 4 0 1999.05 0.691 0.048 0.209
8865 288 289 4 4 0 1509.69 0.507 0.159 0.246
8866 289 288 4 4 0 1509.69 0.507 0.159 0.246
8867 288 309 4 4 0 1999.04 0.691 0.143 0.280
8868 309 288 4 4 0 1999.04 0.691 0.143 0.280
8869 288 310 4 4 0 2505.18 0.881 0.175 0.351
8870 310 288 4 4 0 2505.18 0.881 0.175 0.351
8871 289 290 4 4 0 1509.69 0.507 0.159 0.246
8872 290 289 4 4 0 1509.69 0.507 0.159 0.246
8873 289 309 4 4 0 2505.18 0.881 0.127 0.316
8874 309 289 4 4 0 2505.18 0.881 0.127 0.316
8875 289 310 4 4 0 1999.04 0.691 0.159 0.292
8876 310 289 4 4 0 1999.04 0.691 0.159 0.292
8877 289 311 4 4 0 2505.18 0.881 0.151 0.333
8878 311 289 4 4 0 2505.18 0.881 0.151 0.333
8879 290 291 4 4 0 1509.69 0.507 0.143 0.234
8880 291 290 4 4 0 1509.69 0.507 0.143 0.234
8881 290 310 4 4 0 2505.18 0.881 0.175 0.351
8882 310 290 4 4 0 2505.18 0.881 0.175 0.351
8883 290 311 4 4 0 1999.04 0.691 0.167 0.298
8884 311 290 4 4 0 1999.04 0.691 0.167 0.298
8885 290 312 4 4 0 2505.18 0.881 0.175 0.351
8886 312 290 4 4 0 2505.18 0.881 0.175 0.351
8887 291 292 4 4 0 1509.69 0.507 0.143 0.234
8888 292 291 4 4 0 1509.69 0.507 0.143 0.234
8889 291 311 4 4 0 2505.18 0.881 0.135 0.322
8890 311 291 4 4 0 2505.18 0.881 0.135 0.322
8891 291 312 4 4 0 1999.04 0.691 0.143 0.280
8892 312 291 4 4 0 1999.04 0.691 0.143 0.280
8893 291 313 4 4 0 2505.18 0.881 0.151 0.333
8894 313 291 4 4 0 2505.18 0.881 0.151 0.333
8895 292 293 4 4 0 1509.69 0.507 0.167 0.252
8896 293 292 4 4 0 1509.69 0.507 0.167 0.252
8897 292 312 4 4 0 2505.18 0.881 0.175 0.351
8898 312 292 4 4 0 2505.18 0.881 0.175 0.351
8899 292 313 4 4 0 1999.04 0.691 0.183 0.310
8900 313 292 4 4 0 1999.04 0.691 0.183 0.310
8901 292 314 4 4 0 2505.18 0.881 0.175 0.351
8902 314 292 4 4 0 2505.18 0.881 0.175 0.351
8903 293 294 4 4 0 1509.69 0.507 0.159 0.246
8904 294 293 4 4 0 1509.69 0.507 0.159 0.246
8905 293 313 4 4 0 2505.18 0.881 0.175 0.351
8906 313 293 4 4 0 2505.18 0.881 0.175 0.351
8907 293 314 4 4 0 1999.04 0.691 0.167 0.298
8908 314 293 4 4 0 1999.04 0.691 0.167 0.298
8909 293 315 4 4 0 2505.18 0.881 0.135 0.322
8910 315 293 4 4 0 2505.18 0.881 0.135 0.322
8911 294 295 4 4 0 1509.69 0.507 0.143 0.234
8912 295 294 4 4 0 1509.69 0.507 0.143 0.234
8913 294 314 4 4 0 2505.18 0.881 0.167 0.345
8914 314 294 4 4 0 2505.18 0.881 0.167 0.345
8915 294 315 4 4 0 1999.04 0.691 0.135 0.274
8916 315 294 4 4 0 1999.04 0.691 0.135 0.274
8917 294 316 4 4 0 2505.18 0.881 0.127 0.316
8918 316 294 4 4 0 2505.18 0.881 0.127 0.316
8919 295 296 4 4 0 1509.69 0.507 0.135 0.228
8920 296 295 4 4 0 1509.69 0.507 0.135 0.228
8921 295 315 4 4 0 2505.18 0.881 0.119 0.310
8922 315 295 4 4 0 2505.18 0.881 0.119 0.310
8923 295 316 4 4 0 1999.04 0.691 0.111 0.256
8924 316 295 4 4 0 1999.04 0.691 0.111 0.256
8925 295 317 4 4 0 2505.18 0.881 0.159 0.339
8926 317 295 4 4 0 2505.18 0.881 0.159 0.339
8927 296 297 4 4 0 1509.69 0.507 0.151 0.240
8928 297 296 4 4 0 1509.69 0.507 0.151 0.240
8929 296 316 4 4 0 2505.18 0.881 0.119 0.310
8930 316 296 4 4 0 2505.18 0.881 0.119 0.310
8931 296 317 4 4 0 1999.04 0.691 0.167 0.298
8932 317 296 4 4 0 1999.04 0.691 0.167 0.298
8933 296 318 4 4 0 2505.18 0.881 0.143 0.327
8934 318 296 4 4 0 2505.18 0.881 0.143 0.327
8935 297 298 4 4 0 1509.69 0.507 0.175 0.258
8936 298 297 4 4 0 1509.69 0.507 0.175 0.258
8937 297 317 4 4 0 2505.18 0.881 0.175 0.351
8938 317 297 4 4 0 2505.18 0.881 0.175 0.351
8939 297 318 4 4 0 1999.04 0.691 0.151 0.286
8940 318 297 4 4 0 1999.04 0.691 0.151 0.286
8941 297 319 4 4 0 2505.18 0.881 0.151 0.333
8942 319 297 4 4 0 2505.18 0.881 0.151 0.333
8943 298 299 4 4 0 1509.69 0.507 0.151 0.240
8944 299 298 4 4 0 1509.69 0.507 0.151 0.240
8945 298 318 4 4 0 2505.18 0.881 0.167 0.345
8946 318 298 4 4 0 2505.18 0.881 0.167 0.345
8947 298 319 4 4 0 1999.04 0.691 0.167 0.298
8948 319 298 4 4 0 1999.04 0.691 0.167 0.298
8949 298 320 4 4 0 2505.18 0.881 0.183 0.357
8950 320 298 4 4 0 2505.18 0.881 0.183 0.357
8951 299 300 4 4 0 1509.69 0.507 0.135 0.228
8952 300 299 4 4 0 1509.69 0.507 0.135 0.228
8953 299 319 4 4 0 2505.18 0.881 0.127 0.316
8954 319 299 4 4 0 2505.18 0.881 0.127 0.316
8955 299 320 4 4 0 1999.04 0.691 0.143 0.280
8956 320 299 4 4 0 1999.04 0.691 0.143 0.280
8957 299 321 4 4 0 2505.18 0.881 0.151 0.333
8958 321 299 4 4 0 2505.18 0.881 0.151 0.333
8959 300 301 4 4 0 1509.69 0.507 0.151 0.240
8960 301 300 4 4 0 1509.69 0.507 0.151 0.240
8961 300 320 4 4 0 2505.18 0.881 0.167 0.345
8962 320 300 4 4 0 2505.18 0.881 0.167 0.345
8963 300 321 4 4 0 1999.04 0.691 0.175 0.304
8964 321 300 4 4 0 1999.04 0.691 0.175 0.304
8965 300 322 4 4 0 2505.18 0.881 0.135 0.322
8966 322 300 4 4 0 2505.18 0.881 0.135 0.322
8967 301 302 4 4 0 1509.69 0.507 0.135 0.228
8968 302 301 4 4 0 1509.69 0.507 0.135 0.228
8969 301 321 4 4 0 2505.18 0.881 0.167 0.345
8970 321 301 4 4 0 2505.18 0.881 0.167 0.345
8971 301 322 4 4 0 1999.04 0.691 0.127 0.268
8972 322 301 4 4 0 1999.04 0.691 0.127 0.268
8973 301 323 4 4 0 2505.18 0.881 0.127 0.316
8974 323 301 4 4 0 2505.18 0.881 0.127 0.316
8975 302 303 4 4 0 1509.69 0.507 0.119 0.216
8976 303 302 4 4 0 1509.69 0.507 0.119 0.216
8977 302 322 4 4 0 2505.18 0.881 0.119 0.310
8978 322 302 4 4 0 2505.18 0.881 0.119 0.310
8979 302 323 4 4 0 1999.04 0.691 0.119 0.262
8980 323 302 4 4 0 1999.04 0.691 0.119 0.262
8981 302 324 4 4 0 2505.18 0.881 0.143 0.327
8982 324 302 4 4 0 2505.18 0.881 0.143 0.327
8983 303 304 4 4 0 1509.69 0.507 0.135 0.228
8984 304 303 4 4 0 1509.69 0.507 0.135 0.228
8985 303 323 4 4 0 2505.18 0.881 0.111 0.304
8986 323 303 4 4 0 2505.18 0.881 0.111 0.304
8987 303 324 4 4 0 1999.04 0.691 0.135 0.274
8988 324 303 4 4 0 1999.04 0.691 0.135 0.274
8989 303 325 4 4 0 2505.18 0.881 0.151 0.333
8990 325 303 4 4 0 2505.18 0.881 0.151 0.333
8991 304 305 4 4 0 1509.69 0.507 0.159 0.246
8992 305 304 4 4 0 1509.69 0.507 0.159 0.246
8993 304 324 4 4 0 2505.18 0.881 0.159 0.339
8994 324 304 4 4 0 2505.18 0.881 0.159 0.339
8995 304 325 4 4 0 1999.04 0.691 0.175 0.304
8996 325 304 4 4 0 1999.04 0.691 0.175 0.304
8997 304 326 4 4 0 2505.18 0.881 0.159 0.339
8998 326 304 4 4 0 2505.18 0.881 0.159 0.339
8999 305 306 4 4 0 1509.69 0.507 0.103 0.204
9000 306 305 4 4 0 1509.69 0.507 0.103 0.204
9001 305 325 4 4 0 2505.18 0.881 0.175 0.351
9002 325 305 4 4 0 2505.18 0.881 0.175 0.351
9003 305 326 4 4 0 1999.04 0.691 0.159 0.292
9004 326 305 4 4 0 1999.04 0.691 0.159 0.292
9005 305 327 4 4 0 2505.18 0.881 0.167 0.345
9006 327 305 4 4 0 2505.18 0.881 0.167 0.345
9007 306 307 4 4 0 1509.69 0.507 0.095 0.198
9008 307 306 4 4 0 1509.69 0.507 0.095 0.198
9009 306 326 4 4 0 2505.18 0.881 0.103 0.298
9010 326 306 4 4 0 2505.18 0.881 0.103 0.298
9011 306 327 4 4 0 1999.04 0.691 0.111 0.256
9012 327 306 4 4 0 1999.04 0.691 0.111 0.256
9013 306 328 4 4 0 2505.18 0.881 0.087 0.286
9014 328 306 4 4 0 2505.18 0.881 0.087 0.286
9015 307 308 4 4 0 1509.69 0.507 0.095 0.198
9016 308 307 4 4 0 1509.69 0.507 0.095 0.198
9017 307 327 4 4 0 2505.18 0.881 0.159 0.339
9018 327 307 4 4 0 2505.18 0.881 0.159 0.339
9019 307 328 4 4 0 1999.04 0.691 0.135 0.274
9020 328 307 4 4 0 1999.04 0.691 0.135 0.274
9021 307 329 4 4 0 2505.18 0.881 0.087 0.286
9022 329 307 4 4 0 2505.18 0.881 0.087 0.286
9023 308 328 4 4 0 2505.18 0.881 0.087 0.286
9024 328 308 4 4 0 2505.18 0.881 0.087 0.286
9025 308 329 4 4 0 1999.04 0.691 0.040 0.203
9026 329 308 4 4 0 1999.04 0.691 0.040 0.203
9027 309 310 4 4 0 1510.10 0.508 0.143 0.234
9028 310 309 4 4 0 1510.10 0.508 0.143 0.234
9029 309 330 4 4 0 1999.03 0.691 0.119 0.262
9030 330 309 4 4 0 1999.03 0.691 0.119 0.262
9031 309 331 4 4 0 2505.43 0.881 0.143 0.328
9032 331 309 4 4 0 2505.43 0.881 0.143 0.328
9033 310 311 4 4 0 1510.10 0.508 0.167 0.252
9034 311 310 4 4 0 1510.10 0.508 0.167 0.252
9035 310 330 4 4 0 2505.43 0.881 0.151 0.333
9036 330 310 4 4 0 2505.43 0.881 0.151 0.333
9037 310 331 4 4 0 1999.03 0.691 0.175 0.304
9038 331 310 4 4 0 1999.03 0.691 0.175 0.304
9039 310 332 4 4 0 2505.43 0.881 0.183 0.357
9040 332 310 4 4 0 2505.43 0.881 0.183 0.357
9041 311 312 4 4 0 1510.10 0.508 0.167 0.252
9042 312 311 4 4 0 1510.10 0.508 0.167 0.252
9043 311 331 4 4 0 2505.43 0.881 0.167 0.345
9044 331 311 4 4 0 2505.43 0.881 0.167 0.345
9045 311 332 4 4 0 1999.03 0.691 0.175 0.304
9046 332 311 4 4 0 1999.03 0.691 0.175 0.304
9047 311 333 4 4 0 2505.43 0.881 0.143 0.328
9048 333 311 4 4 0 2505.43 0.881 0.143 0.328
9049 312 313 4 4 0 1510.10 0.508 0.183 0.264
9050 313 312 4 4 0 1510.10 0.508 0.183 0.264
9051 312 332 4 4 0 2505.43 0.881 0.183 0.357
9052 332 312 4 4 0 2505.43 0.881 0.183 0.357
9053 312 333 4 4 0 1999.03 0.691 0.151 0.286
9054 333 312 4 4 0 1999.03 0.691 0.151 0.286
9055 312 334 4 4 0 2505.43 0.881 0.143 0.328
9056 334 312 4 4 0 2505.43 0.881 0.143 0.328
9057 313 314 4 4 0 1510.10 0.508 0.183 0.264
9058 314 313 4 4 0 1510.10 0.508 0.183 0.264
9059 313 333 4 4 0 2505.43 0.881 0.159 0.339
9060 333 313 4 4 0 2505.43 0.881 0.159 0.339
9061 313 334 4 4 0 1999.03 0.691 0.151 0.286
9062 334 313 4 4 0 1999.03 0.691 0.151 0.286
9063 313 335 4 4 0 2505.43 0.881 0.175 0.351
9064 335 313 4 4 0 2505.43 0.881 0.175 0.351
9065 314 315 4 4 0 1510.10 0.508 0.143 0.234
9066 315 314 4 4 0 1510.10 0.508 0.143 0.234
9067 314 334 4 4 0 2505.43 0.881 0.143 0.328
9068 334 314 4 4 0 2505.43 0.881 0.143 0.328
9069 314 335 4 4 0 1999.03 0.691 0.167 0.298
9070 335 314 4 4 0 1999.03 0.691 0.167 0.298
9071 314 336 4 4 0 2505.43 0.881 0.183 0.357
9072 336 314 4 4 0 2505.43 0.881 0.183 0.357
9073 315 316 4 4 0 1510.10 0.508 0.103 0.204
9074 316 315 4 4 0 1510.10 0.508 0.103 0.204
9075 315 335 4 4 0 2505.43 0.881 0.135 0.322
9076 335 315 4 4 0 2505.43 0.881 0.135 0.322
9077 315 336 4 4 0 1999.03 0.691 0.151 0.286
9078 336 315 4 4 0 1999.03 0.691 0.151 0.286
9079 315 337 4 4 0 2505.43 0.881 0.111 0.304
9080 337 315 4 4 0 2505.43 0.881 0.111 0.304
9081 316 317 4 4 0 1510.10 0.508 0.143 0.234
9082 317 316 4 4 0 1510.10 0.508 0.143 0.234
9083 316 336 4 4 0 2505.43 0.881 0.143 0.328
9084 336 316 4 4 0 2505.43 0.881 0.143 0.328
9085 316 338 4 4 0 2505.43 0.881 0.119 0.310
9086 338 316 4 4 0 2505.43 0.881 0.119 0.310
9087 317 318 4 4 0 1510.10 0.508 0.167 0.252
9088 318 317 4 4 0 1510.10 0.508 0.167 0.252
9089 317 337 4 4 0 2505.43 0.881 0.151 0.333
9090 337 317 4 4 0 2505.43 0.881 0.151 0.333
9091 317 338 4 4 0 1999.03 0.691 0.167 0.298
9092 338 317 4 4 0 1999.03 0.691 0.167 0.298
9093 317 339 4 4 0 2505.43 0.881 0.190 0.363
9094 339 317 4 4 0 2505.43 0.881 0.190 0.363
9095 318 319 4 4 0 1510.10 0.508 0.143 0.234
9096 319 318 4 4 0 1510.10 0.508 0.143 0.234
9097 318 338 4 4 0 2505.43 0.881 0.143 0.328
9098 338 318 4 4 0 2505.43 0.881 0.143 0.328
9099 318 339 4 4 0 1999.03 0.691 0.167 0.298
9100 339 318 4 4 0 1999.03 0.691 0.167 0.298
9101 319 320 4 4 0 1510.10 0.508 0.159 0.246
9102 320 319 4 4 0 1510.10 0.508 0.159 0.246
9103 319 339 4 4 0 2505.43 0.881 0.167 0.345
9104 339 319 4 4 0 2505.43 0.881 0.167 0.345
9105 320 321 4 4 0 1510.10 0.508 0.183 0.264
9106 321 320 4 4 0 1510.10 0.508 0.183 0.264
9107 321 322 4 4 0 1510.10 0.508 0.151 0.240
9108 322 321 4 4 0 1510.10 0.508 0.151 0.240
9109 322 323 4 4 0 1510.10 0.508 0.111 0.210
9110 323 322 4 4 0 1510.10 0.508 0.111 0.210
9111 323 324 4 4 0 1510.10 0.508 0.135 0.228
9112 324 323 4 4 0 1510.10 0.508 0.135 0.228
9113 324 325 4 4 0 1510.10 0.508 0.175 0.258
9114 325 324 4 4 0 1510.10 0.508 0.175 0.258
9115 325 326 4 4 0 1510.10 0.508 0.175 0.258
9116 326 325 4 4 0 1510.10 0.508 0.175 0.258
9117 326 327 4 4 0 1510.10 0.508 0.167 0.252
9118 327 326 4 4 0 1510.10 0.508 0.167 0.252
9119 327 328 4 4 0 1510.10 0.508 0.151 0.240
9120 328 327 4 4 0 1510.10 0.508 0.151 0.240
9121 328 329 4 4 0 1510.10 0.508 0.079 0.186
9122 329 328 4 4 0 1510.10 0.508 0.079 0.186
9123 331 332 4 4 0 1510.51 0.508 0.183 0.264
9124 332 331 4 4 0 1510.51 0.508 0.183 0.264
9125 332 333 4 4 0 1510.51 0.508 0.159 0.246
9126 333 332 4 4 0 1510.51 0.508 0.159 0.246
9127 333 334 4 4 0 1510.51 0.508 0.119 0.216
9128 334 333 4 4 0 1510.51 0.508 0.119 0.216
9129 334 335 4 4 0 1510.51 0.508 0.135 0.228
9130 335 334 4 4 0 1510.51 0.508 0.135 0.228
9131 335 336 4 4 0 1510.51 0.508 0.175 0.258
9132 336 335 4 4 0 1510.51 0.508 0.175 0.258
9133 336 337 4 4 0 1510.51 0.508 0.151 0.240
9134 337 336 4 4 0 1510.51 0.508 0.151 0.240
9135 337 338 4 4 0 1510.51 0.508 0.127 0.222
9136 338 337 4 4 0 1510.51 0.508 0.127 0.222
9137 338 339 4 4 0 1510.51 0.508 0.167 0.252
9138 339 338 4 4 0 1510.51 0.508 0.167 0.252
